mtllib lighthouseIntQ4_00_00.mtl
o map
v -5.0 0.0 1.0
v -7.0 0.0 1.0
v -7.0 -3.0 1.0
v -5.0 -3.0 1.0
v -4.812499 1.0 -2.3076181
v -4.812499 1.0 -1.875
v -4.812499 0.75 -2.3076181
v -4.812499 0.75 -1.875
v -4.812499 0.0 -3.067383
v -4.812499 0.0 -2.643555
v -7.187499 1.0 -1.875
v -7.187499 1.0 -2.307617
v -7.187499 0.75 -1.875
v -7.187499 0.75 -2.307617
v -7.187499 0.0 -2.643555
v -7.187499 0.0 -3.067383
v -5.312499 1.0 -2.0
v -5.312499 0.0 -3.0
v -5.062499 0.0 -3.0
v -5.062499 1.0 -2.0
v -6.687499 1.0 -2.0
v -6.687499 0.0 -3.0
v -5.312499 0.0 -3.0
v -5.312499 1.0 -2.0
v -6.937499 1.0 -1.875
v -6.937499 1.0 -2.0
v -7.187499 1.0 -2.307617
v -7.187499 1.0 -1.875
v -5.062499 1.0 -2.0
v -5.062499 1.0 -1.875
v -4.812499 1.0 -1.875
v -4.812499 1.0 -2.3076181
v -5.062499 0.0 -2.643555
v -5.062499 0.0 -3.0
v -4.812499 0.0 -3.067383
v -4.812499 0.0 -2.643555
v -6.937499 0.0 -3.0
v -6.937499 0.0 -2.643555
v -7.187499 0.0 -2.643555
v -7.187499 0.0 -3.067383
v -4.812499 0.75 -1.875
v -5.062499 0.75 -1.875
v -5.062499 0.0 -2.643555
v -4.812499 0.0 -2.643555
v -5.062499 1.0 -2.0
v -5.062499 0.0 -3.0
v -5.062499 0.0 -2.643555
v -5.062499 0.75 -1.875
v -7.187499 0.75 -1.875
v -6.937499 0.75 -1.875
v -6.937499 1.0 -1.875
v -7.187499 1.0 -1.875
v -5.062499 1.0 -1.875
v -5.062499 0.75 -1.875
v -4.812499 0.75 -1.875
v -4.812499 1.0 -1.875
v -6.937499 0.0 -2.643555
v -6.937499 0.75 -1.875
v -7.187499 0.75 -1.875
v -7.187499 0.0 -2.643555
v -6.937499 0.0 -3.0
v -6.937499 1.0 -2.0
v -6.937499 0.75 -1.875
v -6.937499 0.0 -2.643555
v -6.937499 0.0 -3.0
v -6.687499 0.0 -3.0
v -6.687499 1.0 -2.0
v -6.937499 1.0 -2.0
v -6.937499 0.75 -1.875
v -6.937499 1.0 -2.0
v -6.937499 1.0 -1.875
v -5.062499 1.0 -2.0
v -5.062499 0.75 -1.875
v -5.062499 1.0 -1.875
v -5.0 3.0 -2.0
v -7.0 3.0 -2.0
v -7.0 1.0 -2.0
v -5.0 1.0 -2.0
v -3.0 -3.0 1.0
v -6.0 -3.0 1.0
v -6.0 -4.0 1.0
v -3.0 -4.0 1.0
v -3.0 4.0 -2.0
v -6.0 4.0 -2.0
v -6.0 3.0 -2.0
v -3.0 3.0 -2.0
v -2.0 -4.0 1.0
v -5.0 -4.0 1.0
v -5.0 -5.0 1.0
v -2.0 -5.0 1.0
v -4.0 -2.0 1.0
v -5.0 -2.0 1.0
v -5.0 -3.0 1.0
v -4.0 -3.0 1.0
v -4.0 3.0 -2.0
v -5.0 3.0 -2.0
v -5.0 2.0 -2.0
v -4.0 2.0 -2.0
v -2.0 5.0 -2.0
v -5.0 5.0 -2.0
v -5.0 4.0 -2.0
v -2.0 4.0 -2.0
v -1.0 -5.0 1.0
v -4.0 -5.0 1.0
v -4.0 -6.0 1.0
v -1.0 -6.0 1.0
v 0.0 6.0 -2.0
v -4.0 6.0 -2.0
v -4.0 5.0 -2.0
v 0.0 5.0 -2.0
v -1.0 -6.0 1.0
v -3.0 -6.0 1.0
v -3.0 -7.0 1.0
v -1.0 -7.0 1.0
v 0.0 7.0 -2.0
v -3.0 7.0 -2.0
v -3.0 6.0 -2.0
v 0.0 6.0 -2.0
v -1.0 -4.812499 0.692382
v -1.0 -4.812499 1.125
v -0.75 -4.812499 0.692382
v -0.75 -4.812499 1.125
v 0.0 -4.812499 -0.06738299
v 0.0 -4.812499 0.356445
v -1.0 -7.187499 1.125
v -1.0 -7.187499 0.692383
v -0.75 -7.187499 1.125
v -0.75 -7.187499 0.692383
v 0.0 -7.187499 0.356445
v 0.0 -7.187499 -0.06738299
v -1.0 -5.312499 1.0
v 0.0 -5.312499 0.0
v 0.0 -5.062499 0.0
v -1.0 -5.062499 1.0
v -1.0 -6.687499 1.0
v 0.0 -6.687499 0.0
v 0.0 -5.312499 0.0
v -1.0 -5.312499 1.0
v -1.0 -6.937499 1.125
v -1.0 -6.937499 1.0
v -1.0 -7.187499 0.692383
v -1.0 -7.187499 1.125
v -1.0 -5.062499 1.0
v -1.0 -5.062499 1.125
v -1.0 -4.812499 1.125
v -1.0 -4.812499 0.692382
v 0.0 -5.062499 0.356445
v 0.0 -5.062499 0.0
v 0.0 -4.812499 -0.06738299
v 0.0 -4.812499 0.356445
v 0.0 -6.937499 0.0
v 0.0 -6.937499 0.356445
v 0.0 -7.187499 0.356445
v 0.0 -7.187499 -0.06738299
v -0.75 -4.812499 1.125
v -0.75 -5.062499 1.125
v 0.0 -5.062499 0.356445
v 0.0 -4.812499 0.356445
v -1.0 -5.062499 1.0
v 0.0 -5.062499 0.0
v 0.0 -5.062499 0.356445
v -0.75 -5.062499 1.125
v -0.75 -7.187499 1.125
v -0.75 -6.937499 1.125
v -1.0 -6.937499 1.125
v -1.0 -7.187499 1.125
v -1.0 -5.062499 1.125
v -0.75 -5.062499 1.125
v -0.75 -4.812499 1.125
v -1.0 -4.812499 1.125
v 0.0 -6.937499 0.356445
v -0.75 -6.937499 1.125
v -0.75 -7.187499 1.125
v 0.0 -7.187499 0.356445
v 0.0 -6.937499 0.0
v -1.0 -6.937499 1.0
v -0.75 -6.937499 1.125
v 0.0 -6.937499 0.356445
v 0.0 -6.937499 0.0
v 0.0 -6.687499 0.0
v -1.0 -6.687499 1.0
v -1.0 -6.937499 1.0
v -0.75 -6.937499 1.125
v -1.0 -6.937499 1.0
v -1.0 -6.937499 1.125
v -1.0 -5.062499 1.0
v -0.75 -5.062499 1.125
v -1.0 -5.062499 1.125
v 3.0 -5.0 0.0
v 0.0 -5.0 0.0
v 0.0 -7.0 0.0
v 3.0 -7.0 0.0
v 1.0 4.812499 -1.307618
v 1.0 4.812499 -0.875
v 0.75 4.812499 -1.307618
v 0.75 4.812499 -0.875
v 0.0 4.812499 -2.067383
v 0.0 4.812499 -1.6435549
v 1.0 7.187499 -0.875
v 1.0 7.187499 -1.307617
v 0.75 7.187499 -0.875
v 0.75 7.187499 -1.307617
v 0.0 7.187499 -1.6435549
v 0.0 7.187499 -2.067383
v 1.0 5.312499 -1.0
v 0.0 5.312499 -2.0
v 0.0 5.062499 -2.0
v 1.0 5.062499 -1.0
v 1.0 6.687499 -1.0
v 0.0 6.687499 -2.0
v 0.0 5.312499 -2.0
v 1.0 5.312499 -1.0
v 1.0 6.937499 -0.875
v 1.0 6.937499 -1.0
v 1.0 7.187499 -1.307617
v 1.0 7.187499 -0.875
v 1.0 5.062499 -1.0
v 1.0 5.062499 -0.875
v 1.0 4.812499 -0.875
v 1.0 4.812499 -1.307618
v 0.0 5.062499 -1.6435549
v 0.0 5.062499 -2.0
v 0.0 4.812499 -2.067383
v 0.0 4.812499 -1.6435549
v 0.0 6.937499 -2.0
v 0.0 6.937499 -1.6435549
v 0.0 7.187499 -1.6435549
v 0.0 7.187499 -2.067383
v 0.75 4.812499 -0.875
v 0.75 5.062499 -0.875
v 0.0 5.062499 -1.6435549
v 0.0 4.812499 -1.6435549
v 1.0 5.062499 -1.0
v 0.0 5.062499 -2.0
v 0.0 5.062499 -1.6435549
v 0.75 5.062499 -0.875
v 0.75 7.187499 -0.875
v 0.75 6.937499 -0.875
v 1.0 6.937499 -0.875
v 1.0 7.187499 -0.875
v 1.0 5.062499 -0.875
v 0.75 5.062499 -0.875
v 0.75 4.812499 -0.875
v 1.0 4.812499 -0.875
v 0.0 6.937499 -1.6435549
v 0.75 6.937499 -0.875
v 0.75 7.187499 -0.875
v 0.0 7.187499 -1.6435549
v 0.0 6.937499 -2.0
v 1.0 6.937499 -1.0
v 0.75 6.937499 -0.875
v 0.0 6.937499 -1.6435549
v 0.0 6.937499 -2.0
v 0.0 6.687499 -2.0
v 1.0 6.687499 -1.0
v 1.0 6.937499 -1.0
v 0.75 6.937499 -0.875
v 1.0 6.937499 -1.0
v 1.0 6.937499 -0.875
v 1.0 5.062499 -1.0
v 0.75 5.062499 -0.875
v 1.0 5.062499 -0.875
v 4.0 6.0 -1.0
v 1.0 6.0 -1.0
v 1.0 5.0 -1.0
v 4.0 5.0 -1.0
v 3.0 7.0 -1.0
v 1.0 7.0 -1.0
v 1.0 6.0 -1.0
v 3.0 6.0 -1.0
v 5.0 -4.0 0.0
v 2.0 -4.0 0.0
v 2.0 -5.0 0.0
v 5.0 -5.0 0.0
v 5.0 5.0 -1.0
v 2.0 5.0 -1.0
v 2.0 4.0 -1.0
v 5.0 4.0 -1.0
v 4.0 -5.0 0.0
v 3.0 -5.0 0.0
v 3.0 -6.0 0.0
v 4.0 -6.0 0.0
v 6.0 -3.0 0.0
v 3.0 -3.0 0.0
v 3.0 -4.0 0.0
v 6.0 -4.0 0.0
v 6.0 4.0 -1.0
v 3.0 4.0 -1.0
v 3.0 3.0 -1.0
v 6.0 3.0 -1.0
v 7.0 -2.0 0.0
v 4.0 -2.0 0.0
v 4.0 -3.0 0.0
v 7.0 -3.0 0.0
v 7.0 3.0 -1.0
v 4.0 3.0 -1.0
v 4.0 2.0 -1.0
v 7.0 2.0 -1.0
v 7.0 -1.0 0.0
v 5.0 -1.0 0.0
v 5.0 -2.0 0.0
v 7.0 -2.0 0.0
v 4.812499 -1.0 -0.30761802
v 4.812499 -1.0 0.125
v 4.812499 -0.75 -0.30761802
v 4.812499 -0.75 0.125
v 4.812499 0.0 -1.067383
v 4.812499 0.0 -0.643555
v 7.187499 -1.0 0.125
v 7.187499 -1.0 -0.307617
v 7.187499 -0.75 0.125
v 7.187499 -0.75 -0.307617
v 7.187499 0.0 -0.643555
v 7.187499 0.0 -1.067383
v 5.312499 -1.0 0.0
v 5.312499 0.0 -1.0
v 5.062499 0.0 -1.0
v 5.062499 -1.0 0.0
v 6.687499 -1.0 0.0
v 6.687499 0.0 -1.0
v 5.312499 0.0 -1.0
v 5.312499 -1.0 0.0
v 6.937499 -1.0 0.125
v 6.937499 -1.0 0.0
v 7.187499 -1.0 -0.307617
v 7.187499 -1.0 0.125
v 5.062499 -1.0 0.0
v 5.062499 -1.0 0.125
v 4.812499 -1.0 0.125
v 4.812499 -1.0 -0.30761802
v 5.062499 0.0 -0.643555
v 5.062499 0.0 -1.0
v 4.812499 0.0 -1.067383
v 4.812499 0.0 -0.643555
v 6.937499 0.0 -1.0
v 6.937499 0.0 -0.643555
v 7.187499 0.0 -0.643555
v 7.187499 0.0 -1.067383
v 4.812499 -0.75 0.125
v 5.062499 -0.75 0.125
v 5.062499 0.0 -0.643555
v 4.812499 0.0 -0.643555
v 5.062499 -1.0 0.0
v 5.062499 0.0 -1.0
v 5.062499 0.0 -0.643555
v 5.062499 -0.75 0.125
v 7.187499 -0.75 0.125
v 6.937499 -0.75 0.125
v 6.937499 -1.0 0.125
v 7.187499 -1.0 0.125
v 5.062499 -1.0 0.125
v 5.062499 -0.75 0.125
v 4.812499 -0.75 0.125
v 4.812499 -1.0 0.125
v 6.937499 0.0 -0.643555
v 6.937499 -0.75 0.125
v 7.187499 -0.75 0.125
v 7.187499 0.0 -0.643555
v 6.937499 0.0 -1.0
v 6.937499 -1.0 0.0
v 6.937499 -0.75 0.125
v 6.937499 0.0 -0.643555
v 6.937499 0.0 -1.0
v 6.687499 0.0 -1.0
v 6.687499 -1.0 0.0
v 6.937499 -1.0 0.0
v 6.937499 -0.75 0.125
v 6.937499 -1.0 0.0
v 6.937499 -1.0 0.125
v 5.062499 -1.0 0.0
v 5.062499 -0.75 0.125
v 5.062499 -1.0 0.125
v 7.0 2.0 -1.0
v 5.0 2.0 -1.0
v 5.0 0.0 -1.0
v 7.0 0.0 -1.0
v -5.0 0.0 -3.0
v -7.0 0.0 -3.0
v -7.0 -3.0 -3.0
v -5.0 -3.0 -3.0
v -4.812499 1.0 -6.307618
v -4.812499 1.0 -5.875
v -4.812499 0.75 -6.307618
v -4.812499 0.75 -5.875
v -4.812499 0.0 -7.067383
v -4.812499 0.0 -6.643555
v -7.187499 1.0 -5.875
v -7.187499 1.0 -6.307617
v -7.187499 0.75 -5.875
v -7.187499 0.75 -6.307617
v -7.187499 0.0 -6.643555
v -7.187499 0.0 -7.067383
v -5.312499 1.0 -6.0
v -5.312499 0.0 -7.0
v -5.062499 0.0 -7.0
v -5.062499 1.0 -6.0
v -6.687499 1.0 -6.0
v -6.687499 0.0 -7.0
v -5.312499 0.0 -7.0
v -5.312499 1.0 -6.0
v -6.937499 1.0 -5.875
v -6.937499 1.0 -6.0
v -7.187499 1.0 -6.307617
v -7.187499 1.0 -5.875
v -5.062499 1.0 -6.0
v -5.062499 1.0 -5.875
v -4.812499 1.0 -5.875
v -4.812499 1.0 -6.307618
v -5.062499 0.0 -6.643555
v -5.062499 0.0 -7.0
v -4.812499 0.0 -7.067383
v -4.812499 0.0 -6.643555
v -6.937499 0.0 -7.0
v -6.937499 0.0 -6.643555
v -7.187499 0.0 -6.643555
v -7.187499 0.0 -7.067383
v -4.812499 0.75 -5.875
v -5.062499 0.75 -5.875
v -5.062499 0.0 -6.643555
v -4.812499 0.0 -6.643555
v -5.062499 1.0 -6.0
v -5.062499 0.0 -7.0
v -5.062499 0.0 -6.643555
v -5.062499 0.75 -5.875
v -7.187499 0.75 -5.875
v -6.937499 0.75 -5.875
v -6.937499 1.0 -5.875
v -7.187499 1.0 -5.875
v -5.062499 1.0 -5.875
v -5.062499 0.75 -5.875
v -4.812499 0.75 -5.875
v -4.812499 1.0 -5.875
v -6.937499 0.0 -6.643555
v -6.937499 0.75 -5.875
v -7.187499 0.75 -5.875
v -7.187499 0.0 -6.643555
v -6.937499 0.0 -7.0
v -6.937499 1.0 -6.0
v -6.937499 0.75 -5.875
v -6.937499 0.0 -6.643555
v -6.937499 0.0 -7.0
v -6.687499 0.0 -7.0
v -6.687499 1.0 -6.0
v -6.937499 1.0 -6.0
v -6.937499 0.75 -5.875
v -6.937499 1.0 -6.0
v -6.937499 1.0 -5.875
v -5.062499 1.0 -6.0
v -5.062499 0.75 -5.875
v -5.062499 1.0 -5.875
v -5.0 3.0 -6.0
v -7.0 3.0 -6.0
v -7.0 1.0 -6.0
v -5.0 1.0 -6.0
v -3.0 -3.0 -3.0
v -6.0 -3.0 -3.0
v -6.0 -4.0 -3.0
v -3.0 -4.0 -3.0
v -3.0 4.0 -6.0
v -6.0 4.0 -6.0
v -6.0 3.0 -6.0
v -3.0 3.0 -6.0
v -2.0 -4.0 -3.0
v -5.0 -4.0 -3.0
v -5.0 -5.0 -3.0
v -2.0 -5.0 -3.0
v -4.0 -2.0 -3.0
v -5.0 -2.0 -3.0
v -5.0 -3.0 -3.0
v -4.0 -3.0 -3.0
v -4.0 3.0 -6.0
v -5.0 3.0 -6.0
v -5.0 2.0 -6.0
v -4.0 2.0 -6.0
v -2.0 5.0 -6.0
v -5.0 5.0 -6.0
v -5.0 4.0 -6.0
v -2.0 4.0 -6.0
v -1.0 -5.0 -3.0
v -4.0 -5.0 -3.0
v -4.0 -6.0 -3.0
v -1.0 -6.0 -3.0
v 0.0 6.0 -6.0
v -4.0 6.0 -6.0
v -4.0 5.0 -6.0
v 0.0 5.0 -6.0
v -1.0 -6.0 -3.0
v -3.0 -6.0 -3.0
v -3.0 -7.0 -3.0
v -1.0 -7.0 -3.0
v 0.0 7.0 -6.0
v -3.0 7.0 -6.0
v -3.0 6.0 -6.0
v 0.0 6.0 -6.0
v -1.0 -4.812499 -3.3076181
v -1.0 -4.812499 -2.875
v -0.75 -4.812499 -3.3076181
v -0.75 -4.812499 -2.875
v 0.0 -4.812499 -4.067383
v 0.0 -4.812499 -3.643555
v -1.0 -7.187499 -2.875
v -1.0 -7.187499 -3.307617
v -0.75 -7.187499 -2.875
v -0.75 -7.187499 -3.307617
v 0.0 -7.187499 -3.643555
v 0.0 -7.187499 -4.067383
v -1.0 -5.312499 -3.0
v 0.0 -5.312499 -4.0
v 0.0 -5.062499 -4.0
v -1.0 -5.062499 -3.0
v -1.0 -6.687499 -3.0
v 0.0 -6.687499 -4.0
v 0.0 -5.312499 -4.0
v -1.0 -5.312499 -3.0
v -1.0 -6.937499 -2.875
v -1.0 -6.937499 -3.0
v -1.0 -7.187499 -3.307617
v -1.0 -7.187499 -2.875
v -1.0 -5.062499 -3.0
v -1.0 -5.062499 -2.875
v -1.0 -4.812499 -2.875
v -1.0 -4.812499 -3.3076181
v 0.0 -5.062499 -3.643555
v 0.0 -5.062499 -4.0
v 0.0 -4.812499 -4.067383
v 0.0 -4.812499 -3.643555
v 0.0 -6.937499 -4.0
v 0.0 -6.937499 -3.643555
v 0.0 -7.187499 -3.643555
v 0.0 -7.187499 -4.067383
v -0.75 -4.812499 -2.875
v -0.75 -5.062499 -2.875
v 0.0 -5.062499 -3.643555
v 0.0 -4.812499 -3.643555
v -1.0 -5.062499 -3.0
v 0.0 -5.062499 -4.0
v 0.0 -5.062499 -3.643555
v -0.75 -5.062499 -2.875
v -0.75 -7.187499 -2.875
v -0.75 -6.937499 -2.875
v -1.0 -6.937499 -2.875
v -1.0 -7.187499 -2.875
v -1.0 -5.062499 -2.875
v -0.75 -5.062499 -2.875
v -0.75 -4.812499 -2.875
v -1.0 -4.812499 -2.875
v 0.0 -6.937499 -3.643555
v -0.75 -6.937499 -2.875
v -0.75 -7.187499 -2.875
v 0.0 -7.187499 -3.643555
v 0.0 -6.937499 -4.0
v -1.0 -6.937499 -3.0
v -0.75 -6.937499 -2.875
v 0.0 -6.937499 -3.643555
v 0.0 -6.937499 -4.0
v 0.0 -6.687499 -4.0
v -1.0 -6.687499 -3.0
v -1.0 -6.937499 -3.0
v -0.75 -6.937499 -2.875
v -1.0 -6.937499 -3.0
v -1.0 -6.937499 -2.875
v -1.0 -5.062499 -3.0
v -0.75 -5.062499 -2.875
v -1.0 -5.062499 -2.875
v 3.0 -5.0 -4.0
v 0.0 -5.0 -4.0
v 0.0 -7.0 -4.0
v 3.0 -7.0 -4.0
v 1.0 4.812499 -5.307618
v 1.0 4.812499 -4.875
v 0.75 4.812499 -5.307618
v 0.75 4.812499 -4.875
v 0.0 4.812499 -6.067383
v 0.0 4.812499 -5.643555
v 1.0 7.187499 -4.875
v 1.0 7.187499 -5.307617
v 0.75 7.187499 -4.875
v 0.75 7.187499 -5.307617
v 0.0 7.187499 -5.643555
v 0.0 7.187499 -6.067383
v 1.0 5.312499 -5.0
v 0.0 5.312499 -6.0
v 0.0 5.062499 -6.0
v 1.0 5.062499 -5.0
v 1.0 6.687499 -5.0
v 0.0 6.687499 -6.0
v 0.0 5.312499 -6.0
v 1.0 5.312499 -5.0
v 1.0 6.937499 -4.875
v 1.0 6.937499 -5.0
v 1.0 7.187499 -5.307617
v 1.0 7.187499 -4.875
v 1.0 5.062499 -5.0
v 1.0 5.062499 -4.875
v 1.0 4.812499 -4.875
v 1.0 4.812499 -5.307618
v 0.0 5.062499 -5.643555
v 0.0 5.062499 -6.0
v 0.0 4.812499 -6.067383
v 0.0 4.812499 -5.643555
v 0.0 6.937499 -6.0
v 0.0 6.937499 -5.643555
v 0.0 7.187499 -5.643555
v 0.0 7.187499 -6.067383
v 0.75 4.812499 -4.875
v 0.75 5.062499 -4.875
v 0.0 5.062499 -5.643555
v 0.0 4.812499 -5.643555
v 1.0 5.062499 -5.0
v 0.0 5.062499 -6.0
v 0.0 5.062499 -5.643555
v 0.75 5.062499 -4.875
v 0.75 7.187499 -4.875
v 0.75 6.937499 -4.875
v 1.0 6.937499 -4.875
v 1.0 7.187499 -4.875
v 1.0 5.062499 -4.875
v 0.75 5.062499 -4.875
v 0.75 4.812499 -4.875
v 1.0 4.812499 -4.875
v 0.0 6.937499 -5.643555
v 0.75 6.937499 -4.875
v 0.75 7.187499 -4.875
v 0.0 7.187499 -5.643555
v 0.0 6.937499 -6.0
v 1.0 6.937499 -5.0
v 0.75 6.937499 -4.875
v 0.0 6.937499 -5.643555
v 0.0 6.937499 -6.0
v 0.0 6.687499 -6.0
v 1.0 6.687499 -5.0
v 1.0 6.937499 -5.0
v 0.75 6.937499 -4.875
v 1.0 6.937499 -5.0
v 1.0 6.937499 -4.875
v 1.0 5.062499 -5.0
v 0.75 5.062499 -4.875
v 1.0 5.062499 -4.875
v 4.0 6.0 -5.0
v 1.0 6.0 -5.0
v 1.0 5.0 -5.0
v 4.0 5.0 -5.0
v 3.0 7.0 -5.0
v 1.0 7.0 -5.0
v 1.0 6.0 -5.0
v 3.0 6.0 -5.0
v 5.0 -4.0 -4.0
v 2.0 -4.0 -4.0
v 2.0 -5.0 -4.0
v 5.0 -5.0 -4.0
v 5.0 5.0 -5.0
v 2.0 5.0 -5.0
v 2.0 4.0 -5.0
v 5.0 4.0 -5.0
v 4.0 -5.0 -4.0
v 3.0 -5.0 -4.0
v 3.0 -6.0 -4.0
v 4.0 -6.0 -4.0
v 6.0 -3.0 -4.0
v 3.0 -3.0 -4.0
v 3.0 -4.0 -4.0
v 6.0 -4.0 -4.0
v 6.0 4.0 -5.0
v 3.0 4.0 -5.0
v 3.0 3.0 -5.0
v 6.0 3.0 -5.0
v 7.0 -2.0 -4.0
v 4.0 -2.0 -4.0
v 4.0 -3.0 -4.0
v 7.0 -3.0 -4.0
v 7.0 3.0 -5.0
v 4.0 3.0 -5.0
v 4.0 2.0 -5.0
v 7.0 2.0 -5.0
v 7.0 -1.0 -4.0
v 5.0 -1.0 -4.0
v 5.0 -2.0 -4.0
v 7.0 -2.0 -4.0
v 4.812499 -1.0 -4.307618
v 4.812499 -1.0 -3.875
v 4.812499 -0.75 -4.307618
v 4.812499 -0.75 -3.875
v 4.812499 0.0 -5.067383
v 4.812499 0.0 -4.643555
v 7.187499 -1.0 -3.875
v 7.187499 -1.0 -4.307617
v 7.187499 -0.75 -3.875
v 7.187499 -0.75 -4.307617
v 7.187499 0.0 -4.643555
v 7.187499 0.0 -5.067383
v 5.312499 -1.0 -4.0
v 5.312499 0.0 -5.0
v 5.062499 0.0 -5.0
v 5.062499 -1.0 -4.0
v 6.687499 -1.0 -4.0
v 6.687499 0.0 -5.0
v 5.312499 0.0 -5.0
v 5.312499 -1.0 -4.0
v 6.937499 -1.0 -3.875
v 6.937499 -1.0 -4.0
v 7.187499 -1.0 -4.307617
v 7.187499 -1.0 -3.875
v 5.062499 -1.0 -4.0
v 5.062499 -1.0 -3.875
v 4.812499 -1.0 -3.875
v 4.812499 -1.0 -4.307618
v 5.062499 0.0 -4.643555
v 5.062499 0.0 -5.0
v 4.812499 0.0 -5.067383
v 4.812499 0.0 -4.643555
v 6.937499 0.0 -5.0
v 6.937499 0.0 -4.643555
v 7.187499 0.0 -4.643555
v 7.187499 0.0 -5.067383
v 4.812499 -0.75 -3.875
v 5.062499 -0.75 -3.875
v 5.062499 0.0 -4.643555
v 4.812499 0.0 -4.643555
v 5.062499 -1.0 -4.0
v 5.062499 0.0 -5.0
v 5.062499 0.0 -4.643555
v 5.062499 -0.75 -3.875
v 7.187499 -0.75 -3.875
v 6.937499 -0.75 -3.875
v 6.937499 -1.0 -3.875
v 7.187499 -1.0 -3.875
v 5.062499 -1.0 -3.875
v 5.062499 -0.75 -3.875
v 4.812499 -0.75 -3.875
v 4.812499 -1.0 -3.875
v 6.937499 0.0 -4.643555
v 6.937499 -0.75 -3.875
v 7.187499 -0.75 -3.875
v 7.187499 0.0 -4.643555
v 6.937499 0.0 -5.0
v 6.937499 -1.0 -4.0
v 6.937499 -0.75 -3.875
v 6.937499 0.0 -4.643555
v 6.937499 0.0 -5.0
v 6.687499 0.0 -5.0
v 6.687499 -1.0 -4.0
v 6.937499 -1.0 -4.0
v 6.937499 -0.75 -3.875
v 6.937499 -1.0 -4.0
v 6.937499 -1.0 -3.875
v 5.062499 -1.0 -4.0
v 5.062499 -0.75 -3.875
v 5.062499 -1.0 -3.875
v 7.0 2.0 -5.0
v 5.0 2.0 -5.0
v 5.0 0.0 -5.0
v 7.0 0.0 -5.0
v -5.0 0.0 -7.0
v -7.0 0.0 -7.0
v -7.0 -3.0 -7.0
v -5.0 -3.0 -7.0
v -4.812499 1.0 -10.307618
v -4.812499 1.0 -9.875
v -4.812499 0.75 -10.307618
v -4.812499 0.75 -9.875
v -4.812499 0.0 -11.067383
v -4.812499 0.0 -10.643555
v -7.187499 1.0 -9.875
v -7.187499 1.0 -10.307617
v -7.187499 0.75 -9.875
v -7.187499 0.75 -10.307617
v -7.187499 0.0 -10.643555
v -7.187499 0.0 -11.067383
v -5.312499 1.0 -10.0
v -5.312499 0.0 -11.0
v -5.062499 0.0 -11.0
v -5.062499 1.0 -10.0
v -6.687499 1.0 -10.0
v -6.687499 0.0 -11.0
v -5.312499 0.0 -11.0
v -5.312499 1.0 -10.0
v -6.937499 1.0 -9.875
v -6.937499 1.0 -10.0
v -7.187499 1.0 -10.307617
v -7.187499 1.0 -9.875
v -5.062499 1.0 -10.0
v -5.062499 1.0 -9.875
v -4.812499 1.0 -9.875
v -4.812499 1.0 -10.307618
v -5.062499 0.0 -10.643555
v -5.062499 0.0 -11.0
v -4.812499 0.0 -11.067383
v -4.812499 0.0 -10.643555
v -6.937499 0.0 -11.0
v -6.937499 0.0 -10.643555
v -7.187499 0.0 -10.643555
v -7.187499 0.0 -11.067383
v -4.812499 0.75 -9.875
v -5.062499 0.75 -9.875
v -5.062499 0.0 -10.643555
v -4.812499 0.0 -10.643555
v -5.062499 1.0 -10.0
v -5.062499 0.0 -11.0
v -5.062499 0.0 -10.643555
v -5.062499 0.75 -9.875
v -7.187499 0.75 -9.875
v -6.937499 0.75 -9.875
v -6.937499 1.0 -9.875
v -7.187499 1.0 -9.875
v -5.062499 1.0 -9.875
v -5.062499 0.75 -9.875
v -4.812499 0.75 -9.875
v -4.812499 1.0 -9.875
v -6.937499 0.0 -10.643555
v -6.937499 0.75 -9.875
v -7.187499 0.75 -9.875
v -7.187499 0.0 -10.643555
v -6.937499 0.0 -11.0
v -6.937499 1.0 -10.0
v -6.937499 0.75 -9.875
v -6.937499 0.0 -10.643555
v -6.937499 0.0 -11.0
v -6.687499 0.0 -11.0
v -6.687499 1.0 -10.0
v -6.937499 1.0 -10.0
v -6.937499 0.75 -9.875
v -6.937499 1.0 -10.0
v -6.937499 1.0 -9.875
v -5.062499 1.0 -10.0
v -5.062499 0.75 -9.875
v -5.062499 1.0 -9.875
v -5.0 3.0 -10.0
v -7.0 3.0 -10.0
v -7.0 1.0 -10.0
v -5.0 1.0 -10.0
v -3.0 -3.0 -7.0
v -6.0 -3.0 -7.0
v -6.0 -4.0 -7.0
v -3.0 -4.0 -7.0
v -3.0 4.0 -10.0
v -6.0 4.0 -10.0
v -6.0 3.0 -10.0
v -3.0 3.0 -10.0
v -2.0 -4.0 -7.0
v -5.0 -4.0 -7.0
v -5.0 -5.0 -7.0
v -2.0 -5.0 -7.0
v -4.0 -2.0 -7.0
v -5.0 -2.0 -7.0
v -5.0 -3.0 -7.0
v -4.0 -3.0 -7.0
v -4.0 3.0 -10.0
v -5.0 3.0 -10.0
v -5.0 2.0 -10.0
v -4.0 2.0 -10.0
v -2.0 5.0 -10.0
v -5.0 5.0 -10.0
v -5.0 4.0 -10.0
v -2.0 4.0 -10.0
v -1.0 -5.0 -7.0
v -4.0 -5.0 -7.0
v -4.0 -6.0 -7.0
v -1.0 -6.0 -7.0
v 0.0 6.0 -10.0
v -4.0 6.0 -10.0
v -4.0 5.0 -10.0
v 0.0 5.0 -10.0
v -1.0 -6.0 -7.0
v -3.0 -6.0 -7.0
v -3.0 -7.0 -7.0
v -1.0 -7.0 -7.0
v 0.0 7.0 -10.0
v -3.0 7.0 -10.0
v -3.0 6.0 -10.0
v 0.0 6.0 -10.0
v -1.0 -4.812499 -7.307618
v -1.0 -4.812499 -6.875
v -0.75 -4.812499 -7.307618
v -0.75 -4.812499 -6.875
v 0.0 -4.812499 -8.067383
v 0.0 -4.812499 -7.643555
v -1.0 -7.187499 -6.875
v -1.0 -7.187499 -7.307617
v -0.75 -7.187499 -6.875
v -0.75 -7.187499 -7.307617
v 0.0 -7.187499 -7.643555
v 0.0 -7.187499 -8.067383
v -1.0 -5.312499 -7.0
v 0.0 -5.312499 -8.0
v 0.0 -5.062499 -8.0
v -1.0 -5.062499 -7.0
v -1.0 -6.687499 -7.0
v 0.0 -6.687499 -8.0
v 0.0 -5.312499 -8.0
v -1.0 -5.312499 -7.0
v -1.0 -6.937499 -6.875
v -1.0 -6.937499 -7.0
v -1.0 -7.187499 -7.307617
v -1.0 -7.187499 -6.875
v -1.0 -5.062499 -7.0
v -1.0 -5.062499 -6.875
v -1.0 -4.812499 -6.875
v -1.0 -4.812499 -7.307618
v 0.0 -5.062499 -7.643555
v 0.0 -5.062499 -8.0
v 0.0 -4.812499 -8.067383
v 0.0 -4.812499 -7.643555
v 0.0 -6.937499 -8.0
v 0.0 -6.937499 -7.643555
v 0.0 -7.187499 -7.643555
v 0.0 -7.187499 -8.067383
v -0.75 -4.812499 -6.875
v -0.75 -5.062499 -6.875
v 0.0 -5.062499 -7.643555
v 0.0 -4.812499 -7.643555
v -1.0 -5.062499 -7.0
v 0.0 -5.062499 -8.0
v 0.0 -5.062499 -7.643555
v -0.75 -5.062499 -6.875
v -0.75 -7.187499 -6.875
v -0.75 -6.937499 -6.875
v -1.0 -6.937499 -6.875
v -1.0 -7.187499 -6.875
v -1.0 -5.062499 -6.875
v -0.75 -5.062499 -6.875
v -0.75 -4.812499 -6.875
v -1.0 -4.812499 -6.875
v 0.0 -6.937499 -7.643555
v -0.75 -6.937499 -6.875
v -0.75 -7.187499 -6.875
v 0.0 -7.187499 -7.643555
v 0.0 -6.937499 -8.0
v -1.0 -6.937499 -7.0
v -0.75 -6.937499 -6.875
v 0.0 -6.937499 -7.643555
v 0.0 -6.937499 -8.0
v 0.0 -6.687499 -8.0
v -1.0 -6.687499 -7.0
v -1.0 -6.937499 -7.0
v -0.75 -6.937499 -6.875
v -1.0 -6.937499 -7.0
v -1.0 -6.937499 -6.875
v -1.0 -5.062499 -7.0
v -0.75 -5.062499 -6.875
v -1.0 -5.062499 -6.875
v 3.0 -5.0 -8.0
v 0.0 -5.0 -8.0
v 0.0 -7.0 -8.0
v 3.0 -7.0 -8.0
v 1.0 4.812499 -9.307618
v 1.0 4.812499 -8.875
v 0.75 4.812499 -9.307618
v 0.75 4.812499 -8.875
v 0.0 4.812499 -10.067383
v 0.0 4.812499 -9.643555
v 1.0 7.187499 -8.875
v 1.0 7.187499 -9.307617
v 0.75 7.187499 -8.875
v 0.75 7.187499 -9.307617
v 0.0 7.187499 -9.643555
v 0.0 7.187499 -10.067383
v 1.0 5.312499 -9.0
v 0.0 5.312499 -10.0
v 0.0 5.062499 -10.0
v 1.0 5.062499 -9.0
v 1.0 6.687499 -9.0
v 0.0 6.687499 -10.0
v 0.0 5.312499 -10.0
v 1.0 5.312499 -9.0
v 1.0 6.937499 -8.875
v 1.0 6.937499 -9.0
v 1.0 7.187499 -9.307617
v 1.0 7.187499 -8.875
v 1.0 5.062499 -9.0
v 1.0 5.062499 -8.875
v 1.0 4.812499 -8.875
v 1.0 4.812499 -9.307618
v 0.0 5.062499 -9.643555
v 0.0 5.062499 -10.0
v 0.0 4.812499 -10.067383
v 0.0 4.812499 -9.643555
v 0.0 6.937499 -10.0
v 0.0 6.937499 -9.643555
v 0.0 7.187499 -9.643555
v 0.0 7.187499 -10.067383
v 0.75 4.812499 -8.875
v 0.75 5.062499 -8.875
v 0.0 5.062499 -9.643555
v 0.0 4.812499 -9.643555
v 1.0 5.062499 -9.0
v 0.0 5.062499 -10.0
v 0.0 5.062499 -9.643555
v 0.75 5.062499 -8.875
v 0.75 7.187499 -8.875
v 0.75 6.937499 -8.875
v 1.0 6.937499 -8.875
v 1.0 7.187499 -8.875
v 1.0 5.062499 -8.875
v 0.75 5.062499 -8.875
v 0.75 4.812499 -8.875
v 1.0 4.812499 -8.875
v 0.0 6.937499 -9.643555
v 0.75 6.937499 -8.875
v 0.75 7.187499 -8.875
v 0.0 7.187499 -9.643555
v 0.0 6.937499 -10.0
v 1.0 6.937499 -9.0
v 0.75 6.937499 -8.875
v 0.0 6.937499 -9.643555
v 0.0 6.937499 -10.0
v 0.0 6.687499 -10.0
v 1.0 6.687499 -9.0
v 1.0 6.937499 -9.0
v 0.75 6.937499 -8.875
v 1.0 6.937499 -9.0
v 1.0 6.937499 -8.875
v 1.0 5.062499 -9.0
v 0.75 5.062499 -8.875
v 1.0 5.062499 -8.875
v 4.0 6.0 -9.0
v 1.0 6.0 -9.0
v 1.0 5.0 -9.0
v 4.0 5.0 -9.0
v 3.0 7.0 -9.0
v 1.0 7.0 -9.0
v 1.0 6.0 -9.0
v 3.0 6.0 -9.0
v 5.0 -4.0 -8.0
v 2.0 -4.0 -8.0
v 2.0 -5.0 -8.0
v 5.0 -5.0 -8.0
v 5.0 5.0 -9.0
v 2.0 5.0 -9.0
v 2.0 4.0 -9.0
v 5.0 4.0 -9.0
v 4.0 -5.0 -8.0
v 3.0 -5.0 -8.0
v 3.0 -6.0 -8.0
v 4.0 -6.0 -8.0
v 6.0 -3.0 -8.0
v 3.0 -3.0 -8.0
v 3.0 -4.0 -8.0
v 6.0 -4.0 -8.0
v 6.0 4.0 -9.0
v 3.0 4.0 -9.0
v 3.0 3.0 -9.0
v 6.0 3.0 -9.0
v 7.0 -2.0 -8.0
v 4.0 -2.0 -8.0
v 4.0 -3.0 -8.0
v 7.0 -3.0 -8.0
v 7.0 3.0 -9.0
v 4.0 3.0 -9.0
v 4.0 2.0 -9.0
v 7.0 2.0 -9.0
v 7.0 -1.0 -8.0
v 5.0 -1.0 -8.0
v 5.0 -2.0 -8.0
v 7.0 -2.0 -8.0
v 4.812499 -1.0 -8.307618
v 4.812499 -1.0 -7.875
v 4.812499 -0.75 -8.307618
v 4.812499 -0.75 -7.875
v 4.812499 0.0 -9.067383
v 4.812499 0.0 -8.643555
v 7.187499 -1.0 -7.875
v 7.187499 -1.0 -8.307617
v 7.187499 -0.75 -7.875
v 7.187499 -0.75 -8.307617
v 7.187499 0.0 -8.643555
v 7.187499 0.0 -9.067383
v 5.312499 -1.0 -8.0
v 5.312499 0.0 -9.0
v 5.062499 0.0 -9.0
v 5.062499 -1.0 -8.0
v 6.687499 -1.0 -8.0
v 6.687499 0.0 -9.0
v 5.312499 0.0 -9.0
v 5.312499 -1.0 -8.0
v 6.937499 -1.0 -7.875
v 6.937499 -1.0 -8.0
v 7.187499 -1.0 -8.307617
v 7.187499 -1.0 -7.875
v 5.062499 -1.0 -8.0
v 5.062499 -1.0 -7.875
v 4.812499 -1.0 -7.875
v 4.812499 -1.0 -8.307618
v 5.062499 0.0 -8.643555
v 5.062499 0.0 -9.0
v 4.812499 0.0 -9.067383
v 4.812499 0.0 -8.643555
v 6.937499 0.0 -9.0
v 6.937499 0.0 -8.643555
v 7.187499 0.0 -8.643555
v 7.187499 0.0 -9.067383
v 4.812499 -0.75 -7.875
v 5.062499 -0.75 -7.875
v 5.062499 0.0 -8.643555
v 4.812499 0.0 -8.643555
v 5.062499 -1.0 -8.0
v 5.062499 0.0 -9.0
v 5.062499 0.0 -8.643555
v 5.062499 -0.75 -7.875
v 7.187499 -0.75 -7.875
v 6.937499 -0.75 -7.875
v 6.937499 -1.0 -7.875
v 7.187499 -1.0 -7.875
v 5.062499 -1.0 -7.875
v 5.062499 -0.75 -7.875
v 4.812499 -0.75 -7.875
v 4.812499 -1.0 -7.875
v 6.937499 0.0 -8.643555
v 6.937499 -0.75 -7.875
v 7.187499 -0.75 -7.875
v 7.187499 0.0 -8.643555
v 6.937499 0.0 -9.0
v 6.937499 -1.0 -8.0
v 6.937499 -0.75 -7.875
v 6.937499 0.0 -8.643555
v 6.937499 0.0 -9.0
v 6.687499 0.0 -9.0
v 6.687499 -1.0 -8.0
v 6.937499 -1.0 -8.0
v 6.937499 -0.75 -7.875
v 6.937499 -1.0 -8.0
v 6.937499 -1.0 -7.875
v 5.062499 -1.0 -8.0
v 5.062499 -0.75 -7.875
v 5.062499 -1.0 -7.875
v 7.0 2.0 -9.0
v 5.0 2.0 -9.0
v 5.0 0.0 -9.0
v 7.0 0.0 -9.0
v -5.0 0.0 -11.0
v -7.0 0.0 -11.0
v -7.0 -3.0 -11.0
v -5.0 -3.0 -11.0
v -4.812499 1.0 -14.307618
v -4.812499 1.0 -13.875
v -4.812499 0.75 -14.307618
v -4.812499 0.75 -13.875
v -4.812499 0.0 -15.067383
v -4.812499 0.0 -14.643555
v -7.187499 1.0 -13.875
v -7.187499 1.0 -14.307617
v -7.187499 0.75 -13.875
v -7.187499 0.75 -14.307617
v -7.187499 0.0 -14.643555
v -7.187499 0.0 -15.067383
v -5.312499 1.0 -14.0
v -5.312499 0.0 -15.0
v -5.062499 0.0 -15.0
v -5.062499 1.0 -14.0
v -6.687499 1.0 -14.0
v -6.687499 0.0 -15.0
v -5.312499 0.0 -15.0
v -5.312499 1.0 -14.0
v -6.937499 1.0 -13.875
v -6.937499 1.0 -14.0
v -7.187499 1.0 -14.307617
v -7.187499 1.0 -13.875
v -5.062499 1.0 -14.0
v -5.062499 1.0 -13.875
v -4.812499 1.0 -13.875
v -4.812499 1.0 -14.307618
v -5.062499 0.0 -14.643555
v -5.062499 0.0 -15.0
v -4.812499 0.0 -15.067383
v -4.812499 0.0 -14.643555
v -6.937499 0.0 -15.0
v -6.937499 0.0 -14.643555
v -7.187499 0.0 -14.643555
v -7.187499 0.0 -15.067383
v -4.812499 0.75 -13.875
v -5.062499 0.75 -13.875
v -5.062499 0.0 -14.643555
v -4.812499 0.0 -14.643555
v -5.062499 1.0 -14.0
v -5.062499 0.0 -15.0
v -5.062499 0.0 -14.643555
v -5.062499 0.75 -13.875
v -7.187499 0.75 -13.875
v -6.937499 0.75 -13.875
v -6.937499 1.0 -13.875
v -7.187499 1.0 -13.875
v -5.062499 1.0 -13.875
v -5.062499 0.75 -13.875
v -4.812499 0.75 -13.875
v -4.812499 1.0 -13.875
v -6.937499 0.0 -14.643555
v -6.937499 0.75 -13.875
v -7.187499 0.75 -13.875
v -7.187499 0.0 -14.643555
v -6.937499 0.0 -15.0
v -6.937499 1.0 -14.0
v -6.937499 0.75 -13.875
v -6.937499 0.0 -14.643555
v -6.937499 0.0 -15.0
v -6.687499 0.0 -15.0
v -6.687499 1.0 -14.0
v -6.937499 1.0 -14.0
v -6.937499 0.75 -13.875
v -6.937499 1.0 -14.0
v -6.937499 1.0 -13.875
v -5.062499 1.0 -14.0
v -5.062499 0.75 -13.875
v -5.062499 1.0 -13.875
v -5.0 3.0 -14.0
v -7.0 3.0 -14.0
v -7.0 1.0 -14.0
v -5.0 1.0 -14.0
v -3.0 -3.0 -11.0
v -6.0 -3.0 -11.0
v -6.0 -4.0 -11.0
v -3.0 -4.0 -11.0
v -3.0 4.0 -14.0
v -6.0 4.0 -14.0
v -6.0 3.0 -14.0
v -3.0 3.0 -14.0
v -2.0 -4.0 -11.0
v -5.0 -4.0 -11.0
v -5.0 -5.0 -11.0
v -2.0 -5.0 -11.0
v -4.0 -2.0 -11.0
v -5.0 -2.0 -11.0
v -5.0 -3.0 -11.0
v -4.0 -3.0 -11.0
v -4.0 3.0 -14.0
v -5.0 3.0 -14.0
v -5.0 2.0 -14.0
v -4.0 2.0 -14.0
v -2.0 5.0 -14.0
v -5.0 5.0 -14.0
v -5.0 4.0 -14.0
v -2.0 4.0 -14.0
v -1.0 -5.0 -11.0
v -4.0 -5.0 -11.0
v -4.0 -6.0 -11.0
v -1.0 -6.0 -11.0
v 0.0 6.0 -14.0
v -4.0 6.0 -14.0
v -4.0 5.0 -14.0
v 0.0 5.0 -14.0
v -1.0 -6.0 -11.0
v -3.0 -6.0 -11.0
v -3.0 -7.0 -11.0
v -1.0 -7.0 -11.0
v 0.0 7.0 -14.0
v -3.0 7.0 -14.0
v -3.0 6.0 -14.0
v 0.0 6.0 -14.0
v -1.0 -4.812499 -11.307618
v -1.0 -4.812499 -10.875
v -0.75 -4.812499 -11.307618
v -0.75 -4.812499 -10.875
v 0.0 -4.812499 -12.067383
v 0.0 -4.812499 -11.643555
v -1.0 -7.187499 -10.875
v -1.0 -7.187499 -11.307617
v -0.75 -7.187499 -10.875
v -0.75 -7.187499 -11.307617
v 0.0 -7.187499 -11.643555
v 0.0 -7.187499 -12.067383
v -1.0 -5.312499 -11.0
v 0.0 -5.312499 -12.0
v 0.0 -5.062499 -12.0
v -1.0 -5.062499 -11.0
v -1.0 -6.687499 -11.0
v 0.0 -6.687499 -12.0
v 0.0 -5.312499 -12.0
v -1.0 -5.312499 -11.0
v -1.0 -6.937499 -10.875
v -1.0 -6.937499 -11.0
v -1.0 -7.187499 -11.307617
v -1.0 -7.187499 -10.875
v -1.0 -5.062499 -11.0
v -1.0 -5.062499 -10.875
v -1.0 -4.812499 -10.875
v -1.0 -4.812499 -11.307618
v 0.0 -5.062499 -11.643555
v 0.0 -5.062499 -12.0
v 0.0 -4.812499 -12.067383
v 0.0 -4.812499 -11.643555
v 0.0 -6.937499 -12.0
v 0.0 -6.937499 -11.643555
v 0.0 -7.187499 -11.643555
v 0.0 -7.187499 -12.067383
v -0.75 -4.812499 -10.875
v -0.75 -5.062499 -10.875
v 0.0 -5.062499 -11.643555
v 0.0 -4.812499 -11.643555
v -1.0 -5.062499 -11.0
v 0.0 -5.062499 -12.0
v 0.0 -5.062499 -11.643555
v -0.75 -5.062499 -10.875
v -0.75 -7.187499 -10.875
v -0.75 -6.937499 -10.875
v -1.0 -6.937499 -10.875
v -1.0 -7.187499 -10.875
v -1.0 -5.062499 -10.875
v -0.75 -5.062499 -10.875
v -0.75 -4.812499 -10.875
v -1.0 -4.812499 -10.875
v 0.0 -6.937499 -11.643555
v -0.75 -6.937499 -10.875
v -0.75 -7.187499 -10.875
v 0.0 -7.187499 -11.643555
v 0.0 -6.937499 -12.0
v -1.0 -6.937499 -11.0
v -0.75 -6.937499 -10.875
v 0.0 -6.937499 -11.643555
v 0.0 -6.937499 -12.0
v 0.0 -6.687499 -12.0
v -1.0 -6.687499 -11.0
v -1.0 -6.937499 -11.0
v -0.75 -6.937499 -10.875
v -1.0 -6.937499 -11.0
v -1.0 -6.937499 -10.875
v -1.0 -5.062499 -11.0
v -0.75 -5.062499 -10.875
v -1.0 -5.062499 -10.875
v 3.0 -5.0 -12.0
v 0.0 -5.0 -12.0
v 0.0 -7.0 -12.0
v 3.0 -7.0 -12.0
v 1.0 4.812499 -13.307618
v 1.0 4.812499 -12.875
v 0.75 4.812499 -13.307618
v 0.75 4.812499 -12.875
v 0.0 4.812499 -14.067383
v 0.0 4.812499 -13.643555
v 1.0 7.187499 -12.875
v 1.0 7.187499 -13.307617
v 0.75 7.187499 -12.875
v 0.75 7.187499 -13.307617
v 0.0 7.187499 -13.643555
v 0.0 7.187499 -14.067383
v 1.0 5.312499 -13.0
v 0.0 5.312499 -14.0
v 0.0 5.062499 -14.0
v 1.0 5.062499 -13.0
v 1.0 6.687499 -13.0
v 0.0 6.687499 -14.0
v 0.0 5.312499 -14.0
v 1.0 5.312499 -13.0
v 1.0 6.937499 -12.875
v 1.0 6.937499 -13.0
v 1.0 7.187499 -13.307617
v 1.0 7.187499 -12.875
v 1.0 5.062499 -13.0
v 1.0 5.062499 -12.875
v 1.0 4.812499 -12.875
v 1.0 4.812499 -13.307618
v 0.0 5.062499 -13.643555
v 0.0 5.062499 -14.0
v 0.0 4.812499 -14.067383
v 0.0 4.812499 -13.643555
v 0.0 6.937499 -14.0
v 0.0 6.937499 -13.643555
v 0.0 7.187499 -13.643555
v 0.0 7.187499 -14.067383
v 0.75 4.812499 -12.875
v 0.75 5.062499 -12.875
v 0.0 5.062499 -13.643555
v 0.0 4.812499 -13.643555
v 1.0 5.062499 -13.0
v 0.0 5.062499 -14.0
v 0.0 5.062499 -13.643555
v 0.75 5.062499 -12.875
v 0.75 7.187499 -12.875
v 0.75 6.937499 -12.875
v 1.0 6.937499 -12.875
v 1.0 7.187499 -12.875
v 1.0 5.062499 -12.875
v 0.75 5.062499 -12.875
v 0.75 4.812499 -12.875
v 1.0 4.812499 -12.875
v 0.0 6.937499 -13.643555
v 0.75 6.937499 -12.875
v 0.75 7.187499 -12.875
v 0.0 7.187499 -13.643555
v 0.0 6.937499 -14.0
v 1.0 6.937499 -13.0
v 0.75 6.937499 -12.875
v 0.0 6.937499 -13.643555
v 0.0 6.937499 -14.0
v 0.0 6.687499 -14.0
v 1.0 6.687499 -13.0
v 1.0 6.937499 -13.0
v 0.75 6.937499 -12.875
v 1.0 6.937499 -13.0
v 1.0 6.937499 -12.875
v 1.0 5.062499 -13.0
v 0.75 5.062499 -12.875
v 1.0 5.062499 -12.875
v 4.0 6.0 -13.0
v 1.0 6.0 -13.0
v 1.0 5.0 -13.0
v 4.0 5.0 -13.0
v 3.0 7.0 -13.0
v 1.0 7.0 -13.0
v 1.0 6.0 -13.0
v 3.0 6.0 -13.0
v 5.0 -4.0 -12.0
v 2.0 -4.0 -12.0
v 2.0 -5.0 -12.0
v 5.0 -5.0 -12.0
v 5.0 5.0 -13.0
v 2.0 5.0 -13.0
v 2.0 4.0 -13.0
v 5.0 4.0 -13.0
v 4.0 -5.0 -12.0
v 3.0 -5.0 -12.0
v 3.0 -6.0 -12.0
v 4.0 -6.0 -12.0
v 6.0 -3.0 -12.0
v 3.0 -3.0 -12.0
v 3.0 -4.0 -12.0
v 6.0 -4.0 -12.0
v 6.0 4.0 -13.0
v 3.0 4.0 -13.0
v 3.0 3.0 -13.0
v 6.0 3.0 -13.0
v 7.0 -2.0 -12.0
v 4.0 -2.0 -12.0
v 4.0 -3.0 -12.0
v 7.0 -3.0 -12.0
v 7.0 3.0 -13.0
v 4.0 3.0 -13.0
v 4.0 2.0 -13.0
v 7.0 2.0 -13.0
v 7.0 -1.0 -12.0
v 5.0 -1.0 -12.0
v 5.0 -2.0 -12.0
v 7.0 -2.0 -12.0
v 4.812499 -1.0 -12.307618
v 4.812499 -1.0 -11.875
v 4.812499 -0.75 -12.307618
v 4.812499 -0.75 -11.875
v 4.812499 0.0 -13.067383
v 4.812499 0.0 -12.643555
v 7.187499 -1.0 -11.875
v 7.187499 -1.0 -12.307617
v 7.187499 -0.75 -11.875
v 7.187499 -0.75 -12.307617
v 7.187499 0.0 -12.643555
v 7.187499 0.0 -13.067383
v 5.312499 -1.0 -12.0
v 5.312499 0.0 -13.0
v 5.062499 0.0 -13.0
v 5.062499 -1.0 -12.0
v 6.687499 -1.0 -12.0
v 6.687499 0.0 -13.0
v 5.312499 0.0 -13.0
v 5.312499 -1.0 -12.0
v 6.937499 -1.0 -11.875
v 6.937499 -1.0 -12.0
v 7.187499 -1.0 -12.307617
v 7.187499 -1.0 -11.875
v 5.062499 -1.0 -12.0
v 5.062499 -1.0 -11.875
v 4.812499 -1.0 -11.875
v 4.812499 -1.0 -12.307618
v 5.062499 0.0 -12.643555
v 5.062499 0.0 -13.0
v 4.812499 0.0 -13.067383
v 4.812499 0.0 -12.643555
v 6.937499 0.0 -13.0
v 6.937499 0.0 -12.643555
v 7.187499 0.0 -12.643555
v 7.187499 0.0 -13.067383
v 4.812499 -0.75 -11.875
v 5.062499 -0.75 -11.875
v 5.062499 0.0 -12.643555
v 4.812499 0.0 -12.643555
v 5.062499 -1.0 -12.0
v 5.062499 0.0 -13.0
v 5.062499 0.0 -12.643555
v 5.062499 -0.75 -11.875
v 7.187499 -0.75 -11.875
v 6.937499 -0.75 -11.875
v 6.937499 -1.0 -11.875
v 7.187499 -1.0 -11.875
v 5.062499 -1.0 -11.875
v 5.062499 -0.75 -11.875
v 4.812499 -0.75 -11.875
v 4.812499 -1.0 -11.875
v 6.937499 0.0 -12.643555
v 6.937499 -0.75 -11.875
v 7.187499 -0.75 -11.875
v 7.187499 0.0 -12.643555
v 6.937499 0.0 -13.0
v 6.937499 -1.0 -12.0
v 6.937499 -0.75 -11.875
v 6.937499 0.0 -12.643555
v 6.937499 0.0 -13.0
v 6.687499 0.0 -13.0
v 6.687499 -1.0 -12.0
v 6.937499 -1.0 -12.0
v 6.937499 -0.75 -11.875
v 6.937499 -1.0 -12.0
v 6.937499 -1.0 -11.875
v 5.062499 -1.0 -12.0
v 5.062499 -0.75 -11.875
v 5.062499 -1.0 -11.875
v 7.0 2.0 -13.0
v 5.0 2.0 -13.0
v 5.0 0.0 -13.0
v 7.0 0.0 -13.0
v -7.0 4.0 -15.0
v -8.0 4.0 -15.0
v -8.0 -4.0 -15.0
v -7.0 -4.0 -15.0
v -6.0 -3.0 -15.0
v -7.0 -3.0 -15.0
v -7.0 -5.0 -15.0
v -6.0 -5.0 -15.0
v -7.0 -3.0 -15.0
v -6.0 -3.0 -15.0
v -6.0 2.0 -15.0
v -7.0 2.0 -15.0
v -7.0 2.0 -15.0
v -6.0 2.0 -15.0
v -6.0 3.0 -14.999999
v -7.0 3.0 -14.999999
v -6.0 5.0 -15.0
v -7.0 5.0 -15.0
v -7.0 3.0 -15.0
v -6.0 3.0 -15.0
v -5.0 -4.0 -15.0
v -6.0 -4.0 -15.0
v -6.0 -6.0 -15.0
v -5.0 -6.0 -15.0
v -6.0 -4.000001 -15.000002
v -5.0 -4.000001 -15.000002
v -5.0 -3.000001 -15.000002
v -6.0 -3.000001 -15.000002
v -6.0 -3.0 -15.000002
v -5.0 -3.0 -15.000002
v -6.0 -2.0 -15.000001
v -5.0 -2.0 -15.000001
v -6.0 -2.0 -15.000002
v -5.0 -2.0 -15.000002
v -6.0 -1.0 -15.000001
v -5.0 -1.0 -15.000001
v -6.0 -1.0 -15.000002
v -5.0 -1.0 -15.000002
v -6.0 0.0 -15.000001
v -5.0 0.0 -15.000001
v -6.0 0.0 -15.000002
v -5.0 0.0 -15.000002
v -6.0 1.0 -15.000001
v -5.0 1.0 -15.000001
v -6.0 1.0 -15.000002
v -5.0 1.0 -15.000002
v -6.0 2.0 -15.000001
v -5.0 2.0 -15.000001
v -6.0 2.0 -15.0
v -5.0 2.0 -15.0
v -5.0 3.0 -15.0
v -6.0 3.0 -15.0
v -6.0 3.0 -15.0
v -5.0 3.0 -15.0
v -5.0 4.0 -14.999999
v -6.0 4.0 -14.999999
v -5.0 6.0 -15.0
v -6.0 6.0 -15.0
v -6.0 4.0 -15.0
v -5.0 4.0 -15.0
v -4.0 -5.0 -15.0
v -5.0 -5.0 -15.0
v -5.0 -7.0 -15.0
v -4.0 -7.0 -15.0
v -5.0 -5.000001 -15.000002
v -4.0 -5.000001 -15.000002
v -4.0 -4.000001 -15.000002
v -5.0 -4.000001 -15.000002
v -5.0 -4.0 -15.000002
v -4.0 -4.0 -15.000002
v -5.0 -3.0 -15.000001
v -4.0 -3.0 -15.000001
v -5.0 -3.0 -15.000002
v -4.0 -3.0 -15.000002
v -5.0 -2.0 -15.000001
v -4.0 -2.0 -15.000001
v -5.0 -2.0 -15.000002
v -4.0 -2.0 -15.000002
v -5.0 -1.0 -15.000001
v -4.0 -1.0 -15.000001
v -5.0 -1.0 -15.000002
v -4.0 -1.0 -15.000002
v -5.0 0.0 -15.000001
v -4.0 0.0 -15.000001
v -5.0 0.0 -15.000002
v -4.0 0.0 -15.000002
v -5.0 1.0 -15.000001
v -4.0 1.0 -15.000001
v -5.0 1.0 -15.000002
v -4.0 1.0 -15.000002
v -5.0 2.0 -15.000001
v -4.0 2.0 -15.000001
v -5.0 2.0 -15.000002
v -4.0 2.0 -15.000002
v -5.0 3.0 -15.000001
v -4.0 3.0 -15.000001
v -5.0 3.0 -15.0
v -4.0 3.0 -15.0
v -4.0 4.0 -15.0
v -5.0 4.0 -15.0
v -5.0 4.0 -15.0
v -4.0 4.0 -15.0
v -4.0 5.0 -14.999999
v -5.0 5.0 -14.999999
v -4.0 7.0 -15.0
v -5.0 7.0 -15.0
v -5.0 5.0 -15.0
v -4.0 5.0 -15.0
v 4.0 -7.0 -15.0
v -4.0 -7.0 -15.0
v -4.0 -8.0 -15.0
v 4.0 -8.0 -15.0
v -3.0 -6.0 -15.0
v -4.0 -6.0 -15.0
v -4.0 -7.0 -15.0
v -3.0 -7.0 -15.0
v -4.0 -6.000001 -15.000002
v -3.0 -6.000001 -15.000002
v -3.0 -5.000001 -15.000002
v -4.0 -5.000001 -15.000002
v -4.0 -5.0 -15.000002
v -3.0 -5.0 -15.000002
v -4.0 -4.0 -15.000001
v -3.0 -4.0 -15.000001
v -4.0 -4.0 -15.000002
v -3.0 -4.0 -15.000002
v -4.0 -3.0 -15.000001
v -3.0 -3.0 -15.000001
v -4.0 -3.0 -15.000002
v -3.0 -3.0 -15.000002
v -4.0 -2.0 -15.000001
v -3.0 -2.0 -15.000001
v -4.0 -2.0 -15.000002
v -3.0 -2.0 -15.000002
v -4.0 -1.0 -15.000001
v -3.0 -1.0 -15.000001
v -4.0 -1.0 -15.000002
v -3.0 -1.0 -15.000002
v -4.0 0.0 -15.000001
v -3.0 0.0 -15.000001
v -4.0 0.0 -15.000002
v -3.0 0.0 -15.000002
v -4.0 1.0 -15.000001
v -3.0 1.0 -15.000001
v -4.0 1.0 -15.000002
v -3.0 1.0 -15.000002
v -4.0 2.0 -15.000001
v -3.0 2.0 -15.000001
v -4.0 2.0 -15.000002
v -3.0 2.0 -15.000002
v -4.0 3.0 -15.000001
v -3.0 3.0 -15.000001
v -4.0 3.0 -15.000002
v -3.0 3.0 -15.000002
v -4.0 4.0 -15.000001
v -3.0 4.0 -15.000001
v -4.0 4.0 -15.0
v -3.0 4.0 -15.0
v -3.0 5.0 -15.0
v -4.0 5.0 -15.0
v -4.0 5.0 -15.0
v -3.0 5.0 -15.0
v -3.0 6.0 -14.999999
v -4.0 6.0 -14.999999
v -3.0 8.0 -15.0
v -4.0 8.0 -15.0
v -4.0 6.0 -15.0
v -3.0 6.0 -15.0
v -3.0 -7.000001 -15.000002
v -2.0 -7.000001 -15.000002
v -2.0 -6.000001 -15.000002
v -3.0 -6.000001 -15.000002
v -3.0 -6.0 -15.000002
v -2.0 -6.0 -15.000002
v -3.0 -5.0 -15.000001
v -2.0 -5.0 -15.000001
v -3.0 -5.0 -15.000002
v -2.0 -5.0 -15.000002
v -3.0 -4.0 -15.000001
v -2.0 -4.0 -15.000001
v -3.0 -4.0 -15.000002
v -2.0 -4.0 -15.000002
v -3.0 -3.0 -15.000001
v -2.0 -3.0 -15.000001
v -3.0 -3.0 -15.000002
v -2.0 -3.0 -15.000002
v -3.0 -2.0 -15.000001
v -2.0 -2.0 -15.000001
v -3.0 -2.0 -15.000002
v -2.0 -2.0 -15.000002
v -3.0 -1.0 -15.000001
v -2.0 -1.0 -15.000001
v -3.0 -1.0 -15.000002
v -2.0 -1.0 -15.000002
v -3.0 0.0 -15.000001
v -2.0 0.0 -15.000001
v -3.0 0.0 -15.000002
v -2.0 0.0 -15.000002
v -3.0 1.0 -15.000001
v -2.0 1.0 -15.000001
v -3.0 1.0 -15.000002
v -2.0 1.0 -15.000002
v -3.0 2.0 -15.000001
v -2.0 2.0 -15.000001
v -3.0 2.0 -15.000002
v -2.0 2.0 -15.000002
v -3.0 3.0 -15.000001
v -2.0 3.0 -15.000001
v -3.0 3.0 -15.000002
v -2.0 3.0 -15.000002
v -3.0 4.0 -15.000001
v -2.0 4.0 -15.000001
v -3.0 4.0 -15.000002
v -2.0 4.0 -15.000002
v -3.0 5.0 -15.000001
v -2.0 5.0 -15.000001
v -3.0 5.0 -15.0
v -2.0 5.0 -15.0
v -2.0 6.0 -15.0
v -3.0 6.0 -15.0
v -3.0 6.0 -15.0
v -2.0 6.0 -15.0
v -2.0 7.0 -14.999999
v -3.0 7.0 -14.999999
v 4.0 8.0 -15.0
v -3.0 8.0 -15.0
v -3.0 7.0 -15.0
v 4.0 7.0 -15.0
v -2.0 -7.0 -15.0
v -2.0 -6.0 -15.0
v 2.0 -6.0 -15.0
v 2.0 -7.0 -15.0
v -2.0 -6.0 -15.000002
v -1.0 -6.0 -15.000002
v -2.0 -5.0 -15.000001
v -1.0 -5.0 -15.000001
v -2.0 -5.0 -15.000002
v -1.0 -5.0 -15.000002
v -2.0 -4.0 -15.000001
v -1.0 -4.0 -15.000001
v -2.0 -4.0 -15.000002
v -1.0 -4.0 -15.000002
v -2.0 -3.0 -15.000001
v -1.0 -3.0 -15.000001
v -2.0 -3.0 -15.000002
v -1.0 -3.0 -15.000002
v -2.0 -2.0 -15.000001
v -1.0 -2.0 -15.000001
v -2.0 -2.0 -15.000002
v -1.0 -2.0 -15.000002
v -2.0 -1.0 -15.000001
v -1.0 -1.0 -15.000001
v -2.0 -1.0 -15.000002
v -1.0 -1.0 -15.000002
v -2.0 0.0 -15.000001
v -1.0 0.0 -15.000001
v -2.0 0.0 -15.000002
v -1.0 0.0 -15.000002
v -2.0 1.0 -15.000001
v -1.0 1.0 -15.000001
v -2.0 1.0 -15.000002
v -1.0 1.0 -15.000002
v -2.0 2.0 -15.000001
v -1.0 2.0 -15.000001
v -2.0 2.0 -15.000002
v -1.0 2.0 -15.000002
v -2.0 3.0 -15.000001
v -1.0 3.0 -15.000001
v -2.0 3.0 -15.000002
v -1.0 3.0 -15.000002
v -2.0 4.0 -15.000001
v -1.0 4.0 -15.000001
v -2.0 4.0 -15.000002
v -1.0 4.0 -15.000002
v -2.0 5.0 -15.000001
v -1.0 5.0 -15.000001
v -2.0 5.0 -15.000002
v -1.0 5.0 -15.000002
v -2.0 6.0 -15.000001
v -1.0 6.0 -15.000001
v -2.0 6.0 -15.0
v -2.0 7.0 -15.0
v 2.0 7.0 -15.0
v 2.0 6.0 -15.0
v -1.0 -6.0 -15.000002
v 0.0 -6.0 -15.000002
v -1.0 -5.0 -15.000001
v 0.0 -5.0 -15.000001
v -1.0 -5.0 -15.000002
v 0.0 -5.0 -15.000002
v -1.0 -4.0 -15.000001
v 0.0 -4.0 -15.000001
v -1.0 -4.0 -15.000002
v 0.0 -4.0 -15.000002
v -1.0 -3.0 -15.000001
v 0.0 -3.0 -15.000001
v -1.0 -3.0 -15.000002
v 0.0 -3.0 -15.000002
v -1.0 -2.0 -15.000001
v 0.0 -2.0 -15.000001
v -1.0 -2.0 -15.000002
v 0.0 -2.0 -15.000002
v -1.0 -1.0 -15.000001
v 0.0 -1.0 -15.000001
v -1.0 -1.0 -15.000002
v 0.0 -1.0 -15.000002
v -1.0 0.0 -15.000001
v 0.0 0.0 -15.000001
v -1.0 0.0 -15.000002
v 0.0 0.0 -15.000002
v -1.0 1.0 -15.000001
v 0.0 1.0 -15.000001
v -1.0 1.0 -15.000002
v 0.0 1.0 -15.000002
v -1.0 2.0 -15.000001
v 0.0 2.0 -15.000001
v -1.0 2.0 -15.000002
v 0.0 2.0 -15.000002
v -1.0 3.0 -15.000001
v 0.0 3.0 -15.000001
v -1.0 3.0 -15.000002
v 0.0 3.0 -15.000002
v -1.0 4.0 -15.000001
v 0.0 4.0 -15.000001
v -1.0 4.0 -15.000002
v 0.0 4.0 -15.000002
v -1.0 5.0 -15.000001
v 0.0 5.0 -15.000001
v -1.0 5.0 -15.000002
v 0.0 5.0 -15.000002
v -1.0 6.0 -15.000001
v 0.0 6.0 -15.000001
v 0.0 -6.0 -15.000002
v 1.0 -6.0 -15.000002
v 0.0 -5.0 -15.000001
v 1.0 -5.0 -15.000001
v 0.0 -5.0 -15.000002
v 1.0 -5.0 -15.000002
v 0.0 -4.0 -15.000001
v 1.0 -4.0 -15.000001
v 0.0 -4.0 -15.000002
v 1.0 -4.0 -15.000002
v 0.0 -3.0 -15.000001
v 1.0 -3.0 -15.000001
v 0.0 -3.0 -15.000002
v 1.0 -3.0 -15.000002
v 0.0 -2.0 -15.000001
v 1.0 -2.0 -15.000001
v 0.0 -2.0 -15.000002
v 1.0 -2.0 -15.000002
v 0.0 -1.0 -15.000001
v 1.0 -1.0 -15.000001
v 0.0 -1.0 -15.000002
v 1.0 -1.0 -15.000002
v 0.0 0.0 -15.000001
v 1.0 0.0 -15.000001
v 0.0 0.0 -15.000002
v 1.0 0.0 -15.000002
v 0.0 1.0 -15.000001
v 1.0 1.0 -15.000001
v 0.0 1.0 -15.000002
v 1.0 1.0 -15.000002
v 0.0 2.0 -15.000001
v 1.0 2.0 -15.000001
v 0.0 2.0 -15.000002
v 1.0 2.0 -15.000002
v 0.0 3.0 -15.000001
v 1.0 3.0 -15.000001
v 0.0 3.0 -15.000002
v 1.0 3.0 -15.000002
v 0.0 4.0 -15.000001
v 1.0 4.0 -15.000001
v 0.0 4.0 -15.000002
v 1.0 4.0 -15.000002
v 0.0 5.0 -15.000001
v 1.0 5.0 -15.000001
v 0.0 5.0 -15.000002
v 1.0 5.0 -15.000002
v 0.0 6.0 -15.000001
v 1.0 6.0 -15.000001
v 1.0 -6.0 -15.000002
v 2.0 -6.0 -15.000002
v 1.0 -5.0 -15.000001
v 2.0 -5.0 -15.000001
v 1.0 -5.0 -15.000002
v 2.0 -5.0 -15.000002
v 1.0 -4.0 -15.000001
v 2.0 -4.0 -15.000001
v 1.0 -4.0 -15.000002
v 2.0 -4.0 -15.000002
v 1.0 -3.0 -15.000001
v 2.0 -3.0 -15.000001
v 1.0 -3.0 -15.000002
v 2.0 -3.0 -15.000002
v 1.0 -2.0 -15.000001
v 2.0 -2.0 -15.000001
v 1.0 -2.0 -15.000002
v 2.0 -2.0 -15.000002
v 1.0 -1.0 -15.000001
v 2.0 -1.0 -15.000001
v 1.0 -1.0 -15.000002
v 2.0 -1.0 -15.000002
v 1.0 0.0 -15.000001
v 2.0 0.0 -15.000001
v 1.0 0.0 -15.000002
v 2.0 0.0 -15.000002
v 1.0 1.0 -15.000001
v 2.0 1.0 -15.000001
v 1.0 1.0 -15.000002
v 2.0 1.0 -15.000002
v 1.0 2.0 -15.000001
v 2.0 2.0 -15.000001
v 1.0 2.0 -15.000002
v 2.0 2.0 -15.000002
v 1.0 3.0 -15.000001
v 2.0 3.0 -15.000001
v 1.0 3.0 -15.000002
v 2.0 3.0 -15.000002
v 1.0 4.0 -15.000001
v 2.0 4.0 -15.000001
v 1.0 4.0 -15.000002
v 2.0 4.0 -15.000002
v 1.0 5.0 -15.000001
v 2.0 5.0 -15.000001
v 1.0 5.0 -15.000002
v 2.0 5.0 -15.000002
v 1.0 6.0 -15.000001
v 2.0 6.0 -15.000001
v 2.0 -7.0 -15.0
v 3.0 -7.0 -15.0
v 3.0 -6.0 -15.0
v 2.0 -6.0 -15.0
v 2.0 -6.0 -15.000002
v 3.0 -6.0 -15.000002
v 2.0 -5.0 -15.000001
v 3.0 -5.0 -15.000001
v 2.0 -5.0 -15.000002
v 3.0 -5.0 -15.000002
v 2.0 -4.0 -15.000001
v 3.0 -4.0 -15.000001
v 2.0 -4.0 -15.000002
v 3.0 -4.0 -15.000002
v 2.0 -3.0 -15.000001
v 3.0 -3.0 -15.000001
v 2.0 -3.0 -15.000002
v 3.0 -3.0 -15.000002
v 2.0 -2.0 -15.000001
v 3.0 -2.0 -15.000001
v 2.0 -2.0 -15.000002
v 3.0 -2.0 -15.000002
v 2.0 -1.0 -15.000001
v 3.0 -1.0 -15.000001
v 2.0 -1.0 -15.000002
v 3.0 -1.0 -15.000002
v 2.0 0.0 -15.000001
v 3.0 0.0 -15.000001
v 2.0 0.0 -15.000002
v 3.0 0.0 -15.000002
v 2.0 1.0 -15.000001
v 3.0 1.0 -15.000001
v 2.0 1.0 -15.000002
v 3.0 1.0 -15.000002
v 2.0 2.0 -15.000001
v 3.0 2.0 -15.000001
v 2.0 2.0 -15.000002
v 3.0 2.0 -15.000002
v 2.0 3.0 -15.000001
v 3.0 3.0 -15.000001
v 2.0 3.0 -15.000002
v 3.0 3.0 -15.000002
v 2.0 4.0 -15.000001
v 3.0 4.0 -15.000001
v 2.0 4.0 -15.000002
v 3.0 4.0 -15.000002
v 2.0 5.0 -15.000001
v 3.0 5.0 -15.000001
v 2.0 5.0 -15.0
v 3.0 5.0 -15.0
v 3.0 6.0 -15.0
v 2.0 6.0 -15.0
v 2.0 6.0 -15.0
v 3.0 6.0 -15.0
v 3.0 7.0 -14.999999
v 2.0 7.0 -14.999999
v 5.0 -6.0 -15.0
v 3.0 -6.0 -15.0
v 3.0 -7.0 -15.0
v 5.0 -7.0 -15.0
v 3.0 -6.0 -15.0
v 4.0 -6.0 -15.0
v 4.0 -5.0 -15.0
v 3.0 -5.0 -15.0
v 3.0 -5.0 -15.000002
v 4.0 -5.0 -15.000002
v 3.0 -4.0 -15.000001
v 4.0 -4.0 -15.000001
v 3.0 -4.0 -15.000002
v 4.0 -4.0 -15.000002
v 3.0 -3.0 -15.000001
v 4.0 -3.0 -15.000001
v 3.0 -3.0 -15.000002
v 4.0 -3.0 -15.000002
v 3.0 -2.0 -15.000001
v 4.0 -2.0 -15.000001
v 3.0 -2.0 -15.000002
v 4.0 -2.0 -15.000002
v 3.0 -1.0 -15.000001
v 4.0 -1.0 -15.000001
v 3.0 -1.0 -15.000002
v 4.0 -1.0 -15.000002
v 3.0 0.0 -15.000001
v 4.0 0.0 -15.000001
v 3.0 0.0 -15.000002
v 4.0 0.0 -15.000002
v 3.0 1.0 -15.000001
v 4.0 1.0 -15.000001
v 3.0 1.0 -15.000002
v 4.0 1.0 -15.000002
v 3.0 2.0 -15.000001
v 4.0 2.0 -15.000001
v 3.0 2.0 -15.000002
v 4.0 2.0 -15.000002
v 3.0 3.0 -15.000001
v 4.0 3.0 -15.000001
v 3.0 3.0 -15.000002
v 4.0 3.0 -15.000002
v 3.0 4.0 -15.000001
v 4.0 4.0 -15.000001
v 3.0 4.0 -15.0
v 4.0 4.0 -15.0
v 4.0 5.0 -15.0
v 3.0 5.0 -15.0
v 3.0 5.0 -15.0
v 4.0 5.0 -15.0
v 4.0 6.0 -14.999999
v 3.0 6.0 -14.999999
v 5.0 7.0 -15.0
v 3.0 7.0 -15.0
v 3.0 6.0 -15.0
v 5.0 6.0 -15.0
v 6.0 -5.0 -15.0
v 4.0 -5.0 -15.0
v 4.0 -6.0 -15.0
v 6.0 -6.0 -15.0
v 4.0 -5.0 -15.0
v 5.0 -5.0 -15.0
v 5.0 -4.0 -15.0
v 4.0 -4.0 -15.0
v 4.0 -4.0 -15.000002
v 5.0 -4.0 -15.000002
v 4.0 -3.0 -15.000001
v 5.0 -3.0 -15.000001
v 4.0 -3.0 -15.000002
v 5.0 -3.0 -15.000002
v 4.0 -2.0 -15.000001
v 5.0 -2.0 -15.000001
v 4.0 -2.0 -15.000002
v 5.0 -2.0 -15.000002
v 4.0 -1.0 -15.000001
v 5.0 -1.0 -15.000001
v 4.0 -1.0 -15.000002
v 5.0 -1.0 -15.000002
v 4.0 0.0 -15.000001
v 5.0 0.0 -15.000001
v 4.0 0.0 -15.000002
v 5.0 0.0 -15.000002
v 4.0 1.0 -15.000001
v 5.0 1.0 -15.000001
v 4.0 1.0 -15.000002
v 5.0 1.0 -15.000002
v 4.0 2.0 -15.000001
v 5.0 2.0 -15.000001
v 4.0 2.0 -15.000002
v 5.0 2.0 -15.000002
v 4.0 3.0 -15.000001
v 5.0 3.0 -15.000001
v 4.0 3.0 -15.0
v 5.0 3.0 -15.0
v 5.0 4.0 -15.0
v 4.0 4.0 -15.0
v 4.0 4.0 -15.0
v 5.0 4.0 -15.0
v 5.0 5.0 -14.999999
v 4.0 5.0 -14.999999
v 6.0 6.0 -15.0
v 4.0 6.0 -15.0
v 4.0 5.0 -15.0
v 6.0 5.0 -15.0
v 7.0 -4.0 -15.0
v 5.0 -4.0 -15.0
v 5.0 -5.0 -15.0
v 7.0 -5.0 -15.0
v 5.0 -4.0 -15.0
v 6.0 -4.0 -15.0
v 6.0 -3.0 -15.0
v 5.0 -3.0 -15.0
v 5.0 -3.0 -15.000002
v 6.0 -3.0 -15.000002
v 5.0 -2.0 -15.000001
v 6.0 -2.0 -15.000001
v 5.0 -2.0 -15.000002
v 6.0 -2.0 -15.000002
v 5.0 -1.0 -15.000001
v 6.0 -1.0 -15.000001
v 5.0 -1.0 -15.000002
v 6.0 -1.0 -15.000002
v 5.0 0.0 -15.000001
v 6.0 0.0 -15.000001
v 5.0 0.0 -15.000002
v 6.0 0.0 -15.000002
v 5.0 1.0 -15.000001
v 6.0 1.0 -15.000001
v 5.0 1.0 -15.000002
v 6.0 1.0 -15.000002
v 5.0 2.0 -15.000001
v 6.0 2.0 -15.000001
v 5.0 2.0 -15.0
v 6.0 2.0 -15.0
v 6.0 3.0 -15.0
v 5.0 3.0 -15.0
v 5.0 3.0 -15.0
v 6.0 3.0 -15.0
v 6.0 4.0 -14.999999
v 5.0 4.0 -14.999999
v 7.0 5.0 -15.0
v 5.0 5.0 -15.0
v 5.0 4.0 -15.0
v 7.0 4.0 -15.0
v 8.0 -3.0 -15.0
v 6.0 -3.0 -15.0
v 6.0 -4.0 -15.0
v 8.0 -4.0 -15.0
v 6.0 -3.0 -15.0
v 7.0 -3.0 -15.0
v 7.0 2.0 -15.0
v 6.0 2.0 -15.0
v 6.0 2.0 -15.0
v 7.0 2.0 -15.0
v 7.0 3.0 -14.999999
v 6.0 3.0 -14.999999
v 8.0 4.0 -15.0
v 6.0 4.0 -15.0
v 6.0 3.0 -15.0
v 8.0 3.0 -15.0
v 8.0 3.0 -15.0
v 7.0 3.0 -15.0
v 7.0 -3.0 -15.0
v 8.0 -3.0 -15.0
vt 5.5 8.0
vt 4.5 8.0
vt 4.5 6.5
vt 5.5 6.5
vt 0.271484 -0.75
vt 0.960938 -0.75
vt 0.960938 -0.984375
vt 0.271484 -0.984375
vt 0.056641 -0.939453
vt 0.078125 -0.964844
vt 0.078125 -0.951172
vt 0.056641 -0.925781
vt 0.109375 -0.832031
vt 0.109375 -0.791016
vt 0.033203 -0.791016
vt 0.033203 -0.832031
vt 0.023438 -0.943359
vt 0.023438 -0.964844
vt 0.033203 -0.960938
vt 0.033203 -0.943359
vt 0.144531 -0.796875
vt 0.144531 -0.839844
vt 0.222656 -0.839844
vt 0.222656 -0.796875
vt 0.2125 0.0875
vt 0.2125 0.081944
vt 0.2125 0.068273
vt 0.2125 0.0875
vt 0.2125 0.081944
vt 0.2125 0.0875
vt 0.2125 0.0875
vt 0.2125 0.068273
vt 0.042969 -0.964844
vt 0.042969 -0.943359
vt 0.033203 -0.943359
vt 0.033203 -0.960938
vt 0.101562 -0.925781
vt 0.080078 -0.951172
vt 0.080078 -0.964844
vt 0.101562 -0.939453
vt 0.960938 -0.984375
vt 0.960938 -0.75
vt 0.271484 -0.75
vt 0.271484 -0.984375
vt 0.2125 0.081944
vt 0.1625 0.0375
vt 0.1625 0.053342
vt 0.2 0.0875
vt 0.146484 -0.84375
vt 0.224609 -0.84375
vt 0.224609 -0.800781
vt 0.146484 -0.800781
vt 0.109375 -0.925781
vt 0.109375 -0.939453
vt 0.109375 -0.791016
vt 0.03125 -0.791016
vt 0.03125 -0.832031
vt 0.109375 -0.832031
vt 0.1625 0.0375
vt 0.2125 0.081944
vt 0.2 0.0875
vt 0.1625 0.053342
vt 0.048828 -0.939453
vt 0.048828 -0.925781
vt 0.2 0.0875
vt 0.2125 0.081944
vt 0.2125 0.0875
vt 0.2125 0.081944
vt 0.2 0.0875
vt 0.2125 0.0875
vt 1.125 -0.726562
vt 1.125 -0.039062
vt 0.0 -0.039062
vt 0.0 -0.726562
vt 5.5 9.5
vt 4.5 9.5
vt 4.5 8.5
vt 5.5 8.5
vt 6.5 6.5
vt 5.0 6.5
vt 5.0 6.0
vt 6.5 6.0
vt 6.5 10.0
vt 5.0 10.0
vt 5.0 9.5
vt 6.5 9.5
vt 7.0 6.0
vt 5.5 6.0
vt 5.5 5.5
vt 7.0 5.5
vt 6.0 7.0
vt 5.5 7.0
vt 5.5 6.5
vt 6.0 6.5
vt 5.5 9.0
vt 6.0 9.0
vt 6.0 9.5
vt 5.5 9.5
vt 5.5 10.0
vt 7.0 10.0
vt 7.0 10.5
vt 5.5 10.5
vt 7.5 5.5
vt 6.0 5.5
vt 6.0 5.0
vt 7.5 5.0
vt 8.0 11.0
vt 6.0 11.0
vt 6.0 10.5
vt 8.0 10.5
vt 7.5 5.0
vt 6.5 5.0
vt 6.5 4.5
vt 7.5 4.5
vt 6.5 11.0
vt 8.0 11.0
vt 8.0 11.5
vt 6.5 11.5
vt 0.271484 -0.75
vt 0.960938 -0.75
vt 0.960938 -0.984375
vt 0.271484 -0.984375
vt 0.056641 -0.939453
vt 0.078125 -0.964844
vt 0.078125 -0.951172
vt 0.056641 -0.925781
vt 0.109375 -0.832031
vt 0.109375 -0.791016
vt 0.033203 -0.791016
vt 0.033203 -0.832031
vt 0.023438 -0.943359
vt 0.023438 -0.964844
vt 0.033203 -0.960938
vt 0.033203 -0.943359
vt 0.144531 -0.796875
vt 0.144531 -0.839844
vt 0.222656 -0.839844
vt 0.222656 -0.796875
vt 0.2125 0.0875
vt 0.2125 0.081944
vt 0.2125 0.068273
vt 0.2125 0.0875
vt 0.2125 0.081944
vt 0.2125 0.0875
vt 0.2125 0.0875
vt 0.2125 0.068273
vt 0.042969 -0.964844
vt 0.042969 -0.943359
vt 0.033203 -0.943359
vt 0.033203 -0.960938
vt 0.101562 -0.925781
vt 0.080078 -0.951172
vt 0.080078 -0.964844
vt 0.101562 -0.939453
vt 0.960938 -0.984375
vt 0.960938 -0.75
vt 0.271484 -0.75
vt 0.271484 -0.984375
vt 0.2125 0.081944
vt 0.1625 0.0375
vt 0.1625 0.053342
vt 0.2 0.0875
vt 0.146484 -0.84375
vt 0.224609 -0.84375
vt 0.224609 -0.800781
vt 0.146484 -0.800781
vt 0.109375 -0.925781
vt 0.109375 -0.939453
vt 0.109375 -0.791016
vt 0.03125 -0.791016
vt 0.03125 -0.832031
vt 0.109375 -0.832031
vt 0.1625 0.0375
vt 0.2125 0.081944
vt 0.2 0.0875
vt 0.1625 0.053342
vt 0.048828 -0.939453
vt 0.048828 -0.925781
vt 0.2 0.0875
vt 0.2125 0.081944
vt 0.2125 0.0875
vt 0.2125 0.081944
vt 0.2 0.0875
vt 0.2125 0.0875
vt 1.125 -0.726562
vt 1.125 -0.039062
vt 0.0 -0.039062
vt 0.0 -0.726562
vt 8.0 5.5
vt 8.0 4.5
vt 9.5 5.5
vt 9.5 4.5
vt 0.271484 -0.75
vt 0.960938 -0.75
vt 0.960938 -0.984375
vt 0.271484 -0.984375
vt 0.056641 -0.939453
vt 0.078125 -0.964844
vt 0.078125 -0.951172
vt 0.056641 -0.925781
vt 0.109375 -0.832031
vt 0.109375 -0.791016
vt 0.033203 -0.791016
vt 0.033203 -0.832031
vt 0.023438 -0.943359
vt 0.023438 -0.964844
vt 0.033203 -0.960938
vt 0.033203 -0.943359
vt 0.144531 -0.796875
vt 0.144531 -0.839844
vt 0.222656 -0.839844
vt 0.222656 -0.796875
vt 0.2125 0.0875
vt 0.2125 0.081944
vt 0.2125 0.068273
vt 0.2125 0.0875
vt 0.2125 0.081944
vt 0.2125 0.0875
vt 0.2125 0.0875
vt 0.2125 0.068273
vt 0.042969 -0.964844
vt 0.042969 -0.943359
vt 0.033203 -0.943359
vt 0.033203 -0.960938
vt 0.101562 -0.925781
vt 0.080078 -0.951172
vt 0.080078 -0.964844
vt 0.101562 -0.939453
vt 0.960938 -0.984375
vt 0.960938 -0.75
vt 0.271484 -0.75
vt 0.271484 -0.984375
vt 0.2125 0.081944
vt 0.1625 0.0375
vt 0.1625 0.053342
vt 0.2 0.0875
vt 0.146484 -0.84375
vt 0.224609 -0.84375
vt 0.224609 -0.800781
vt 0.146484 -0.800781
vt 0.109375 -0.925781
vt 0.109375 -0.939453
vt 0.109375 -0.791016
vt 0.03125 -0.791016
vt 0.03125 -0.832031
vt 0.109375 -0.832031
vt 0.1625 0.0375
vt 0.2125 0.081944
vt 0.2 0.0875
vt 0.1625 0.053342
vt 0.048828 -0.939453
vt 0.048828 -0.925781
vt 0.2 0.0875
vt 0.2125 0.081944
vt 0.2125 0.0875
vt 0.2125 0.081944
vt 0.2 0.0875
vt 0.2125 0.0875
vt 1.125 -0.726562
vt 1.125 -0.039062
vt 0.0 -0.039062
vt 0.0 -0.726562
vt 10.0 11.0
vt 8.5 10.5
vt 8.5 11.0
vt 10.0 10.5
vt 9.5 11.5
vt 8.5 11.5
vt 8.5 11.0
vt 9.5 11.0
vt 9.0 6.0
vt 9.0 5.5
vt 10.5 6.0
vt 10.5 5.5
vt 10.5 10.5
vt 9.0 10.0
vt 9.0 10.5
vt 10.5 10.0
vt 10.0 5.5
vt 10.0 5.0
vt 9.5 5.5
vt 9.5 5.0
vt 11.0 6.5
vt 11.0 6.0
vt 9.5 6.5
vt 9.5 6.0
vt 11.0 10.0
vt 9.5 9.5
vt 9.5 10.0
vt 11.0 9.5
vt 10.0 7.0
vt 10.0 6.5
vt 11.5 7.0
vt 11.5 6.5
vt 11.5 9.5
vt 10.0 9.0
vt 10.0 9.5
vt 11.5 9.0
vt 11.5 7.5
vt 10.5 7.5
vt 10.5 7.0
vt 11.5 7.0
vt 0.271484 -0.75
vt 0.960938 -0.75
vt 0.960938 -0.984375
vt 0.271484 -0.984375
vt 0.056641 -0.939453
vt 0.078125 -0.964844
vt 0.078125 -0.951172
vt 0.056641 -0.925781
vt 0.109375 -0.832031
vt 0.109375 -0.791016
vt 0.033203 -0.791016
vt 0.033203 -0.832031
vt 0.023438 -0.943359
vt 0.023438 -0.964844
vt 0.033203 -0.960938
vt 0.033203 -0.943359
vt 0.144531 -0.796875
vt 0.144531 -0.839844
vt 0.222656 -0.839844
vt 0.222656 -0.796875
vt 0.2125 0.0875
vt 0.2125 0.081944
vt 0.2125 0.068273
vt 0.2125 0.0875
vt 0.2125 0.081944
vt 0.2125 0.0875
vt 0.2125 0.0875
vt 0.2125 0.068273
vt 0.042969 -0.964844
vt 0.042969 -0.943359
vt 0.033203 -0.943359
vt 0.033203 -0.960938
vt 0.101562 -0.925781
vt 0.080078 -0.951172
vt 0.080078 -0.964844
vt 0.101562 -0.939453
vt 0.960938 -0.984375
vt 0.960938 -0.75
vt 0.271484 -0.75
vt 0.271484 -0.984375
vt 0.2125 0.081944
vt 0.1625 0.0375
vt 0.1625 0.053342
vt 0.2 0.0875
vt 0.146484 -0.84375
vt 0.224609 -0.84375
vt 0.224609 -0.800781
vt 0.146484 -0.800781
vt 0.109375 -0.925781
vt 0.109375 -0.939453
vt 0.109375 -0.791016
vt 0.03125 -0.791016
vt 0.03125 -0.832031
vt 0.109375 -0.832031
vt 0.1625 0.0375
vt 0.2125 0.081944
vt 0.2 0.0875
vt 0.1625 0.053342
vt 0.048828 -0.939453
vt 0.048828 -0.925781
vt 0.2 0.0875
vt 0.2125 0.081944
vt 0.2125 0.0875
vt 0.2125 0.081944
vt 0.2 0.0875
vt 0.2125 0.0875
vt 1.125 -0.726562
vt 1.125 -0.039062
vt 0.0 -0.039062
vt 0.0 -0.726562
vt 11.5 9.0
vt 10.5 9.0
vt 10.5 8.0
vt 11.5 8.0
vt 5.5 8.0
vt 4.5 8.0
vt 4.5 6.5
vt 5.5 6.5
vt 0.271484 -0.75
vt 0.960938 -0.75
vt 0.960938 -0.984375
vt 0.271484 -0.984375
vt 0.056641 -0.939453
vt 0.078125 -0.964844
vt 0.078125 -0.951172
vt 0.056641 -0.925781
vt 0.109375 -0.832031
vt 0.109375 -0.791016
vt 0.033203 -0.791016
vt 0.033203 -0.832031
vt 0.023438 -0.943359
vt 0.023438 -0.964844
vt 0.033203 -0.960938
vt 0.033203 -0.943359
vt 0.144531 -0.796875
vt 0.144531 -0.839844
vt 0.222656 -0.839844
vt 0.222656 -0.796875
vt 0.2125 0.0875
vt 0.2125 0.081944
vt 0.2125 0.068273
vt 0.2125 0.0875
vt 0.2125 0.081944
vt 0.2125 0.0875
vt 0.2125 0.0875
vt 0.2125 0.068273
vt 0.042969 -0.964844
vt 0.042969 -0.943359
vt 0.033203 -0.943359
vt 0.033203 -0.960938
vt 0.101562 -0.925781
vt 0.080078 -0.951172
vt 0.080078 -0.964844
vt 0.101562 -0.939453
vt 0.960938 -0.984375
vt 0.960938 -0.75
vt 0.271484 -0.75
vt 0.271484 -0.984375
vt 0.2125 0.081944
vt 0.1625 0.0375
vt 0.1625 0.053342
vt 0.2 0.0875
vt 0.146484 -0.84375
vt 0.224609 -0.84375
vt 0.224609 -0.800781
vt 0.146484 -0.800781
vt 0.109375 -0.925781
vt 0.109375 -0.939453
vt 0.109375 -0.791016
vt 0.03125 -0.791016
vt 0.03125 -0.832031
vt 0.109375 -0.832031
vt 0.1625 0.0375
vt 0.2125 0.081944
vt 0.2 0.0875
vt 0.1625 0.053342
vt 0.048828 -0.939453
vt 0.048828 -0.925781
vt 0.2 0.0875
vt 0.2125 0.081944
vt 0.2125 0.0875
vt 0.2125 0.081944
vt 0.2 0.0875
vt 0.2125 0.0875
vt 1.125 -0.726562
vt 1.125 -0.039062
vt 0.0 -0.039062
vt 0.0 -0.726562
vt 5.5 9.5
vt 4.5 9.5
vt 4.5 8.5
vt 5.5 8.5
vt 6.5 6.5
vt 5.0 6.5
vt 5.0 6.0
vt 6.5 6.0
vt 6.5 10.0
vt 5.0 10.0
vt 5.0 9.5
vt 6.5 9.5
vt 7.0 6.0
vt 5.5 6.0
vt 5.5 5.5
vt 7.0 5.5
vt 6.0 7.0
vt 5.5 7.0
vt 5.5 6.5
vt 6.0 6.5
vt 5.5 9.0
vt 6.0 9.0
vt 6.0 9.5
vt 5.5 9.5
vt 5.5 10.0
vt 7.0 10.0
vt 7.0 10.5
vt 5.5 10.5
vt 7.5 5.5
vt 6.0 5.5
vt 6.0 5.0
vt 7.5 5.0
vt 8.0 11.0
vt 6.0 11.0
vt 6.0 10.5
vt 8.0 10.5
vt 7.5 5.0
vt 6.5 5.0
vt 6.5 4.5
vt 7.5 4.5
vt 6.5 11.0
vt 8.0 11.0
vt 8.0 11.5
vt 6.5 11.5
vt 0.271484 -0.75
vt 0.960938 -0.75
vt 0.960938 -0.984375
vt 0.271484 -0.984375
vt 0.056641 -0.939453
vt 0.078125 -0.964844
vt 0.078125 -0.951172
vt 0.056641 -0.925781
vt 0.109375 -0.832031
vt 0.109375 -0.791016
vt 0.033203 -0.791016
vt 0.033203 -0.832031
vt 0.023438 -0.943359
vt 0.023438 -0.964844
vt 0.033203 -0.960938
vt 0.033203 -0.943359
vt 0.144531 -0.796875
vt 0.144531 -0.839844
vt 0.222656 -0.839844
vt 0.222656 -0.796875
vt 0.2125 0.0875
vt 0.2125 0.081944
vt 0.2125 0.068273
vt 0.2125 0.0875
vt 0.2125 0.081944
vt 0.2125 0.0875
vt 0.2125 0.0875
vt 0.2125 0.068273
vt 0.042969 -0.964844
vt 0.042969 -0.943359
vt 0.033203 -0.943359
vt 0.033203 -0.960938
vt 0.101562 -0.925781
vt 0.080078 -0.951172
vt 0.080078 -0.964844
vt 0.101562 -0.939453
vt 0.960938 -0.984375
vt 0.960938 -0.75
vt 0.271484 -0.75
vt 0.271484 -0.984375
vt 0.2125 0.081944
vt 0.1625 0.0375
vt 0.1625 0.053342
vt 0.2 0.0875
vt 0.146484 -0.84375
vt 0.224609 -0.84375
vt 0.224609 -0.800781
vt 0.146484 -0.800781
vt 0.109375 -0.925781
vt 0.109375 -0.939453
vt 0.109375 -0.791016
vt 0.03125 -0.791016
vt 0.03125 -0.832031
vt 0.109375 -0.832031
vt 0.1625 0.0375
vt 0.2125 0.081944
vt 0.2 0.0875
vt 0.1625 0.053342
vt 0.048828 -0.939453
vt 0.048828 -0.925781
vt 0.2 0.0875
vt 0.2125 0.081944
vt 0.2125 0.0875
vt 0.2125 0.081944
vt 0.2 0.0875
vt 0.2125 0.0875
vt 1.125 -0.726562
vt 1.125 -0.039062
vt 0.0 -0.039062
vt 0.0 -0.726562
vt 8.0 5.5
vt 8.0 4.5
vt 9.5 5.5
vt 9.5 4.5
vt 0.271484 -0.75
vt 0.960938 -0.75
vt 0.960938 -0.984375
vt 0.271484 -0.984375
vt 0.056641 -0.939453
vt 0.078125 -0.964844
vt 0.078125 -0.951172
vt 0.056641 -0.925781
vt 0.109375 -0.832031
vt 0.109375 -0.791016
vt 0.033203 -0.791016
vt 0.033203 -0.832031
vt 0.023438 -0.943359
vt 0.023438 -0.964844
vt 0.033203 -0.960938
vt 0.033203 -0.943359
vt 0.144531 -0.796875
vt 0.144531 -0.839844
vt 0.222656 -0.839844
vt 0.222656 -0.796875
vt 0.2125 0.0875
vt 0.2125 0.081944
vt 0.2125 0.068273
vt 0.2125 0.0875
vt 0.2125 0.081944
vt 0.2125 0.0875
vt 0.2125 0.0875
vt 0.2125 0.068273
vt 0.042969 -0.964844
vt 0.042969 -0.943359
vt 0.033203 -0.943359
vt 0.033203 -0.960938
vt 0.101562 -0.925781
vt 0.080078 -0.951172
vt 0.080078 -0.964844
vt 0.101562 -0.939453
vt 0.960938 -0.984375
vt 0.960938 -0.75
vt 0.271484 -0.75
vt 0.271484 -0.984375
vt 0.2125 0.081944
vt 0.1625 0.0375
vt 0.1625 0.053342
vt 0.2 0.0875
vt 0.146484 -0.84375
vt 0.224609 -0.84375
vt 0.224609 -0.800781
vt 0.146484 -0.800781
vt 0.109375 -0.925781
vt 0.109375 -0.939453
vt 0.109375 -0.791016
vt 0.03125 -0.791016
vt 0.03125 -0.832031
vt 0.109375 -0.832031
vt 0.1625 0.0375
vt 0.2125 0.081944
vt 0.2 0.0875
vt 0.1625 0.053342
vt 0.048828 -0.939453
vt 0.048828 -0.925781
vt 0.2 0.0875
vt 0.2125 0.081944
vt 0.2125 0.0875
vt 0.2125 0.081944
vt 0.2 0.0875
vt 0.2125 0.0875
vt 1.125 -0.726562
vt 1.125 -0.039062
vt 0.0 -0.039062
vt 0.0 -0.726562
vt 10.0 11.0
vt 8.5 10.5
vt 8.5 11.0
vt 10.0 10.5
vt 9.5 11.5
vt 8.5 11.5
vt 8.5 11.0
vt 9.5 11.0
vt 9.0 6.0
vt 9.0 5.5
vt 10.5 6.0
vt 10.5 5.5
vt 10.5 10.5
vt 9.0 10.0
vt 9.0 10.5
vt 10.5 10.0
vt 10.0 5.5
vt 10.0 5.0
vt 9.5 5.5
vt 9.5 5.0
vt 11.0 6.5
vt 11.0 6.0
vt 9.5 6.5
vt 9.5 6.0
vt 11.0 10.0
vt 9.5 9.5
vt 9.5 10.0
vt 11.0 9.5
vt 10.0 7.0
vt 10.0 6.5
vt 11.5 7.0
vt 11.5 6.5
vt 11.5 9.5
vt 10.0 9.0
vt 10.0 9.5
vt 11.5 9.0
vt 11.5 7.5
vt 10.5 7.5
vt 10.5 7.0
vt 11.5 7.0
vt 0.271484 -0.75
vt 0.960938 -0.75
vt 0.960938 -0.984375
vt 0.271484 -0.984375
vt 0.056641 -0.939453
vt 0.078125 -0.964844
vt 0.078125 -0.951172
vt 0.056641 -0.925781
vt 0.109375 -0.832031
vt 0.109375 -0.791016
vt 0.033203 -0.791016
vt 0.033203 -0.832031
vt 0.023438 -0.943359
vt 0.023438 -0.964844
vt 0.033203 -0.960938
vt 0.033203 -0.943359
vt 0.144531 -0.796875
vt 0.144531 -0.839844
vt 0.222656 -0.839844
vt 0.222656 -0.796875
vt 0.2125 0.0875
vt 0.2125 0.081944
vt 0.2125 0.068273
vt 0.2125 0.0875
vt 0.2125 0.081944
vt 0.2125 0.0875
vt 0.2125 0.0875
vt 0.2125 0.068273
vt 0.042969 -0.964844
vt 0.042969 -0.943359
vt 0.033203 -0.943359
vt 0.033203 -0.960938
vt 0.101562 -0.925781
vt 0.080078 -0.951172
vt 0.080078 -0.964844
vt 0.101562 -0.939453
vt 0.960938 -0.984375
vt 0.960938 -0.75
vt 0.271484 -0.75
vt 0.271484 -0.984375
vt 0.2125 0.081944
vt 0.1625 0.0375
vt 0.1625 0.053342
vt 0.2 0.0875
vt 0.146484 -0.84375
vt 0.224609 -0.84375
vt 0.224609 -0.800781
vt 0.146484 -0.800781
vt 0.109375 -0.925781
vt 0.109375 -0.939453
vt 0.109375 -0.791016
vt 0.03125 -0.791016
vt 0.03125 -0.832031
vt 0.109375 -0.832031
vt 0.1625 0.0375
vt 0.2125 0.081944
vt 0.2 0.0875
vt 0.1625 0.053342
vt 0.048828 -0.939453
vt 0.048828 -0.925781
vt 0.2 0.0875
vt 0.2125 0.081944
vt 0.2125 0.0875
vt 0.2125 0.081944
vt 0.2 0.0875
vt 0.2125 0.0875
vt 1.125 -0.726562
vt 1.125 -0.039062
vt 0.0 -0.039062
vt 0.0 -0.726562
vt 11.5 9.0
vt 10.5 9.0
vt 10.5 8.0
vt 11.5 8.0
vt 5.5 8.0
vt 4.5 8.0
vt 4.5 6.5
vt 5.5 6.5
vt 0.271484 -0.75
vt 0.960938 -0.75
vt 0.960938 -0.984375
vt 0.271484 -0.984375
vt 0.056641 -0.939453
vt 0.078125 -0.964844
vt 0.078125 -0.951172
vt 0.056641 -0.925781
vt 0.109375 -0.832031
vt 0.109375 -0.791016
vt 0.033203 -0.791016
vt 0.033203 -0.832031
vt 0.023438 -0.943359
vt 0.023438 -0.964844
vt 0.033203 -0.960938
vt 0.033203 -0.943359
vt 0.144531 -0.796875
vt 0.144531 -0.839844
vt 0.222656 -0.839844
vt 0.222656 -0.796875
vt 0.2125 0.0875
vt 0.2125 0.081944
vt 0.2125 0.068273
vt 0.2125 0.0875
vt 0.2125 0.081944
vt 0.2125 0.0875
vt 0.2125 0.0875
vt 0.2125 0.068273
vt 0.042969 -0.964844
vt 0.042969 -0.943359
vt 0.033203 -0.943359
vt 0.033203 -0.960938
vt 0.101562 -0.925781
vt 0.080078 -0.951172
vt 0.080078 -0.964844
vt 0.101562 -0.939453
vt 0.960938 -0.984375
vt 0.960938 -0.75
vt 0.271484 -0.75
vt 0.271484 -0.984375
vt 0.2125 0.081944
vt 0.1625 0.0375
vt 0.1625 0.053342
vt 0.2 0.0875
vt 0.146484 -0.84375
vt 0.224609 -0.84375
vt 0.224609 -0.800781
vt 0.146484 -0.800781
vt 0.109375 -0.925781
vt 0.109375 -0.939453
vt 0.109375 -0.791016
vt 0.03125 -0.791016
vt 0.03125 -0.832031
vt 0.109375 -0.832031
vt 0.1625 0.0375
vt 0.2125 0.081944
vt 0.2 0.0875
vt 0.1625 0.053342
vt 0.048828 -0.939453
vt 0.048828 -0.925781
vt 0.2 0.0875
vt 0.2125 0.081944
vt 0.2125 0.0875
vt 0.2125 0.081944
vt 0.2 0.0875
vt 0.2125 0.0875
vt 1.125 -0.726562
vt 1.125 -0.039062
vt 0.0 -0.039062
vt 0.0 -0.726562
vt 5.5 9.5
vt 4.5 9.5
vt 4.5 8.5
vt 5.5 8.5
vt 6.5 6.5
vt 5.0 6.5
vt 5.0 6.0
vt 6.5 6.0
vt 6.5 10.0
vt 5.0 10.0
vt 5.0 9.5
vt 6.5 9.5
vt 7.0 6.0
vt 5.5 6.0
vt 5.5 5.5
vt 7.0 5.5
vt 6.0 7.0
vt 5.5 7.0
vt 5.5 6.5
vt 6.0 6.5
vt 5.5 9.0
vt 6.0 9.0
vt 6.0 9.5
vt 5.5 9.5
vt 5.5 10.0
vt 7.0 10.0
vt 7.0 10.5
vt 5.5 10.5
vt 7.5 5.5
vt 6.0 5.5
vt 6.0 5.0
vt 7.5 5.0
vt 8.0 11.0
vt 6.0 11.0
vt 6.0 10.5
vt 8.0 10.5
vt 7.5 5.0
vt 6.5 5.0
vt 6.5 4.5
vt 7.5 4.5
vt 6.5 11.0
vt 8.0 11.0
vt 8.0 11.5
vt 6.5 11.5
vt 0.271484 -0.75
vt 0.960938 -0.75
vt 0.960938 -0.984375
vt 0.271484 -0.984375
vt 0.056641 -0.939453
vt 0.078125 -0.964844
vt 0.078125 -0.951172
vt 0.056641 -0.925781
vt 0.109375 -0.832031
vt 0.109375 -0.791016
vt 0.033203 -0.791016
vt 0.033203 -0.832031
vt 0.023438 -0.943359
vt 0.023438 -0.964844
vt 0.033203 -0.960938
vt 0.033203 -0.943359
vt 0.144531 -0.796875
vt 0.144531 -0.839844
vt 0.222656 -0.839844
vt 0.222656 -0.796875
vt 0.2125 0.0875
vt 0.2125 0.081944
vt 0.2125 0.068273
vt 0.2125 0.0875
vt 0.2125 0.081944
vt 0.2125 0.0875
vt 0.2125 0.0875
vt 0.2125 0.068273
vt 0.042969 -0.964844
vt 0.042969 -0.943359
vt 0.033203 -0.943359
vt 0.033203 -0.960938
vt 0.101562 -0.925781
vt 0.080078 -0.951172
vt 0.080078 -0.964844
vt 0.101562 -0.939453
vt 0.960938 -0.984375
vt 0.960938 -0.75
vt 0.271484 -0.75
vt 0.271484 -0.984375
vt 0.2125 0.081944
vt 0.1625 0.0375
vt 0.1625 0.053342
vt 0.2 0.0875
vt 0.146484 -0.84375
vt 0.224609 -0.84375
vt 0.224609 -0.800781
vt 0.146484 -0.800781
vt 0.109375 -0.925781
vt 0.109375 -0.939453
vt 0.109375 -0.791016
vt 0.03125 -0.791016
vt 0.03125 -0.832031
vt 0.109375 -0.832031
vt 0.1625 0.0375
vt 0.2125 0.081944
vt 0.2 0.0875
vt 0.1625 0.053342
vt 0.048828 -0.939453
vt 0.048828 -0.925781
vt 0.2 0.0875
vt 0.2125 0.081944
vt 0.2125 0.0875
vt 0.2125 0.081944
vt 0.2 0.0875
vt 0.2125 0.0875
vt 1.125 -0.726562
vt 1.125 -0.039062
vt 0.0 -0.039062
vt 0.0 -0.726562
vt 8.0 5.5
vt 8.0 4.5
vt 9.5 5.5
vt 9.5 4.5
vt 0.271484 -0.75
vt 0.960938 -0.75
vt 0.960938 -0.984375
vt 0.271484 -0.984375
vt 0.056641 -0.939453
vt 0.078125 -0.964844
vt 0.078125 -0.951172
vt 0.056641 -0.925781
vt 0.109375 -0.832031
vt 0.109375 -0.791016
vt 0.033203 -0.791016
vt 0.033203 -0.832031
vt 0.023438 -0.943359
vt 0.023438 -0.964844
vt 0.033203 -0.960938
vt 0.033203 -0.943359
vt 0.144531 -0.796875
vt 0.144531 -0.839844
vt 0.222656 -0.839844
vt 0.222656 -0.796875
vt 0.2125 0.0875
vt 0.2125 0.081944
vt 0.2125 0.068273
vt 0.2125 0.0875
vt 0.2125 0.081944
vt 0.2125 0.0875
vt 0.2125 0.0875
vt 0.2125 0.068273
vt 0.042969 -0.964844
vt 0.042969 -0.943359
vt 0.033203 -0.943359
vt 0.033203 -0.960938
vt 0.101562 -0.925781
vt 0.080078 -0.951172
vt 0.080078 -0.964844
vt 0.101562 -0.939453
vt 0.960938 -0.984375
vt 0.960938 -0.75
vt 0.271484 -0.75
vt 0.271484 -0.984375
vt 0.2125 0.081944
vt 0.1625 0.0375
vt 0.1625 0.053342
vt 0.2 0.0875
vt 0.146484 -0.84375
vt 0.224609 -0.84375
vt 0.224609 -0.800781
vt 0.146484 -0.800781
vt 0.109375 -0.925781
vt 0.109375 -0.939453
vt 0.109375 -0.791016
vt 0.03125 -0.791016
vt 0.03125 -0.832031
vt 0.109375 -0.832031
vt 0.1625 0.0375
vt 0.2125 0.081944
vt 0.2 0.0875
vt 0.1625 0.053342
vt 0.048828 -0.939453
vt 0.048828 -0.925781
vt 0.2 0.0875
vt 0.2125 0.081944
vt 0.2125 0.0875
vt 0.2125 0.081944
vt 0.2 0.0875
vt 0.2125 0.0875
vt 1.125 -0.726562
vt 1.125 -0.039062
vt 0.0 -0.039062
vt 0.0 -0.726562
vt 10.0 11.0
vt 8.5 10.5
vt 8.5 11.0
vt 10.0 10.5
vt 9.5 11.5
vt 8.5 11.5
vt 8.5 11.0
vt 9.5 11.0
vt 9.0 6.0
vt 9.0 5.5
vt 10.5 6.0
vt 10.5 5.5
vt 10.5 10.5
vt 9.0 10.0
vt 9.0 10.5
vt 10.5 10.0
vt 10.0 5.5
vt 10.0 5.0
vt 9.5 5.5
vt 9.5 5.0
vt 11.0 6.5
vt 11.0 6.0
vt 9.5 6.5
vt 9.5 6.0
vt 11.0 10.0
vt 9.5 9.5
vt 9.5 10.0
vt 11.0 9.5
vt 10.0 7.0
vt 10.0 6.5
vt 11.5 7.0
vt 11.5 6.5
vt 11.5 9.5
vt 10.0 9.0
vt 10.0 9.5
vt 11.5 9.0
vt 11.5 7.5
vt 10.5 7.5
vt 10.5 7.0
vt 11.5 7.0
vt 0.271484 -0.75
vt 0.960938 -0.75
vt 0.960938 -0.984375
vt 0.271484 -0.984375
vt 0.056641 -0.939453
vt 0.078125 -0.964844
vt 0.078125 -0.951172
vt 0.056641 -0.925781
vt 0.109375 -0.832031
vt 0.109375 -0.791016
vt 0.033203 -0.791016
vt 0.033203 -0.832031
vt 0.023438 -0.943359
vt 0.023438 -0.964844
vt 0.033203 -0.960938
vt 0.033203 -0.943359
vt 0.144531 -0.796875
vt 0.144531 -0.839844
vt 0.222656 -0.839844
vt 0.222656 -0.796875
vt 0.2125 0.0875
vt 0.2125 0.081944
vt 0.2125 0.068273
vt 0.2125 0.0875
vt 0.2125 0.081944
vt 0.2125 0.0875
vt 0.2125 0.0875
vt 0.2125 0.068273
vt 0.042969 -0.964844
vt 0.042969 -0.943359
vt 0.033203 -0.943359
vt 0.033203 -0.960938
vt 0.101562 -0.925781
vt 0.080078 -0.951172
vt 0.080078 -0.964844
vt 0.101562 -0.939453
vt 0.960938 -0.984375
vt 0.960938 -0.75
vt 0.271484 -0.75
vt 0.271484 -0.984375
vt 0.2125 0.081944
vt 0.1625 0.0375
vt 0.1625 0.053342
vt 0.2 0.0875
vt 0.146484 -0.84375
vt 0.224609 -0.84375
vt 0.224609 -0.800781
vt 0.146484 -0.800781
vt 0.109375 -0.925781
vt 0.109375 -0.939453
vt 0.109375 -0.791016
vt 0.03125 -0.791016
vt 0.03125 -0.832031
vt 0.109375 -0.832031
vt 0.1625 0.0375
vt 0.2125 0.081944
vt 0.2 0.0875
vt 0.1625 0.053342
vt 0.048828 -0.939453
vt 0.048828 -0.925781
vt 0.2 0.0875
vt 0.2125 0.081944
vt 0.2125 0.0875
vt 0.2125 0.081944
vt 0.2 0.0875
vt 0.2125 0.0875
vt 1.125 -0.726562
vt 1.125 -0.039062
vt 0.0 -0.039062
vt 0.0 -0.726562
vt 11.5 9.0
vt 10.5 9.0
vt 10.5 8.0
vt 11.5 8.0
vt 5.5 8.0
vt 4.5 8.0
vt 4.5 6.5
vt 5.5 6.5
vt 0.271484 -0.75
vt 0.960938 -0.75
vt 0.960938 -0.984375
vt 0.271484 -0.984375
vt 0.056641 -0.939453
vt 0.078125 -0.964844
vt 0.078125 -0.951172
vt 0.056641 -0.925781
vt 0.109375 -0.832031
vt 0.109375 -0.791016
vt 0.033203 -0.791016
vt 0.033203 -0.832031
vt 0.023438 -0.943359
vt 0.023438 -0.964844
vt 0.033203 -0.960938
vt 0.033203 -0.943359
vt 0.144531 -0.796875
vt 0.144531 -0.839844
vt 0.222656 -0.839844
vt 0.222656 -0.796875
vt 0.2125 0.0875
vt 0.2125 0.081944
vt 0.2125 0.068273
vt 0.2125 0.0875
vt 0.2125 0.081944
vt 0.2125 0.0875
vt 0.2125 0.0875
vt 0.2125 0.068273
vt 0.042969 -0.964844
vt 0.042969 -0.943359
vt 0.033203 -0.943359
vt 0.033203 -0.960938
vt 0.101562 -0.925781
vt 0.080078 -0.951172
vt 0.080078 -0.964844
vt 0.101562 -0.939453
vt 0.960938 -0.984375
vt 0.960938 -0.75
vt 0.271484 -0.75
vt 0.271484 -0.984375
vt 0.2125 0.081944
vt 0.1625 0.0375
vt 0.1625 0.053342
vt 0.2 0.0875
vt 0.146484 -0.84375
vt 0.224609 -0.84375
vt 0.224609 -0.800781
vt 0.146484 -0.800781
vt 0.109375 -0.925781
vt 0.109375 -0.939453
vt 0.109375 -0.791016
vt 0.03125 -0.791016
vt 0.03125 -0.832031
vt 0.109375 -0.832031
vt 0.1625 0.0375
vt 0.2125 0.081944
vt 0.2 0.0875
vt 0.1625 0.053342
vt 0.048828 -0.939453
vt 0.048828 -0.925781
vt 0.2 0.0875
vt 0.2125 0.081944
vt 0.2125 0.0875
vt 0.2125 0.081944
vt 0.2 0.0875
vt 0.2125 0.0875
vt 1.125 -0.726562
vt 1.125 -0.039062
vt 0.0 -0.039062
vt 0.0 -0.726562
vt 5.5 9.5
vt 4.5 9.5
vt 4.5 8.5
vt 5.5 8.5
vt 6.5 6.5
vt 5.0 6.5
vt 5.0 6.0
vt 6.5 6.0
vt 6.5 10.0
vt 5.0 10.0
vt 5.0 9.5
vt 6.5 9.5
vt 7.0 6.0
vt 5.5 6.0
vt 5.5 5.5
vt 7.0 5.5
vt 6.0 7.0
vt 5.5 7.0
vt 5.5 6.5
vt 6.0 6.5
vt 5.5 9.0
vt 6.0 9.0
vt 6.0 9.5
vt 5.5 9.5
vt 5.5 10.0
vt 7.0 10.0
vt 7.0 10.5
vt 5.5 10.5
vt 7.5 5.5
vt 6.0 5.5
vt 6.0 5.0
vt 7.5 5.0
vt 8.0 11.0
vt 6.0 11.0
vt 6.0 10.5
vt 8.0 10.5
vt 7.5 5.0
vt 6.5 5.0
vt 6.5 4.5
vt 7.5 4.5
vt 6.5 11.0
vt 8.0 11.0
vt 8.0 11.5
vt 6.5 11.5
vt 0.271484 -0.75
vt 0.960938 -0.75
vt 0.960938 -0.984375
vt 0.271484 -0.984375
vt 0.056641 -0.939453
vt 0.078125 -0.964844
vt 0.078125 -0.951172
vt 0.056641 -0.925781
vt 0.109375 -0.832031
vt 0.109375 -0.791016
vt 0.033203 -0.791016
vt 0.033203 -0.832031
vt 0.023438 -0.943359
vt 0.023438 -0.964844
vt 0.033203 -0.960938
vt 0.033203 -0.943359
vt 0.144531 -0.796875
vt 0.144531 -0.839844
vt 0.222656 -0.839844
vt 0.222656 -0.796875
vt 0.2125 0.0875
vt 0.2125 0.081944
vt 0.2125 0.068273
vt 0.2125 0.0875
vt 0.2125 0.081944
vt 0.2125 0.0875
vt 0.2125 0.0875
vt 0.2125 0.068273
vt 0.042969 -0.964844
vt 0.042969 -0.943359
vt 0.033203 -0.943359
vt 0.033203 -0.960938
vt 0.101562 -0.925781
vt 0.080078 -0.951172
vt 0.080078 -0.964844
vt 0.101562 -0.939453
vt 0.960938 -0.984375
vt 0.960938 -0.75
vt 0.271484 -0.75
vt 0.271484 -0.984375
vt 0.2125 0.081944
vt 0.1625 0.0375
vt 0.1625 0.053342
vt 0.2 0.0875
vt 0.146484 -0.84375
vt 0.224609 -0.84375
vt 0.224609 -0.800781
vt 0.146484 -0.800781
vt 0.109375 -0.925781
vt 0.109375 -0.939453
vt 0.109375 -0.791016
vt 0.03125 -0.791016
vt 0.03125 -0.832031
vt 0.109375 -0.832031
vt 0.1625 0.0375
vt 0.2125 0.081944
vt 0.2 0.0875
vt 0.1625 0.053342
vt 0.048828 -0.939453
vt 0.048828 -0.925781
vt 0.2 0.0875
vt 0.2125 0.081944
vt 0.2125 0.0875
vt 0.2125 0.081944
vt 0.2 0.0875
vt 0.2125 0.0875
vt 1.125 -0.726562
vt 1.125 -0.039062
vt 0.0 -0.039062
vt 0.0 -0.726562
vt 8.0 5.5
vt 8.0 4.5
vt 9.5 5.5
vt 9.5 4.5
vt 0.271484 -0.75
vt 0.960938 -0.75
vt 0.960938 -0.984375
vt 0.271484 -0.984375
vt 0.056641 -0.939453
vt 0.078125 -0.964844
vt 0.078125 -0.951172
vt 0.056641 -0.925781
vt 0.109375 -0.832031
vt 0.109375 -0.791016
vt 0.033203 -0.791016
vt 0.033203 -0.832031
vt 0.023438 -0.943359
vt 0.023438 -0.964844
vt 0.033203 -0.960938
vt 0.033203 -0.943359
vt 0.144531 -0.796875
vt 0.144531 -0.839844
vt 0.222656 -0.839844
vt 0.222656 -0.796875
vt 0.2125 0.0875
vt 0.2125 0.081944
vt 0.2125 0.068273
vt 0.2125 0.0875
vt 0.2125 0.081944
vt 0.2125 0.0875
vt 0.2125 0.0875
vt 0.2125 0.068273
vt 0.042969 -0.964844
vt 0.042969 -0.943359
vt 0.033203 -0.943359
vt 0.033203 -0.960938
vt 0.101562 -0.925781
vt 0.080078 -0.951172
vt 0.080078 -0.964844
vt 0.101562 -0.939453
vt 0.960938 -0.984375
vt 0.960938 -0.75
vt 0.271484 -0.75
vt 0.271484 -0.984375
vt 0.2125 0.081944
vt 0.1625 0.0375
vt 0.1625 0.053342
vt 0.2 0.0875
vt 0.146484 -0.84375
vt 0.224609 -0.84375
vt 0.224609 -0.800781
vt 0.146484 -0.800781
vt 0.109375 -0.925781
vt 0.109375 -0.939453
vt 0.109375 -0.791016
vt 0.03125 -0.791016
vt 0.03125 -0.832031
vt 0.109375 -0.832031
vt 0.1625 0.0375
vt 0.2125 0.081944
vt 0.2 0.0875
vt 0.1625 0.053342
vt 0.048828 -0.939453
vt 0.048828 -0.925781
vt 0.2 0.0875
vt 0.2125 0.081944
vt 0.2125 0.0875
vt 0.2125 0.081944
vt 0.2 0.0875
vt 0.2125 0.0875
vt 1.125 -0.726562
vt 1.125 -0.039062
vt 0.0 -0.039062
vt 0.0 -0.726562
vt 10.0 11.0
vt 8.5 10.5
vt 8.5 11.0
vt 10.0 10.5
vt 9.5 11.5
vt 8.5 11.5
vt 8.5 11.0
vt 9.5 11.0
vt 9.0 6.0
vt 9.0 5.5
vt 10.5 6.0
vt 10.5 5.5
vt 10.5 10.5
vt 9.0 10.0
vt 9.0 10.5
vt 10.5 10.0
vt 10.0 5.5
vt 10.0 5.0
vt 9.5 5.5
vt 9.5 5.0
vt 11.0 6.5
vt 11.0 6.0
vt 9.5 6.5
vt 9.5 6.0
vt 11.0 10.0
vt 9.5 9.5
vt 9.5 10.0
vt 11.0 9.5
vt 10.0 7.0
vt 10.0 6.5
vt 11.5 7.0
vt 11.5 6.5
vt 11.5 9.5
vt 10.0 9.0
vt 10.0 9.5
vt 11.5 9.0
vt 11.5 7.5
vt 10.5 7.5
vt 10.5 7.0
vt 11.5 7.0
vt 0.271484 -0.75
vt 0.960938 -0.75
vt 0.960938 -0.984375
vt 0.271484 -0.984375
vt 0.056641 -0.939453
vt 0.078125 -0.964844
vt 0.078125 -0.951172
vt 0.056641 -0.925781
vt 0.109375 -0.832031
vt 0.109375 -0.791016
vt 0.033203 -0.791016
vt 0.033203 -0.832031
vt 0.023438 -0.943359
vt 0.023438 -0.964844
vt 0.033203 -0.960938
vt 0.033203 -0.943359
vt 0.144531 -0.796875
vt 0.144531 -0.839844
vt 0.222656 -0.839844
vt 0.222656 -0.796875
vt 0.2125 0.0875
vt 0.2125 0.081944
vt 0.2125 0.068273
vt 0.2125 0.0875
vt 0.2125 0.081944
vt 0.2125 0.0875
vt 0.2125 0.0875
vt 0.2125 0.068273
vt 0.042969 -0.964844
vt 0.042969 -0.943359
vt 0.033203 -0.943359
vt 0.033203 -0.960938
vt 0.101562 -0.925781
vt 0.080078 -0.951172
vt 0.080078 -0.964844
vt 0.101562 -0.939453
vt 0.960938 -0.984375
vt 0.960938 -0.75
vt 0.271484 -0.75
vt 0.271484 -0.984375
vt 0.2125 0.081944
vt 0.1625 0.0375
vt 0.1625 0.053342
vt 0.2 0.0875
vt 0.146484 -0.84375
vt 0.224609 -0.84375
vt 0.224609 -0.800781
vt 0.146484 -0.800781
vt 0.109375 -0.925781
vt 0.109375 -0.939453
vt 0.109375 -0.791016
vt 0.03125 -0.791016
vt 0.03125 -0.832031
vt 0.109375 -0.832031
vt 0.1625 0.0375
vt 0.2125 0.081944
vt 0.2 0.0875
vt 0.1625 0.053342
vt 0.048828 -0.939453
vt 0.048828 -0.925781
vt 0.2 0.0875
vt 0.2125 0.081944
vt 0.2125 0.0875
vt 0.2125 0.081944
vt 0.2 0.0875
vt 0.2125 0.0875
vt 1.125 -0.726562
vt 1.125 -0.039062
vt 0.0 -0.039062
vt 0.0 -0.726562
vt 11.5 9.0
vt 10.5 9.0
vt 10.5 8.0
vt 11.5 8.0
vt 4.5 10.0
vt 4.0 10.0
vt 4.0 6.0
vt 4.5 6.0
vt 5.0 6.5
vt 4.5 6.5
vt 4.5 5.5
vt 5.0 5.5
vt 0.5 2.5
vt 0.019531 2.5
vt 0.019531 0.0
vt 0.5 0.0
vt 0.242188 -0.257812
vt 0.007812 -0.257812
vt 0.007812 -0.493164
vt 0.242188 -0.493164
vt 5.0 10.5
vt 4.5 10.5
vt 4.5 9.5
vt 5.0 9.5
vt 5.5 6.0
vt 5.0 6.0
vt 5.0 5.0
vt 5.5 5.0
vt 0.243164 -0.506836
vt 0.007812 -0.506836
vt 0.007812 -0.743164
vt 0.243164 -0.743164
vt 5.5 7.0
vt 5.0 7.0
vt 5.0 6.5
vt 5.5 6.5
vt 5.5 7.5
vt 5.0 7.5
vt 5.0 7.0
vt 5.5 7.0
vt 5.5 8.0
vt 5.0 8.0
vt 5.0 7.5
vt 5.5 7.5
vt 5.0 8.0
vt 5.5 8.0
vt 5.5 8.5
vt 5.0 8.5
vt 5.5 9.0
vt 5.0 9.0
vt 5.0 8.5
vt 5.5 8.5
vt 0.511719 -0.488281
vt 0.990234 -0.488281
vt 0.990234 -0.011719
vt 0.511719 -0.011719
vt 0.242188 -0.257812
vt 0.007812 -0.257812
vt 0.007812 -0.493164
vt 0.242188 -0.493164
vt 5.5 11.0
vt 5.0 11.0
vt 5.0 10.0
vt 5.5 10.0
vt 6.0 5.5
vt 5.5 5.5
vt 5.5 4.5
vt 6.0 4.5
vt 0.243164 -0.506836
vt 0.007812 -0.506836
vt 0.007812 -0.743164
vt 0.243164 -0.743164
vt 6.0 6.5
vt 5.5 6.5
vt 5.5 6.0
vt 6.0 6.0
vt 6.0 7.0
vt 5.5 7.0
vt 5.5 6.5
vt 6.0 6.5
vt 6.0 7.5
vt 5.5 7.5
vt 5.5 7.0
vt 6.0 7.0
vt 6.0 8.0
vt 5.5 8.0
vt 5.5 7.5
vt 6.0 7.5
vt 5.5 8.0
vt 6.0 8.0
vt 6.0 8.5
vt 5.5 8.5
vt 6.0 9.0
vt 5.5 9.0
vt 5.5 8.5
vt 6.0 8.5
vt 5.5 9.0
vt 6.0 9.0
vt 6.0 9.5
vt 5.5 9.5
vt 0.511719 -0.488281
vt 0.990234 -0.488281
vt 0.990234 -0.011719
vt 0.511719 -0.011719
vt 0.242188 -0.257812
vt 0.007812 -0.257812
vt 0.007812 -0.493164
vt 0.242188 -0.493164
vt 6.0 11.5
vt 5.5 11.5
vt 5.5 10.5
vt 6.0 10.5
vt 10.0 4.5
vt 6.0 4.5
vt 6.0 4.0
vt 10.0 4.0
vt 6.5 5.0
vt 6.0 5.0
vt 6.0 4.5
vt 6.5 4.5
vt 0.243164 -0.506836
vt 0.007812 -0.506836
vt 0.007812 -0.743164
vt 0.243164 -0.743164
vt 6.5 6.0
vt 6.0 6.0
vt 6.0 5.5
vt 6.5 5.5
vt 6.5 6.5
vt 6.0 6.5
vt 6.0 6.0
vt 6.5 6.0
vt 6.5 7.0
vt 6.0 7.0
vt 6.0 6.5
vt 6.5 6.5
vt 6.5 7.5
vt 6.0 7.5
vt 6.0 7.0
vt 6.5 7.0
vt 6.5 8.0
vt 6.0 8.0
vt 6.0 7.5
vt 6.5 7.5
vt 6.0 8.0
vt 6.5 8.0
vt 6.5 8.5
vt 6.0 8.5
vt 6.5 9.0
vt 6.0 9.0
vt 6.0 8.5
vt 6.5 8.5
vt 6.0 9.0
vt 6.5 9.0
vt 6.5 9.5
vt 6.0 9.5
vt 6.5 10.0
vt 6.0 10.0
vt 6.0 9.5
vt 6.5 9.5
vt 0.511719 -0.488281
vt 0.990234 -0.488281
vt 0.990234 -0.011719
vt 0.511719 -0.011719
vt 0.242188 -0.257812
vt 0.007812 -0.257812
vt 0.007812 -0.493164
vt 0.242188 -0.493164
vt 6.5 12.0
vt 6.0 12.0
vt 6.0 11.0
vt 6.5 11.0
vt 0.243164 -0.506836
vt 0.007812 -0.506836
vt 0.007812 -0.743164
vt 0.243164 -0.743164
vt 7.0 5.5
vt 6.5 5.5
vt 6.5 5.0
vt 7.0 5.0
vt 7.0 6.0
vt 6.5 6.0
vt 6.5 5.5
vt 7.0 5.5
vt 7.0 6.5
vt 6.5 6.5
vt 6.5 6.0
vt 7.0 6.0
vt 7.0 7.0
vt 6.5 7.0
vt 6.5 6.5
vt 7.0 6.5
vt 7.0 7.5
vt 6.5 7.5
vt 6.5 7.0
vt 7.0 7.0
vt 7.0 8.0
vt 6.5 8.0
vt 6.5 7.5
vt 7.0 7.5
vt 6.5 8.0
vt 7.0 8.0
vt 7.0 8.5
vt 6.5 8.5
vt 7.0 9.0
vt 6.5 9.0
vt 6.5 8.5
vt 7.0 8.5
vt 6.5 9.0
vt 7.0 9.0
vt 7.0 9.5
vt 6.5 9.5
vt 7.0 10.0
vt 6.5 10.0
vt 6.5 9.5
vt 7.0 9.5
vt 6.5 10.0
vt 7.0 10.0
vt 7.0 10.5
vt 6.5 10.5
vt 0.511719 -0.488281
vt 0.990234 -0.488281
vt 0.990234 -0.011719
vt 0.511719 -0.011719
vt 0.242188 -0.257812
vt 0.007812 -0.257812
vt 0.007812 -0.493164
vt 0.242188 -0.493164
vt 10.0 12.0
vt 6.5 12.0
vt 6.5 11.5
vt 10.0 11.5
vt 2.0 -0.498047
vt 0.0 -0.498047
vt 0.0 -0.984375
vt 2.0 -0.984375
vt 7.5 5.5
vt 7.0 5.5
vt 7.0 5.0
vt 7.5 5.0
vt 7.5 6.0
vt 7.0 6.0
vt 7.0 5.5
vt 7.5 5.5
vt 7.5 6.5
vt 7.0 6.5
vt 7.0 6.0
vt 7.5 6.0
vt 7.5 7.0
vt 7.0 7.0
vt 7.0 6.5
vt 7.5 6.5
vt 7.5 7.5
vt 7.0 7.5
vt 7.0 7.0
vt 7.5 7.0
vt 7.5 8.0
vt 7.0 8.0
vt 7.0 7.5
vt 7.5 7.5
vt 7.0 8.0
vt 7.5 8.0
vt 7.5 8.5
vt 7.0 8.5
vt 7.5 9.0
vt 7.0 9.0
vt 7.0 8.5
vt 7.5 8.5
vt 7.0 9.0
vt 7.5 9.0
vt 7.5 9.5
vt 7.0 9.5
vt 7.5 10.0
vt 7.0 10.0
vt 7.0 9.5
vt 7.5 9.5
vt 7.0 10.0
vt 7.5 10.0
vt 7.5 10.5
vt 7.0 10.5
vt 7.5 11.0
vt 7.0 11.0
vt 7.0 10.5
vt 7.5 10.5
vt 2.0 -0.013672
vt 0.0 -0.013672
vt 0.0 -0.5
vt 2.0 -0.5
vt 8.0 5.5
vt 7.5 5.5
vt 7.5 5.0
vt 8.0 5.0
vt 8.0 6.0
vt 7.5 6.0
vt 7.5 5.5
vt 8.0 5.5
vt 8.0 6.5
vt 7.5 6.5
vt 7.5 6.0
vt 8.0 6.0
vt 8.0 7.0
vt 7.5 7.0
vt 7.5 6.5
vt 8.0 6.5
vt 8.0 7.5
vt 7.5 7.5
vt 7.5 7.0
vt 8.0 7.0
vt 8.0 8.0
vt 7.5 8.0
vt 7.5 7.5
vt 8.0 7.5
vt 7.5 8.0
vt 8.0 8.0
vt 8.0 8.5
vt 7.5 8.5
vt 8.0 9.0
vt 7.5 9.0
vt 7.5 8.5
vt 8.0 8.5
vt 7.5 9.0
vt 8.0 9.0
vt 8.0 9.5
vt 7.5 9.5
vt 8.0 10.0
vt 7.5 10.0
vt 7.5 9.5
vt 8.0 9.5
vt 7.5 10.0
vt 8.0 10.0
vt 8.0 10.5
vt 7.5 10.5
vt 8.0 11.0
vt 7.5 11.0
vt 7.5 10.5
vt 8.0 10.5
vt 8.0 5.5
vt 8.0 5.0
vt 8.5 5.5
vt 8.5 5.0
vt 8.0 6.0
vt 8.0 5.5
vt 8.5 6.0
vt 8.5 5.5
vt 8.0 6.5
vt 8.0 6.0
vt 8.5 6.5
vt 8.5 6.0
vt 8.0 7.0
vt 8.0 6.5
vt 8.5 7.0
vt 8.5 6.5
vt 8.0 7.5
vt 8.0 7.0
vt 8.5 7.5
vt 8.5 7.0
vt 8.0 8.0
vt 8.0 7.5
vt 8.5 8.0
vt 8.5 7.5
vt 8.5 8.5
vt 8.0 8.0
vt 8.0 8.5
vt 8.5 8.0
vt 8.0 9.0
vt 8.5 8.5
vt 8.5 9.0
vt 8.0 8.5
vt 8.5 9.5
vt 8.0 9.0
vt 8.0 9.5
vt 8.5 9.0
vt 8.0 10.0
vt 8.5 9.5
vt 8.5 10.0
vt 8.0 9.5
vt 8.5 10.5
vt 8.0 10.0
vt 8.0 10.5
vt 8.5 10.0
vt 8.0 11.0
vt 8.5 10.5
vt 8.5 11.0
vt 8.0 10.5
vt 9.0 5.5
vt 9.0 5.0
vt 8.5 5.5
vt 8.5 5.0
vt 9.0 6.0
vt 9.0 5.5
vt 8.5 6.0
vt 8.5 5.5
vt 9.0 6.5
vt 9.0 6.0
vt 8.5 6.5
vt 8.5 6.0
vt 9.0 7.0
vt 9.0 6.5
vt 8.5 7.0
vt 8.5 6.5
vt 9.0 7.5
vt 9.0 7.0
vt 8.5 7.5
vt 8.5 7.0
vt 9.0 8.0
vt 9.0 7.5
vt 8.5 8.0
vt 8.5 7.5
vt 8.5 8.5
vt 9.0 8.0
vt 9.0 8.5
vt 8.5 8.0
vt 9.0 9.0
vt 8.5 8.5
vt 8.5 9.0
vt 9.0 8.5
vt 8.5 9.5
vt 9.0 9.0
vt 9.0 9.5
vt 8.5 9.0
vt 9.0 10.0
vt 8.5 9.5
vt 8.5 10.0
vt 9.0 9.5
vt 8.5 10.5
vt 9.0 10.0
vt 9.0 10.5
vt 8.5 10.0
vt 9.0 11.0
vt 8.5 10.5
vt 8.5 11.0
vt 9.0 10.5
vt 0.743164 -0.508789
vt 0.506836 -0.508789
vt 0.506836 -0.741211
vt 0.743164 -0.741211
vt 9.0 5.5
vt 9.0 5.0
vt 9.5 5.5
vt 9.5 5.0
vt 9.0 6.0
vt 9.0 5.5
vt 9.5 6.0
vt 9.5 5.5
vt 9.0 6.5
vt 9.0 6.0
vt 9.5 6.5
vt 9.5 6.0
vt 9.0 7.0
vt 9.0 6.5
vt 9.5 7.0
vt 9.5 6.5
vt 9.0 7.5
vt 9.0 7.0
vt 9.5 7.5
vt 9.5 7.0
vt 9.0 8.0
vt 9.0 7.5
vt 9.5 8.0
vt 9.5 7.5
vt 9.5 8.5
vt 9.0 8.0
vt 9.0 8.5
vt 9.5 8.0
vt 9.0 9.0
vt 9.5 8.5
vt 9.5 9.0
vt 9.0 8.5
vt 9.5 9.5
vt 9.0 9.0
vt 9.0 9.5
vt 9.5 9.0
vt 9.0 10.0
vt 9.5 9.5
vt 9.5 10.0
vt 9.0 9.5
vt 9.5 10.5
vt 9.0 10.0
vt 9.0 10.5
vt 9.5 10.0
vt 0.013672 -0.484375
vt 0.486328 -0.484375
vt 0.486328 -0.013672
vt 0.013672 -0.013672
vt 0.992188 -0.005859
vt 0.755859 -0.005859
vt 0.755859 -0.244141
vt 0.992188 -0.244141
vt 10.5 5.0
vt 9.5 5.0
vt 9.5 4.5
vt 10.5 4.5
vt 0.743164 -0.508789
vt 0.506836 -0.508789
vt 0.506836 -0.741211
vt 0.743164 -0.741211
vt 10.0 6.0
vt 10.0 5.5
vt 9.5 6.0
vt 9.5 5.5
vt 10.0 6.5
vt 10.0 6.0
vt 9.5 6.5
vt 9.5 6.0
vt 10.0 7.0
vt 10.0 6.5
vt 9.5 7.0
vt 9.5 6.5
vt 10.0 7.5
vt 10.0 7.0
vt 9.5 7.5
vt 9.5 7.0
vt 10.0 8.0
vt 10.0 7.5
vt 9.5 8.0
vt 9.5 7.5
vt 9.5 8.5
vt 10.0 8.0
vt 10.0 8.5
vt 9.5 8.0
vt 10.0 9.0
vt 9.5 8.5
vt 9.5 9.0
vt 10.0 8.5
vt 9.5 9.5
vt 10.0 9.0
vt 10.0 9.5
vt 9.5 9.0
vt 10.0 10.0
vt 9.5 9.5
vt 9.5 10.0
vt 10.0 9.5
vt 0.013672 -0.484375
vt 0.486328 -0.484375
vt 0.486328 -0.013672
vt 0.013672 -0.013672
vt 0.992188 -0.005859
vt 0.755859 -0.005859
vt 0.755859 -0.244141
vt 0.992188 -0.244141
vt 10.5 11.5
vt 9.5 11.5
vt 9.5 11.0
vt 10.5 11.0
vt 11.0 5.5
vt 10.0 5.5
vt 10.0 5.0
vt 11.0 5.0
vt 0.743164 -0.508789
vt 0.506836 -0.508789
vt 0.506836 -0.741211
vt 0.743164 -0.741211
vt 10.0 6.5
vt 10.0 6.0
vt 10.5 6.5
vt 10.5 6.0
vt 10.0 7.0
vt 10.0 6.5
vt 10.5 7.0
vt 10.5 6.5
vt 10.0 7.5
vt 10.0 7.0
vt 10.5 7.5
vt 10.5 7.0
vt 10.0 8.0
vt 10.0 7.5
vt 10.5 8.0
vt 10.5 7.5
vt 10.5 8.5
vt 10.0 8.0
vt 10.0 8.5
vt 10.5 8.0
vt 10.0 9.0
vt 10.5 8.5
vt 10.5 9.0
vt 10.0 8.5
vt 10.5 9.5
vt 10.0 9.0
vt 10.0 9.5
vt 10.5 9.0
vt 0.013672 -0.484375
vt 0.486328 -0.484375
vt 0.486328 -0.013672
vt 0.013672 -0.013672
vt 0.992188 -0.005859
vt 0.755859 -0.005859
vt 0.755859 -0.244141
vt 0.992188 -0.244141
vt 11.0 11.0
vt 10.0 11.0
vt 10.0 10.5
vt 11.0 10.5
vt 11.5 6.0
vt 10.5 6.0
vt 10.5 5.5
vt 11.5 5.5
vt 0.743164 -0.508789
vt 0.506836 -0.508789
vt 0.506836 -0.741211
vt 0.743164 -0.741211
vt 11.0 7.0
vt 11.0 6.5
vt 10.5 7.0
vt 10.5 6.5
vt 11.0 7.5
vt 11.0 7.0
vt 10.5 7.5
vt 10.5 7.0
vt 11.0 8.0
vt 11.0 7.5
vt 10.5 8.0
vt 10.5 7.5
vt 10.5 8.5
vt 11.0 8.0
vt 11.0 8.5
vt 10.5 8.0
vt 11.0 9.0
vt 10.5 8.5
vt 10.5 9.0
vt 11.0 8.5
vt 0.013672 -0.484375
vt 0.486328 -0.484375
vt 0.486328 -0.013672
vt 0.013672 -0.013672
vt 0.992188 -0.005859
vt 0.755859 -0.005859
vt 0.755859 -0.244141
vt 0.992188 -0.244141
vt 11.5 10.5
vt 10.5 10.5
vt 10.5 10.0
vt 11.5 10.0
vt 12.0 6.5
vt 11.0 6.5
vt 11.0 6.0
vt 12.0 6.0
vt 0.978906 2.5
vt 0.53125 2.5
vt 0.53125 0.0
vt 0.978906 0.0
vt 0.992188 -0.005859
vt 0.755859 -0.005859
vt 0.755859 -0.244141
vt 0.992188 -0.244141
vt 12.0 10.0
vt 11.0 10.0
vt 11.0 9.5
vt 12.0 9.5
vt 11.5 9.5
vt 12.0 6.5
vt 12.0 9.5
vt 11.5 6.5
vn -0.0 -0.0 1.0
vn -0.0 -0.6953 0.7187
vn -1.0 0.0 0.0
vn 0.0 0.0 1.0
vn -0.0 -1.0 0.0
vn 0.0 1.0 0.0
vn 1.0 -0.0 0.0
vn -0.0 -0.0 1.0
vn -0.0 -0.0 1.0
vn -0.0 -0.0 1.0
vn -0.0 -0.0 1.0
vn -0.0 -0.0 1.0
vn -0.0 -0.0 1.0
vn -0.0 -0.0 1.0
vn -0.0 -0.0 1.0
vn -0.0 -0.0 1.0
vn -0.0 -0.0 1.0
vn -0.0 -0.0 1.0
vn 0.6953 -0.0 0.7187
vn -0.0 -1.0 0.0
vn -0.0 0.0 1.0
vn 1.0 -0.0 0.0
vn -1.0 0.0 0.0
vn 0.0 1.0 0.0
vn -0.0 -0.0 1.0
vn -0.6953 0.0 0.7187
vn 0.0 1.0 0.0
vn 0.0 -0.0 1.0
vn -1.0 0.0 0.0
vn 1.0 -0.0 0.0
vn -0.0 -1.0 0.0
vn -0.0 -0.0 1.0
vn -0.0 -0.0 1.0
vn -0.0 -0.0 1.0
vn -0.0 -0.0 1.0
vn -0.0 -0.0 1.0
vn -0.0 -0.0 1.0
vn -0.0 -0.0 1.0
vn -0.0 -0.0 1.0
vn -0.0 -0.0 1.0
vn -0.0 -0.0 1.0
vn 0.0 0.6953 0.7187
vn 1.0 -0.0 0.0
vn -0.0 -0.0 1.0
vn 0.0 1.0 0.0
vn -0.0 -1.0 0.0
vn -1.0 0.0 0.0
vn -0.0 -0.0 1.0
vn -0.0 -0.0 1.0
vn -0.0 -0.6953 0.7187
vn -1.0 0.0 0.0
vn 0.0 0.0 1.0
vn -0.0 -1.0 0.0
vn 0.0 1.0 0.0
vn 1.0 -0.0 0.0
vn -0.0 -0.0 1.0
vn -0.0 -0.0 1.0
vn -0.0 -0.0 1.0
vn -0.0 -0.0 1.0
vn -0.0 -0.0 1.0
vn -0.0 -0.0 1.0
vn -0.0 -0.0 1.0
vn -0.0 -0.0 1.0
vn -0.0 -0.0 1.0
vn -0.0 -0.0 1.0
vn -0.0 -0.0 1.0
vn 0.6953 -0.0 0.7187
vn -0.0 -1.0 0.0
vn -0.0 0.0 1.0
vn 1.0 -0.0 0.0
vn -1.0 0.0 0.0
vn 0.0 1.0 0.0
vn -0.0 -0.0 1.0
vn -0.6953 0.0 0.7187
vn 0.0 1.0 0.0
vn 0.0 -0.0 1.0
vn -1.0 0.0 0.0
vn 1.0 -0.0 0.0
vn -0.0 -1.0 0.0
vn -0.0 -0.0 1.0
vn -0.0 -0.0 1.0
vn -0.0 -0.0 1.0
vn -0.0 -0.0 1.0
vn -0.0 -0.0 1.0
vn -0.0 -0.0 1.0
vn -0.0 -0.0 1.0
vn -0.0 -0.0 1.0
vn -0.0 -0.0 1.0
vn -0.0 -0.0 1.0
vn 0.0 0.6953 0.7187
vn 1.0 -0.0 0.0
vn -0.0 -0.0 1.0
vn 0.0 1.0 0.0
vn -0.0 -1.0 0.0
vn -1.0 0.0 0.0
vn -0.0 -0.0 1.0
vn -0.0 -0.0 1.0
vn -0.0 -0.6953 0.7187
vn -1.0 0.0 0.0
vn 0.0 0.0 1.0
vn -0.0 -1.0 0.0
vn 0.0 1.0 0.0
vn 1.0 -0.0 0.0
vn -0.0 -0.0 1.0
vn -0.0 -0.0 1.0
vn -0.0 -0.0 1.0
vn -0.0 -0.0 1.0
vn -0.0 -0.0 1.0
vn -0.0 -0.0 1.0
vn -0.0 -0.0 1.0
vn -0.0 -0.0 1.0
vn -0.0 -0.0 1.0
vn -0.0 -0.0 1.0
vn -0.0 -0.0 1.0
vn 0.6953 -0.0 0.7187
vn -0.0 -1.0 0.0
vn -0.0 0.0 1.0
vn 1.0 -0.0 0.0
vn -1.0 0.0 0.0
vn 0.0 1.0 0.0
vn -0.0 -0.0 1.0
vn -0.6953 0.0 0.7187
vn 0.0 1.0 0.0
vn 0.0 -0.0 1.0
vn -1.0 0.0 0.0
vn 1.0 -0.0 0.0
vn -0.0 -1.0 0.0
vn -0.0 -0.0 1.0
vn -0.0 -0.0 1.0
vn -0.0 -0.0 1.0
vn -0.0 -0.0 1.0
vn -0.0 -0.0 1.0
vn -0.0 -0.0 1.0
vn -0.0 -0.0 1.0
vn -0.0 -0.0 1.0
vn -0.0 -0.0 1.0
vn -0.0 -0.0 1.0
vn 0.0 0.6953 0.7187
vn 1.0 -0.0 0.0
vn -0.0 -0.0 1.0
vn 0.0 1.0 0.0
vn -0.0 -1.0 0.0
vn -1.0 0.0 0.0
vn -0.0 -0.0 1.0
vn -0.0 -0.0 1.0
vn -0.0 -0.6953 0.7187
vn -1.0 0.0 0.0
vn 0.0 0.0 1.0
vn -0.0 -1.0 0.0
vn 0.0 1.0 0.0
vn 1.0 -0.0 0.0
vn -0.0 -0.0 1.0
vn -0.0 -0.0 1.0
vn -0.0 -0.0 1.0
vn -0.0 -0.0 1.0
vn -0.0 -0.0 1.0
vn -0.0 -0.0 1.0
vn -0.0 -0.0 1.0
vn -0.0 -0.0 1.0
vn -0.0 -0.0 1.0
vn -0.0 -0.0 1.0
vn -0.0 -0.0 1.0
vn 0.6953 -0.0 0.7187
vn -0.0 -1.0 0.0
vn -0.0 0.0 1.0
vn 1.0 -0.0 0.0
vn -1.0 0.0 0.0
vn 0.0 1.0 0.0
vn -0.0 -0.0 1.0
vn -0.6953 0.0 0.7187
vn 0.0 1.0 0.0
vn 0.0 -0.0 1.0
vn -1.0 0.0 0.0
vn 1.0 -0.0 0.0
vn -0.0 -1.0 0.0
vn -0.0 -0.0 1.0
vn -0.0 -0.0 1.0
vn -0.0 -0.0 1.0
vn -0.0 -0.0 1.0
vn -0.0 -0.0 1.0
vn -0.0 -0.0 1.0
vn -0.0 -0.0 1.0
vn -0.0 -0.0 1.0
vn -0.0 -0.0 1.0
vn -0.0 -0.0 1.0
vn 0.0 0.6953 0.7187
vn 1.0 -0.0 0.0
vn -0.0 -0.0 1.0
vn 0.0 1.0 0.0
vn -0.0 -1.0 0.0
vn -1.0 0.0 0.0
vn -0.0 -0.0 1.0
vn -0.0 -0.0 1.0
vn -0.0 -0.0 1.0
vn 0.0 -0.0 1.0
vn 0.0 -0.0 1.0
vn -0.0 -0.0 1.0
vn -0.0 -0.0 1.0
vn 0.0 -0.0 1.0
vn 0.0 -0.0 1.0
vn 0.0 -0.0 1.0
vn 0.0 -0.0 1.0
vn 0.0 -0.0 1.0
vn 0.0 -0.0 1.0
vn 0.0 -0.0 1.0
vn 0.0 -0.0 1.0
vn -0.0 -0.0 1.0
vn -0.0 -0.0 1.0
vn 0.0 -0.0 1.0
vn 0.0 -0.0 1.0
vn 0.0 -0.0 1.0
vn 0.0 -0.0 1.0
vn 0.0 -0.0 1.0
vn 0.0 -0.0 1.0
vn 0.0 -0.0 1.0
vn 0.0 -0.0 1.0
vn 0.0 -0.0 1.0
vn 0.0 -0.0 1.0
vn -0.0 -0.0 1.0
vn -0.0 -0.0 1.0
vn -0.0 -0.0 1.0
vn 0.0 -0.0 1.0
vn 0.0 -0.0 1.0
vn 0.0 -0.0 1.0
vn 0.0 -0.0 1.0
vn 0.0 -0.0 1.0
vn 0.0 -0.0 1.0
vn 0.0 -0.0 1.0
vn 0.0 -0.0 1.0
vn 0.0 -0.0 1.0
vn 0.0 -0.0 1.0
vn 0.0 -0.0 1.0
vn 0.0 -0.0 1.0
vn -0.0 -0.0 1.0
vn 0.0 -0.0 1.0
vn 0.0 -0.0 1.0
vn 0.0 -0.0 1.0
vn 0.0 -0.0 1.0
vn 0.0 -0.0 1.0
vn 0.0 -0.0 1.0
vn 0.0 -0.0 1.0
vn 0.0 -0.0 1.0
vn 0.0 -0.0 1.0
vn 0.0 -0.0 1.0
vn 0.0 -0.0 1.0
vn 0.0 -0.0 1.0
vn 0.0 -0.0 1.0
vn 0.0 -0.0 1.0
vn -0.0 -0.0 1.0
vn 0.0 -0.0 1.0
vn 0.0 -0.0 1.0
vn 0.0 -0.0 1.0
vn 0.0 -0.0 1.0
vn 0.0 -0.0 1.0
vn 0.0 -0.0 1.0
vn 0.0 -0.0 1.0
vn 0.0 -0.0 1.0
vn 0.0 -0.0 1.0
vn 0.0 -0.0 1.0
vn 0.0 -0.0 1.0
vn 0.0 -0.0 1.0
vn 0.0 -0.0 1.0
vn 0.0 -0.0 1.0
vn 0.0 -0.0 1.0
vn 0.0 -0.0 1.0
vn 0.0 -0.0 1.0
vn 0.0 -0.0 1.0
vn 0.0 -0.0 1.0
vn 0.0 -0.0 1.0
vn 0.0 -0.0 1.0
vn 0.0 -0.0 1.0
vn 0.0 -0.0 1.0
vn 0.0 -0.0 1.0
vn 0.0 -0.0 1.0
vn 0.0 -0.0 1.0
vn 0.0 -0.0 1.0
vn 0.0 -0.0 1.0
vn 0.0 -0.0 1.0
vn 0.0 -0.0 1.0
vn 0.0 -0.0 1.0
vn 0.0 -0.0 1.0
vn 0.0 -0.0 1.0
vn 0.0 -0.0 1.0
vn 0.0 -0.0 1.0
vn 0.0 -0.0 1.0
vn 0.0 -0.0 1.0
vn 0.0 -0.0 1.0
vn 0.0 -0.0 1.0
vn 0.0 -0.0 1.0
vn 0.0 -0.0 1.0
vn 0.0 -0.0 1.0
vn 0.0 -0.0 1.0
vn 0.0 -0.0 1.0
vn 0.0 -0.0 1.0
vn 0.0 -0.0 1.0
vn 0.0 -0.0 1.0
vn 0.0 -0.0 1.0
vn 0.0 -0.0 1.0
vn 0.0 -0.0 1.0
vn 0.0 -0.0 1.0
vn 0.0 -0.0 1.0
vn 0.0 -0.0 1.0
vn 0.0 -0.0 1.0
vn 0.0 -0.0 1.0
vn 0.0 -0.0 1.0
vn 0.0 -0.0 1.0
vn 0.0 -0.0 1.0
vn 0.0 -0.0 1.0
vn 0.0 -0.0 1.0
vn 0.0 -0.0 1.0
vn 0.0 -0.0 1.0
vn 0.0 -0.0 1.0
vn 0.0 -0.0 1.0
vn -0.0 -0.0 1.0
vn 0.0 -0.0 1.0
vn 0.0 -0.0 1.0
vn 0.0 -0.0 1.0
vn 0.0 -0.0 1.0
vn 0.0 -0.0 1.0
vn 0.0 -0.0 1.0
vn 0.0 -0.0 1.0
vn 0.0 -0.0 1.0
vn 0.0 -0.0 1.0
vn 0.0 -0.0 1.0
vn 0.0 -0.0 1.0
vn 0.0 -0.0 1.0
vn -0.0 -0.0 1.0
vn -0.0 -0.0 1.0
vn 0.0 -0.0 1.0
vn 0.0 -0.0 1.0
vn 0.0 -0.0 1.0
vn 0.0 -0.0 1.0
vn 0.0 -0.0 1.0
vn 0.0 -0.0 1.0
vn 0.0 -0.0 1.0
vn 0.0 -0.0 1.0
vn 0.0 -0.0 1.0
vn 0.0 -0.0 1.0
vn -0.0 -0.0 1.0
vn -0.0 -0.0 1.0
vn 0.0 -0.0 1.0
vn 0.0 -0.0 1.0
vn 0.0 -0.0 1.0
vn 0.0 -0.0 1.0
vn 0.0 -0.0 1.0
vn 0.0 -0.0 1.0
vn 0.0 -0.0 1.0
vn 0.0 -0.0 1.0
vn -0.0 -0.0 1.0
vn -0.0 -0.0 1.0
vn 0.0 -0.0 1.0
vn 0.0 -0.0 1.0
vn -0.0 -0.0 1.0
vn -0.0 -0.0 1.0
c 1.0 1.0 1.0
c 1.0 1.0 1.0
c 1.0 1.0 1.0
c 1.0 1.0 1.0
c 1.0 1.0 1.0
c 1.0 1.0 1.0
c 1.0 1.0 1.0
c 1.0 1.0 1.0
c 1.0 1.0 1.0
c 1.0 1.0 1.0
c 1.0 1.0 1.0
c 1.0 1.0 1.0
c 1.0 1.0 1.0
c 1.0 1.0 1.0
c 1.0 1.0 1.0
c 1.0 1.0 1.0
c 1.0 1.0 1.0
c 1.0 1.0 1.0
c 1.0 1.0 1.0
c 1.0 1.0 1.0
c 1.0 1.0 1.0
c 1.0 1.0 1.0
c 1.0 1.0 1.0
c 1.0 1.0 1.0
c 1.0 1.0 1.0
c 1.0 1.0 1.0
c 1.0 1.0 1.0
c 1.0 1.0 1.0
c 1.0 1.0 1.0
c 1.0 1.0 1.0
c 1.0 1.0 1.0
c 1.0 1.0 1.0
c 1.0 1.0 1.0
c 1.0 1.0 1.0
c 1.0 1.0 1.0
c 1.0 1.0 1.0
c 1.0 1.0 1.0
c 1.0 1.0 1.0
c 1.0 1.0 1.0
c 1.0 1.0 1.0
c 1.0 1.0 1.0
c 1.0 1.0 1.0
c 1.0 1.0 1.0
c 1.0 1.0 1.0
c 1.0 1.0 1.0
c 1.0 1.0 1.0
c 1.0 1.0 1.0
c 1.0 1.0 1.0
c 1.0 1.0 1.0
c 1.0 1.0 1.0
c 1.0 1.0 1.0
c 1.0 1.0 1.0
c 1.0 1.0 1.0
c 1.0 1.0 1.0
c 1.0 1.0 1.0
c 1.0 1.0 1.0
c 1.0 1.0 1.0
c 1.0 1.0 1.0
c 1.0 1.0 1.0
c 1.0 1.0 1.0
c 1.0 1.0 1.0
c 1.0 1.0 1.0
c 1.0 1.0 1.0
c 1.0 1.0 1.0
c 1.0 1.0 1.0
c 1.0 1.0 1.0
c 1.0 1.0 1.0
c 1.0 1.0 1.0
c 1.0 1.0 1.0
c 1.0 1.0 1.0
c 1.0 1.0 1.0
c 1.0 1.0 1.0
c 1.0 1.0 1.0
c 1.0 1.0 1.0
c 1.0 1.0 1.0
c 1.0 1.0 1.0
c 1.0 1.0 1.0
c 1.0 1.0 1.0
c 1.0 1.0 1.0
c 1.0 1.0 1.0
c 1.0 1.0 1.0
c 1.0 1.0 1.0
c 1.0 1.0 1.0
c 1.0 1.0 1.0
c 1.0 1.0 1.0
c 1.0 1.0 1.0
c 1.0 1.0 1.0
c 1.0 1.0 1.0
c 1.0 1.0 1.0
c 1.0 1.0 1.0
c 1.0 1.0 1.0
c 1.0 1.0 1.0
c 1.0 1.0 1.0
c 1.0 1.0 1.0
c 1.0 1.0 1.0
c 1.0 1.0 1.0
c 1.0 1.0 1.0
c 1.0 1.0 1.0
c 1.0 1.0 1.0
c 1.0 1.0 1.0
c 1.0 1.0 1.0
c 1.0 1.0 1.0
c 1.0 1.0 1.0
c 1.0 1.0 1.0
c 1.0 1.0 1.0
c 1.0 1.0 1.0
c 1.0 1.0 1.0
c 1.0 1.0 1.0
c 1.0 1.0 1.0
c 1.0 1.0 1.0
c 1.0 1.0 1.0
c 1.0 1.0 1.0
c 1.0 1.0 1.0
c 1.0 1.0 1.0
c 1.0 1.0 1.0
c 1.0 1.0 1.0
c 1.0 1.0 1.0
c 1.0 1.0 1.0
c 1.0 1.0 1.0
c 1.0 1.0 1.0
c 1.0 1.0 1.0
c 1.0 1.0 1.0
c 1.0 1.0 1.0
c 1.0 1.0 1.0
c 1.0 1.0 1.0
c 1.0 1.0 1.0
c 1.0 1.0 1.0
c 1.0 1.0 1.0
c 1.0 1.0 1.0
c 1.0 1.0 1.0
c 1.0 1.0 1.0
c 1.0 1.0 1.0
c 1.0 1.0 1.0
c 1.0 1.0 1.0
c 1.0 1.0 1.0
c 1.0 1.0 1.0
c 1.0 1.0 1.0
c 1.0 1.0 1.0
c 1.0 1.0 1.0
c 1.0 1.0 1.0
c 1.0 1.0 1.0
c 1.0 1.0 1.0
c 1.0 1.0 1.0
c 1.0 1.0 1.0
c 1.0 1.0 1.0
c 1.0 1.0 1.0
c 1.0 1.0 1.0
c 1.0 1.0 1.0
c 1.0 1.0 1.0
c 1.0 1.0 1.0
c 1.0 1.0 1.0
c 1.0 1.0 1.0
c 1.0 1.0 1.0
c 1.0 1.0 1.0
c 1.0 1.0 1.0
c 1.0 1.0 1.0
c 1.0 1.0 1.0
c 1.0 1.0 1.0
c 1.0 1.0 1.0
c 1.0 1.0 1.0
c 1.0 1.0 1.0
c 1.0 1.0 1.0
c 1.0 1.0 1.0
c 1.0 1.0 1.0
c 1.0 1.0 1.0
c 1.0 1.0 1.0
c 1.0 1.0 1.0
c 1.0 1.0 1.0
c 1.0 1.0 1.0
c 1.0 1.0 1.0
c 1.0 1.0 1.0
c 1.0 1.0 1.0
c 1.0 1.0 1.0
c 1.0 1.0 1.0
c 1.0 1.0 1.0
c 1.0 1.0 1.0
c 1.0 1.0 1.0
c 1.0 1.0 1.0
c 1.0 1.0 1.0
c 1.0 1.0 1.0
c 1.0 1.0 1.0
c 1.0 1.0 1.0
c 1.0 1.0 1.0
c 1.0 1.0 1.0
c 1.0 1.0 1.0
c 1.0 1.0 1.0
c 1.0 1.0 1.0
c 1.0 1.0 1.0
c 1.0 1.0 1.0
c 1.0 1.0 1.0
c 1.0 1.0 1.0
c 1.0 1.0 1.0
c 1.0 1.0 1.0
c 1.0 1.0 1.0
c 1.0 1.0 1.0
c 1.0 1.0 1.0
c 1.0 1.0 1.0
c 1.0 1.0 1.0
c 1.0 1.0 1.0
c 1.0 1.0 1.0
c 1.0 1.0 1.0
c 1.0 1.0 1.0
c 1.0 1.0 1.0
c 1.0 1.0 1.0
c 1.0 1.0 1.0
c 1.0 1.0 1.0
c 1.0 1.0 1.0
c 1.0 1.0 1.0
c 1.0 1.0 1.0
c 1.0 1.0 1.0
c 1.0 1.0 1.0
c 1.0 1.0 1.0
c 1.0 1.0 1.0
c 1.0 1.0 1.0
c 1.0 1.0 1.0
c 1.0 1.0 1.0
c 1.0 1.0 1.0
c 1.0 1.0 1.0
c 1.0 1.0 1.0
c 1.0 1.0 1.0
c 1.0 1.0 1.0
c 1.0 1.0 1.0
c 1.0 1.0 1.0
c 1.0 1.0 1.0
c 1.0 1.0 1.0
c 1.0 1.0 1.0
c 1.0 1.0 1.0
c 1.0 1.0 1.0
c 1.0 1.0 1.0
c 1.0 1.0 1.0
c 1.0 1.0 1.0
c 1.0 1.0 1.0
c 1.0 1.0 1.0
c 1.0 1.0 1.0
c 1.0 1.0 1.0
c 1.0 1.0 1.0
c 1.0 1.0 1.0
c 1.0 1.0 1.0
c 1.0 1.0 1.0
c 1.0 1.0 1.0
c 1.0 1.0 1.0
c 1.0 1.0 1.0
c 1.0 1.0 1.0
c 1.0 1.0 1.0
c 1.0 1.0 1.0
c 1.0 1.0 1.0
c 1.0 1.0 1.0
c 1.0 1.0 1.0
c 1.0 1.0 1.0
c 1.0 1.0 1.0
c 1.0 1.0 1.0
c 1.0 1.0 1.0
c 1.0 1.0 1.0
c 1.0 1.0 1.0
c 1.0 1.0 1.0
c 1.0 1.0 1.0
c 1.0 1.0 1.0
c 1.0 1.0 1.0
c 1.0 1.0 1.0
c 1.0 1.0 1.0
c 1.0 1.0 1.0
c 1.0 1.0 1.0
c 1.0 1.0 1.0
c 1.0 1.0 1.0
c 1.0 1.0 1.0
c 1.0 1.0 1.0
c 1.0 1.0 1.0
c 1.0 1.0 1.0
c 1.0 1.0 1.0
c 1.0 1.0 1.0
c 1.0 1.0 1.0
c 1.0 1.0 1.0
c 1.0 1.0 1.0
c 1.0 1.0 1.0
usemtl beach01
s off
f 1505/1505/193/113 1506/1506/193/113 1507/1507/193/113 1508/1508/193/113
f 1509/1509/194/114 1510/1510/194/114 1511/1511/194/114 1512/1512/194/114
f 1521/1521/197/117 1522/1522/197/117 1523/1523/197/117 1524/1524/197/117
f 1525/1525/198/118 1526/1526/198/118 1527/1527/198/118 1528/1528/198/118
f 1561/1561/207/127 1562/1562/207/127 1563/1563/207/127 1564/1564/207/127
f 1565/1565/208/128 1566/1566/208/128 1567/1567/208/128 1568/1568/208/128
f 1609/1609/219/139 1610/1610/219/139 1611/1611/219/139 1612/1612/219/139
f 1613/1613/220/140 1614/1614/220/140 1615/1615/220/140 1616/1616/220/140
f 1617/1617/221/141 1618/1618/221/141 1619/1619/221/141 1620/1620/221/141
f 1669/1669/234/154 1670/1670/234/154 1671/1671/234/154 1672/1672/234/154
f 1729/1729/249/169 1730/1730/249/169 1731/1731/249/169 1732/1732/249/169
f 1989/1989/314/234 1990/1990/314/234 1991/1991/314/234 1992/1992/314/234
f 2041/2041/327/247 2042/2042/327/247 2043/2043/327/247 2044/2044/327/247
f 2045/2045/328/248 2046/2046/328/248 2047/2047/328/248 2048/2048/328/248
f 2089/2089/339/259 2090/2090/339/259 2091/2091/339/259 2092/2092/339/259
f 2093/2093/340/260 2094/2094/340/260 2095/2095/340/260 2096/2096/340/260
f 2129/2129/349/269 2130/2130/349/269 2131/2131/349/269 2132/2132/349/269
f 2133/2133/350/270 2134/2134/350/270 2135/2135/350/270 2136/2136/350/270
f 2145/2145/353/273 2146/2146/353/273 2147/2147/353/273 2148/2148/353/273
f 2149/2151/354/274 2150/2149/354/274 2151/2152/354/274 2152/2150/354/274
usemtl road01
s off
f 1/1/1/1 2/2/1/1 3/3/1/1 4/4/1/1
f 75/75/8/3 76/76/8/3 77/77/8/3 78/78/8/3
f 79/79/9/4 80/80/9/4 81/81/9/4 82/82/9/4
f 83/83/10/5 84/84/10/5 85/85/10/5 86/86/10/5
f 87/87/11/6 88/88/11/6 89/89/11/6 90/90/11/6
f 91/91/12/7 92/92/12/7 93/93/12/7 94/94/12/7
f 95/97/13/8 96/98/13/8 97/95/13/8 98/96/13/8
f 99/101/14/9 100/102/14/9 101/99/14/9 102/100/14/9
f 103/103/15/10 104/104/15/10 105/105/15/10 106/106/15/10
f 107/107/16/11 108/108/16/11 109/109/16/11 110/110/16/11
f 111/111/17/12 112/112/17/12 113/113/17/12 114/114/17/12
f 115/117/18/13 116/118/18/13 117/115/18/13 118/116/18/13
f 189/191/25/15 190/189/25/15 191/190/25/15 192/192/25/15
f 263/263/32/17 264/265/32/17 265/264/32/17 266/266/32/17
f 267/267/33/18 268/268/33/18 269/269/33/18 270/270/33/18
f 271/273/34/19 272/271/34/19 273/272/34/19 274/274/34/19
f 275/275/35/20 276/277/35/20 277/276/35/20 278/278/35/20
f 279/279/36/21 280/281/36/21 281/282/36/21 282/280/36/21
f 283/283/37/22 284/285/37/22 285/286/37/22 286/284/37/22
f 287/287/38/23 288/289/38/23 289/288/38/23 290/290/38/23
f 291/293/39/24 292/291/39/24 293/292/39/24 294/294/39/24
f 295/295/40/25 296/297/40/25 297/296/40/25 298/298/40/25
f 299/299/41/26 300/300/41/26 301/301/41/26 302/302/41/26
f 373/373/48/28 374/374/48/28 375/375/48/28 376/376/48/28
f 377/377/49/29 378/378/49/29 379/379/49/29 380/380/49/29
f 451/451/56/31 452/452/56/31 453/453/56/31 454/454/56/31
f 455/455/57/32 456/456/57/32 457/457/57/32 458/458/57/32
f 459/459/58/33 460/460/58/33 461/461/58/33 462/462/58/33
f 463/463/59/34 464/464/59/34 465/465/59/34 466/466/59/34
f 467/467/60/35 468/468/60/35 469/469/60/35 470/470/60/35
f 471/473/61/36 472/474/61/36 473/471/61/36 474/472/61/36
f 475/477/62/37 476/478/62/37 477/475/62/37 478/476/62/37
f 479/479/63/38 480/480/63/38 481/481/63/38 482/482/63/38
f 483/483/64/39 484/484/64/39 485/485/64/39 486/486/64/39
f 487/487/65/40 488/488/65/40 489/489/65/40 490/490/65/40
f 491/493/66/41 492/494/66/41 493/491/66/41 494/492/66/41
f 565/567/73/43 566/565/73/43 567/566/73/43 568/568/73/43
f 639/639/80/45 640/641/80/45 641/640/80/45 642/642/80/45
f 643/643/81/46 644/644/81/46 645/645/81/46 646/646/81/46
f 647/649/82/47 648/647/82/47 649/648/82/47 650/650/82/47
f 651/651/83/48 652/653/83/48 653/652/83/48 654/654/83/48
f 655/655/84/49 656/657/84/49 657/658/84/49 658/656/84/49
f 659/659/85/50 660/661/85/50 661/662/85/50 662/660/85/50
f 663/663/86/51 664/665/86/51 665/664/86/51 666/666/86/51
f 667/669/87/52 668/667/87/52 669/668/87/52 670/670/87/52
f 671/671/88/53 672/673/88/53 673/672/88/53 674/674/88/53
f 675/675/89/54 676/676/89/54 677/677/89/54 678/678/89/54
f 749/749/96/56 750/750/96/56 751/751/96/56 752/752/96/56
f 753/753/97/57 754/754/97/57 755/755/97/57 756/756/97/57
f 827/827/104/59 828/828/104/59 829/829/104/59 830/830/104/59
f 831/831/105/60 832/832/105/60 833/833/105/60 834/834/105/60
f 835/835/106/61 836/836/106/61 837/837/106/61 838/838/106/61
f 839/839/107/62 840/840/107/62 841/841/107/62 842/842/107/62
f 843/843/108/63 844/844/108/63 845/845/108/63 846/846/108/63
f 847/849/109/64 848/850/109/64 849/847/109/64 850/848/109/64
f 851/853/110/65 852/854/110/65 853/851/110/65 854/852/110/65
f 855/855/111/66 856/856/111/66 857/857/111/66 858/858/111/66
f 859/859/112/67 860/860/112/67 861/861/112/67 862/862/112/67
f 863/863/113/68 864/864/113/68 865/865/113/68 866/866/113/68
f 867/869/114/69 868/870/114/69 869/867/114/69 870/868/114/69
f 941/943/121/71 942/941/121/71 943/942/121/71 944/944/121/71
f 1015/1015/128/73 1016/1017/128/73 1017/1016/128/73 1018/1018/128/73
f 1019/1019/129/74 1020/1020/129/74 1021/1021/129/74 1022/1022/129/74
f 1023/1025/130/75 1024/1023/130/75 1025/1024/130/75 1026/1026/130/75
f 1027/1027/131/76 1028/1029/131/76 1029/1028/131/76 1030/1030/131/76
f 1031/1031/132/77 1032/1033/132/77 1033/1034/132/77 1034/1032/132/77
f 1035/1035/133/78 1036/1037/133/78 1037/1038/133/78 1038/1036/133/78
f 1039/1039/134/79 1040/1041/134/79 1041/1040/134/79 1042/1042/134/79
f 1043/1045/135/80 1044/1043/135/80 1045/1044/135/80 1046/1046/135/80
f 1047/1047/136/81 1048/1049/136/81 1049/1048/136/81 1050/1050/136/81
f 1051/1051/137/82 1052/1052/137/82 1053/1053/137/82 1054/1054/137/82
f 1125/1125/144/84 1126/1126/144/84 1127/1127/144/84 1128/1128/144/84
f 1129/1129/145/85 1130/1130/145/85 1131/1131/145/85 1132/1132/145/85
f 1203/1203/152/87 1204/1204/152/87 1205/1205/152/87 1206/1206/152/87
f 1207/1207/153/88 1208/1208/153/88 1209/1209/153/88 1210/1210/153/88
f 1211/1211/154/89 1212/1212/154/89 1213/1213/154/89 1214/1214/154/89
f 1215/1215/155/90 1216/1216/155/90 1217/1217/155/90 1218/1218/155/90
f 1219/1219/156/91 1220/1220/156/91 1221/1221/156/91 1222/1222/156/91
f 1223/1225/157/92 1224/1226/157/92 1225/1223/157/92 1226/1224/157/92
f 1227/1229/158/93 1228/1230/158/93 1229/1227/158/93 1230/1228/158/93
f 1231/1231/159/94 1232/1232/159/94 1233/1233/159/94 1234/1234/159/94
f 1235/1235/160/95 1236/1236/160/95 1237/1237/160/95 1238/1238/160/95
f 1239/1239/161/96 1240/1240/161/96 1241/1241/161/96 1242/1242/161/96
f 1243/1245/162/97 1244/1246/162/97 1245/1243/162/97 1246/1244/162/97
f 1317/1319/169/99 1318/1317/169/99 1319/1318/169/99 1320/1320/169/99
f 1391/1391/176/101 1392/1393/176/101 1393/1392/176/101 1394/1394/176/101
f 1395/1395/177/102 1396/1396/177/102 1397/1397/177/102 1398/1398/177/102
f 1399/1401/178/103 1400/1399/178/103 1401/1400/178/103 1402/1402/178/103
f 1403/1403/179/104 1404/1405/179/104 1405/1404/179/104 1406/1406/179/104
f 1407/1407/180/105 1408/1409/180/105 1409/1410/180/105 1410/1408/180/105
f 1411/1411/181/106 1412/1413/181/106 1413/1414/181/106 1414/1412/181/106
f 1415/1415/182/107 1416/1417/182/107 1417/1416/182/107 1418/1418/182/107
f 1419/1421/183/108 1420/1419/183/108 1421/1420/183/108 1422/1422/183/108
f 1423/1423/184/109 1424/1425/184/109 1425/1424/184/109 1426/1426/184/109
f 1427/1427/185/110 1428/1428/185/110 1429/1429/185/110 1430/1430/185/110
f 1501/1501/192/112 1502/1502/192/112 1503/1503/192/112 1504/1504/192/112
usemtl aa_roadkk_01
s off
f 1536/1533/200/120 1535/1534/200/120 1533/1535/200/120 1534/1536/200/120
f 1540/1537/201/121 1539/1538/201/121 1537/1539/201/121 1538/1540/201/121
f 1544/1541/202/122 1543/1542/202/122 1541/1543/202/122 1542/1544/202/122
f 1548/1547/203/123 1547/1548/203/123 1545/1545/203/123 1546/1546/203/123
f 1552/1549/204/124 1551/1550/204/124 1549/1551/204/124 1550/1552/204/124
f 1576/1573/210/130 1575/1574/210/130 1573/1575/210/130 1574/1576/210/130
f 1580/1577/211/131 1579/1578/211/131 1577/1579/211/131 1578/1580/211/131
f 1584/1581/212/132 1583/1582/212/132 1581/1583/212/132 1582/1584/212/132
f 1588/1585/213/133 1587/1586/213/133 1585/1587/213/133 1586/1588/213/133
f 1592/1591/214/134 1591/1592/214/134 1589/1589/214/134 1590/1590/214/134
f 1596/1593/215/135 1595/1594/215/135 1593/1595/215/135 1594/1596/215/135
f 1600/1599/216/136 1599/1600/216/136 1597/1597/216/136 1598/1598/216/136
f 1628/1625/223/143 1627/1626/223/143 1625/1627/223/143 1626/1628/223/143
f 1632/1629/224/144 1631/1630/224/144 1629/1631/224/144 1630/1632/224/144
f 1636/1633/225/145 1635/1634/225/145 1633/1635/225/145 1634/1636/225/145
f 1640/1637/226/146 1639/1638/226/146 1637/1639/226/146 1638/1640/226/146
f 1644/1641/227/147 1643/1642/227/147 1641/1643/227/147 1642/1644/227/147
f 1648/1647/228/148 1647/1648/228/148 1645/1645/228/148 1646/1646/228/148
f 1652/1649/229/149 1651/1650/229/149 1649/1651/229/149 1650/1652/229/149
f 1656/1655/230/150 1655/1656/230/150 1653/1653/230/150 1654/1654/230/150
f 1660/1657/231/151 1659/1658/231/151 1657/1659/231/151 1658/1660/231/151
f 1680/1677/236/156 1679/1678/236/156 1677/1679/236/156 1678/1680/236/156
f 1684/1681/237/157 1683/1682/237/157 1681/1683/237/157 1682/1684/237/157
f 1688/1685/238/158 1687/1686/238/158 1685/1687/238/158 1686/1688/238/158
f 1692/1689/239/159 1691/1690/239/159 1689/1691/239/159 1690/1692/239/159
f 1696/1693/240/160 1695/1694/240/160 1693/1695/240/160 1694/1696/240/160
f 1700/1697/241/161 1699/1698/241/161 1697/1699/241/161 1698/1700/241/161
f 1704/1703/242/162 1703/1704/242/162 1701/1701/242/162 1702/1702/242/162
f 1708/1705/243/163 1707/1706/243/163 1705/1707/243/163 1706/1708/243/163
f 1712/1711/244/164 1711/1712/244/164 1709/1709/244/164 1710/1710/244/164
f 1716/1713/245/165 1715/1714/245/165 1713/1715/245/165 1714/1716/245/165
f 1720/1719/246/166 1719/1720/246/166 1717/1717/246/166 1718/1718/246/166
f 1740/1737/251/171 1739/1738/251/171 1737/1739/251/171 1738/1740/251/171
f 1744/1741/252/172 1743/1742/252/172 1741/1743/252/172 1742/1744/252/172
f 1748/1745/253/173 1747/1746/253/173 1745/1747/253/173 1746/1748/253/173
f 1752/1749/254/174 1751/1750/254/174 1749/1751/254/174 1750/1752/254/174
f 1756/1753/255/175 1755/1754/255/175 1753/1755/255/175 1754/1756/255/175
f 1760/1757/256/176 1759/1758/256/176 1757/1759/256/176 1758/1760/256/176
f 1764/1763/257/177 1763/1764/257/177 1761/1761/257/177 1762/1762/257/177
f 1768/1765/258/178 1767/1766/258/178 1765/1767/258/178 1766/1768/258/178
f 1772/1771/259/179 1771/1772/259/179 1769/1769/259/179 1770/1770/259/179
f 1776/1773/260/180 1775/1774/260/180 1773/1775/260/180 1774/1776/260/180
f 1780/1779/261/181 1779/1780/261/181 1777/1777/261/181 1778/1778/261/181
f 1784/1781/262/182 1783/1782/262/182 1781/1783/262/182 1782/1784/262/182
f 1792/1789/264/184 1791/1790/264/184 1789/1791/264/184 1790/1792/264/184
f 1796/1793/265/185 1795/1794/265/185 1793/1795/265/185 1794/1796/265/185
f 1800/1797/266/186 1799/1798/266/186 1797/1799/266/186 1798/1800/266/186
f 1804/1801/267/187 1803/1802/267/187 1801/1803/267/187 1802/1804/267/187
f 1808/1805/268/188 1807/1806/268/188 1805/1807/268/188 1806/1808/268/188
f 1812/1809/269/189 1811/1810/269/189 1809/1811/269/189 1810/1812/269/189
f 1816/1815/270/190 1815/1816/270/190 1813/1813/270/190 1814/1814/270/190
f 1820/1817/271/191 1819/1818/271/191 1817/1819/271/191 1818/1820/271/191
f 1824/1823/272/192 1823/1824/272/192 1821/1821/272/192 1822/1822/272/192
f 1828/1825/273/193 1827/1826/273/193 1825/1827/273/193 1826/1828/273/193
f 1832/1831/274/194 1831/1832/274/194 1829/1829/274/194 1830/1830/274/194
f 1836/1833/275/195 1835/1834/275/195 1833/1835/275/195 1834/1836/275/195
f 1840/1839/276/196 1839/1837/276/196 1837/1838/276/196 1838/1840/276/196
f 1844/1843/277/197 1843/1841/277/197 1841/1842/277/197 1842/1844/277/197
f 1848/1847/278/198 1847/1845/278/198 1845/1846/278/198 1846/1848/278/198
f 1852/1851/279/199 1851/1849/279/199 1849/1850/279/199 1850/1852/279/199
f 1856/1855/280/200 1855/1853/280/200 1853/1854/280/200 1854/1856/280/200
f 1860/1859/281/201 1859/1857/281/201 1857/1858/281/201 1858/1860/281/201
f 1864/1861/282/202 1863/1863/282/202 1861/1862/282/202 1862/1864/282/202
f 1868/1867/283/203 1867/1865/283/203 1865/1868/283/203 1866/1866/283/203
f 1872/1869/284/204 1871/1871/284/204 1869/1870/284/204 1870/1872/284/204
f 1876/1875/285/205 1875/1873/285/205 1873/1876/285/205 1874/1874/285/205
f 1880/1877/286/206 1879/1879/286/206 1877/1878/286/206 1878/1880/286/206
f 1884/1883/287/207 1883/1881/287/207 1881/1884/287/207 1882/1882/287/207
f 1888/1885/288/208 1887/1887/288/208 1885/1888/288/208 1886/1886/288/208
f 1892/1889/289/209 1891/1891/289/209 1889/1892/289/209 1890/1890/289/209
f 1896/1893/290/210 1895/1895/290/210 1893/1896/290/210 1894/1894/290/210
f 1900/1897/291/211 1899/1899/291/211 1897/1900/291/211 1898/1898/291/211
f 1904/1901/292/212 1903/1903/292/212 1901/1904/292/212 1902/1902/292/212
f 1908/1905/293/213 1907/1907/293/213 1905/1908/293/213 1906/1906/293/213
f 1912/1911/294/214 1911/1909/294/214 1909/1912/294/214 1910/1910/294/214
f 1916/1913/295/215 1915/1915/295/215 1913/1914/295/215 1914/1916/295/215
f 1920/1919/296/216 1919/1917/296/216 1917/1920/296/216 1918/1918/296/216
f 1924/1921/297/217 1923/1923/297/217 1921/1922/297/217 1922/1924/297/217
f 1928/1927/298/218 1927/1925/298/218 1925/1928/298/218 1926/1926/298/218
f 1932/1929/299/219 1931/1931/299/219 1929/1930/299/219 1930/1932/299/219
f 1940/1939/301/221 1939/1937/301/221 1937/1938/301/221 1938/1940/301/221
f 1944/1943/302/222 1943/1941/302/222 1941/1942/302/222 1942/1944/302/222
f 1948/1947/303/223 1947/1945/303/223 1945/1946/303/223 1946/1948/303/223
f 1952/1951/304/224 1951/1949/304/224 1949/1950/304/224 1950/1952/304/224
f 1956/1955/305/225 1955/1953/305/225 1953/1954/305/225 1954/1956/305/225
f 1960/1959/306/226 1959/1957/306/226 1957/1958/306/226 1958/1960/306/226
f 1964/1961/307/227 1963/1963/307/227 1961/1962/307/227 1962/1964/307/227
f 1968/1967/308/228 1967/1965/308/228 1965/1968/308/228 1966/1966/308/228
f 1972/1969/309/229 1971/1971/309/229 1969/1970/309/229 1970/1972/309/229
f 1976/1975/310/230 1975/1973/310/230 1973/1976/310/230 1974/1974/310/230
f 1980/1977/311/231 1979/1979/311/231 1977/1978/311/231 1978/1980/311/231
f 2000/1997/316/236 1999/1999/316/236 1997/2000/316/236 1998/1998/316/236
f 2004/2001/317/237 2003/2003/317/237 2001/2004/317/237 2002/2002/317/237
f 2008/2005/318/238 2007/2007/318/238 2005/2008/318/238 2006/2006/318/238
f 2012/2009/319/239 2011/2011/319/239 2009/2012/319/239 2010/2010/319/239
f 2016/2013/320/240 2015/2015/320/240 2013/2016/320/240 2014/2014/320/240
f 2020/2019/321/241 2019/2017/321/241 2017/2020/321/241 2018/2018/321/241
f 2024/2021/322/242 2023/2023/322/242 2021/2022/322/242 2022/2024/322/242
f 2028/2027/323/243 2027/2025/323/243 2025/2028/323/243 2026/2026/323/243
f 2032/2029/324/244 2031/2031/324/244 2029/2030/324/244 2030/2032/324/244
f 2056/2055/330/250 2055/2053/330/250 2053/2054/330/250 2054/2056/330/250
f 2060/2059/331/251 2059/2057/331/251 2057/2058/331/251 2058/2060/331/251
f 2064/2063/332/252 2063/2061/332/252 2061/2062/332/252 2062/2064/332/252
f 2068/2067/333/253 2067/2065/333/253 2065/2066/333/253 2066/2068/333/253
f 2072/2069/334/254 2071/2071/334/254 2069/2070/334/254 2070/2072/334/254
f 2076/2075/335/255 2075/2073/335/255 2073/2076/335/255 2074/2074/335/255
f 2080/2077/336/256 2079/2079/336/256 2077/2078/336/256 2078/2080/336/256
f 2104/2101/342/262 2103/2103/342/262 2101/2104/342/262 2102/2102/342/262
f 2108/2105/343/263 2107/2107/343/263 2105/2108/343/263 2106/2106/343/263
f 2112/2109/344/264 2111/2111/344/264 2109/2112/344/264 2110/2110/344/264
f 2116/2115/345/265 2115/2113/345/265 2113/2116/345/265 2114/2114/345/265
f 2120/2117/346/266 2119/2119/346/266 2117/2118/346/266 2118/2120/346/266
usemtl roadkk_x2
s off
f 1735/1733/250/170 1734/1734/250/170 1733/1735/250/170 1736/1736/250/170
f 1787/1785/263/183 1786/1786/263/183 1785/1787/263/183 1788/1788/263/183
usemtl roadkk_ro
s off
f 1519/1517/196/116 1520/1518/196/116 1517/1519/196/116 1518/1520/196/116
f 1531/1529/199/119 1532/1530/199/119 1529/1531/199/119 1530/1532/199/119
f 1559/1557/206/126 1560/1558/206/126 1557/1559/206/126 1558/1560/206/126
f 1571/1569/209/129 1572/1570/209/129 1569/1571/209/129 1570/1572/209/129
f 1607/1605/218/138 1608/1606/218/138 1605/1607/218/138 1606/1608/218/138
f 1623/1621/222/142 1624/1622/222/142 1621/1623/222/142 1622/1624/222/142
f 1667/1665/233/153 1668/1666/233/153 1665/1667/233/153 1666/1668/233/153
f 1675/1673/235/155 1676/1674/235/155 1673/1675/235/155 1674/1676/235/155
f 1727/1725/248/168 1728/1726/248/168 1725/1727/248/168 1726/1728/248/168
f 1935/1933/300/220 1936/1934/300/220 1933/1935/300/220 1934/1936/300/220
f 1987/1985/313/233 1988/1986/313/233 1985/1987/313/233 1986/1988/313/233
f 1995/1993/315/235 1996/1994/315/235 1993/1995/315/235 1994/1996/315/235
f 2039/2037/326/246 2040/2038/326/246 2037/2039/326/246 2038/2040/326/246
f 2051/2049/329/249 2052/2050/329/249 2049/2051/329/249 2050/2052/329/249
f 2087/2085/338/258 2088/2086/338/258 2085/2087/338/258 2086/2088/338/258
f 2099/2097/341/261 2100/2098/341/261 2097/2099/341/261 2098/2100/341/261
f 2127/2125/348/268 2128/2126/348/268 2125/2127/348/268 2126/2128/348/268
f 2143/2141/352/272 2144/2142/352/272 2141/2143/352/272 2142/2144/352/272
usemtl roadkk_z2
s off
f 1515/1513/195/115 1516/1514/195/115 1513/1515/195/115 1514/1516/195/115
f 2139/2137/351/271 2140/2138/351/271 2137/2139/351/271 2138/2140/351/271
usemtl roadkk_ri2
s off
f 1553/1553/205/125 1554/1554/205/125 1555/1555/205/125
f 1555/1555/205/125 1556/1556/205/125 1553/1553/205/125
f 1601/1601/217/137 1602/1602/217/137 1603/1603/217/137
f 1603/1603/217/137 1604/1604/217/137 1601/1601/217/137
f 1661/1661/232/152 1662/1662/232/152 1663/1663/232/152
f 1663/1663/232/152 1664/1664/232/152 1661/1661/232/152
f 1721/1721/247/167 1722/1722/247/167 1723/1723/247/167
f 1723/1723/247/167 1724/1724/247/167 1721/1721/247/167
f 1981/1981/312/232 1982/1982/312/232 1983/1983/312/232
f 1983/1983/312/232 1984/1984/312/232 1981/1981/312/232
f 2033/2033/325/245 2034/2034/325/245 2035/2035/325/245
f 2035/2035/325/245 2036/2036/325/245 2033/2033/325/245
f 2081/2081/337/257 2082/2082/337/257 2083/2083/337/257
f 2083/2083/337/257 2084/2084/337/257 2081/2081/337/257
f 2121/2121/347/267 2122/2122/347/267 2123/2123/347/267
f 2123/2123/347/267 2124/2124/347/267 2121/2121/347/267
usemtl slope_slope
s off
f 19/5/2/2 20/6/2/2 17/7/2/2 18/8/2/2
f 14/9/3/2 16/10/3/2 15/11/3/2 13/12/3/2
f 55/13/4/2 56/14/4/2 53/15/4/2 54/16/4/2
f 39/17/5/2 40/18/5/2 37/19/5/2 38/20/5/2
f 59/21/2/2 60/22/2/2 57/23/2/2 58/24/2/2
f 35/33/5/2 36/34/5/2 33/35/5/2 34/36/5/2
f 8/37/7/2 10/38/7/2 9/39/7/2 7/40/7/2
f 67/41/2/2 68/42/2/2 65/43/2/2 66/44/2/2
f 43/49/2/2 44/50/2/2 41/51/2/2 42/52/2/2
f 6/53/7/2 8/37/7/2 7/40/7/2 5/54/7/2
f 51/55/4/2 52/56/4/2 49/57/4/2 50/58/4/2
f 12/63/3/2 14/9/3/2 13/12/3/2 11/64/3/2
f 23/71/2/2 24/72/2/2 21/73/2/2 22/74/2/2
f 133/119/19/14 134/120/19/14 131/121/19/14 132/122/19/14
f 128/123/20/14 130/124/20/14 129/125/20/14 127/126/20/14
f 169/127/21/14 170/128/21/14 167/129/21/14 168/130/21/14
f 153/131/22/14 154/132/22/14 151/133/22/14 152/134/22/14
f 173/135/19/14 174/136/19/14 171/137/19/14 172/138/19/14
f 149/147/22/14 150/148/22/14 147/149/22/14 148/150/22/14
f 122/151/24/14 124/152/24/14 123/153/24/14 121/154/24/14
f 181/155/19/14 182/156/19/14 179/157/19/14 180/158/19/14
f 157/163/19/14 158/164/19/14 155/165/19/14 156/166/19/14
f 120/167/24/14 122/151/24/14 121/154/24/14 119/168/24/14
f 165/169/21/14 166/170/21/14 163/171/21/14 164/172/21/14
f 126/177/20/14 128/123/20/14 127/126/20/14 125/178/20/14
f 137/185/19/14 138/186/19/14 135/187/19/14 136/188/19/14
f 207/193/26/16 208/194/26/16 205/195/26/16 206/196/26/16
f 202/197/27/16 204/198/27/16 203/199/27/16 201/200/27/16
f 243/201/28/16 244/202/28/16 241/203/28/16 242/204/28/16
f 227/205/29/16 228/206/29/16 225/207/29/16 226/208/29/16
f 247/209/26/16 248/210/26/16 245/211/26/16 246/212/26/16
f 223/221/29/16 224/222/29/16 221/223/29/16 222/224/29/16
f 196/225/31/16 198/226/31/16 197/227/31/16 195/228/31/16
f 255/229/26/16 256/230/26/16 253/231/26/16 254/232/26/16
f 231/237/26/16 232/238/26/16 229/239/26/16 230/240/26/16
f 194/241/31/16 196/225/31/16 195/228/31/16 193/242/31/16
f 239/243/28/16 240/244/28/16 237/245/28/16 238/246/28/16
f 200/251/27/16 202/197/27/16 201/200/27/16 199/252/27/16
f 211/259/26/16 212/260/26/16 209/261/26/16 210/262/26/16
f 317/303/42/27 318/304/42/27 315/305/42/27 316/306/42/27
f 312/307/43/27 314/308/43/27 313/309/43/27 311/310/43/27
f 353/311/44/27 354/312/44/27 351/313/44/27 352/314/44/27
f 337/315/45/27 338/316/45/27 335/317/45/27 336/318/45/27
f 357/319/42/27 358/320/42/27 355/321/42/27 356/322/42/27
f 333/331/45/27 334/332/45/27 331/333/45/27 332/334/45/27
f 306/335/47/27 308/336/47/27 307/337/47/27 305/338/47/27
f 365/339/42/27 366/340/42/27 363/341/42/27 364/342/42/27
f 341/347/42/27 342/348/42/27 339/349/42/27 340/350/42/27
f 304/351/47/27 306/335/47/27 305/338/47/27 303/352/47/27
f 349/353/44/27 350/354/44/27 347/355/44/27 348/356/44/27
f 310/361/43/27 312/307/43/27 311/310/43/27 309/362/43/27
f 321/369/42/27 322/370/42/27 319/371/42/27 320/372/42/27
f 395/381/50/30 396/382/50/30 393/383/50/30 394/384/50/30
f 390/385/51/30 392/386/51/30 391/387/51/30 389/388/51/30
f 431/389/52/30 432/390/52/30 429/391/52/30 430/392/52/30
f 415/393/53/30 416/394/53/30 413/395/53/30 414/396/53/30
f 435/397/50/30 436/398/50/30 433/399/50/30 434/400/50/30
f 411/409/53/30 412/410/53/30 409/411/53/30 410/412/53/30
f 384/413/55/30 386/414/55/30 385/415/55/30 383/416/55/30
f 443/417/50/30 444/418/50/30 441/419/50/30 442/420/50/30
f 419/425/50/30 420/426/50/30 417/427/50/30 418/428/50/30
f 382/429/55/30 384/413/55/30 383/416/55/30 381/430/55/30
f 427/431/52/30 428/432/52/30 425/433/52/30 426/434/52/30
f 388/439/51/30 390/385/51/30 389/388/51/30 387/440/51/30
f 399/447/50/30 400/448/50/30 397/449/50/30 398/450/50/30
f 509/495/67/42 510/496/67/42 507/497/67/42 508/498/67/42
f 504/499/68/42 506/500/68/42 505/501/68/42 503/502/68/42
f 545/503/69/42 546/504/69/42 543/505/69/42 544/506/69/42
f 529/507/70/42 530/508/70/42 527/509/70/42 528/510/70/42
f 549/511/67/42 550/512/67/42 547/513/67/42 548/514/67/42
f 525/523/70/42 526/524/70/42 523/525/70/42 524/526/70/42
f 498/527/72/42 500/528/72/42 499/529/72/42 497/530/72/42
f 557/531/67/42 558/532/67/42 555/533/67/42 556/534/67/42
f 533/539/67/42 534/540/67/42 531/541/67/42 532/542/67/42
f 496/543/72/42 498/527/72/42 497/530/72/42 495/544/72/42
f 541/545/69/42 542/546/69/42 539/547/69/42 540/548/69/42
f 502/553/68/42 504/499/68/42 503/502/68/42 501/554/68/42
f 513/561/67/42 514/562/67/42 511/563/67/42 512/564/67/42
f 583/569/74/44 584/570/74/44 581/571/74/44 582/572/74/44
f 578/573/75/44 580/574/75/44 579/575/75/44 577/576/75/44
f 619/577/76/44 620/578/76/44 617/579/76/44 618/580/76/44
f 603/581/77/44 604/582/77/44 601/583/77/44 602/584/77/44
f 623/585/74/44 624/586/74/44 621/587/74/44 622/588/74/44
f 599/597/77/44 600/598/77/44 597/599/77/44 598/600/77/44
f 572/601/79/44 574/602/79/44 573/603/79/44 571/604/79/44
f 631/605/74/44 632/606/74/44 629/607/74/44 630/608/74/44
f 607/613/74/44 608/614/74/44 605/615/74/44 606/616/74/44
f 570/617/79/44 572/601/79/44 571/604/79/44 569/618/79/44
f 615/619/76/44 616/620/76/44 613/621/76/44 614/622/76/44
f 576/627/75/44 578/573/75/44 577/576/75/44 575/628/75/44
f 587/635/74/44 588/636/74/44 585/637/74/44 586/638/74/44
f 693/679/90/55 694/680/90/55 691/681/90/55 692/682/90/55
f 688/683/91/55 690/684/91/55 689/685/91/55 687/686/91/55
f 729/687/92/55 730/688/92/55 727/689/92/55 728/690/92/55
f 713/691/93/55 714/692/93/55 711/693/93/55 712/694/93/55
f 733/695/90/55 734/696/90/55 731/697/90/55 732/698/90/55
f 709/707/93/55 710/708/93/55 707/709/93/55 708/710/93/55
f 682/711/95/55 684/712/95/55 683/713/95/55 681/714/95/55
f 741/715/90/55 742/716/90/55 739/717/90/55 740/718/90/55
f 717/723/90/55 718/724/90/55 715/725/90/55 716/726/90/55
f 680/727/95/55 682/711/95/55 681/714/95/55 679/728/95/55
f 725/729/92/55 726/730/92/55 723/731/92/55 724/732/92/55
f 686/737/91/55 688/683/91/55 687/686/91/55 685/738/91/55
f 697/745/90/55 698/746/90/55 695/747/90/55 696/748/90/55
f 771/757/98/58 772/758/98/58 769/759/98/58 770/760/98/58
f 766/761/99/58 768/762/99/58 767/763/99/58 765/764/99/58
f 807/765/100/58 808/766/100/58 805/767/100/58 806/768/100/58
f 791/769/101/58 792/770/101/58 789/771/101/58 790/772/101/58
f 811/773/98/58 812/774/98/58 809/775/98/58 810/776/98/58
f 787/785/101/58 788/786/101/58 785/787/101/58 786/788/101/58
f 760/789/103/58 762/790/103/58 761/791/103/58 759/792/103/58
f 819/793/98/58 820/794/98/58 817/795/98/58 818/796/98/58
f 795/801/98/58 796/802/98/58 793/803/98/58 794/804/98/58
f 758/805/103/58 760/789/103/58 759/792/103/58 757/806/103/58
f 803/807/100/58 804/808/100/58 801/809/100/58 802/810/100/58
f 764/815/99/58 766/761/99/58 765/764/99/58 763/816/99/58
f 775/823/98/58 776/824/98/58 773/825/98/58 774/826/98/58
f 885/871/115/70 886/872/115/70 883/873/115/70 884/874/115/70
f 880/875/116/70 882/876/116/70 881/877/116/70 879/878/116/70
f 921/879/117/70 922/880/117/70 919/881/117/70 920/882/117/70
f 905/883/118/70 906/884/118/70 903/885/118/70 904/886/118/70
f 925/887/115/70 926/888/115/70 923/889/115/70 924/890/115/70
f 901/899/118/70 902/900/118/70 899/901/118/70 900/902/118/70
f 874/903/120/70 876/904/120/70 875/905/120/70 873/906/120/70
f 933/907/115/70 934/908/115/70 931/909/115/70 932/910/115/70
f 909/915/115/70 910/916/115/70 907/917/115/70 908/918/115/70
f 872/919/120/70 874/903/120/70 873/906/120/70 871/920/120/70
f 917/921/117/70 918/922/117/70 915/923/117/70 916/924/117/70
f 878/929/116/70 880/875/116/70 879/878/116/70 877/930/116/70
f 889/937/115/70 890/938/115/70 887/939/115/70 888/940/115/70
f 959/945/122/72 960/946/122/72 957/947/122/72 958/948/122/72
f 954/949/123/72 956/950/123/72 955/951/123/72 953/952/123/72
f 995/953/124/72 996/954/124/72 993/955/124/72 994/956/124/72
f 979/957/125/72 980/958/125/72 977/959/125/72 978/960/125/72
f 999/961/122/72 1000/962/122/72 997/963/122/72 998/964/122/72
f 975/973/125/72 976/974/125/72 973/975/125/72 974/976/125/72
f 948/977/127/72 950/978/127/72 949/979/127/72 947/980/127/72
f 1007/981/122/72 1008/982/122/72 1005/983/122/72 1006/984/122/72
f 983/989/122/72 984/990/122/72 981/991/122/72 982/992/122/72
f 946/993/127/72 948/977/127/72 947/980/127/72 945/994/127/72
f 991/995/124/72 992/996/124/72 989/997/124/72 990/998/124/72
f 952/1003/123/72 954/949/123/72 953/952/123/72 951/1004/123/72
f 963/1011/122/72 964/1012/122/72 961/1013/122/72 962/1014/122/72
f 1069/1055/138/83 1070/1056/138/83 1067/1057/138/83 1068/1058/138/83
f 1064/1059/139/83 1066/1060/139/83 1065/1061/139/83 1063/1062/139/83
f 1105/1063/140/83 1106/1064/140/83 1103/1065/140/83 1104/1066/140/83
f 1089/1067/141/83 1090/1068/141/83 1087/1069/141/83 1088/1070/141/83
f 1109/1071/138/83 1110/1072/138/83 1107/1073/138/83 1108/1074/138/83
f 1085/1083/141/83 1086/1084/141/83 1083/1085/141/83 1084/1086/141/83
f 1058/1087/143/83 1060/1088/143/83 1059/1089/143/83 1057/1090/143/83
f 1117/1091/138/83 1118/1092/138/83 1115/1093/138/83 1116/1094/138/83
f 1093/1099/138/83 1094/1100/138/83 1091/1101/138/83 1092/1102/138/83
f 1056/1103/143/83 1058/1087/143/83 1057/1090/143/83 1055/1104/143/83
f 1101/1105/140/83 1102/1106/140/83 1099/1107/140/83 1100/1108/140/83
f 1062/1113/139/83 1064/1059/139/83 1063/1062/139/83 1061/1114/139/83
f 1073/1121/138/83 1074/1122/138/83 1071/1123/138/83 1072/1124/138/83
f 1147/1133/146/86 1148/1134/146/86 1145/1135/146/86 1146/1136/146/86
f 1142/1137/147/86 1144/1138/147/86 1143/1139/147/86 1141/1140/147/86
f 1183/1141/148/86 1184/1142/148/86 1181/1143/148/86 1182/1144/148/86
f 1167/1145/149/86 1168/1146/149/86 1165/1147/149/86 1166/1148/149/86
f 1187/1149/146/86 1188/1150/146/86 1185/1151/146/86 1186/1152/146/86
f 1163/1161/149/86 1164/1162/149/86 1161/1163/149/86 1162/1164/149/86
f 1136/1165/151/86 1138/1166/151/86 1137/1167/151/86 1135/1168/151/86
f 1195/1169/146/86 1196/1170/146/86 1193/1171/146/86 1194/1172/146/86
f 1171/1177/146/86 1172/1178/146/86 1169/1179/146/86 1170/1180/146/86
f 1134/1181/151/86 1136/1165/151/86 1135/1168/151/86 1133/1182/151/86
f 1179/1183/148/86 1180/1184/148/86 1177/1185/148/86 1178/1186/148/86
f 1140/1191/147/86 1142/1137/147/86 1141/1140/147/86 1139/1192/147/86
f 1151/1199/146/86 1152/1200/146/86 1149/1201/146/86 1150/1202/146/86
f 1261/1247/163/98 1262/1248/163/98 1259/1249/163/98 1260/1250/163/98
f 1256/1251/164/98 1258/1252/164/98 1257/1253/164/98 1255/1254/164/98
f 1297/1255/165/98 1298/1256/165/98 1295/1257/165/98 1296/1258/165/98
f 1281/1259/166/98 1282/1260/166/98 1279/1261/166/98 1280/1262/166/98
f 1301/1263/163/98 1302/1264/163/98 1299/1265/163/98 1300/1266/163/98
f 1277/1275/166/98 1278/1276/166/98 1275/1277/166/98 1276/1278/166/98
f 1250/1279/168/98 1252/1280/168/98 1251/1281/168/98 1249/1282/168/98
f 1309/1283/163/98 1310/1284/163/98 1307/1285/163/98 1308/1286/163/98
f 1285/1291/163/98 1286/1292/163/98 1283/1293/163/98 1284/1294/163/98
f 1248/1295/168/98 1250/1279/168/98 1249/1282/168/98 1247/1296/168/98
f 1293/1297/165/98 1294/1298/165/98 1291/1299/165/98 1292/1300/165/98
f 1254/1305/164/98 1256/1251/164/98 1255/1254/164/98 1253/1306/164/98
f 1265/1313/163/98 1266/1314/163/98 1263/1315/163/98 1264/1316/163/98
f 1335/1321/170/100 1336/1322/170/100 1333/1323/170/100 1334/1324/170/100
f 1330/1325/171/100 1332/1326/171/100 1331/1327/171/100 1329/1328/171/100
f 1371/1329/172/100 1372/1330/172/100 1369/1331/172/100 1370/1332/172/100
f 1355/1333/173/100 1356/1334/173/100 1353/1335/173/100 1354/1336/173/100
f 1375/1337/170/100 1376/1338/170/100 1373/1339/170/100 1374/1340/170/100
f 1351/1349/173/100 1352/1350/173/100 1349/1351/173/100 1350/1352/173/100
f 1324/1353/175/100 1326/1354/175/100 1325/1355/175/100 1323/1356/175/100
f 1383/1357/170/100 1384/1358/170/100 1381/1359/170/100 1382/1360/170/100
f 1359/1365/170/100 1360/1366/170/100 1357/1367/170/100 1358/1368/170/100
f 1322/1369/175/100 1324/1353/175/100 1323/1356/175/100 1321/1370/175/100
f 1367/1371/172/100 1368/1372/172/100 1365/1373/172/100 1366/1374/172/100
f 1328/1379/171/100 1330/1325/171/100 1329/1328/171/100 1327/1380/171/100
f 1339/1387/170/100 1340/1388/170/100 1337/1389/170/100 1338/1390/170/100
f 1445/1431/186/111 1446/1432/186/111 1443/1433/186/111 1444/1434/186/111
f 1440/1435/187/111 1442/1436/187/111 1441/1437/187/111 1439/1438/187/111
f 1481/1439/188/111 1482/1440/188/111 1479/1441/188/111 1480/1442/188/111
f 1465/1443/189/111 1466/1444/189/111 1463/1445/189/111 1464/1446/189/111
f 1485/1447/186/111 1486/1448/186/111 1483/1449/186/111 1484/1450/186/111
f 1461/1459/189/111 1462/1460/189/111 1459/1461/189/111 1460/1462/189/111
f 1434/1463/191/111 1436/1464/191/111 1435/1465/191/111 1433/1466/191/111
f 1493/1467/186/111 1494/1468/186/111 1491/1469/186/111 1492/1470/186/111
f 1469/1475/186/111 1470/1476/186/111 1467/1477/186/111 1468/1478/186/111
f 1432/1479/191/111 1434/1463/191/111 1433/1466/191/111 1431/1480/191/111
f 1477/1481/188/111 1478/1482/188/111 1475/1483/188/111 1476/1484/188/111
f 1438/1489/187/111 1440/1435/187/111 1439/1438/187/111 1437/1490/187/111
f 1449/1497/186/111 1450/1498/186/111 1447/1499/186/111 1448/1500/186/111
f 25/25/6/2 26/26/6/2 27/27/6/2
f 27/27/6/2 28/28/6/2 25/25/6/2
f 29/29/6/2 30/30/6/2 31/31/6/2
f 31/31/6/2 32/32/6/2 29/29/6/2
f 45/45/3/2 46/46/3/2 47/47/3/2
f 47/47/3/2 48/48/3/2 45/45/3/2
f 61/59/7/2 62/60/7/2 63/61/7/2
f 63/61/7/2 64/62/7/2 61/59/7/2
f 69/65/7/2 70/66/7/2 71/67/7/2
f 72/68/3/2 73/69/3/2 74/70/3/2
f 139/139/23/14 140/140/23/14 141/141/23/14
f 141/141/23/14 142/142/23/14 139/139/23/14
f 143/143/23/14 144/144/23/14 145/145/23/14
f 145/145/23/14 146/146/23/14 143/143/23/14
f 159/159/20/14 160/160/20/14 161/161/20/14
f 161/161/20/14 162/162/20/14 159/159/20/14
f 175/173/24/14 176/174/24/14 177/175/24/14
f 177/175/24/14 178/176/24/14 175/173/24/14
f 183/179/24/14 184/180/24/14 185/181/24/14
f 186/182/20/14 187/183/20/14 188/184/20/14
f 213/213/30/16 214/214/30/16 215/215/30/16
f 215/215/30/16 216/216/30/16 213/213/30/16
f 217/217/30/16 218/218/30/16 219/219/30/16
f 219/219/30/16 220/220/30/16 217/217/30/16
f 233/233/27/16 234/234/27/16 235/235/27/16
f 235/235/27/16 236/236/27/16 233/233/27/16
f 249/247/31/16 250/248/31/16 251/249/31/16
f 251/249/31/16 252/250/31/16 249/247/31/16
f 257/253/31/16 258/254/31/16 259/255/31/16
f 260/256/27/16 261/257/27/16 262/258/27/16
f 323/323/46/27 324/324/46/27 325/325/46/27
f 325/325/46/27 326/326/46/27 323/323/46/27
f 327/327/46/27 328/328/46/27 329/329/46/27
f 329/329/46/27 330/330/46/27 327/327/46/27
f 343/343/43/27 344/344/43/27 345/345/43/27
f 345/345/43/27 346/346/43/27 343/343/43/27
f 359/357/47/27 360/358/47/27 361/359/47/27
f 361/359/47/27 362/360/47/27 359/357/47/27
f 367/363/47/27 368/364/47/27 369/365/47/27
f 370/366/43/27 371/367/43/27 372/368/43/27
f 401/401/54/30 402/402/54/30 403/403/54/30
f 403/403/54/30 404/404/54/30 401/401/54/30
f 405/405/54/30 406/406/54/30 407/407/54/30
f 407/407/54/30 408/408/54/30 405/405/54/30
f 421/421/51/30 422/422/51/30 423/423/51/30
f 423/423/51/30 424/424/51/30 421/421/51/30
f 437/435/55/30 438/436/55/30 439/437/55/30
f 439/437/55/30 440/438/55/30 437/435/55/30
f 445/441/55/30 446/442/55/30 447/443/55/30
f 448/444/51/30 449/445/51/30 450/446/51/30
f 515/515/71/42 516/516/71/42 517/517/71/42
f 517/517/71/42 518/518/71/42 515/515/71/42
f 519/519/71/42 520/520/71/42 521/521/71/42
f 521/521/71/42 522/522/71/42 519/519/71/42
f 535/535/68/42 536/536/68/42 537/537/68/42
f 537/537/68/42 538/538/68/42 535/535/68/42
f 551/549/72/42 552/550/72/42 553/551/72/42
f 553/551/72/42 554/552/72/42 551/549/72/42
f 559/555/72/42 560/556/72/42 561/557/72/42
f 562/558/68/42 563/559/68/42 564/560/68/42
f 589/589/78/44 590/590/78/44 591/591/78/44
f 591/591/78/44 592/592/78/44 589/589/78/44
f 593/593/78/44 594/594/78/44 595/595/78/44
f 595/595/78/44 596/596/78/44 593/593/78/44
f 609/609/75/44 610/610/75/44 611/611/75/44
f 611/611/75/44 612/612/75/44 609/609/75/44
f 625/623/79/44 626/624/79/44 627/625/79/44
f 627/625/79/44 628/626/79/44 625/623/79/44
f 633/629/79/44 634/630/79/44 635/631/79/44
f 636/632/75/44 637/633/75/44 638/634/75/44
f 699/699/94/55 700/700/94/55 701/701/94/55
f 701/701/94/55 702/702/94/55 699/699/94/55
f 703/703/94/55 704/704/94/55 705/705/94/55
f 705/705/94/55 706/706/94/55 703/703/94/55
f 719/719/91/55 720/720/91/55 721/721/91/55
f 721/721/91/55 722/722/91/55 719/719/91/55
f 735/733/95/55 736/734/95/55 737/735/95/55
f 737/735/95/55 738/736/95/55 735/733/95/55
f 743/739/95/55 744/740/95/55 745/741/95/55
f 746/742/91/55 747/743/91/55 748/744/91/55
f 777/777/102/58 778/778/102/58 779/779/102/58
f 779/779/102/58 780/780/102/58 777/777/102/58
f 781/781/102/58 782/782/102/58 783/783/102/58
f 783/783/102/58 784/784/102/58 781/781/102/58
f 797/797/99/58 798/798/99/58 799/799/99/58
f 799/799/99/58 800/800/99/58 797/797/99/58
f 813/811/103/58 814/812/103/58 815/813/103/58
f 815/813/103/58 816/814/103/58 813/811/103/58
f 821/817/103/58 822/818/103/58 823/819/103/58
f 824/820/99/58 825/821/99/58 826/822/99/58
f 891/891/119/70 892/892/119/70 893/893/119/70
f 893/893/119/70 894/894/119/70 891/891/119/70
f 895/895/119/70 896/896/119/70 897/897/119/70
f 897/897/119/70 898/898/119/70 895/895/119/70
f 911/911/116/70 912/912/116/70 913/913/116/70
f 913/913/116/70 914/914/116/70 911/911/116/70
f 927/925/120/70 928/926/120/70 929/927/120/70
f 929/927/120/70 930/928/120/70 927/925/120/70
f 935/931/120/70 936/932/120/70 937/933/120/70
f 938/934/116/70 939/935/116/70 940/936/116/70
f 965/965/126/72 966/966/126/72 967/967/126/72
f 967/967/126/72 968/968/126/72 965/965/126/72
f 969/969/126/72 970/970/126/72 971/971/126/72
f 971/971/126/72 972/972/126/72 969/969/126/72
f 985/985/123/72 986/986/123/72 987/987/123/72
f 987/987/123/72 988/988/123/72 985/985/123/72
f 1001/999/127/72 1002/1000/127/72 1003/1001/127/72
f 1003/1001/127/72 1004/1002/127/72 1001/999/127/72
f 1009/1005/127/72 1010/1006/127/72 1011/1007/127/72
f 1012/1008/123/72 1013/1009/123/72 1014/1010/123/72
f 1075/1075/142/83 1076/1076/142/83 1077/1077/142/83
f 1077/1077/142/83 1078/1078/142/83 1075/1075/142/83
f 1079/1079/142/83 1080/1080/142/83 1081/1081/142/83
f 1081/1081/142/83 1082/1082/142/83 1079/1079/142/83
f 1095/1095/139/83 1096/1096/139/83 1097/1097/139/83
f 1097/1097/139/83 1098/1098/139/83 1095/1095/139/83
f 1111/1109/143/83 1112/1110/143/83 1113/1111/143/83
f 1113/1111/143/83 1114/1112/143/83 1111/1109/143/83
f 1119/1115/143/83 1120/1116/143/83 1121/1117/143/83
f 1122/1118/139/83 1123/1119/139/83 1124/1120/139/83
f 1153/1153/150/86 1154/1154/150/86 1155/1155/150/86
f 1155/1155/150/86 1156/1156/150/86 1153/1153/150/86
f 1157/1157/150/86 1158/1158/150/86 1159/1159/150/86
f 1159/1159/150/86 1160/1160/150/86 1157/1157/150/86
f 1173/1173/147/86 1174/1174/147/86 1175/1175/147/86
f 1175/1175/147/86 1176/1176/147/86 1173/1173/147/86
f 1189/1187/151/86 1190/1188/151/86 1191/1189/151/86
f 1191/1189/151/86 1192/1190/151/86 1189/1187/151/86
f 1197/1193/151/86 1198/1194/151/86 1199/1195/151/86
f 1200/1196/147/86 1201/1197/147/86 1202/1198/147/86
f 1267/1267/167/98 1268/1268/167/98 1269/1269/167/98
f 1269/1269/167/98 1270/1270/167/98 1267/1267/167/98
f 1271/1271/167/98 1272/1272/167/98 1273/1273/167/98
f 1273/1273/167/98 1274/1274/167/98 1271/1271/167/98
f 1287/1287/164/98 1288/1288/164/98 1289/1289/164/98
f 1289/1289/164/98 1290/1290/164/98 1287/1287/164/98
f 1303/1301/168/98 1304/1302/168/98 1305/1303/168/98
f 1305/1303/168/98 1306/1304/168/98 1303/1301/168/98
f 1311/1307/168/98 1312/1308/168/98 1313/1309/168/98
f 1314/1310/164/98 1315/1311/164/98 1316/1312/164/98
f 1341/1341/174/100 1342/1342/174/100 1343/1343/174/100
f 1343/1343/174/100 1344/1344/174/100 1341/1341/174/100
f 1345/1345/174/100 1346/1346/174/100 1347/1347/174/100
f 1347/1347/174/100 1348/1348/174/100 1345/1345/174/100
f 1361/1361/171/100 1362/1362/171/100 1363/1363/171/100
f 1363/1363/171/100 1364/1364/171/100 1361/1361/171/100
f 1377/1375/175/100 1378/1376/175/100 1379/1377/175/100
f 1379/1377/175/100 1380/1378/175/100 1377/1375/175/100
f 1385/1381/175/100 1386/1382/175/100 1387/1383/175/100
f 1388/1384/171/100 1389/1385/171/100 1390/1386/171/100
f 1451/1451/190/111 1452/1452/190/111 1453/1453/190/111
f 1453/1453/190/111 1454/1454/190/111 1451/1451/190/111
f 1455/1455/190/111 1456/1456/190/111 1457/1457/190/111
f 1457/1457/190/111 1458/1458/190/111 1455/1455/190/111
f 1471/1471/187/111 1472/1472/187/111 1473/1473/187/111
f 1473/1473/187/111 1474/1474/187/111 1471/1471/187/111
f 1487/1485/191/111 1488/1486/191/111 1489/1487/191/111
f 1489/1487/191/111 1490/1488/191/111 1487/1485/191/111
f 1495/1491/191/111 1496/1492/191/111 1497/1493/191/111
f 1498/1494/187/111 1499/1495/187/111 1500/1496/187/111
