mtllib pDormConcept_02_01.mtl
o map
v -16.0 -15.0 0.0
v -14.0 -15.0 0.0
v -14.0 -13.0 0.0
v -16.0 -13.0 0.0
v -17.0 -14.625 0.0
v -13.0 -14.625 0.0
v -13.0 -12.077148 3.083984
v -17.0 -12.077148 3.083984
v -16.0 -13.0 0.0
v -14.0 -13.0 0.0
v -14.0 -11.0 0.0
v -16.0 -11.0 0.0
v -17.0 -12.625 0.0
v -13.0 -12.625 0.0
v -13.0 -10.077148 3.083984
v -17.0 -10.077148 3.083984
v -16.0 -11.0 0.0
v -14.0 -11.0 0.0
v -14.0 -9.0 0.0
v -16.0 -9.0 0.0
v -17.0 -10.625 0.0
v -13.0 -10.625 0.0
v -13.0 -8.077148 3.083984
v -17.0 -8.077148 3.083984
v -16.0 -9.0 0.0
v -14.0 -9.0 0.0
v -14.0 -7.0 0.0
v -16.0 -7.0 0.0
v -17.0 -8.625 0.0
v -13.0 -8.625 0.0
v -13.0 -6.077149 3.083984
v -17.0 -6.077149 3.083984
v -16.0 -7.0 0.0
v -14.0 -7.0 0.0
v -14.0 -5.0 0.0
v -16.0 -5.0 0.0
v -17.0 -6.625 0.0
v -13.0 -6.625 0.0
v -13.0 -4.077149 3.083984
v -17.0 -4.077149 3.083984
v -14.0 -3.0 0.0
v -16.0 -3.0 0.0
v -16.0 -5.0 0.0
v -14.0 -5.0 0.0
v -14.0 -3.0 0.0
v -14.0 -2.0 0.0
v -16.0 -2.0 0.0
v -16.0 -3.0 0.0
v -16.0 -2.0 0.0
v -14.0 -2.0 0.0
v -14.0 0.0 0.0
v -16.0 0.0 0.0
v -17.0 -1.625 0.0
v -13.0 -1.625 0.0
v -13.0 0.9228511 3.083984
v -17.0 0.9228511 3.083984
v -16.0 0.0 0.0
v -14.0 0.0 0.0
v -14.0 2.0 0.0
v -16.0 2.0 0.0
v -17.0 0.375 0.0
v -13.0 0.375 0.0
v -13.0 2.922851 3.083984
v -17.0 2.922851 3.083984
v -16.0 2.0 0.0
v -14.0 2.0 0.0
v -14.0 4.0 0.0
v -16.0 4.0 0.0
v -17.0 2.375 0.0
v -13.0 2.375 0.0
v -13.0 4.922851 3.083984
v -17.0 4.922851 3.083984
v -16.0 4.0 0.0
v -14.0 4.0 0.0
v -14.0 6.0 0.0
v -16.0 6.0 0.0
v -17.0 4.375 0.0
v -13.0 4.375 0.0
v -13.0 6.922851 3.083984
v -17.0 6.922851 3.083984
v -16.0 6.0 0.0
v -14.0 6.0 0.0
v -14.0 8.0 0.0
v -16.0 8.0 0.0
v -17.0 6.375 0.0
v -13.0 6.375 0.0
v -13.0 8.922852 3.083984
v -17.0 8.922852 3.083984
v -16.0 8.0 0.0
v -14.0 8.0 0.0
v -14.0 10.0 0.0
v -16.0 10.0 0.0
v -17.0 8.375 0.0
v -13.0 8.375 0.0
v -13.0 10.922852 3.083984
v -17.0 10.922852 3.083984
v -16.0 10.0 0.0
v -14.0 10.0 0.0
v -14.0 12.0 0.0
v -16.0 12.0 0.0
v -17.0 10.375 0.0
v -13.0 10.375 0.0
v -13.0 12.922852 3.083984
v -17.0 12.922852 3.083984
v -16.0 12.0 0.0
v -14.0 12.0 0.0
v -14.0 14.0 0.0
v -16.0 14.0 0.0
v -17.0 12.375 0.0
v -13.0 12.375 0.0
v -13.0 14.922852 3.083984
v -17.0 14.922852 3.083984
v -16.0 14.0 0.0
v -14.0 14.0 0.0
v -14.0 16.0 0.0
v -16.0 16.0 0.0
v -17.0 14.375 0.0
v -13.0 14.375 0.0
v -13.0 16.922852 3.083984
v -17.0 16.922852 3.083984
v -14.0 -16.0 0.0
v -12.0 -16.0 0.0
v -12.0 -14.0 0.0
v -14.0 -14.0 0.0
v -15.0 -15.625 0.0
v -11.0 -15.625 0.0
v -11.0 -13.077148 3.083984
v -15.0 -13.077148 3.083984
v -14.0 -14.0 0.0
v -12.0 -14.0 0.0
v -12.0 -12.0 0.0
v -14.0 -12.0 0.0
v -15.0 -13.625 0.0
v -11.0 -13.625 0.0
v -11.0 -11.077148 3.083984
v -15.0 -11.077148 3.083984
v -14.0 -12.0 0.0
v -12.0 -12.0 0.0
v -12.0 -10.0 0.0
v -14.0 -10.0 0.0
v -15.0 -11.625 0.0
v -11.0 -11.625 0.0
v -11.0 -9.077148 3.083984
v -15.0 -9.077148 3.083984
v -14.0 -10.0 0.0
v -12.0 -10.0 0.0
v -12.0 -8.0 0.0
v -14.0 -8.0 0.0
v -15.0 -9.625 0.0
v -11.0 -9.625 0.0
v -11.0 -7.077149 3.083984
v -15.0 -7.077149 3.083984
v -14.0 -8.0 0.0
v -12.0 -8.0 0.0
v -12.0 -6.0 0.0
v -14.0 -6.0 0.0
v -15.0 -7.625 0.0
v -11.0 -7.625 0.0
v -11.0 -5.077149 3.083984
v -15.0 -5.077149 3.083984
v -14.0 -6.0 0.0
v -12.0 -6.0 0.0
v -12.0 -4.0 0.0
v -14.0 -4.0 0.0
v -15.0 -5.625 0.0
v -11.0 -5.625 0.0
v -11.0 -3.077149 3.083984
v -15.0 -3.077149 3.083984
v -14.0 -4.0 0.0
v -12.0 -4.0 0.0
v -12.0 -2.0 0.0
v -14.0 -2.0 0.0
v -15.0 -3.625 0.0
v -11.0 -3.625 0.0
v -11.0 -1.0771489 3.083984
v -15.0 -1.0771489 3.083984
v -14.0 -2.0 0.0
v -12.0 -2.0 0.0
v -12.0 0.0 0.0
v -14.0 0.0 0.0
v -15.0 -1.625 0.0
v -11.0 -1.625 0.0
v -11.0 0.9228511 3.083984
v -15.0 0.9228511 3.083984
v -14.0 0.0 0.0
v -12.0 0.0 0.0
v -12.0 2.0 0.0
v -14.0 2.0 0.0
v -15.0 0.375 0.0
v -11.0 0.375 0.0
v -11.0 2.922851 3.083984
v -15.0 2.922851 3.083984
v -14.0 2.0 0.0
v -12.0 2.0 0.0
v -12.0 4.0 0.0
v -14.0 4.0 0.0
v -15.0 2.375 0.0
v -11.0 2.375 0.0
v -11.0 4.922851 3.083984
v -15.0 4.922851 3.083984
v -14.0 4.0 0.0
v -12.0 4.0 0.0
v -12.0 6.0 0.0
v -14.0 6.0 0.0
v -15.0 4.375 0.0
v -11.0 4.375 0.0
v -11.0 6.922851 3.083984
v -15.0 6.922851 3.083984
v -14.0 6.0 0.0
v -12.0 6.0 0.0
v -12.0 8.0 0.0
v -14.0 8.0 0.0
v -15.0 6.375 0.0
v -11.0 6.375 0.0
v -11.0 8.922852 3.083984
v -15.0 8.922852 3.083984
v -14.0 8.0 0.0
v -12.0 8.0 0.0
v -12.0 10.0 0.0
v -14.0 10.0 0.0
v -15.0 8.375 0.0
v -11.0 8.375 0.0
v -11.0 10.922852 3.083984
v -15.0 10.922852 3.083984
v -14.0 10.0 0.0
v -12.0 10.0 0.0
v -12.0 12.0 0.0
v -14.0 12.0 0.0
v -15.0 10.375 0.0
v -11.0 10.375 0.0
v -11.0 12.922852 3.083984
v -15.0 12.922852 3.083984
v -14.0 12.0 0.0
v -12.0 12.0 0.0
v -12.0 14.0 0.0
v -14.0 14.0 0.0
v -15.0 12.375 0.0
v -11.0 12.375 0.0
v -11.0 14.922852 3.083984
v -15.0 14.922852 3.083984
v -14.0 14.0 0.0
v -12.0 14.0 0.0
v -12.0 16.0 0.0
v -14.0 16.0 0.0
v -15.0 14.375 0.0
v -11.0 14.375 0.0
v -11.0 16.922852 3.083984
v -15.0 16.922852 3.083984
v -12.0 -16.0 0.0
v -10.0 -16.0 0.0
v -10.0 -14.0 0.0
v -12.0 -14.0 0.0
v -13.0 -15.625 0.0
v -9.0 -15.625 0.0
v -9.0 -13.077148 3.083984
v -13.0 -13.077148 3.083984
v -12.0 -14.0 0.0
v -10.0 -14.0 0.0
v -10.0 -12.0 0.0
v -12.0 -12.0 0.0
v -13.0 -13.625 0.0
v -9.0 -13.625 0.0
v -9.0 -11.077148 3.083984
v -13.0 -11.077148 3.083984
v -12.0 -12.0 0.0
v -10.0 -12.0 0.0
v -10.0 -10.0 0.0
v -12.0 -10.0 0.0
v -13.0 -11.625 0.0
v -9.0 -11.625 0.0
v -9.0 -9.077148 3.083984
v -13.0 -9.077148 3.083984
v -12.0 -10.0 0.0
v -10.0 -10.0 0.0
v -10.0 -8.0 0.0
v -12.0 -8.0 0.0
v -13.0 -9.625 0.0
v -9.0 -9.625 0.0
v -9.0 -7.077149 3.083984
v -13.0 -7.077149 3.083984
v -12.0 -8.0 0.0
v -10.0 -8.0 0.0
v -10.0 -6.0 0.0
v -12.0 -6.0 0.0
v -13.0 -7.625 0.0
v -9.0 -7.625 0.0
v -9.0 -5.077149 3.083984
v -13.0 -5.077149 3.083984
v -12.0 -6.0 0.0
v -10.0 -6.0 0.0
v -10.0 -4.0 0.0
v -12.0 -4.0 0.0
v -13.0 -5.625 0.0
v -9.0 -5.625 0.0
v -9.0 -3.077149 3.083984
v -13.0 -3.077149 3.083984
v -12.0 -4.0 0.0
v -10.0 -4.0 0.0
v -10.0 -2.0 0.0
v -12.0 -2.0 0.0
v -13.0 -3.625 0.0
v -9.0 -3.625 0.0
v -9.0 -1.0771489 3.083984
v -13.0 -1.0771489 3.083984
v -12.0 -2.0 0.0
v -10.0 -2.0 0.0
v -10.0 0.0 0.0
v -12.0 0.0 0.0
v -13.0 -1.625 0.0
v -9.0 -1.625 0.0
v -9.0 0.9228511 3.083984
v -13.0 0.9228511 3.083984
v -12.0 0.0 0.0
v -10.0 0.0 0.0
v -10.0 2.0 0.0
v -12.0 2.0 0.0
v -13.0 0.375 0.0
v -9.0 0.375 0.0
v -9.0 2.922851 3.083984
v -13.0 2.922851 3.083984
v -12.0 2.0 0.0
v -10.0 2.0 0.0
v -10.0 4.0 0.0
v -12.0 4.0 0.0
v -13.0 2.375 0.0
v -9.0 2.375 0.0
v -9.0 4.922851 3.083984
v -13.0 4.922851 3.083984
v -12.0 4.0 0.0
v -10.0 4.0 0.0
v -10.0 6.0 0.0
v -12.0 6.0 0.0
v -13.0 4.375 0.0
v -9.0 4.375 0.0
v -9.0 6.922851 3.083984
v -13.0 6.922851 3.083984
v -12.0 6.0 0.0
v -10.0 6.0 0.0
v -10.0 8.0 0.0
v -12.0 8.0 0.0
v -13.0 6.375 0.0
v -9.0 6.375 0.0
v -9.0 8.922852 3.083984
v -13.0 8.922852 3.083984
v -12.0 8.0 0.0
v -10.0 8.0 0.0
v -10.0 10.0 0.0
v -12.0 10.0 0.0
v -13.0 8.375 0.0
v -9.0 8.375 0.0
v -9.0 10.922852 3.083984
v -13.0 10.922852 3.083984
v -12.0 10.0 0.0
v -10.0 10.0 0.0
v -10.0 12.0 0.0
v -12.0 12.0 0.0
v -13.0 10.375 0.0
v -9.0 10.375 0.0
v -9.0 12.922852 3.083984
v -13.0 12.922852 3.083984
v -12.0 12.0 0.0
v -10.0 12.0 0.0
v -10.0 14.0 0.0
v -12.0 14.0 0.0
v -13.0 12.375 0.0
v -9.0 12.375 0.0
v -9.0 14.922852 3.083984
v -13.0 14.922852 3.083984
v -12.0 14.0 0.0
v -10.0 14.0 0.0
v -10.0 16.0 0.0
v -12.0 16.0 0.0
v -13.0 14.375 0.0
v -9.0 14.375 0.0
v -9.0 16.922852 3.083984
v -13.0 16.922852 3.083984
v -10.0 -16.0 0.0
v -8.0 -16.0 0.0
v -8.0 -14.0 0.0
v -10.0 -14.0 0.0
v -11.0 -15.625 0.0
v -7.0 -15.625 0.0
v -7.0 -13.077148 3.083984
v -11.0 -13.077148 3.083984
v -10.0 -14.0 0.0
v -8.0 -14.0 0.0
v -8.0 -12.0 0.0
v -10.0 -12.0 0.0
v -11.0 -13.625 0.0
v -7.0 -13.625 0.0
v -7.0 -11.077148 3.083984
v -11.0 -11.077148 3.083984
v -10.0 -12.0 0.0
v -8.0 -12.0 0.0
v -8.0 -10.0 0.0
v -10.0 -10.0 0.0
v -11.0 -11.625 0.0
v -7.0 -11.625 0.0
v -7.0 -9.077148 3.083984
v -11.0 -9.077148 3.083984
v -10.0 -10.0 0.0
v -8.0 -10.0 0.0
v -8.0 -8.0 0.0
v -10.0 -8.0 0.0
v -11.0 -9.625 0.0
v -7.0 -9.625 0.0
v -7.0 -7.077149 3.083984
v -11.0 -7.077149 3.083984
v -10.0 -8.0 0.0
v -8.0 -8.0 0.0
v -8.0 -6.0 0.0
v -10.0 -6.0 0.0
v -11.0 -7.625 0.0
v -7.0 -7.625 0.0
v -7.0 -5.077149 3.083984
v -11.0 -5.077149 3.083984
v -10.0 -6.0 0.0
v -8.0 -6.0 0.0
v -8.0 -4.0 0.0
v -10.0 -4.0 0.0
v -11.0 -5.625 0.0
v -7.0 -5.625 0.0
v -7.0 -3.077149 3.083984
v -11.0 -3.077149 3.083984
v -10.0 -4.0 0.0
v -8.0 -4.0 0.0
v -8.0 -2.0 0.0
v -10.0 -2.0 0.0
v -11.0 -3.625 0.0
v -7.0 -3.625 0.0
v -7.0 -1.0771489 3.083984
v -11.0 -1.0771489 3.083984
v -10.0 -2.0 0.0
v -8.0 -2.0 0.0
v -8.0 0.0 0.0
v -10.0 0.0 0.0
v -11.0 -1.625 0.0
v -7.0 -1.625 0.0
v -7.0 0.9228511 3.083984
v -11.0 0.9228511 3.083984
v -10.0 0.0 0.0
v -8.0 0.0 0.0
v -8.0 2.0 0.0
v -10.0 2.0 0.0
v -11.0 0.375 0.0
v -7.0 0.375 0.0
v -7.0 2.922851 3.083984
v -11.0 2.922851 3.083984
v -10.0 2.0 0.0
v -8.0 2.0 0.0
v -8.0 4.0 0.0
v -10.0 4.0 0.0
v -11.0 2.375 0.0
v -7.0 2.375 0.0
v -7.0 4.922851 3.083984
v -11.0 4.922851 3.083984
v -10.0 4.0 0.0
v -8.0 4.0 0.0
v -8.0 6.0 0.0
v -10.0 6.0 0.0
v -11.0 4.375 0.0
v -7.0 4.375 0.0
v -7.0 6.922851 3.083984
v -11.0 6.922851 3.083984
v -10.0 6.0 0.0
v -8.0 6.0 0.0
v -8.0 8.0 0.0
v -10.0 8.0 0.0
v -11.0 6.375 0.0
v -7.0 6.375 0.0
v -7.0 8.922852 3.083984
v -11.0 8.922852 3.083984
v -10.0 8.0 0.0
v -8.0 8.0 0.0
v -8.0 10.0 0.0
v -10.0 10.0 0.0
v -11.0 8.375 0.0
v -7.0 8.375 0.0
v -7.0 10.922852 3.083984
v -11.0 10.922852 3.083984
v -10.0 10.0 0.0
v -8.0 10.0 0.0
v -8.0 12.0 0.0
v -10.0 12.0 0.0
v -11.0 10.375 0.0
v -7.0 10.375 0.0
v -7.0 12.922852 3.083984
v -11.0 12.922852 3.083984
v -10.0 12.0 0.0
v -8.0 12.0 0.0
v -8.0 14.0 0.0
v -10.0 14.0 0.0
v -11.0 12.375 0.0
v -7.0 12.375 0.0
v -7.0 14.922852 3.083984
v -11.0 14.922852 3.083984
v -10.0 14.0 0.0
v -8.0 14.0 0.0
v -8.0 16.0 0.0
v -10.0 16.0 0.0
v -11.0 14.375 0.0
v -7.0 14.375 0.0
v -7.0 16.922852 3.083984
v -11.0 16.922852 3.083984
v -8.0 -16.0 0.0
v -6.0 -16.0 0.0
v -6.0 -14.0 0.0
v -8.0 -14.0 0.0
v -9.0 -15.625 0.0
v -5.0 -15.625 0.0
v -5.0 -13.077148 3.083984
v -9.0 -13.077148 3.083984
v -8.0 -14.0 0.0
v -6.0 -14.0 0.0
v -6.0 -12.0 0.0
v -8.0 -12.0 0.0
v -9.0 -13.625 0.0
v -5.0 -13.625 0.0
v -5.0 -11.077148 3.083984
v -9.0 -11.077148 3.083984
v -8.0 -12.0 0.0
v -6.0 -12.0 0.0
v -6.0 -10.0 0.0
v -8.0 -10.0 0.0
v -9.0 -11.625 0.0
v -5.0 -11.625 0.0
v -5.0 -9.077148 3.083984
v -9.0 -9.077148 3.083984
v -8.0 -10.0 0.0
v -6.0 -10.0 0.0
v -6.0 -8.0 0.0
v -8.0 -8.0 0.0
v -9.0 -9.625 0.0
v -5.0 -9.625 0.0
v -5.0 -7.077149 3.083984
v -9.0 -7.077149 3.083984
v -8.0 -8.0 0.0
v -6.0 -8.0 0.0
v -6.0 -6.0 0.0
v -8.0 -6.0 0.0
v -9.0 -7.625 0.0
v -5.0 -7.625 0.0
v -5.0 -5.077149 3.083984
v -9.0 -5.077149 3.083984
v -8.0 -6.0 0.0
v -6.0 -6.0 0.0
v -6.0 -4.0 0.0
v -8.0 -4.0 0.0
v -9.0 -5.625 0.0
v -5.0 -5.625 0.0
v -5.0 -3.077149 3.083984
v -9.0 -3.077149 3.083984
v -8.0 -4.0 0.0
v -6.0 -4.0 0.0
v -6.0 -2.0 0.0
v -8.0 -2.0 0.0
v -9.0 -3.625 0.0
v -5.0 -3.625 0.0
v -5.0 -1.0771489 3.083984
v -9.0 -1.0771489 3.083984
v -8.0 -2.0 0.0
v -6.0 -2.0 0.0
v -6.0 0.0 0.0
v -8.0 0.0 0.0
v -9.0 -1.625 0.0
v -5.0 -1.625 0.0
v -5.0 0.9228511 3.083984
v -9.0 0.9228511 3.083984
v -8.0 0.0 0.0
v -6.0 0.0 0.0
v -6.0 2.0 0.0
v -8.0 2.0 0.0
v -9.0 0.375 0.0
v -5.0 0.375 0.0
v -5.0 2.922851 3.083984
v -9.0 2.922851 3.083984
v -8.0 2.0 0.0
v -6.0 2.0 0.0
v -6.0 4.0 0.0
v -8.0 4.0 0.0
v -9.0 2.375 0.0
v -5.0 2.375 0.0
v -5.0 4.922851 3.083984
v -9.0 4.922851 3.083984
v -8.0 4.0 0.0
v -6.0 4.0 0.0
v -6.0 6.0 0.0
v -8.0 6.0 0.0
v -9.0 4.375 0.0
v -5.0 4.375 0.0
v -5.0 6.922851 3.083984
v -9.0 6.922851 3.083984
v -8.0 6.0 0.0
v -6.0 6.0 0.0
v -6.0 8.0 0.0
v -8.0 8.0 0.0
v -9.0 6.375 0.0
v -5.0 6.375 0.0
v -5.0 8.922852 3.083984
v -9.0 8.922852 3.083984
v -8.0 8.0 0.0
v -6.0 8.0 0.0
v -6.0 10.0 0.0
v -8.0 10.0 0.0
v -9.0 8.375 0.0
v -5.0 8.375 0.0
v -5.0 10.922852 3.083984
v -9.0 10.922852 3.083984
v -8.0 10.0 0.0
v -6.0 10.0 0.0
v -6.0 12.0 0.0
v -8.0 12.0 0.0
v -9.0 10.375 0.0
v -5.0 10.375 0.0
v -5.0 12.922852 3.083984
v -9.0 12.922852 3.083984
v -8.0 12.0 0.0
v -6.0 12.0 0.0
v -6.0 14.0 0.0
v -8.0 14.0 0.0
v -9.0 12.375 0.0
v -5.0 12.375 0.0
v -5.0 14.922852 3.083984
v -9.0 14.922852 3.083984
v -8.0 14.0 0.0
v -6.0 14.0 0.0
v -6.0 16.0 0.0
v -8.0 16.0 0.0
v -9.0 14.375 0.0
v -5.0 14.375 0.0
v -5.0 16.922852 3.083984
v -9.0 16.922852 3.083984
v -6.0 -16.0 0.0
v -4.0 -16.0 0.0
v -4.0 -14.0 0.0
v -6.0 -14.0 0.0
v -7.0 -15.625 0.0
v -3.0 -15.625 0.0
v -3.0 -13.077148 3.083984
v -7.0 -13.077148 3.083984
v -6.0 -14.0 0.0
v -4.0 -14.0 0.0
v -4.0 -12.0 0.0
v -6.0 -12.0 0.0
v -7.0 -13.625 0.0
v -3.0 -13.625 0.0
v -3.0 -11.077148 3.083984
v -7.0 -11.077148 3.083984
v -6.0 -12.0 0.0
v -4.0 -12.0 0.0
v -4.0 -10.0 0.0
v -6.0 -10.0 0.0
v -7.0 -11.625 0.0
v -3.0 -11.625 0.0
v -3.0 -9.077148 3.083984
v -7.0 -9.077148 3.083984
v -6.0 -10.0 0.0
v -4.0 -10.0 0.0
v -4.0 -8.0 0.0
v -6.0 -8.0 0.0
v -7.0 -9.625 0.0
v -3.0 -9.625 0.0
v -3.0 -7.077149 3.083984
v -7.0 -7.077149 3.083984
v -6.0 -8.0 0.0
v -4.0 -8.0 0.0
v -4.0 -6.0 0.0
v -6.0 -6.0 0.0
v -7.0 -7.625 0.0
v -3.0 -7.625 0.0
v -3.0 -5.077149 3.083984
v -7.0 -5.077149 3.083984
v -6.0 -6.0 0.0
v -4.0 -6.0 0.0
v -4.0 -4.0 0.0
v -6.0 -4.0 0.0
v -7.0 -5.625 0.0
v -3.0 -5.625 0.0
v -3.0 -3.077149 3.083984
v -7.0 -3.077149 3.083984
v -6.0 -4.0 0.0
v -4.0 -4.0 0.0
v -4.0 -2.0 0.0
v -6.0 -2.0 0.0
v -7.0 -3.625 0.0
v -3.0 -3.625 0.0
v -3.0 -1.0771489 3.083984
v -7.0 -1.0771489 3.083984
v -6.0 -2.0 0.0
v -4.0 -2.0 0.0
v -4.0 0.0 0.0
v -6.0 0.0 0.0
v -7.0 -1.625 0.0
v -3.0 -1.625 0.0
v -3.0 0.9228511 3.083984
v -7.0 0.9228511 3.083984
v -6.0 0.0 0.0
v -4.0 0.0 0.0
v -4.0 2.0 0.0
v -6.0 2.0 0.0
v -7.0 0.375 0.0
v -3.0 0.375 0.0
v -3.0 2.922851 3.083984
v -7.0 2.922851 3.083984
v -6.0 2.0 0.0
v -4.0 2.0 0.0
v -4.0 4.0 0.0
v -6.0 4.0 0.0
v -7.0 2.375 0.0
v -3.0 2.375 0.0
v -3.0 4.922851 3.083984
v -7.0 4.922851 3.083984
v -6.0 4.0 0.0
v -4.0 4.0 0.0
v -4.0 6.0 0.0
v -6.0 6.0 0.0
v -7.0 4.375 0.0
v -3.0 4.375 0.0
v -3.0 6.922851 3.083984
v -7.0 6.922851 3.083984
v -6.0 6.0 0.0
v -4.0 6.0 0.0
v -4.0 8.0 0.0
v -6.0 8.0 0.0
v -7.0 6.375 0.0
v -3.0 6.375 0.0
v -3.0 8.922852 3.083984
v -7.0 8.922852 3.083984
v -6.0 8.0 0.0
v -4.0 8.0 0.0
v -4.0 10.0 0.0
v -6.0 10.0 0.0
v -7.0 8.375 0.0
v -3.0 8.375 0.0
v -3.0 10.922852 3.083984
v -7.0 10.922852 3.083984
v -6.0 10.0 0.0
v -4.0 10.0 0.0
v -4.0 12.0 0.0
v -6.0 12.0 0.0
v -7.0 10.375 0.0
v -3.0 10.375 0.0
v -3.0 12.922852 3.083984
v -7.0 12.922852 3.083984
v -6.0 12.0 0.0
v -4.0 12.0 0.0
v -4.0 14.0 0.0
v -6.0 14.0 0.0
v -7.0 12.375 0.0
v -3.0 12.375 0.0
v -3.0 14.922852 3.083984
v -7.0 14.922852 3.083984
v -6.0 14.0 0.0
v -4.0 14.0 0.0
v -4.0 16.0 0.0
v -6.0 16.0 0.0
v -7.0 14.375 0.0
v -3.0 14.375 0.0
v -3.0 16.922852 3.083984
v -7.0 16.922852 3.083984
v -4.0 -16.0 0.0
v -2.0 -16.0 0.0
v -2.0 -14.0 0.0
v -4.0 -14.0 0.0
v -5.0 -15.625 0.0
v -1.0 -15.625 0.0
v -1.0 -13.077148 3.083984
v -5.0 -13.077148 3.083984
v -4.0 -14.0 0.0
v -2.0 -14.0 0.0
v -2.0 -12.0 0.0
v -4.0 -12.0 0.0
v -5.0 -13.625 0.0
v -1.0 -13.625 0.0
v -1.0 -11.077148 3.083984
v -5.0 -11.077148 3.083984
v -4.0 -12.0 0.0
v -2.0 -12.0 0.0
v -2.0 -10.0 0.0
v -4.0 -10.0 0.0
v -5.0 -11.625 0.0
v -1.0 -11.625 0.0
v -1.0 -9.077148 3.083984
v -5.0 -9.077148 3.083984
v -4.0 -10.0 0.0
v -2.0 -10.0 0.0
v -2.0 -8.0 0.0
v -4.0 -8.0 0.0
v -5.0 -9.625 0.0
v -1.0 -9.625 0.0
v -1.0 -7.077149 3.083984
v -5.0 -7.077149 3.083984
v -4.0 -8.0 0.0
v -2.0 -8.0 0.0
v -2.0 -6.0 0.0
v -4.0 -6.0 0.0
v -5.0 -7.625 0.0
v -1.0 -7.625 0.0
v -1.0 -5.077149 3.083984
v -5.0 -5.077149 3.083984
v -4.0 -6.0 0.0
v -2.0 -6.0 0.0
v -2.0 -4.0 0.0
v -4.0 -4.0 0.0
v -5.0 -5.625 0.0
v -1.0 -5.625 0.0
v -1.0 -3.077149 3.083984
v -5.0 -3.077149 3.083984
v -4.0 -4.0 0.0
v -2.0 -4.0 0.0
v -2.0 -2.0 0.0
v -4.0 -2.0 0.0
v -5.0 -3.625 0.0
v -1.0 -3.625 0.0
v -1.0 -1.0771489 3.083984
v -5.0 -1.0771489 3.083984
v -4.0 -2.0 0.0
v -2.0 -2.0 0.0
v -2.0 0.0 0.0
v -4.0 0.0 0.0
v -5.0 -1.625 0.0
v -1.0 -1.625 0.0
v -1.0 0.9228511 3.083984
v -5.0 0.9228511 3.083984
v -4.0 0.0 0.0
v -2.0 0.0 0.0
v -2.0 2.0 0.0
v -4.0 2.0 0.0
v -5.0 0.375 0.0
v -1.0 0.375 0.0
v -1.0 2.922851 3.083984
v -5.0 2.922851 3.083984
v -4.0 2.0 0.0
v -2.0 2.0 0.0
v -2.0 4.0 0.0
v -4.0 4.0 0.0
v -5.0 2.375 0.0
v -1.0 2.375 0.0
v -1.0 4.922851 3.083984
v -5.0 4.922851 3.083984
v -4.0 4.0 0.0
v -2.0 4.0 0.0
v -2.0 6.0 0.0
v -4.0 6.0 0.0
v -5.0 4.375 0.0
v -1.0 4.375 0.0
v -1.0 6.922851 3.083984
v -5.0 6.922851 3.083984
v -4.0 6.0 0.0
v -2.0 6.0 0.0
v -2.0 8.0 0.0
v -4.0 8.0 0.0
v -5.0 6.375 0.0
v -1.0 6.375 0.0
v -1.0 8.922852 3.083984
v -5.0 8.922852 3.083984
v -4.0 8.0 0.0
v -2.0 8.0 0.0
v -2.0 10.0 0.0
v -4.0 10.0 0.0
v -5.0 8.375 0.0
v -1.0 8.375 0.0
v -1.0 10.922852 3.083984
v -5.0 10.922852 3.083984
v -4.0 10.0 0.0
v -2.0 10.0 0.0
v -2.0 12.0 0.0
v -4.0 12.0 0.0
v -5.0 10.375 0.0
v -1.0 10.375 0.0
v -1.0 12.922852 3.083984
v -5.0 12.922852 3.083984
v -4.0 12.0 0.0
v -2.0 12.0 0.0
v -2.0 14.0 0.0
v -4.0 14.0 0.0
v -5.0 12.375 0.0
v -1.0 12.375 0.0
v -1.0 14.922852 3.083984
v -5.0 14.922852 3.083984
v -4.0 14.0 0.0
v -2.0 14.0 0.0
v -2.0 16.0 0.0
v -4.0 16.0 0.0
v -5.0 14.375 0.0
v -1.0 14.375 0.0
v -1.0 16.922852 3.083984
v -5.0 16.922852 3.083984
v -2.0 -16.0 0.0
v 0.0 -16.0 0.0
v 0.0 -14.0 0.0
v -2.0 -14.0 0.0
v -3.0 -15.625 0.0
v 1.0 -15.625 0.0
v 1.0 -13.077148 3.083984
v -3.0 -13.077148 3.083984
v -2.0 -14.0 0.0
v 0.0 -14.0 0.0
v 0.0 -12.0 0.0
v -2.0 -12.0 0.0
v -3.0 -13.625 0.0
v 1.0 -13.625 0.0
v 1.0 -11.077148 3.083984
v -3.0 -11.077148 3.083984
v -2.0 -12.0 0.0
v 0.0 -12.0 0.0
v 0.0 -10.0 0.0
v -2.0 -10.0 0.0
v -3.0 -11.625 0.0
v 1.0 -11.625 0.0
v 1.0 -9.077148 3.083984
v -3.0 -9.077148 3.083984
v -2.0 -10.0 0.0
v 0.0 -10.0 0.0
v 0.0 -8.0 0.0
v -2.0 -8.0 0.0
v -3.0 -9.625 0.0
v 1.0 -9.625 0.0
v 1.0 -7.077149 3.083984
v -3.0 -7.077149 3.083984
v -2.0 -8.0 0.0
v 0.0 -8.0 0.0
v 0.0 -6.0 0.0
v -2.0 -6.0 0.0
v -3.0 -7.625 0.0
v 1.0 -7.625 0.0
v 1.0 -5.077149 3.083984
v -3.0 -5.077149 3.083984
v -2.0 -6.0 0.0
v 0.0 -6.0 0.0
v 0.0 -4.0 0.0
v -2.0 -4.0 0.0
v -3.0 -5.625 0.0
v 1.0 -5.625 0.0
v 1.0 -3.077149 3.083984
v -3.0 -3.077149 3.083984
v -2.0 -4.0 0.0
v 0.0 -4.0 0.0
v 0.0 -2.0 0.0
v -2.0 -2.0 0.0
v -3.0 -3.625 0.0
v 1.0 -3.625 0.0
v 1.0 -1.0771489 3.083984
v -3.0 -1.0771489 3.083984
v -2.0 -2.0 0.0
v 0.0 -2.0 0.0
v 0.0 0.0 0.0
v -2.0 0.0 0.0
v -3.0 -1.625 0.0
v 1.0 -1.625 0.0
v 1.0 0.9228511 3.083984
v -3.0 0.9228511 3.083984
v -2.0 0.0 0.0
v 0.0 0.0 0.0
v 0.0 2.0 0.0
v -2.0 2.0 0.0
v -3.0 0.375 0.0
v 1.0 0.375 0.0
v 1.0 2.922851 3.083984
v -3.0 2.922851 3.083984
v -2.0 2.0 0.0
v 0.0 2.0 0.0
v 0.0 4.0 0.0
v -2.0 4.0 0.0
v -3.0 2.375 0.0
v 1.0 2.375 0.0
v 1.0 4.922851 3.083984
v -3.0 4.922851 3.083984
v -2.0 4.0 0.0
v 0.0 4.0 0.0
v 0.0 6.0 0.0
v -2.0 6.0 0.0
v -3.0 4.375 0.0
v 1.0 4.375 0.0
v 1.0 6.922851 3.083984
v -3.0 6.922851 3.083984
v -2.0 6.0 0.0
v 0.0 6.0 0.0
v 0.0 8.0 0.0
v -2.0 8.0 0.0
v -3.0 6.375 0.0
v 1.0 6.375 0.0
v 1.0 8.922852 3.083984
v -3.0 8.922852 3.083984
v -2.0 8.0 0.0
v 0.0 8.0 0.0
v 0.0 10.0 0.0
v -2.0 10.0 0.0
v -3.0 8.375 0.0
v 1.0 8.375 0.0
v 1.0 10.922852 3.083984
v -3.0 10.922852 3.083984
v -2.0 10.0 0.0
v 0.0 10.0 0.0
v 0.0 12.0 0.0
v -2.0 12.0 0.0
v -3.0 10.375 0.0
v 1.0 10.375 0.0
v 1.0 12.922852 3.083984
v -3.0 12.922852 3.083984
v -2.0 12.0 0.0
v 0.0 12.0 0.0
v 0.0 14.0 0.0
v -2.0 14.0 0.0
v -3.0 12.375 0.0
v 1.0 12.375 0.0
v 1.0 14.922852 3.083984
v -3.0 14.922852 3.083984
v -2.0 14.0 0.0
v 0.0 14.0 0.0
v 0.0 16.0 0.0
v -2.0 16.0 0.0
v -3.0 14.375 0.0
v 1.0 14.375 0.0
v 1.0 16.922852 3.083984
v -3.0 16.922852 3.083984
v 0.0 -16.0 0.0
v 2.0 -16.0 0.0
v 2.0 -14.0 0.0
v 0.0 -14.0 0.0
v -1.0 -15.625 0.0
v 3.0 -15.625 0.0
v 3.0 -13.077148 3.083984
v -1.0 -13.077148 3.083984
v 0.0 -14.0 0.0
v 2.0 -14.0 0.0
v 2.0 -12.0 0.0
v 0.0 -12.0 0.0
v -1.0 -13.625 0.0
v 3.0 -13.625 0.0
v 3.0 -11.077148 3.083984
v -1.0 -11.077148 3.083984
v 0.0 -12.0 0.0
v 2.0 -12.0 0.0
v 2.0 -10.0 0.0
v 0.0 -10.0 0.0
v -1.0 -11.625 0.0
v 3.0 -11.625 0.0
v 3.0 -9.077148 3.083984
v -1.0 -9.077148 3.083984
v 0.0 -10.0 0.0
v 2.0 -10.0 0.0
v 2.0 -8.0 0.0
v 0.0 -8.0 0.0
v -1.0 -9.625 0.0
v 3.0 -9.625 0.0
v 3.0 -7.077149 3.083984
v -1.0 -7.077149 3.083984
v 0.0 -8.0 0.0
v 2.0 -8.0 0.0
v 2.0 -6.0 0.0
v 0.0 -6.0 0.0
v -1.0 -7.625 0.0
v 3.0 -7.625 0.0
v 3.0 -5.077149 3.083984
v -1.0 -5.077149 3.083984
v 0.0 -6.0 0.0
v 2.0 -6.0 0.0
v 2.0 -4.0 0.0
v 0.0 -4.0 0.0
v -1.0 -5.625 0.0
v 3.0 -5.625 0.0
v 3.0 -3.077149 3.083984
v -1.0 -3.077149 3.083984
v 0.0 -4.0 0.0
v 2.0 -4.0 0.0
v 2.0 -2.0 0.0
v 0.0 -2.0 0.0
v -1.0 -3.625 0.0
v 3.0 -3.625 0.0
v 3.0 -1.0771489 3.083984
v -1.0 -1.0771489 3.083984
v 0.0 -2.0 0.0
v 2.0 -2.0 0.0
v 2.0 0.0 0.0
v 0.0 0.0 0.0
v -1.0 -1.625 0.0
v 3.0 -1.625 0.0
v 3.0 0.9228511 3.083984
v -1.0 0.9228511 3.083984
v 0.0 0.0 0.0
v 2.0 0.0 0.0
v 2.0 2.0 0.0
v 0.0 2.0 0.0
v -1.0 0.375 0.0
v 3.0 0.375 0.0
v 3.0 2.922851 3.083984
v -1.0 2.922851 3.083984
v 0.0 2.0 0.0
v 2.0 2.0 0.0
v 2.0 4.0 0.0
v 0.0 4.0 0.0
v -1.0 2.375 0.0
v 3.0 2.375 0.0
v 3.0 4.922851 3.083984
v -1.0 4.922851 3.083984
v 0.0 4.0 0.0
v 2.0 4.0 0.0
v 2.0 6.0 0.0
v 0.0 6.0 0.0
v -1.0 4.375 0.0
v 3.0 4.375 0.0
v 3.0 6.922851 3.083984
v -1.0 6.922851 3.083984
v 0.0 6.0 0.0
v 2.0 6.0 0.0
v 2.0 8.0 0.0
v 0.0 8.0 0.0
v -1.0 6.375 0.0
v 3.0 6.375 0.0
v 3.0 8.922852 3.083984
v -1.0 8.922852 3.083984
v 0.0 8.0 0.0
v 2.0 8.0 0.0
v 2.0 10.0 0.0
v 0.0 10.0 0.0
v -1.0 8.375 0.0
v 3.0 8.375 0.0
v 3.0 10.922852 3.083984
v -1.0 10.922852 3.083984
v 0.0 10.0 0.0
v 2.0 10.0 0.0
v 2.0 12.0 0.0
v 0.0 12.0 0.0
v -1.0 10.375 0.0
v 3.0 10.375 0.0
v 3.0 12.922852 3.083984
v -1.0 12.922852 3.083984
v 0.0 12.0 0.0
v 2.0 12.0 0.0
v 2.0 14.0 0.0
v 0.0 14.0 0.0
v -1.0 12.375 0.0
v 3.0 12.375 0.0
v 3.0 14.922852 3.083984
v -1.0 14.922852 3.083984
v 0.0 14.0 0.0
v 2.0 14.0 0.0
v 2.0 16.0 0.0
v 0.0 16.0 0.0
v -1.0 14.375 0.0
v 3.0 14.375 0.0
v 3.0 16.922852 3.083984
v -1.0 16.922852 3.083984
v 2.0 -16.0 0.0
v 4.0 -16.0 0.0
v 4.0 -14.0 0.0
v 2.0 -14.0 0.0
v 1.0 -15.625 0.0
v 5.0 -15.625 0.0
v 5.0 -13.077148 3.083984
v 1.0 -13.077148 3.083984
v 2.0 -14.0 0.0
v 4.0 -14.0 0.0
v 4.0 -12.0 0.0
v 2.0 -12.0 0.0
v 1.0 -13.625 0.0
v 5.0 -13.625 0.0
v 5.0 -11.077148 3.083984
v 1.0 -11.077148 3.083984
v 2.0 -12.0 0.0
v 4.0 -12.0 0.0
v 4.0 -10.0 0.0
v 2.0 -10.0 0.0
v 1.0 -11.625 0.0
v 5.0 -11.625 0.0
v 5.0 -9.077148 3.083984
v 1.0 -9.077148 3.083984
v 2.0 -10.0 0.0
v 4.0 -10.0 0.0
v 4.0 -8.0 0.0
v 2.0 -8.0 0.0
v 1.0 -9.625 0.0
v 5.0 -9.625 0.0
v 5.0 -7.077149 3.083984
v 1.0 -7.077149 3.083984
v 2.0 -8.0 0.0
v 4.0 -8.0 0.0
v 4.0 -6.0 0.0
v 2.0 -6.0 0.0
v 1.0 -7.625 0.0
v 5.0 -7.625 0.0
v 5.0 -5.077149 3.083984
v 1.0 -5.077149 3.083984
v 2.0 -6.0 0.0
v 4.0 -6.0 0.0
v 4.0 -4.0 0.0
v 2.0 -4.0 0.0
v 1.0 -5.625 0.0
v 5.0 -5.625 0.0
v 5.0 -3.077149 3.083984
v 1.0 -3.077149 3.083984
v 2.0 -4.0 0.0
v 4.0 -4.0 0.0
v 4.0 -2.0 0.0
v 2.0 -2.0 0.0
v 1.0 -3.625 0.0
v 5.0 -3.625 0.0
v 5.0 -1.0771489 3.083984
v 1.0 -1.0771489 3.083984
v 2.0 -2.0 0.0
v 4.0 -2.0 0.0
v 4.0 0.0 0.0
v 2.0 0.0 0.0
v 1.0 -1.625 0.0
v 5.0 -1.625 0.0
v 5.0 0.9228511 3.083984
v 1.0 0.9228511 3.083984
v 2.0 0.0 0.0
v 4.0 0.0 0.0
v 4.0 2.0 0.0
v 2.0 2.0 0.0
v 1.0 0.375 0.0
v 5.0 0.375 0.0
v 5.0 2.922851 3.083984
v 1.0 2.922851 3.083984
v 2.0 2.0 0.0
v 4.0 2.0 0.0
v 4.0 4.0 0.0
v 2.0 4.0 0.0
v 1.0 2.375 0.0
v 5.0 2.375 0.0
v 5.0 4.922851 3.083984
v 1.0 4.922851 3.083984
v 2.0 4.0 0.0
v 4.0 4.0 0.0
v 4.0 6.0 0.0
v 2.0 6.0 0.0
v 1.0 4.375 0.0
v 5.0 4.375 0.0
v 5.0 6.922851 3.083984
v 1.0 6.922851 3.083984
v 2.0 6.0 0.0
v 4.0 6.0 0.0
v 4.0 8.0 0.0
v 2.0 8.0 0.0
v 1.0 6.375 0.0
v 5.0 6.375 0.0
v 5.0 8.922852 3.083984
v 1.0 8.922852 3.083984
v 2.0 8.0 0.0
v 4.0 8.0 0.0
v 4.0 10.0 0.0
v 2.0 10.0 0.0
v 1.0 8.375 0.0
v 5.0 8.375 0.0
v 5.0 10.922852 3.083984
v 1.0 10.922852 3.083984
v 2.0 10.0 0.0
v 4.0 10.0 0.0
v 4.0 12.0 0.0
v 2.0 12.0 0.0
v 1.0 10.375 0.0
v 5.0 10.375 0.0
v 5.0 12.922852 3.083984
v 1.0 12.922852 3.083984
v 2.0 12.0 0.0
v 4.0 12.0 0.0
v 4.0 14.0 0.0
v 2.0 14.0 0.0
v 1.0 12.375 0.0
v 5.0 12.375 0.0
v 5.0 14.922852 3.083984
v 1.0 14.922852 3.083984
v 2.0 14.0 0.0
v 4.0 14.0 0.0
v 4.0 16.0 0.0
v 2.0 16.0 0.0
v 1.0 14.375 0.0
v 5.0 14.375 0.0
v 5.0 16.922852 3.083984
v 1.0 16.922852 3.083984
v 4.0 -16.0 0.0
v 6.0 -16.0 0.0
v 6.0 -14.0 0.0
v 4.0 -14.0 0.0
v 3.0 -15.625 0.0
v 7.0 -15.625 0.0
v 7.0 -13.077148 3.083984
v 3.0 -13.077148 3.083984
v 4.0 -14.0 0.0
v 6.0 -14.0 0.0
v 6.0 -12.0 0.0
v 4.0 -12.0 0.0
v 3.0 -13.625 0.0
v 7.0 -13.625 0.0
v 7.0 -11.077148 3.083984
v 3.0 -11.077148 3.083984
v 4.0 -12.0 0.0
v 6.0 -12.0 0.0
v 6.0 -10.0 0.0
v 4.0 -10.0 0.0
v 3.0 -11.625 0.0
v 7.0 -11.625 0.0
v 7.0 -9.077148 3.083984
v 3.0 -9.077148 3.083984
v 4.0 -10.0 0.0
v 6.0 -10.0 0.0
v 6.0 -8.0 0.0
v 4.0 -8.0 0.0
v 3.0 -9.625 0.0
v 7.0 -9.625 0.0
v 7.0 -7.077149 3.083984
v 3.0 -7.077149 3.083984
v 4.0 -8.0 0.0
v 6.0 -8.0 0.0
v 6.0 -6.0 0.0
v 4.0 -6.0 0.0
v 3.0 -7.625 0.0
v 7.0 -7.625 0.0
v 7.0 -5.077149 3.083984
v 3.0 -5.077149 3.083984
v 4.0 -6.0 0.0
v 6.0 -6.0 0.0
v 6.0 -4.0 0.0
v 4.0 -4.0 0.0
v 3.0 -5.625 0.0
v 7.0 -5.625 0.0
v 7.0 -3.077149 3.083984
v 3.0 -3.077149 3.083984
v 4.0 -4.0 0.0
v 6.0 -4.0 0.0
v 6.0 -2.0 0.0
v 4.0 -2.0 0.0
v 3.0 -3.625 0.0
v 7.0 -3.625 0.0
v 7.0 -1.0771489 3.083984
v 3.0 -1.0771489 3.083984
v 4.0 -2.0 0.0
v 6.0 -2.0 0.0
v 6.0 0.0 0.0
v 4.0 0.0 0.0
v 3.0 -1.625 0.0
v 7.0 -1.625 0.0
v 7.0 0.9228511 3.083984
v 3.0 0.9228511 3.083984
v 4.0 0.0 0.0
v 6.0 0.0 0.0
v 6.0 2.0 0.0
v 4.0 2.0 0.0
v 3.0 0.375 0.0
v 7.0 0.375 0.0
v 7.0 2.922851 3.083984
v 3.0 2.922851 3.083984
v 4.0 2.0 0.0
v 6.0 2.0 0.0
v 6.0 4.0 0.0
v 4.0 4.0 0.0
v 3.0 2.375 0.0
v 7.0 2.375 0.0
v 7.0 4.922851 3.083984
v 3.0 4.922851 3.083984
v 4.0 4.0 0.0
v 6.0 4.0 0.0
v 6.0 6.0 0.0
v 4.0 6.0 0.0
v 3.0 4.375 0.0
v 7.0 4.375 0.0
v 7.0 6.922851 3.083984
v 3.0 6.922851 3.083984
v 4.0 6.0 0.0
v 6.0 6.0 0.0
v 6.0 8.0 0.0
v 4.0 8.0 0.0
v 3.0 6.375 0.0
v 7.0 6.375 0.0
v 7.0 8.922852 3.083984
v 3.0 8.922852 3.083984
v 4.0 8.0 0.0
v 6.0 8.0 0.0
v 6.0 10.0 0.0
v 4.0 10.0 0.0
v 3.0 8.375 0.0
v 7.0 8.375 0.0
v 7.0 10.922852 3.083984
v 3.0 10.922852 3.083984
v 4.0 10.0 0.0
v 6.0 10.0 0.0
v 6.0 12.0 0.0
v 4.0 12.0 0.0
v 3.0 10.375 0.0
v 7.0 10.375 0.0
v 7.0 12.922852 3.083984
v 3.0 12.922852 3.083984
v 4.0 12.0 0.0
v 6.0 12.0 0.0
v 6.0 14.0 0.0
v 4.0 14.0 0.0
v 3.0 12.375 0.0
v 7.0 12.375 0.0
v 7.0 14.922852 3.083984
v 3.0 14.922852 3.083984
v 4.0 14.0 0.0
v 6.0 14.0 0.0
v 6.0 16.0 0.0
v 4.0 16.0 0.0
v 3.0 14.375 0.0
v 7.0 14.375 0.0
v 7.0 16.922852 3.083984
v 3.0 16.922852 3.083984
v 6.0 -16.0 0.0
v 8.0 -16.0 0.0
v 8.0 -14.0 0.0
v 6.0 -14.0 0.0
v 5.0 -15.625 0.0
v 9.0 -15.625 0.0
v 9.0 -13.077148 3.083984
v 5.0 -13.077148 3.083984
v 6.0 -14.0 0.0
v 8.0 -14.0 0.0
v 8.0 -12.0 0.0
v 6.0 -12.0 0.0
v 5.0 -13.625 0.0
v 9.0 -13.625 0.0
v 9.0 -11.077148 3.083984
v 5.0 -11.077148 3.083984
v 6.0 -12.0 0.0
v 8.0 -12.0 0.0
v 8.0 -10.0 0.0
v 6.0 -10.0 0.0
v 5.0 -11.625 0.0
v 9.0 -11.625 0.0
v 9.0 -9.077148 3.083984
v 5.0 -9.077148 3.083984
v 6.0 -10.0 0.0
v 8.0 -10.0 0.0
v 8.0 -8.0 0.0
v 6.0 -8.0 0.0
v 5.0 -9.625 0.0
v 9.0 -9.625 0.0
v 9.0 -7.077149 3.083984
v 5.0 -7.077149 3.083984
v 6.0 -8.0 0.0
v 8.0 -8.0 0.0
v 8.0 -6.0 0.0
v 6.0 -6.0 0.0
v 5.0 -7.625 0.0
v 9.0 -7.625 0.0
v 9.0 -5.077149 3.083984
v 5.0 -5.077149 3.083984
v 6.0 -6.0 0.0
v 8.0 -6.0 0.0
v 8.0 -4.0 0.0
v 6.0 -4.0 0.0
v 5.0 -5.625 0.0
v 9.0 -5.625 0.0
v 9.0 -3.077149 3.083984
v 5.0 -3.077149 3.083984
v 6.0 -4.0 0.0
v 8.0 -4.0 0.0
v 8.0 -2.0 0.0
v 6.0 -2.0 0.0
v 5.0 -3.625 0.0
v 9.0 -3.625 0.0
v 9.0 -1.0771489 3.083984
v 5.0 -1.0771489 3.083984
v 6.0 -2.0 0.0
v 8.0 -2.0 0.0
v 8.0 0.0 0.0
v 6.0 0.0 0.0
v 5.0 -1.625 0.0
v 9.0 -1.625 0.0
v 9.0 0.9228511 3.083984
v 5.0 0.9228511 3.083984
v 6.0 0.0 0.0
v 8.0 0.0 0.0
v 8.0 2.0 0.0
v 6.0 2.0 0.0
v 5.0 0.375 0.0
v 9.0 0.375 0.0
v 9.0 2.922851 3.083984
v 5.0 2.922851 3.083984
v 6.0 2.0 0.0
v 8.0 2.0 0.0
v 8.0 4.0 0.0
v 6.0 4.0 0.0
v 5.0 2.375 0.0
v 9.0 2.375 0.0
v 9.0 4.922851 3.083984
v 5.0 4.922851 3.083984
v 6.0 4.0 0.0
v 8.0 4.0 0.0
v 8.0 6.0 0.0
v 6.0 6.0 0.0
v 5.0 4.375 0.0
v 9.0 4.375 0.0
v 9.0 6.922851 3.083984
v 5.0 6.922851 3.083984
v 6.0 6.0 0.0
v 8.0 6.0 0.0
v 8.0 8.0 0.0
v 6.0 8.0 0.0
v 5.0 6.375 0.0
v 9.0 6.375 0.0
v 9.0 8.922852 3.083984
v 5.0 8.922852 3.083984
v 6.0 8.0 0.0
v 8.0 8.0 0.0
v 8.0 10.0 0.0
v 6.0 10.0 0.0
v 5.0 8.375 0.0
v 9.0 8.375 0.0
v 9.0 10.922852 3.083984
v 5.0 10.922852 3.083984
v 6.0 10.0 0.0
v 8.0 10.0 0.0
v 8.0 12.0 0.0
v 6.0 12.0 0.0
v 5.0 10.375 0.0
v 9.0 10.375 0.0
v 9.0 12.922852 3.083984
v 5.0 12.922852 3.083984
v 6.0 12.0 0.0
v 8.0 12.0 0.0
v 8.0 14.0 0.0
v 6.0 14.0 0.0
v 5.0 12.375 0.0
v 9.0 12.375 0.0
v 9.0 14.922852 3.083984
v 5.0 14.922852 3.083984
v 6.0 14.0 0.0
v 8.0 14.0 0.0
v 8.0 16.0 0.0
v 6.0 16.0 0.0
v 5.0 14.375 0.0
v 9.0 14.375 0.0
v 9.0 16.922852 3.083984
v 5.0 16.922852 3.083984
v 8.0 -16.0 0.0
v 10.0 -16.0 0.0
v 10.0 -14.0 0.0
v 8.0 -14.0 0.0
v 7.0 -15.625 0.0
v 11.0 -15.625 0.0
v 11.0 -13.077148 3.083984
v 7.0 -13.077148 3.083984
v 8.0 -14.0 0.0
v 10.0 -14.0 0.0
v 10.0 -12.0 0.0
v 8.0 -12.0 0.0
v 7.0 -13.625 0.0
v 11.0 -13.625 0.0
v 11.0 -11.077148 3.083984
v 7.0 -11.077148 3.083984
v 8.0 -12.0 0.0
v 10.0 -12.0 0.0
v 10.0 -10.0 0.0
v 8.0 -10.0 0.0
v 7.0 -11.625 0.0
v 11.0 -11.625 0.0
v 11.0 -9.077148 3.083984
v 7.0 -9.077148 3.083984
v 8.0 -10.0 0.0
v 10.0 -10.0 0.0
v 10.0 -8.0 0.0
v 8.0 -8.0 0.0
v 7.0 -9.625 0.0
v 11.0 -9.625 0.0
v 11.0 -7.077149 3.083984
v 7.0 -7.077149 3.083984
v 8.0 -8.0 0.0
v 10.0 -8.0 0.0
v 10.0 -6.0 0.0
v 8.0 -6.0 0.0
v 7.0 -7.625 0.0
v 11.0 -7.625 0.0
v 11.0 -5.077149 3.083984
v 7.0 -5.077149 3.083984
v 8.0 -6.0 0.0
v 10.0 -6.0 0.0
v 10.0 -4.0 0.0
v 8.0 -4.0 0.0
v 7.0 -5.625 0.0
v 11.0 -5.625 0.0
v 11.0 -3.077149 3.083984
v 7.0 -3.077149 3.083984
v 8.0 -4.0 0.0
v 10.0 -4.0 0.0
v 10.0 -2.0 0.0
v 8.0 -2.0 0.0
v 7.0 -3.625 0.0
v 11.0 -3.625 0.0
v 11.0 -1.0771489 3.083984
v 7.0 -1.0771489 3.083984
v 8.0 -2.0 0.0
v 10.0 -2.0 0.0
v 10.0 0.0 0.0
v 8.0 0.0 0.0
v 7.0 -1.625 0.0
v 11.0 -1.625 0.0
v 11.0 0.9228511 3.083984
v 7.0 0.9228511 3.083984
v 8.0 0.0 0.0
v 10.0 0.0 0.0
v 10.0 2.0 0.0
v 8.0 2.0 0.0
v 7.0 0.375 0.0
v 11.0 0.375 0.0
v 11.0 2.922851 3.083984
v 7.0 2.922851 3.083984
v 8.0 2.0 0.0
v 10.0 2.0 0.0
v 10.0 4.0 0.0
v 8.0 4.0 0.0
v 7.0 2.375 0.0
v 11.0 2.375 0.0
v 11.0 4.922851 3.083984
v 7.0 4.922851 3.083984
v 8.0 4.0 0.0
v 10.0 4.0 0.0
v 10.0 6.0 0.0
v 8.0 6.0 0.0
v 7.0 4.375 0.0
v 11.0 4.375 0.0
v 11.0 6.922851 3.083984
v 7.0 6.922851 3.083984
v 8.0 6.0 0.0
v 10.0 6.0 0.0
v 10.0 8.0 0.0
v 8.0 8.0 0.0
v 7.0 6.375 0.0
v 11.0 6.375 0.0
v 11.0 8.922852 3.083984
v 7.0 8.922852 3.083984
v 8.0 8.0 0.0
v 10.0 8.0 0.0
v 10.0 10.0 0.0
v 8.0 10.0 0.0
v 7.0 8.375 0.0
v 11.0 8.375 0.0
v 11.0 10.922852 3.083984
v 7.0 10.922852 3.083984
v 8.0 10.0 0.0
v 10.0 10.0 0.0
v 10.0 12.0 0.0
v 8.0 12.0 0.0
v 7.0 10.375 0.0
v 11.0 10.375 0.0
v 11.0 12.922852 3.083984
v 7.0 12.922852 3.083984
v 8.0 12.0 0.0
v 10.0 12.0 0.0
v 10.0 14.0 0.0
v 8.0 14.0 0.0
v 7.0 12.375 0.0
v 11.0 12.375 0.0
v 11.0 14.922852 3.083984
v 7.0 14.922852 3.083984
v 8.0 14.0 0.0
v 10.0 14.0 0.0
v 10.0 16.0 0.0
v 8.0 16.0 0.0
v 7.0 14.375 0.0
v 11.0 14.375 0.0
v 11.0 16.922852 3.083984
v 7.0 16.922852 3.083984
v 10.0 -16.0 0.0
v 12.0 -16.0 0.0
v 12.0 -14.0 0.0
v 10.0 -14.0 0.0
v 9.0 -15.625 0.0
v 13.0 -15.625 0.0
v 13.0 -13.077148 3.083984
v 9.0 -13.077148 3.083984
v 10.0 -14.0 0.0
v 12.0 -14.0 0.0
v 12.0 -12.0 0.0
v 10.0 -12.0 0.0
v 9.0 -13.625 0.0
v 13.0 -13.625 0.0
v 13.0 -11.077148 3.083984
v 9.0 -11.077148 3.083984
v 10.0 -12.0 0.0
v 12.0 -12.0 0.0
v 12.0 -10.0 0.0
v 10.0 -10.0 0.0
v 9.0 -11.625 0.0
v 13.0 -11.625 0.0
v 13.0 -9.077148 3.083984
v 9.0 -9.077148 3.083984
v 10.0 -10.0 0.0
v 12.0 -10.0 0.0
v 12.0 -8.0 0.0
v 10.0 -8.0 0.0
v 9.0 -9.625 0.0
v 13.0 -9.625 0.0
v 13.0 -7.077149 3.083984
v 9.0 -7.077149 3.083984
v 10.0 -8.0 0.0
v 12.0 -8.0 0.0
v 12.0 -6.0 0.0
v 10.0 -6.0 0.0
v 9.0 -7.625 0.0
v 13.0 -7.625 0.0
v 13.0 -5.077149 3.083984
v 9.0 -5.077149 3.083984
v 10.0 -6.0 0.0
v 12.0 -6.0 0.0
v 12.0 -4.0 0.0
v 10.0 -4.0 0.0
v 9.0 -5.625 0.0
v 13.0 -5.625 0.0
v 13.0 -3.077149 3.083984
v 9.0 -3.077149 3.083984
v 10.0 -4.0 0.0
v 12.0 -4.0 0.0
v 12.0 -2.0 0.0
v 10.0 -2.0 0.0
v 9.0 -3.625 0.0
v 13.0 -3.625 0.0
v 13.0 -1.0771489 3.083984
v 9.0 -1.0771489 3.083984
v 10.0 -2.0 0.0
v 12.0 -2.0 0.0
v 12.0 0.0 0.0
v 10.0 0.0 0.0
v 9.0 -1.625 0.0
v 13.0 -1.625 0.0
v 13.0 0.9228511 3.083984
v 9.0 0.9228511 3.083984
v 10.0 0.0 0.0
v 12.0 0.0 0.0
v 12.0 2.0 0.0
v 10.0 2.0 0.0
v 9.0 0.375 0.0
v 13.0 0.375 0.0
v 13.0 2.922851 3.083984
v 9.0 2.922851 3.083984
v 10.0 2.0 0.0
v 12.0 2.0 0.0
v 12.0 4.0 0.0
v 10.0 4.0 0.0
v 9.0 2.375 0.0
v 13.0 2.375 0.0
v 13.0 4.922851 3.083984
v 9.0 4.922851 3.083984
v 10.0 4.0 0.0
v 12.0 4.0 0.0
v 12.0 6.0 0.0
v 10.0 6.0 0.0
v 9.0 4.375 0.0
v 13.0 4.375 0.0
v 13.0 6.922851 3.083984
v 9.0 6.922851 3.083984
v 10.0 6.0 0.0
v 12.0 6.0 0.0
v 12.0 8.0 0.0
v 10.0 8.0 0.0
v 9.0 6.375 0.0
v 13.0 6.375 0.0
v 13.0 8.922852 3.083984
v 9.0 8.922852 3.083984
v 10.0 8.0 0.0
v 12.0 8.0 0.0
v 12.0 10.0 0.0
v 10.0 10.0 0.0
v 9.0 8.375 0.0
v 13.0 8.375 0.0
v 13.0 10.922852 3.083984
v 9.0 10.922852 3.083984
v 10.0 10.0 0.0
v 12.0 10.0 0.0
v 12.0 12.0 0.0
v 10.0 12.0 0.0
v 9.0 10.375 0.0
v 13.0 10.375 0.0
v 13.0 12.922852 3.083984
v 9.0 12.922852 3.083984
v 10.0 12.0 0.0
v 12.0 12.0 0.0
v 12.0 14.0 0.0
v 10.0 14.0 0.0
v 9.0 12.375 0.0
v 13.0 12.375 0.0
v 13.0 14.922852 3.083984
v 9.0 14.922852 3.083984
v 10.0 14.0 0.0
v 12.0 14.0 0.0
v 12.0 16.0 0.0
v 10.0 16.0 0.0
v 9.0 14.375 0.0
v 13.0 14.375 0.0
v 13.0 16.922852 3.083984
v 9.0 16.922852 3.083984
v 12.0 -16.0 0.0
v 14.0 -16.0 0.0
v 14.0 -14.0 0.0
v 12.0 -14.0 0.0
v 11.0 -15.625 0.0
v 15.0 -15.625 0.0
v 15.0 -13.077148 3.083984
v 11.0 -13.077148 3.083984
v 12.0 -14.0 0.0
v 14.0 -14.0 0.0
v 14.0 -12.0 0.0
v 12.0 -12.0 0.0
v 11.0 -13.625 0.0
v 15.0 -13.625 0.0
v 15.0 -11.077148 3.083984
v 11.0 -11.077148 3.083984
v 12.0 -12.0 0.0
v 14.0 -12.0 0.0
v 14.0 -10.0 0.0
v 12.0 -10.0 0.0
v 11.0 -11.625 0.0
v 15.0 -11.625 0.0
v 15.0 -9.077148 3.083984
v 11.0 -9.077148 3.083984
v 12.0 -10.0 0.0
v 14.0 -10.0 0.0
v 14.0 -8.0 0.0
v 12.0 -8.0 0.0
v 11.0 -9.625 0.0
v 15.0 -9.625 0.0
v 15.0 -7.077149 3.083984
v 11.0 -7.077149 3.083984
v 12.0 -8.0 0.0
v 14.0 -8.0 0.0
v 14.0 -6.0 0.0
v 12.0 -6.0 0.0
v 11.0 -7.625 0.0
v 15.0 -7.625 0.0
v 15.0 -5.077149 3.083984
v 11.0 -5.077149 3.083984
v 12.0 -6.0 0.0
v 14.0 -6.0 0.0
v 14.0 -4.0 0.0
v 12.0 -4.0 0.0
v 11.0 -5.625 0.0
v 15.0 -5.625 0.0
v 15.0 -3.077149 3.083984
v 11.0 -3.077149 3.083984
v 12.0 -4.0 0.0
v 14.0 -4.0 0.0
v 14.0 -2.0 0.0
v 12.0 -2.0 0.0
v 11.0 -3.625 0.0
v 15.0 -3.625 0.0
v 15.0 -1.0771489 3.083984
v 11.0 -1.0771489 3.083984
v 12.0 -2.0 0.0
v 14.0 -2.0 0.0
v 14.0 0.0 0.0
v 12.0 0.0 0.0
v 11.0 -1.625 0.0
v 15.0 -1.625 0.0
v 15.0 0.9228511 3.083984
v 11.0 0.9228511 3.083984
v 12.0 0.0 0.0
v 14.0 0.0 0.0
v 14.0 2.0 0.0
v 12.0 2.0 0.0
v 11.0 0.375 0.0
v 15.0 0.375 0.0
v 15.0 2.922851 3.083984
v 11.0 2.922851 3.083984
v 12.0 2.0 0.0
v 14.0 2.0 0.0
v 14.0 4.0 0.0
v 12.0 4.0 0.0
v 11.0 2.375 0.0
v 15.0 2.375 0.0
v 15.0 4.922851 3.083984
v 11.0 4.922851 3.083984
v 12.0 4.0 0.0
v 14.0 4.0 0.0
v 14.0 6.0 0.0
v 12.0 6.0 0.0
v 11.0 4.375 0.0
v 15.0 4.375 0.0
v 15.0 6.922851 3.083984
v 11.0 6.922851 3.083984
v 12.0 6.0 0.0
v 14.0 6.0 0.0
v 14.0 8.0 0.0
v 12.0 8.0 0.0
v 11.0 6.375 0.0
v 15.0 6.375 0.0
v 15.0 8.922852 3.083984
v 11.0 8.922852 3.083984
v 12.0 8.0 0.0
v 14.0 8.0 0.0
v 14.0 10.0 0.0
v 12.0 10.0 0.0
v 11.0 8.375 0.0
v 15.0 8.375 0.0
v 15.0 10.922852 3.083984
v 11.0 10.922852 3.083984
v 12.0 10.0 0.0
v 14.0 10.0 0.0
v 14.0 12.0 0.0
v 12.0 12.0 0.0
v 11.0 10.375 0.0
v 15.0 10.375 0.0
v 15.0 12.922852 3.083984
v 11.0 12.922852 3.083984
v 12.0 12.0 0.0
v 14.0 12.0 0.0
v 14.0 14.0 0.0
v 12.0 14.0 0.0
v 11.0 12.375 0.0
v 15.0 12.375 0.0
v 15.0 14.922852 3.083984
v 11.0 14.922852 3.083984
v 12.0 14.0 0.0
v 14.0 14.0 0.0
v 14.0 16.0 0.0
v 12.0 16.0 0.0
v 11.0 14.375 0.0
v 15.0 14.375 0.0
v 15.0 16.922852 3.083984
v 11.0 16.922852 3.083984
v 14.0 -16.0 0.0
v 16.0 -16.0 0.0
v 16.0 -14.0 0.0
v 14.0 -14.0 0.0
v 13.0 -15.625 0.0
v 17.0 -15.625 0.0
v 17.0 -13.077148 3.083984
v 13.0 -13.077148 3.083984
v 14.0 -14.0 0.0
v 16.0 -14.0 0.0
v 16.0 -12.0 0.0
v 14.0 -12.0 0.0
v 13.0 -13.625 0.0
v 17.0 -13.625 0.0
v 17.0 -11.077148 3.083984
v 13.0 -11.077148 3.083984
v 14.0 -12.0 0.0
v 16.0 -12.0 0.0
v 16.0 -10.0 0.0
v 14.0 -10.0 0.0
v 13.0 -11.625 0.0
v 17.0 -11.625 0.0
v 17.0 -9.077148 3.083984
v 13.0 -9.077148 3.083984
v 14.0 -10.0 0.0
v 16.0 -10.0 0.0
v 16.0 -8.0 0.0
v 14.0 -8.0 0.0
v 13.0 -9.625 0.0
v 17.0 -9.625 0.0
v 17.0 -7.077149 3.083984
v 13.0 -7.077149 3.083984
v 14.0 -8.0 0.0
v 16.0 -8.0 0.0
v 16.0 -6.0 0.0
v 14.0 -6.0 0.0
v 13.0 -7.625 0.0
v 17.0 -7.625 0.0
v 17.0 -5.077149 3.083984
v 13.0 -5.077149 3.083984
v 14.0 -6.0 0.0
v 16.0 -6.0 0.0
v 16.0 -4.0 0.0
v 14.0 -4.0 0.0
v 13.0 -5.625 0.0
v 17.0 -5.625 0.0
v 17.0 -3.077149 3.083984
v 13.0 -3.077149 3.083984
v 14.0 -4.0 0.0
v 16.0 -4.0 0.0
v 16.0 -2.0 0.0
v 14.0 -2.0 0.0
v 13.0 -3.625 0.0
v 17.0 -3.625 0.0
v 17.0 -1.0771489 3.083984
v 13.0 -1.0771489 3.083984
v 14.0 -2.0 0.0
v 16.0 -2.0 0.0
v 16.0 0.0 0.0
v 14.0 0.0 0.0
v 13.0 -1.625 0.0
v 17.0 -1.625 0.0
v 17.0 0.9228511 3.083984
v 13.0 0.9228511 3.083984
v 14.0 0.0 0.0
v 16.0 0.0 0.0
v 16.0 2.0 0.0
v 14.0 2.0 0.0
v 13.0 0.375 0.0
v 17.0 0.375 0.0
v 17.0 2.922851 3.083984
v 13.0 2.922851 3.083984
v 14.0 2.0 0.0
v 16.0 2.0 0.0
v 16.0 4.0 0.0
v 14.0 4.0 0.0
v 13.0 2.375 0.0
v 17.0 2.375 0.0
v 17.0 4.922851 3.083984
v 13.0 4.922851 3.083984
v 14.0 4.0 0.0
v 16.0 4.0 0.0
v 16.0 6.0 0.0
v 14.0 6.0 0.0
v 13.0 4.375 0.0
v 17.0 4.375 0.0
v 17.0 6.922851 3.083984
v 13.0 6.922851 3.083984
v 14.0 6.0 0.0
v 16.0 6.0 0.0
v 16.0 8.0 0.0
v 14.0 8.0 0.0
v 13.0 6.375 0.0
v 17.0 6.375 0.0
v 17.0 8.922852 3.083984
v 13.0 8.922852 3.083984
v 14.0 8.0 0.0
v 16.0 8.0 0.0
v 16.0 10.0 0.0
v 14.0 10.0 0.0
v 13.0 8.375 0.0
v 17.0 8.375 0.0
v 17.0 10.922852 3.083984
v 13.0 10.922852 3.083984
v 14.0 10.0 0.0
v 16.0 10.0 0.0
v 16.0 12.0 0.0
v 14.0 12.0 0.0
v 13.0 10.375 0.0
v 17.0 10.375 0.0
v 17.0 12.922852 3.083984
v 13.0 12.922852 3.083984
v 14.0 12.0 0.0
v 16.0 12.0 0.0
v 16.0 14.0 0.0
v 14.0 14.0 0.0
v 13.0 12.375 0.0
v 17.0 12.375 0.0
v 17.0 14.922852 3.083984
v 13.0 14.922852 3.083984
v 14.0 14.0 0.0
v 16.0 14.0 0.0
v 16.0 16.0 0.0
v 14.0 16.0 0.0
v 13.0 14.375 0.0
v 17.0 14.375 0.0
v 17.0 16.922852 3.083984
v 13.0 16.922852 3.083984
vt 1.0 0.0
vt 0.0 0.0
vt 0.0 -1.0
vt 1.0 -1.0
vt 1.0 0.0
vt 0.0 0.0
vt 0.0 -1.0
vt 1.0 -1.0
vt 1.0 0.0
vt 0.0 0.0
vt 0.0 -1.0
vt 1.0 -1.0
vt 1.0 0.0
vt 0.0 0.0
vt 0.0 -1.0
vt 1.0 -1.0
vt 1.0 0.0
vt 0.0 0.0
vt 0.0 -1.0
vt 1.0 -1.0
vt 1.0 0.0
vt 0.0 0.0
vt 0.0 -1.0
vt 1.0 -1.0
vt 1.0 0.0
vt 0.0 0.0
vt 0.0 -1.0
vt 1.0 -1.0
vt 1.0 0.0
vt 0.0 0.0
vt 0.0 -1.0
vt 1.0 -1.0
vt 1.0 0.0
vt 0.0 0.0
vt 0.0 -1.0
vt 1.0 -1.0
vt 1.0 0.0
vt 0.0 0.0
vt 0.0 -1.0
vt 1.0 -1.0
vt 1.0 6.5
vt 0.0 6.5
vt 0.0 5.5
vt 1.0 5.5
vt 0.011719 1.0
vt 0.011719 0.0
vt 0.488281 1.0
vt 0.488281 0.0
vt 1.0 0.0
vt 0.0 0.0
vt 0.0 -1.0
vt 1.0 -1.0
vt 1.0 0.0
vt 0.0 0.0
vt 0.0 -1.0
vt 1.0 -1.0
vt 1.0 0.0
vt 0.0 0.0
vt 0.0 -1.0
vt 1.0 -1.0
vt 1.0 0.0
vt 0.0 0.0
vt 0.0 -1.0
vt 1.0 -1.0
vt 1.0 0.0
vt 0.0 0.0
vt 0.0 -1.0
vt 1.0 -1.0
vt 1.0 0.0
vt 0.0 0.0
vt 0.0 -1.0
vt 1.0 -1.0
vt 1.0 0.0
vt 0.0 0.0
vt 0.0 -1.0
vt 1.0 -1.0
vt 1.0 0.0
vt 0.0 0.0
vt 0.0 -1.0
vt 1.0 -1.0
vt 1.0 0.0
vt 0.0 0.0
vt 0.0 -1.0
vt 1.0 -1.0
vt 1.0 0.0
vt 0.0 0.0
vt 0.0 -1.0
vt 1.0 -1.0
vt 1.0 0.0
vt 0.0 0.0
vt 0.0 -1.0
vt 1.0 -1.0
vt 1.0 0.0
vt 0.0 0.0
vt 0.0 -1.0
vt 1.0 -1.0
vt 1.0 0.0
vt 0.0 0.0
vt 0.0 -1.0
vt 1.0 -1.0
vt 1.0 0.0
vt 0.0 0.0
vt 0.0 -1.0
vt 1.0 -1.0
vt 1.0 0.0
vt 0.0 0.0
vt 0.0 -1.0
vt 1.0 -1.0
vt 1.0 0.0
vt 0.0 0.0
vt 0.0 -1.0
vt 1.0 -1.0
vt 1.0 0.0
vt 0.0 0.0
vt 0.0 -1.0
vt 1.0 -1.0
vt 1.0 0.0
vt 0.0 0.0
vt 0.0 -1.0
vt 1.0 -1.0
vt 1.0 0.0
vt 0.0 0.0
vt 0.0 -1.0
vt 1.0 -1.0
vt 1.0 0.0
vt 0.0 0.0
vt 0.0 -1.0
vt 1.0 -1.0
vt 1.0 0.0
vt 0.0 0.0
vt 0.0 -1.0
vt 1.0 -1.0
vt 1.0 0.0
vt 0.0 0.0
vt 0.0 -1.0
vt 1.0 -1.0
vt 1.0 0.0
vt 0.0 0.0
vt 0.0 -1.0
vt 1.0 -1.0
vt 1.0 0.0
vt 0.0 0.0
vt 0.0 -1.0
vt 1.0 -1.0
vt 1.0 0.0
vt 0.0 0.0
vt 0.0 -1.0
vt 1.0 -1.0
vt 1.0 0.0
vt 0.0 0.0
vt 0.0 -1.0
vt 1.0 -1.0
vt 1.0 0.0
vt 0.0 0.0
vt 0.0 -1.0
vt 1.0 -1.0
vt 1.0 0.0
vt 0.0 0.0
vt 0.0 -1.0
vt 1.0 -1.0
vt 1.0 0.0
vt 0.0 0.0
vt 0.0 -1.0
vt 1.0 -1.0
vt 1.0 0.0
vt 0.0 0.0
vt 0.0 -1.0
vt 1.0 -1.0
vt 1.0 0.0
vt 0.0 0.0
vt 0.0 -1.0
vt 1.0 -1.0
vt 1.0 0.0
vt 0.0 0.0
vt 0.0 -1.0
vt 1.0 -1.0
vt 1.0 0.0
vt 0.0 0.0
vt 0.0 -1.0
vt 1.0 -1.0
vt 1.0 0.0
vt 0.0 0.0
vt 0.0 -1.0
vt 1.0 -1.0
vt 1.0 0.0
vt 0.0 0.0
vt 0.0 -1.0
vt 1.0 -1.0
vt 1.0 0.0
vt 0.0 0.0
vt 0.0 -1.0
vt 1.0 -1.0
vt 1.0 0.0
vt 0.0 0.0
vt 0.0 -1.0
vt 1.0 -1.0
vt 1.0 0.0
vt 0.0 0.0
vt 0.0 -1.0
vt 1.0 -1.0
vt 1.0 0.0
vt 0.0 0.0
vt 0.0 -1.0
vt 1.0 -1.0
vt 1.0 0.0
vt 0.0 0.0
vt 0.0 -1.0
vt 1.0 -1.0
vt 1.0 0.0
vt 0.0 0.0
vt 0.0 -1.0
vt 1.0 -1.0
vt 1.0 0.0
vt 0.0 0.0
vt 0.0 -1.0
vt 1.0 -1.0
vt 1.0 0.0
vt 0.0 0.0
vt 0.0 -1.0
vt 1.0 -1.0
vt 1.0 0.0
vt 0.0 0.0
vt 0.0 -1.0
vt 1.0 -1.0
vt 1.0 0.0
vt 0.0 0.0
vt 0.0 -1.0
vt 1.0 -1.0
vt 1.0 0.0
vt 0.0 0.0
vt 0.0 -1.0
vt 1.0 -1.0
vt 1.0 0.0
vt 0.0 0.0
vt 0.0 -1.0
vt 1.0 -1.0
vt 1.0 0.0
vt 0.0 0.0
vt 0.0 -1.0
vt 1.0 -1.0
vt 1.0 0.0
vt 0.0 0.0
vt 0.0 -1.0
vt 1.0 -1.0
vt 1.0 0.0
vt 0.0 0.0
vt 0.0 -1.0
vt 1.0 -1.0
vt 1.0 0.0
vt 0.0 0.0
vt 0.0 -1.0
vt 1.0 -1.0
vt 1.0 0.0
vt 0.0 0.0
vt 0.0 -1.0
vt 1.0 -1.0
vt 1.0 0.0
vt 0.0 0.0
vt 0.0 -1.0
vt 1.0 -1.0
vt 1.0 0.0
vt 0.0 0.0
vt 0.0 -1.0
vt 1.0 -1.0
vt 1.0 0.0
vt 0.0 0.0
vt 0.0 -1.0
vt 1.0 -1.0
vt 1.0 0.0
vt 0.0 0.0
vt 0.0 -1.0
vt 1.0 -1.0
vt 1.0 0.0
vt 0.0 0.0
vt 0.0 -1.0
vt 1.0 -1.0
vt 1.0 0.0
vt 0.0 0.0
vt 0.0 -1.0
vt 1.0 -1.0
vt 1.0 0.0
vt 0.0 0.0
vt 0.0 -1.0
vt 1.0 -1.0
vt 1.0 0.0
vt 0.0 0.0
vt 0.0 -1.0
vt 1.0 -1.0
vt 1.0 0.0
vt 0.0 0.0
vt 0.0 -1.0
vt 1.0 -1.0
vt 1.0 0.0
vt 0.0 0.0
vt 0.0 -1.0
vt 1.0 -1.0
vt 1.0 0.0
vt 0.0 0.0
vt 0.0 -1.0
vt 1.0 -1.0
vt 1.0 0.0
vt 0.0 0.0
vt 0.0 -1.0
vt 1.0 -1.0
vt 1.0 0.0
vt 0.0 0.0
vt 0.0 -1.0
vt 1.0 -1.0
vt 1.0 0.0
vt 0.0 0.0
vt 0.0 -1.0
vt 1.0 -1.0
vt 1.0 0.0
vt 0.0 0.0
vt 0.0 -1.0
vt 1.0 -1.0
vt 1.0 0.0
vt 0.0 0.0
vt 0.0 -1.0
vt 1.0 -1.0
vt 1.0 0.0
vt 0.0 0.0
vt 0.0 -1.0
vt 1.0 -1.0
vt 1.0 0.0
vt 0.0 0.0
vt 0.0 -1.0
vt 1.0 -1.0
vt 1.0 0.0
vt 0.0 0.0
vt 0.0 -1.0
vt 1.0 -1.0
vt 1.0 0.0
vt 0.0 0.0
vt 0.0 -1.0
vt 1.0 -1.0
vt 1.0 0.0
vt 0.0 0.0
vt 0.0 -1.0
vt 1.0 -1.0
vt 1.0 0.0
vt 0.0 0.0
vt 0.0 -1.0
vt 1.0 -1.0
vt 1.0 0.0
vt 0.0 0.0
vt 0.0 -1.0
vt 1.0 -1.0
vt 1.0 0.0
vt 0.0 0.0
vt 0.0 -1.0
vt 1.0 -1.0
vt 1.0 0.0
vt 0.0 0.0
vt 0.0 -1.0
vt 1.0 -1.0
vt 1.0 0.0
vt 0.0 0.0
vt 0.0 -1.0
vt 1.0 -1.0
vt 1.0 0.0
vt 0.0 0.0
vt 0.0 -1.0
vt 1.0 -1.0
vt 1.0 0.0
vt 0.0 0.0
vt 0.0 -1.0
vt 1.0 -1.0
vt 1.0 0.0
vt 0.0 0.0
vt 0.0 -1.0
vt 1.0 -1.0
vt 1.0 0.0
vt 0.0 0.0
vt 0.0 -1.0
vt 1.0 -1.0
vt 1.0 0.0
vt 0.0 0.0
vt 0.0 -1.0
vt 1.0 -1.0
vt 1.0 0.0
vt 0.0 0.0
vt 0.0 -1.0
vt 1.0 -1.0
vt 1.0 0.0
vt 0.0 0.0
vt 0.0 -1.0
vt 1.0 -1.0
vt 1.0 0.0
vt 0.0 0.0
vt 0.0 -1.0
vt 1.0 -1.0
vt 1.0 0.0
vt 0.0 0.0
vt 0.0 -1.0
vt 1.0 -1.0
vt 1.0 0.0
vt 0.0 0.0
vt 0.0 -1.0
vt 1.0 -1.0
vt 1.0 0.0
vt 0.0 0.0
vt 0.0 -1.0
vt 1.0 -1.0
vt 1.0 0.0
vt 0.0 0.0
vt 0.0 -1.0
vt 1.0 -1.0
vt 1.0 0.0
vt 0.0 0.0
vt 0.0 -1.0
vt 1.0 -1.0
vt 1.0 0.0
vt 0.0 0.0
vt 0.0 -1.0
vt 1.0 -1.0
vt 1.0 0.0
vt 0.0 0.0
vt 0.0 -1.0
vt 1.0 -1.0
vt 1.0 0.0
vt 0.0 0.0
vt 0.0 -1.0
vt 1.0 -1.0
vt 1.0 0.0
vt 0.0 0.0
vt 0.0 -1.0
vt 1.0 -1.0
vt 1.0 0.0
vt 0.0 0.0
vt 0.0 -1.0
vt 1.0 -1.0
vt 1.0 0.0
vt 0.0 0.0
vt 0.0 -1.0
vt 1.0 -1.0
vt 1.0 0.0
vt 0.0 0.0
vt 0.0 -1.0
vt 1.0 -1.0
vt 1.0 0.0
vt 0.0 0.0
vt 0.0 -1.0
vt 1.0 -1.0
vt 1.0 0.0
vt 0.0 0.0
vt 0.0 -1.0
vt 1.0 -1.0
vt 1.0 0.0
vt 0.0 0.0
vt 0.0 -1.0
vt 1.0 -1.0
vt 1.0 0.0
vt 0.0 0.0
vt 0.0 -1.0
vt 1.0 -1.0
vt 1.0 0.0
vt 0.0 0.0
vt 0.0 -1.0
vt 1.0 -1.0
vt 1.0 0.0
vt 0.0 0.0
vt 0.0 -1.0
vt 1.0 -1.0
vt 1.0 0.0
vt 0.0 0.0
vt 0.0 -1.0
vt 1.0 -1.0
vt 1.0 0.0
vt 0.0 0.0
vt 0.0 -1.0
vt 1.0 -1.0
vt 1.0 0.0
vt 0.0 0.0
vt 0.0 -1.0
vt 1.0 -1.0
vt 1.0 0.0
vt 0.0 0.0
vt 0.0 -1.0
vt 1.0 -1.0
vt 1.0 0.0
vt 0.0 0.0
vt 0.0 -1.0
vt 1.0 -1.0
vt 1.0 0.0
vt 0.0 0.0
vt 0.0 -1.0
vt 1.0 -1.0
vt 1.0 0.0
vt 0.0 0.0
vt 0.0 -1.0
vt 1.0 -1.0
vt 1.0 0.0
vt 0.0 0.0
vt 0.0 -1.0
vt 1.0 -1.0
vt 1.0 0.0
vt 0.0 0.0
vt 0.0 -1.0
vt 1.0 -1.0
vt 1.0 0.0
vt 0.0 0.0
vt 0.0 -1.0
vt 1.0 -1.0
vt 1.0 0.0
vt 0.0 0.0
vt 0.0 -1.0
vt 1.0 -1.0
vt 1.0 0.0
vt 0.0 0.0
vt 0.0 -1.0
vt 1.0 -1.0
vt 1.0 0.0
vt 0.0 0.0
vt 0.0 -1.0
vt 1.0 -1.0
vt 1.0 0.0
vt 0.0 0.0
vt 0.0 -1.0
vt 1.0 -1.0
vt 1.0 0.0
vt 0.0 0.0
vt 0.0 -1.0
vt 1.0 -1.0
vt 1.0 0.0
vt 0.0 0.0
vt 0.0 -1.0
vt 1.0 -1.0
vt 1.0 0.0
vt 0.0 0.0
vt 0.0 -1.0
vt 1.0 -1.0
vt 1.0 0.0
vt 0.0 0.0
vt 0.0 -1.0
vt 1.0 -1.0
vt 1.0 0.0
vt 0.0 0.0
vt 0.0 -1.0
vt 1.0 -1.0
vt 1.0 0.0
vt 0.0 0.0
vt 0.0 -1.0
vt 1.0 -1.0
vt 1.0 0.0
vt 0.0 0.0
vt 0.0 -1.0
vt 1.0 -1.0
vt 1.0 0.0
vt 0.0 0.0
vt 0.0 -1.0
vt 1.0 -1.0
vt 1.0 0.0
vt 0.0 0.0
vt 0.0 -1.0
vt 1.0 -1.0
vt 1.0 0.0
vt 0.0 0.0
vt 0.0 -1.0
vt 1.0 -1.0
vt 1.0 0.0
vt 0.0 0.0
vt 0.0 -1.0
vt 1.0 -1.0
vt 1.0 0.0
vt 0.0 0.0
vt 0.0 -1.0
vt 1.0 -1.0
vt 1.0 0.0
vt 0.0 0.0
vt 0.0 -1.0
vt 1.0 -1.0
vt 1.0 0.0
vt 0.0 0.0
vt 0.0 -1.0
vt 1.0 -1.0
vt 1.0 0.0
vt 0.0 0.0
vt 0.0 -1.0
vt 1.0 -1.0
vt 1.0 0.0
vt 0.0 0.0
vt 0.0 -1.0
vt 1.0 -1.0
vt 1.0 0.0
vt 0.0 0.0
vt 0.0 -1.0
vt 1.0 -1.0
vt 1.0 0.0
vt 0.0 0.0
vt 0.0 -1.0
vt 1.0 -1.0
vt 1.0 0.0
vt 0.0 0.0
vt 0.0 -1.0
vt 1.0 -1.0
vt 1.0 0.0
vt 0.0 0.0
vt 0.0 -1.0
vt 1.0 -1.0
vt 1.0 0.0
vt 0.0 0.0
vt 0.0 -1.0
vt 1.0 -1.0
vt 1.0 0.0
vt 0.0 0.0
vt 0.0 -1.0
vt 1.0 -1.0
vt 1.0 0.0
vt 0.0 0.0
vt 0.0 -1.0
vt 1.0 -1.0
vt 1.0 0.0
vt 0.0 0.0
vt 0.0 -1.0
vt 1.0 -1.0
vt 1.0 0.0
vt 0.0 0.0
vt 0.0 -1.0
vt 1.0 -1.0
vt 1.0 0.0
vt 0.0 0.0
vt 0.0 -1.0
vt 1.0 -1.0
vt 1.0 0.0
vt 0.0 0.0
vt 0.0 -1.0
vt 1.0 -1.0
vt 1.0 0.0
vt 0.0 0.0
vt 0.0 -1.0
vt 1.0 -1.0
vt 1.0 0.0
vt 0.0 0.0
vt 0.0 -1.0
vt 1.0 -1.0
vt 1.0 0.0
vt 0.0 0.0
vt 0.0 -1.0
vt 1.0 -1.0
vt 1.0 0.0
vt 0.0 0.0
vt 0.0 -1.0
vt 1.0 -1.0
vt 1.0 0.0
vt 0.0 0.0
vt 0.0 -1.0
vt 1.0 -1.0
vt 1.0 0.0
vt 0.0 0.0
vt 0.0 -1.0
vt 1.0 -1.0
vt 1.0 0.0
vt 0.0 0.0
vt 0.0 -1.0
vt 1.0 -1.0
vt 1.0 0.0
vt 0.0 0.0
vt 0.0 -1.0
vt 1.0 -1.0
vt 1.0 0.0
vt 0.0 0.0
vt 0.0 -1.0
vt 1.0 -1.0
vt 1.0 0.0
vt 0.0 0.0
vt 0.0 -1.0
vt 1.0 -1.0
vt 1.0 0.0
vt 0.0 0.0
vt 0.0 -1.0
vt 1.0 -1.0
vt 1.0 0.0
vt 0.0 0.0
vt 0.0 -1.0
vt 1.0 -1.0
vt 1.0 0.0
vt 0.0 0.0
vt 0.0 -1.0
vt 1.0 -1.0
vt 1.0 0.0
vt 0.0 0.0
vt 0.0 -1.0
vt 1.0 -1.0
vt 1.0 0.0
vt 0.0 0.0
vt 0.0 -1.0
vt 1.0 -1.0
vt 1.0 0.0
vt 0.0 0.0
vt 0.0 -1.0
vt 1.0 -1.0
vt 1.0 0.0
vt 0.0 0.0
vt 0.0 -1.0
vt 1.0 -1.0
vt 1.0 0.0
vt 0.0 0.0
vt 0.0 -1.0
vt 1.0 -1.0
vt 1.0 0.0
vt 0.0 0.0
vt 0.0 -1.0
vt 1.0 -1.0
vt 1.0 0.0
vt 0.0 0.0
vt 0.0 -1.0
vt 1.0 -1.0
vt 1.0 0.0
vt 0.0 0.0
vt 0.0 -1.0
vt 1.0 -1.0
vt 1.0 0.0
vt 0.0 0.0
vt 0.0 -1.0
vt 1.0 -1.0
vt 1.0 0.0
vt 0.0 0.0
vt 0.0 -1.0
vt 1.0 -1.0
vt 1.0 0.0
vt 0.0 0.0
vt 0.0 -1.0
vt 1.0 -1.0
vt 1.0 0.0
vt 0.0 0.0
vt 0.0 -1.0
vt 1.0 -1.0
vt 1.0 0.0
vt 0.0 0.0
vt 0.0 -1.0
vt 1.0 -1.0
vt 1.0 0.0
vt 0.0 0.0
vt 0.0 -1.0
vt 1.0 -1.0
vt 1.0 0.0
vt 0.0 0.0
vt 0.0 -1.0
vt 1.0 -1.0
vt 1.0 0.0
vt 0.0 0.0
vt 0.0 -1.0
vt 1.0 -1.0
vt 1.0 0.0
vt 0.0 0.0
vt 0.0 -1.0
vt 1.0 -1.0
vt 1.0 0.0
vt 0.0 0.0
vt 0.0 -1.0
vt 1.0 -1.0
vt 1.0 0.0
vt 0.0 0.0
vt 0.0 -1.0
vt 1.0 -1.0
vt 1.0 0.0
vt 0.0 0.0
vt 0.0 -1.0
vt 1.0 -1.0
vt 1.0 0.0
vt 0.0 0.0
vt 0.0 -1.0
vt 1.0 -1.0
vt 1.0 0.0
vt 0.0 0.0
vt 0.0 -1.0
vt 1.0 -1.0
vt 1.0 0.0
vt 0.0 0.0
vt 0.0 -1.0
vt 1.0 -1.0
vt 1.0 0.0
vt 0.0 0.0
vt 0.0 -1.0
vt 1.0 -1.0
vt 1.0 0.0
vt 0.0 0.0
vt 0.0 -1.0
vt 1.0 -1.0
vt 1.0 0.0
vt 0.0 0.0
vt 0.0 -1.0
vt 1.0 -1.0
vt 1.0 0.0
vt 0.0 0.0
vt 0.0 -1.0
vt 1.0 -1.0
vt 1.0 0.0
vt 0.0 0.0
vt 0.0 -1.0
vt 1.0 -1.0
vt 1.0 0.0
vt 0.0 0.0
vt 0.0 -1.0
vt 1.0 -1.0
vt 1.0 0.0
vt 0.0 0.0
vt 0.0 -1.0
vt 1.0 -1.0
vt 1.0 0.0
vt 0.0 0.0
vt 0.0 -1.0
vt 1.0 -1.0
vt 1.0 0.0
vt 0.0 0.0
vt 0.0 -1.0
vt 1.0 -1.0
vt 1.0 0.0
vt 0.0 0.0
vt 0.0 -1.0
vt 1.0 -1.0
vt 1.0 0.0
vt 0.0 0.0
vt 0.0 -1.0
vt 1.0 -1.0
vt 1.0 0.0
vt 0.0 0.0
vt 0.0 -1.0
vt 1.0 -1.0
vt 1.0 0.0
vt 0.0 0.0
vt 0.0 -1.0
vt 1.0 -1.0
vt 1.0 0.0
vt 0.0 0.0
vt 0.0 -1.0
vt 1.0 -1.0
vt 1.0 0.0
vt 0.0 0.0
vt 0.0 -1.0
vt 1.0 -1.0
vt 1.0 0.0
vt 0.0 0.0
vt 0.0 -1.0
vt 1.0 -1.0
vt 1.0 0.0
vt 0.0 0.0
vt 0.0 -1.0
vt 1.0 -1.0
vt 1.0 0.0
vt 0.0 0.0
vt 0.0 -1.0
vt 1.0 -1.0
vt 1.0 0.0
vt 0.0 0.0
vt 0.0 -1.0
vt 1.0 -1.0
vt 1.0 0.0
vt 0.0 0.0
vt 0.0 -1.0
vt 1.0 -1.0
vt 1.0 0.0
vt 0.0 0.0
vt 0.0 -1.0
vt 1.0 -1.0
vt 1.0 0.0
vt 0.0 0.0
vt 0.0 -1.0
vt 1.0 -1.0
vt 1.0 0.0
vt 0.0 0.0
vt 0.0 -1.0
vt 1.0 -1.0
vt 1.0 0.0
vt 0.0 0.0
vt 0.0 -1.0
vt 1.0 -1.0
vt 1.0 0.0
vt 0.0 0.0
vt 0.0 -1.0
vt 1.0 -1.0
vt 1.0 0.0
vt 0.0 0.0
vt 0.0 -1.0
vt 1.0 -1.0
vt 1.0 0.0
vt 0.0 0.0
vt 0.0 -1.0
vt 1.0 -1.0
vt 1.0 0.0
vt 0.0 0.0
vt 0.0 -1.0
vt 1.0 -1.0
vt 1.0 0.0
vt 0.0 0.0
vt 0.0 -1.0
vt 1.0 -1.0
vt 1.0 0.0
vt 0.0 0.0
vt 0.0 -1.0
vt 1.0 -1.0
vt 1.0 0.0
vt 0.0 0.0
vt 0.0 -1.0
vt 1.0 -1.0
vt 1.0 0.0
vt 0.0 0.0
vt 0.0 -1.0
vt 1.0 -1.0
vt 1.0 0.0
vt 0.0 0.0
vt 0.0 -1.0
vt 1.0 -1.0
vt 1.0 0.0
vt 0.0 0.0
vt 0.0 -1.0
vt 1.0 -1.0
vt 1.0 0.0
vt 0.0 0.0
vt 0.0 -1.0
vt 1.0 -1.0
vt 1.0 0.0
vt 0.0 0.0
vt 0.0 -1.0
vt 1.0 -1.0
vt 1.0 0.0
vt 0.0 0.0
vt 0.0 -1.0
vt 1.0 -1.0
vt 1.0 0.0
vt 0.0 0.0
vt 0.0 -1.0
vt 1.0 -1.0
vt 1.0 0.0
vt 0.0 0.0
vt 0.0 -1.0
vt 1.0 -1.0
vt 1.0 0.0
vt 0.0 0.0
vt 0.0 -1.0
vt 1.0 -1.0
vt 1.0 0.0
vt 0.0 0.0
vt 0.0 -1.0
vt 1.0 -1.0
vt 1.0 0.0
vt 0.0 0.0
vt 0.0 -1.0
vt 1.0 -1.0
vt 1.0 0.0
vt 0.0 0.0
vt 0.0 -1.0
vt 1.0 -1.0
vt 1.0 0.0
vt 0.0 0.0
vt 0.0 -1.0
vt 1.0 -1.0
vt 1.0 0.0
vt 0.0 0.0
vt 0.0 -1.0
vt 1.0 -1.0
vt 1.0 0.0
vt 0.0 0.0
vt 0.0 -1.0
vt 1.0 -1.0
vt 1.0 0.0
vt 0.0 0.0
vt 0.0 -1.0
vt 1.0 -1.0
vt 1.0 0.0
vt 0.0 0.0
vt 0.0 -1.0
vt 1.0 -1.0
vt 1.0 0.0
vt 0.0 0.0
vt 0.0 -1.0
vt 1.0 -1.0
vt 1.0 0.0
vt 0.0 0.0
vt 0.0 -1.0
vt 1.0 -1.0
vt 1.0 0.0
vt 0.0 0.0
vt 0.0 -1.0
vt 1.0 -1.0
vt 1.0 0.0
vt 0.0 0.0
vt 0.0 -1.0
vt 1.0 -1.0
vt 1.0 0.0
vt 0.0 0.0
vt 0.0 -1.0
vt 1.0 -1.0
vt 1.0 0.0
vt 0.0 0.0
vt 0.0 -1.0
vt 1.0 -1.0
vt 1.0 0.0
vt 0.0 0.0
vt 0.0 -1.0
vt 1.0 -1.0
vt 1.0 0.0
vt 0.0 0.0
vt 0.0 -1.0
vt 1.0 -1.0
vt 1.0 0.0
vt 0.0 0.0
vt 0.0 -1.0
vt 1.0 -1.0
vt 1.0 0.0
vt 0.0 0.0
vt 0.0 -1.0
vt 1.0 -1.0
vt 1.0 0.0
vt 0.0 0.0
vt 0.0 -1.0
vt 1.0 -1.0
vt 1.0 0.0
vt 0.0 0.0
vt 0.0 -1.0
vt 1.0 -1.0
vt 1.0 0.0
vt 0.0 0.0
vt 0.0 -1.0
vt 1.0 -1.0
vt 1.0 0.0
vt 0.0 0.0
vt 0.0 -1.0
vt 1.0 -1.0
vt 1.0 0.0
vt 0.0 0.0
vt 0.0 -1.0
vt 1.0 -1.0
vt 1.0 0.0
vt 0.0 0.0
vt 0.0 -1.0
vt 1.0 -1.0
vt 1.0 0.0
vt 0.0 0.0
vt 0.0 -1.0
vt 1.0 -1.0
vt 1.0 0.0
vt 0.0 0.0
vt 0.0 -1.0
vt 1.0 -1.0
vt 1.0 0.0
vt 0.0 0.0
vt 0.0 -1.0
vt 1.0 -1.0
vt 1.0 0.0
vt 0.0 0.0
vt 0.0 -1.0
vt 1.0 -1.0
vt 1.0 0.0
vt 0.0 0.0
vt 0.0 -1.0
vt 1.0 -1.0
vt 1.0 0.0
vt 0.0 0.0
vt 0.0 -1.0
vt 1.0 -1.0
vt 1.0 0.0
vt 0.0 0.0
vt 0.0 -1.0
vt 1.0 -1.0
vt 1.0 0.0
vt 0.0 0.0
vt 0.0 -1.0
vt 1.0 -1.0
vt 1.0 0.0
vt 0.0 0.0
vt 0.0 -1.0
vt 1.0 -1.0
vt 1.0 0.0
vt 0.0 0.0
vt 0.0 -1.0
vt 1.0 -1.0
vt 1.0 0.0
vt 0.0 0.0
vt 0.0 -1.0
vt 1.0 -1.0
vt 1.0 0.0
vt 0.0 0.0
vt 0.0 -1.0
vt 1.0 -1.0
vt 1.0 0.0
vt 0.0 0.0
vt 0.0 -1.0
vt 1.0 -1.0
vt 1.0 0.0
vt 0.0 0.0
vt 0.0 -1.0
vt 1.0 -1.0
vt 1.0 0.0
vt 0.0 0.0
vt 0.0 -1.0
vt 1.0 -1.0
vt 1.0 0.0
vt 0.0 0.0
vt 0.0 -1.0
vt 1.0 -1.0
vt 1.0 0.0
vt 0.0 0.0
vt 0.0 -1.0
vt 1.0 -1.0
vt 1.0 0.0
vt 0.0 0.0
vt 0.0 -1.0
vt 1.0 -1.0
vt 1.0 0.0
vt 0.0 0.0
vt 0.0 -1.0
vt 1.0 -1.0
vt 1.0 0.0
vt 0.0 0.0
vt 0.0 -1.0
vt 1.0 -1.0
vt 1.0 0.0
vt 0.0 0.0
vt 0.0 -1.0
vt 1.0 -1.0
vt 1.0 0.0
vt 0.0 0.0
vt 0.0 -1.0
vt 1.0 -1.0
vt 1.0 0.0
vt 0.0 0.0
vt 0.0 -1.0
vt 1.0 -1.0
vt 1.0 0.0
vt 0.0 0.0
vt 0.0 -1.0
vt 1.0 -1.0
vt 1.0 0.0
vt 0.0 0.0
vt 0.0 -1.0
vt 1.0 -1.0
vt 1.0 0.0
vt 0.0 0.0
vt 0.0 -1.0
vt 1.0 -1.0
vt 1.0 0.0
vt 0.0 0.0
vt 0.0 -1.0
vt 1.0 -1.0
vt 1.0 0.0
vt 0.0 0.0
vt 0.0 -1.0
vt 1.0 -1.0
vt 1.0 0.0
vt 0.0 0.0
vt 0.0 -1.0
vt 1.0 -1.0
vt 1.0 0.0
vt 0.0 0.0
vt 0.0 -1.0
vt 1.0 -1.0
vt 1.0 0.0
vt 0.0 0.0
vt 0.0 -1.0
vt 1.0 -1.0
vt 1.0 0.0
vt 0.0 0.0
vt 0.0 -1.0
vt 1.0 -1.0
vt 1.0 0.0
vt 0.0 0.0
vt 0.0 -1.0
vt 1.0 -1.0
vt 1.0 0.0
vt 0.0 0.0
vt 0.0 -1.0
vt 1.0 -1.0
vt 1.0 0.0
vt 0.0 0.0
vt 0.0 -1.0
vt 1.0 -1.0
vt 1.0 0.0
vt 0.0 0.0
vt 0.0 -1.0
vt 1.0 -1.0
vt 1.0 0.0
vt 0.0 0.0
vt 0.0 -1.0
vt 1.0 -1.0
vt 1.0 0.0
vt 0.0 0.0
vt 0.0 -1.0
vt 1.0 -1.0
vt 1.0 0.0
vt 0.0 0.0
vt 0.0 -1.0
vt 1.0 -1.0
vt 1.0 0.0
vt 0.0 0.0
vt 0.0 -1.0
vt 1.0 -1.0
vt 1.0 0.0
vt 0.0 0.0
vt 0.0 -1.0
vt 1.0 -1.0
vt 1.0 0.0
vt 0.0 0.0
vt 0.0 -1.0
vt 1.0 -1.0
vt 1.0 0.0
vt 0.0 0.0
vt 0.0 -1.0
vt 1.0 -1.0
vt 1.0 0.0
vt 0.0 0.0
vt 0.0 -1.0
vt 1.0 -1.0
vt 1.0 0.0
vt 0.0 0.0
vt 0.0 -1.0
vt 1.0 -1.0
vt 1.0 0.0
vt 0.0 0.0
vt 0.0 -1.0
vt 1.0 -1.0
vt 1.0 0.0
vt 0.0 0.0
vt 0.0 -1.0
vt 1.0 -1.0
vt 1.0 0.0
vt 0.0 0.0
vt 0.0 -1.0
vt 1.0 -1.0
vt 1.0 0.0
vt 0.0 0.0
vt 0.0 -1.0
vt 1.0 -1.0
vt 1.0 0.0
vt 0.0 0.0
vt 0.0 -1.0
vt 1.0 -1.0
vt 1.0 0.0
vt 0.0 0.0
vt 0.0 -1.0
vt 1.0 -1.0
vt 1.0 0.0
vt 0.0 0.0
vt 0.0 -1.0
vt 1.0 -1.0
vt 1.0 0.0
vt 0.0 0.0
vt 0.0 -1.0
vt 1.0 -1.0
vt 1.0 0.0
vt 0.0 0.0
vt 0.0 -1.0
vt 1.0 -1.0
vt 1.0 0.0
vt 0.0 0.0
vt 0.0 -1.0
vt 1.0 -1.0
vt 1.0 0.0
vt 0.0 0.0
vt 0.0 -1.0
vt 1.0 -1.0
vt 1.0 0.0
vt 0.0 0.0
vt 0.0 -1.0
vt 1.0 -1.0
vt 1.0 0.0
vt 0.0 0.0
vt 0.0 -1.0
vt 1.0 -1.0
vt 1.0 0.0
vt 0.0 0.0
vt 0.0 -1.0
vt 1.0 -1.0
vt 1.0 0.0
vt 0.0 0.0
vt 0.0 -1.0
vt 1.0 -1.0
vt 1.0 0.0
vt 0.0 0.0
vt 0.0 -1.0
vt 1.0 -1.0
vt 1.0 0.0
vt 0.0 0.0
vt 0.0 -1.0
vt 1.0 -1.0
vt 1.0 0.0
vt 0.0 0.0
vt 0.0 -1.0
vt 1.0 -1.0
vt 1.0 0.0
vt 0.0 0.0
vt 0.0 -1.0
vt 1.0 -1.0
vt 1.0 0.0
vt 0.0 0.0
vt 0.0 -1.0
vt 1.0 -1.0
vt 1.0 0.0
vt 0.0 0.0
vt 0.0 -1.0
vt 1.0 -1.0
vt 1.0 0.0
vt 0.0 0.0
vt 0.0 -1.0
vt 1.0 -1.0
vt 1.0 0.0
vt 0.0 0.0
vt 0.0 -1.0
vt 1.0 -1.0
vt 1.0 0.0
vt 0.0 0.0
vt 0.0 -1.0
vt 1.0 -1.0
vt 1.0 0.0
vt 0.0 0.0
vt 0.0 -1.0
vt 1.0 -1.0
vt 1.0 0.0
vt 0.0 0.0
vt 0.0 -1.0
vt 1.0 -1.0
vt 1.0 0.0
vt 0.0 0.0
vt 0.0 -1.0
vt 1.0 -1.0
vt 1.0 0.0
vt 0.0 0.0
vt 0.0 -1.0
vt 1.0 -1.0
vt 1.0 0.0
vt 0.0 0.0
vt 0.0 -1.0
vt 1.0 -1.0
vt 1.0 0.0
vt 0.0 0.0
vt 0.0 -1.0
vt 1.0 -1.0
vt 1.0 0.0
vt 0.0 0.0
vt 0.0 -1.0
vt 1.0 -1.0
vt 1.0 0.0
vt 0.0 0.0
vt 0.0 -1.0
vt 1.0 -1.0
vt 1.0 0.0
vt 0.0 0.0
vt 0.0 -1.0
vt 1.0 -1.0
vt 1.0 0.0
vt 0.0 0.0
vt 0.0 -1.0
vt 1.0 -1.0
vt 1.0 0.0
vt 0.0 0.0
vt 0.0 -1.0
vt 1.0 -1.0
vt 1.0 0.0
vt 0.0 0.0
vt 0.0 -1.0
vt 1.0 -1.0
vt 1.0 0.0
vt 0.0 0.0
vt 0.0 -1.0
vt 1.0 -1.0
vt 1.0 0.0
vt 0.0 0.0
vt 0.0 -1.0
vt 1.0 -1.0
vt 1.0 0.0
vt 0.0 0.0
vt 0.0 -1.0
vt 1.0 -1.0
vt 1.0 0.0
vt 0.0 0.0
vt 0.0 -1.0
vt 1.0 -1.0
vt 1.0 0.0
vt 0.0 0.0
vt 0.0 -1.0
vt 1.0 -1.0
vt 1.0 0.0
vt 0.0 0.0
vt 0.0 -1.0
vt 1.0 -1.0
vt 1.0 0.0
vt 0.0 0.0
vt 0.0 -1.0
vt 1.0 -1.0
vt 1.0 0.0
vt 0.0 0.0
vt 0.0 -1.0
vt 1.0 -1.0
vt 1.0 0.0
vt 0.0 0.0
vt 0.0 -1.0
vt 1.0 -1.0
vt 1.0 0.0
vt 0.0 0.0
vt 0.0 -1.0
vt 1.0 -1.0
vt 1.0 0.0
vt 0.0 0.0
vt 0.0 -1.0
vt 1.0 -1.0
vt 1.0 0.0
vt 0.0 0.0
vt 0.0 -1.0
vt 1.0 -1.0
vt 1.0 0.0
vt 0.0 0.0
vt 0.0 -1.0
vt 1.0 -1.0
vt 1.0 0.0
vt 0.0 0.0
vt 0.0 -1.0
vt 1.0 -1.0
vt 1.0 0.0
vt 0.0 0.0
vt 0.0 -1.0
vt 1.0 -1.0
vt 1.0 0.0
vt 0.0 0.0
vt 0.0 -1.0
vt 1.0 -1.0
vt 1.0 0.0
vt 0.0 0.0
vt 0.0 -1.0
vt 1.0 -1.0
vt 1.0 0.0
vt 0.0 0.0
vt 0.0 -1.0
vt 1.0 -1.0
vt 1.0 0.0
vt 0.0 0.0
vt 0.0 -1.0
vt 1.0 -1.0
vt 1.0 0.0
vt 0.0 0.0
vt 0.0 -1.0
vt 1.0 -1.0
vt 1.0 0.0
vt 0.0 0.0
vt 0.0 -1.0
vt 1.0 -1.0
vt 1.0 0.0
vt 0.0 0.0
vt 0.0 -1.0
vt 1.0 -1.0
vt 1.0 0.0
vt 0.0 0.0
vt 0.0 -1.0
vt 1.0 -1.0
vt 1.0 0.0
vt 0.0 0.0
vt 0.0 -1.0
vt 1.0 -1.0
vt 1.0 0.0
vt 0.0 0.0
vt 0.0 -1.0
vt 1.0 -1.0
vt 1.0 0.0
vt 0.0 0.0
vt 0.0 -1.0
vt 1.0 -1.0
vt 1.0 0.0
vt 0.0 0.0
vt 0.0 -1.0
vt 1.0 -1.0
vt 1.0 0.0
vt 0.0 0.0
vt 0.0 -1.0
vt 1.0 -1.0
vt 1.0 0.0
vt 0.0 0.0
vt 0.0 -1.0
vt 1.0 -1.0
vt 1.0 0.0
vt 0.0 0.0
vt 0.0 -1.0
vt 1.0 -1.0
vt 1.0 0.0
vt 0.0 0.0
vt 0.0 -1.0
vt 1.0 -1.0
vt 1.0 0.0
vt 0.0 0.0
vt 0.0 -1.0
vt 1.0 -1.0
vt 1.0 0.0
vt 0.0 0.0
vt 0.0 -1.0
vt 1.0 -1.0
vt 1.0 0.0
vt 0.0 0.0
vt 0.0 -1.0
vt 1.0 -1.0
vt 1.0 0.0
vt 0.0 0.0
vt 0.0 -1.0
vt 1.0 -1.0
vt 1.0 0.0
vt 0.0 0.0
vt 0.0 -1.0
vt 1.0 -1.0
vt 1.0 0.0
vt 0.0 0.0
vt 0.0 -1.0
vt 1.0 -1.0
vt 1.0 0.0
vt 0.0 0.0
vt 0.0 -1.0
vt 1.0 -1.0
vt 1.0 0.0
vt 0.0 0.0
vt 0.0 -1.0
vt 1.0 -1.0
vt 1.0 0.0
vt 0.0 0.0
vt 0.0 -1.0
vt 1.0 -1.0
vt 1.0 0.0
vt 0.0 0.0
vt 0.0 -1.0
vt 1.0 -1.0
vt 1.0 0.0
vt 0.0 0.0
vt 0.0 -1.0
vt 1.0 -1.0
vt 1.0 0.0
vt 0.0 0.0
vt 0.0 -1.0
vt 1.0 -1.0
vt 1.0 0.0
vt 0.0 0.0
vt 0.0 -1.0
vt 1.0 -1.0
vt 1.0 0.0
vt 0.0 0.0
vt 0.0 -1.0
vt 1.0 -1.0
vt 1.0 0.0
vt 0.0 0.0
vt 0.0 -1.0
vt 1.0 -1.0
vt 1.0 0.0
vt 0.0 0.0
vt 0.0 -1.0
vt 1.0 -1.0
vt 1.0 0.0
vt 0.0 0.0
vt 0.0 -1.0
vt 1.0 -1.0
vt 1.0 0.0
vt 0.0 0.0
vt 0.0 -1.0
vt 1.0 -1.0
vt 1.0 0.0
vt 0.0 0.0
vt 0.0 -1.0
vt 1.0 -1.0
vt 1.0 0.0
vt 0.0 0.0
vt 0.0 -1.0
vt 1.0 -1.0
vt 1.0 0.0
vt 0.0 0.0
vt 0.0 -1.0
vt 1.0 -1.0
vt 1.0 0.0
vt 0.0 0.0
vt 0.0 -1.0
vt 1.0 -1.0
vt 1.0 0.0
vt 0.0 0.0
vt 0.0 -1.0
vt 1.0 -1.0
vt 1.0 0.0
vt 0.0 0.0
vt 0.0 -1.0
vt 1.0 -1.0
vt 1.0 0.0
vt 0.0 0.0
vt 0.0 -1.0
vt 1.0 -1.0
vt 1.0 0.0
vt 0.0 0.0
vt 0.0 -1.0
vt 1.0 -1.0
vt 1.0 0.0
vt 0.0 0.0
vt 0.0 -1.0
vt 1.0 -1.0
vt 1.0 0.0
vt 0.0 0.0
vt 0.0 -1.0
vt 1.0 -1.0
vt 1.0 0.0
vt 0.0 0.0
vt 0.0 -1.0
vt 1.0 -1.0
vt 1.0 0.0
vt 0.0 0.0
vt 0.0 -1.0
vt 1.0 -1.0
vt 1.0 0.0
vt 0.0 0.0
vt 0.0 -1.0
vt 1.0 -1.0
vt 1.0 0.0
vt 0.0 0.0
vt 0.0 -1.0
vt 1.0 -1.0
vt 1.0 0.0
vt 0.0 0.0
vt 0.0 -1.0
vt 1.0 -1.0
vt 1.0 0.0
vt 0.0 0.0
vt 0.0 -1.0
vt 1.0 -1.0
vt 1.0 0.0
vt 0.0 0.0
vt 0.0 -1.0
vt 1.0 -1.0
vt 1.0 0.0
vt 0.0 0.0
vt 0.0 -1.0
vt 1.0 -1.0
vt 1.0 0.0
vt 0.0 0.0
vt 0.0 -1.0
vt 1.0 -1.0
vt 1.0 0.0
vt 0.0 0.0
vt 0.0 -1.0
vt 1.0 -1.0
vt 1.0 0.0
vt 0.0 0.0
vt 0.0 -1.0
vt 1.0 -1.0
vt 1.0 0.0
vt 0.0 0.0
vt 0.0 -1.0
vt 1.0 -1.0
vt 1.0 0.0
vt 0.0 0.0
vt 0.0 -1.0
vt 1.0 -1.0
vt 1.0 0.0
vt 0.0 0.0
vt 0.0 -1.0
vt 1.0 -1.0
vt 1.0 0.0
vt 0.0 0.0
vt 0.0 -1.0
vt 1.0 -1.0
vt 1.0 0.0
vt 0.0 0.0
vt 0.0 -1.0
vt 1.0 -1.0
vt 1.0 0.0
vt 0.0 0.0
vt 0.0 -1.0
vt 1.0 -1.0
vt 1.0 0.0
vt 0.0 0.0
vt 0.0 -1.0
vt 1.0 -1.0
vt 1.0 0.0
vt 0.0 0.0
vt 0.0 -1.0
vt 1.0 -1.0
vt 1.0 0.0
vt 0.0 0.0
vt 0.0 -1.0
vt 1.0 -1.0
vt 1.0 0.0
vt 0.0 0.0
vt 0.0 -1.0
vt 1.0 -1.0
vt 1.0 0.0
vt 0.0 0.0
vt 0.0 -1.0
vt 1.0 -1.0
vt 1.0 0.0
vt 0.0 0.0
vt 0.0 -1.0
vt 1.0 -1.0
vt 1.0 0.0
vt 0.0 0.0
vt 0.0 -1.0
vt 1.0 -1.0
vt 1.0 0.0
vt 0.0 0.0
vt 0.0 -1.0
vt 1.0 -1.0
vt 1.0 0.0
vt 0.0 0.0
vt 0.0 -1.0
vt 1.0 -1.0
vt 1.0 0.0
vt 0.0 0.0
vt 0.0 -1.0
vt 1.0 -1.0
vt 1.0 0.0
vt 0.0 0.0
vt 0.0 -1.0
vt 1.0 -1.0
vt 1.0 0.0
vt 0.0 0.0
vt 0.0 -1.0
vt 1.0 -1.0
vt 1.0 0.0
vt 0.0 0.0
vt 0.0 -1.0
vt 1.0 -1.0
vt 1.0 0.0
vt 0.0 0.0
vt 0.0 -1.0
vt 1.0 -1.0
vt 1.0 0.0
vt 0.0 0.0
vt 0.0 -1.0
vt 1.0 -1.0
vt 1.0 0.0
vt 0.0 0.0
vt 0.0 -1.0
vt 1.0 -1.0
vt 1.0 0.0
vt 0.0 0.0
vt 0.0 -1.0
vt 1.0 -1.0
vt 1.0 0.0
vt 0.0 0.0
vt 0.0 -1.0
vt 1.0 -1.0
vt 1.0 0.0
vt 0.0 0.0
vt 0.0 -1.0
vt 1.0 -1.0
vt 1.0 0.0
vt 0.0 0.0
vt 0.0 -1.0
vt 1.0 -1.0
vt 1.0 0.0
vt 0.0 0.0
vt 0.0 -1.0
vt 1.0 -1.0
vt 1.0 0.0
vt 0.0 0.0
vt 0.0 -1.0
vt 1.0 -1.0
vt 1.0 0.0
vt 0.0 0.0
vt 0.0 -1.0
vt 1.0 -1.0
vt 1.0 0.0
vt 0.0 0.0
vt 0.0 -1.0
vt 1.0 -1.0
vt 1.0 0.0
vt 0.0 0.0
vt 0.0 -1.0
vt 1.0 -1.0
vt 1.0 0.0
vt 0.0 0.0
vt 0.0 -1.0
vt 1.0 -1.0
vt 1.0 0.0
vt 0.0 0.0
vt 0.0 -1.0
vt 1.0 -1.0
vt 1.0 0.0
vt 0.0 0.0
vt 0.0 -1.0
vt 1.0 -1.0
vt 1.0 0.0
vt 0.0 0.0
vt 0.0 -1.0
vt 1.0 -1.0
vt 1.0 0.0
vt 0.0 0.0
vt 0.0 -1.0
vt 1.0 -1.0
vt 1.0 0.0
vt 0.0 0.0
vt 0.0 -1.0
vt 1.0 -1.0
vt 1.0 0.0
vt 0.0 0.0
vt 0.0 -1.0
vt 1.0 -1.0
vt 1.0 0.0
vt 0.0 0.0
vt 0.0 -1.0
vt 1.0 -1.0
vt 1.0 0.0
vt 0.0 0.0
vt 0.0 -1.0
vt 1.0 -1.0
vt 1.0 0.0
vt 0.0 0.0
vt 0.0 -1.0
vt 1.0 -1.0
vt 1.0 0.0
vt 0.0 0.0
vt 0.0 -1.0
vt 1.0 -1.0
vt 1.0 0.0
vt 0.0 0.0
vt 0.0 -1.0
vt 1.0 -1.0
vt 1.0 0.0
vt 0.0 0.0
vt 0.0 -1.0
vt 1.0 -1.0
vt 1.0 0.0
vt 0.0 0.0
vt 0.0 -1.0
vt 1.0 -1.0
vt 1.0 0.0
vt 0.0 0.0
vt 0.0 -1.0
vt 1.0 -1.0
vt 1.0 0.0
vt 0.0 0.0
vt 0.0 -1.0
vt 1.0 -1.0
vt 1.0 0.0
vt 0.0 0.0
vt 0.0 -1.0
vt 1.0 -1.0
vt 1.0 0.0
vt 0.0 0.0
vt 0.0 -1.0
vt 1.0 -1.0
vt 1.0 0.0
vt 0.0 0.0
vt 0.0 -1.0
vt 1.0 -1.0
vt 1.0 0.0
vt 0.0 0.0
vt 0.0 -1.0
vt 1.0 -1.0
vt 1.0 0.0
vt 0.0 0.0
vt 0.0 -1.0
vt 1.0 -1.0
vt 1.0 0.0
vt 0.0 0.0
vt 0.0 -1.0
vt 1.0 -1.0
vt 1.0 0.0
vt 0.0 0.0
vt 0.0 -1.0
vt 1.0 -1.0
vt 1.0 0.0
vt 0.0 0.0
vt 0.0 -1.0
vt 1.0 -1.0
vt 1.0 0.0
vt 0.0 0.0
vt 0.0 -1.0
vt 1.0 -1.0
vt 1.0 0.0
vt 0.0 0.0
vt 0.0 -1.0
vt 1.0 -1.0
vt 1.0 0.0
vt 0.0 0.0
vt 0.0 -1.0
vt 1.0 -1.0
vt 1.0 0.0
vt 0.0 0.0
vt 0.0 -1.0
vt 1.0 -1.0
vt 1.0 0.0
vt 0.0 0.0
vt 0.0 -1.0
vt 1.0 -1.0
vt 1.0 0.0
vt 0.0 0.0
vt 0.0 -1.0
vt 1.0 -1.0
vt 1.0 0.0
vt 0.0 0.0
vt 0.0 -1.0
vt 1.0 -1.0
vt 1.0 0.0
vt 0.0 0.0
vt 0.0 -1.0
vt 1.0 -1.0
vt 1.0 0.0
vt 0.0 0.0
vt 0.0 -1.0
vt 1.0 -1.0
vt 1.0 0.0
vt 0.0 0.0
vt 0.0 -1.0
vt 1.0 -1.0
vt 1.0 0.0
vt 0.0 0.0
vt 0.0 -1.0
vt 1.0 -1.0
vt 1.0 0.0
vt 0.0 0.0
vt 0.0 -1.0
vt 1.0 -1.0
vt 1.0 0.0
vt 0.0 0.0
vt 0.0 -1.0
vt 1.0 -1.0
vt 1.0 0.0
vt 0.0 0.0
vt 0.0 -1.0
vt 1.0 -1.0
vt 1.0 0.0
vt 0.0 0.0
vt 0.0 -1.0
vt 1.0 -1.0
vt 1.0 0.0
vt 0.0 0.0
vt 0.0 -1.0
vt 1.0 -1.0
vt 1.0 0.0
vt 0.0 0.0
vt 0.0 -1.0
vt 1.0 -1.0
vt 1.0 0.0
vt 0.0 0.0
vt 0.0 -1.0
vt 1.0 -1.0
vt 1.0 0.0
vt 0.0 0.0
vt 0.0 -1.0
vt 1.0 -1.0
vt 1.0 0.0
vt 0.0 0.0
vt 0.0 -1.0
vt 1.0 -1.0
vt 1.0 0.0
vt 0.0 0.0
vt 0.0 -1.0
vt 1.0 -1.0
vt 1.0 0.0
vt 0.0 0.0
vt 0.0 -1.0
vt 1.0 -1.0
vt 1.0 0.0
vt 0.0 0.0
vt 0.0 -1.0
vt 1.0 -1.0
vt 1.0 0.0
vt 0.0 0.0
vt 0.0 -1.0
vt 1.0 -1.0
vt 1.0 0.0
vt 0.0 0.0
vt 0.0 -1.0
vt 1.0 -1.0
vt 1.0 0.0
vt 0.0 0.0
vt 0.0 -1.0
vt 1.0 -1.0
vt 1.0 0.0
vt 0.0 0.0
vt 0.0 -1.0
vt 1.0 -1.0
vt 1.0 0.0
vt 0.0 0.0
vt 0.0 -1.0
vt 1.0 -1.0
vt 1.0 0.0
vt 0.0 0.0
vt 0.0 -1.0
vt 1.0 -1.0
vt 1.0 0.0
vt 0.0 0.0
vt 0.0 -1.0
vt 1.0 -1.0
vt 1.0 0.0
vt 0.0 0.0
vt 0.0 -1.0
vt 1.0 -1.0
vt 1.0 0.0
vt 0.0 0.0
vt 0.0 -1.0
vt 1.0 -1.0
vt 1.0 0.0
vt 0.0 0.0
vt 0.0 -1.0
vt 1.0 -1.0
vt 1.0 0.0
vt 0.0 0.0
vt 0.0 -1.0
vt 1.0 -1.0
vt 1.0 0.0
vt 0.0 0.0
vt 0.0 -1.0
vt 1.0 -1.0
vt 1.0 0.0
vt 0.0 0.0
vt 0.0 -1.0
vt 1.0 -1.0
vt 1.0 0.0
vt 0.0 0.0
vt 0.0 -1.0
vt 1.0 -1.0
vt 1.0 0.0
vt 0.0 0.0
vt 0.0 -1.0
vt 1.0 -1.0
vt 1.0 0.0
vt 0.0 0.0
vt 0.0 -1.0
vt 1.0 -1.0
vt 1.0 0.0
vt 0.0 0.0
vt 0.0 -1.0
vt 1.0 -1.0
vt 1.0 0.0
vt 0.0 0.0
vt 0.0 -1.0
vt 1.0 -1.0
vt 1.0 0.0
vt 0.0 0.0
vt 0.0 -1.0
vt 1.0 -1.0
vt 1.0 0.0
vt 0.0 0.0
vt 0.0 -1.0
vt 1.0 -1.0
vt 1.0 0.0
vt 0.0 0.0
vt 0.0 -1.0
vt 1.0 -1.0
vt 1.0 0.0
vt 0.0 0.0
vt 0.0 -1.0
vt 1.0 -1.0
vt 1.0 0.0
vt 0.0 0.0
vt 0.0 -1.0
vt 1.0 -1.0
vt 1.0 0.0
vt 0.0 0.0
vt 0.0 -1.0
vt 1.0 -1.0
vn 0.0 -0.0 1.0
vn 0.0 -0.7714 0.6364
vn 0.0 -0.7712 0.6365
vn 0.0 -0.0 1.0
vn 0.0 -0.7714 0.6364
vn 0.0 -0.7712 0.6365
vn 0.0 -0.0 1.0
vn 0.0 -0.7714 0.6364
vn 0.0 -0.7712 0.6365
vn 0.0 -0.0 1.0
vn 0.0 -0.7714 0.6364
vn 0.0 -0.7712 0.6365
vn 0.0 -0.0 1.0
vn 0.0 -0.7714 0.6364
vn 0.0 -0.7712 0.6365
vn -0.0 -0.0 1.0
vn -0.0 0.0 1.0
vn 0.0 -0.0 1.0
vn 0.0 -0.7714 0.6364
vn 0.0 -0.7712 0.6365
vn 0.0 -0.0 1.0
vn 0.0 -0.7714 0.6364
vn 0.0 -0.7712 0.6365
vn 0.0 -0.0 1.0
vn 0.0 -0.7714 0.6364
vn 0.0 -0.7712 0.6365
vn 0.0 -0.0 1.0
vn 0.0 -0.7714 0.6364
vn 0.0 -0.7712 0.6365
vn 0.0 -0.0 1.0
vn 0.0 -0.7714 0.6364
vn 0.0 -0.7712 0.6365
vn 0.0 -0.0 1.0
vn 0.0 -0.7714 0.6364
vn 0.0 -0.7712 0.6365
vn 0.0 -0.0 1.0
vn 0.0 -0.7714 0.6364
vn 0.0 -0.7712 0.6365
vn 0.0 -0.0 1.0
vn 0.0 -0.7714 0.6364
vn 0.0 -0.7712 0.6365
vn 0.0 -0.0 1.0
vn 0.0 -0.7714 0.6364
vn 0.0 -0.7712 0.6365
vn 0.0 -0.0 1.0
vn 0.0 -0.7714 0.6364
vn 0.0 -0.7712 0.6365
vn 0.0 -0.0 1.0
vn 0.0 -0.7714 0.6364
vn 0.0 -0.7712 0.6365
vn 0.0 -0.0 1.0
vn 0.0 -0.7714 0.6364
vn 0.0 -0.7712 0.6365
vn 0.0 -0.0 1.0
vn 0.0 -0.7714 0.6364
vn 0.0 -0.7712 0.6365
vn 0.0 -0.0 1.0
vn 0.0 -0.7714 0.6364
vn 0.0 -0.7712 0.6365
vn 0.0 -0.0 1.0
vn 0.0 -0.7714 0.6364
vn 0.0 -0.7712 0.6365
vn 0.0 -0.0 1.0
vn 0.0 -0.7714 0.6364
vn 0.0 -0.7712 0.6365
vn 0.0 -0.0 1.0
vn 0.0 -0.7714 0.6364
vn 0.0 -0.7712 0.6365
vn 0.0 -0.0 1.0
vn 0.0 -0.7714 0.6364
vn 0.0 -0.7712 0.6365
vn 0.0 -0.0 1.0
vn 0.0 -0.7714 0.6364
vn 0.0 -0.7712 0.6365
vn 0.0 -0.0 1.0
vn 0.0 -0.7714 0.6364
vn 0.0 -0.7712 0.6365
vn 0.0 -0.0 1.0
vn 0.0 -0.7714 0.6364
vn 0.0 -0.7712 0.6365
vn 0.0 -0.0 1.0
vn 0.0 -0.7714 0.6364
vn 0.0 -0.7712 0.6365
vn 0.0 -0.0 1.0
vn 0.0 -0.7714 0.6364
vn 0.0 -0.7712 0.6365
vn 0.0 -0.0 1.0
vn 0.0 -0.7714 0.6364
vn 0.0 -0.7712 0.6365
vn 0.0 -0.0 1.0
vn 0.0 -0.7714 0.6364
vn 0.0 -0.7712 0.6365
vn 0.0 -0.0 1.0
vn 0.0 -0.7714 0.6364
vn 0.0 -0.7712 0.6365
vn 0.0 -0.0 1.0
vn 0.0 -0.7714 0.6364
vn 0.0 -0.7712 0.6365
vn 0.0 -0.0 1.0
vn 0.0 -0.7714 0.6364
vn 0.0 -0.7712 0.6365
vn 0.0 -0.0 1.0
vn 0.0 -0.7714 0.6364
vn 0.0 -0.7712 0.6365
vn 0.0 -0.0 1.0
vn 0.0 -0.7714 0.6364
vn 0.0 -0.7712 0.6365
vn 0.0 -0.0 1.0
vn 0.0 -0.7714 0.6364
vn 0.0 -0.7712 0.6365
vn 0.0 -0.0 1.0
vn 0.0 -0.7714 0.6364
vn 0.0 -0.7712 0.6365
vn 0.0 -0.0 1.0
vn 0.0 -0.7714 0.6364
vn 0.0 -0.7712 0.6365
vn 0.0 -0.0 1.0
vn 0.0 -0.7714 0.6364
vn 0.0 -0.7712 0.6365
vn 0.0 -0.0 1.0
vn 0.0 -0.7714 0.6364
vn 0.0 -0.7712 0.6365
vn 0.0 -0.0 1.0
vn 0.0 -0.7714 0.6364
vn 0.0 -0.7712 0.6365
vn 0.0 -0.0 1.0
vn 0.0 -0.7714 0.6364
vn 0.0 -0.7712 0.6365
vn 0.0 -0.0 1.0
vn 0.0 -0.7714 0.6364
vn 0.0 -0.7712 0.6365
vn 0.0 -0.0 1.0
vn 0.0 -0.7714 0.6364
vn 0.0 -0.7712 0.6365
vn 0.0 -0.0 1.0
vn 0.0 -0.7714 0.6364
vn 0.0 -0.7712 0.6365
vn 0.0 -0.0 1.0
vn 0.0 -0.7714 0.6364
vn 0.0 -0.7712 0.6365
vn 0.0 -0.0 1.0
vn 0.0 -0.7714 0.6364
vn 0.0 -0.7712 0.6365
vn 0.0 -0.0 1.0
vn 0.0 -0.7714 0.6364
vn 0.0 -0.7712 0.6365
vn 0.0 -0.0 1.0
vn 0.0 -0.7714 0.6364
vn 0.0 -0.7712 0.6365
vn 0.0 -0.0 1.0
vn 0.0 -0.7714 0.6364
vn 0.0 -0.7712 0.6365
vn 0.0 -0.0 1.0
vn 0.0 -0.7714 0.6364
vn 0.0 -0.7712 0.6365
vn 0.0 -0.0 1.0
vn 0.0 -0.7714 0.6364
vn 0.0 -0.7712 0.6365
vn 0.0 -0.0 1.0
vn 0.0 -0.7714 0.6364
vn 0.0 -0.7712 0.6365
vn 0.0 -0.0 1.0
vn 0.0 -0.7714 0.6364
vn 0.0 -0.7712 0.6365
vn 0.0 -0.0 1.0
vn 0.0 -0.7714 0.6364
vn 0.0 -0.7712 0.6365
vn 0.0 -0.0 1.0
vn 0.0 -0.7714 0.6364
vn 0.0 -0.7712 0.6365
vn 0.0 -0.0 1.0
vn 0.0 -0.7714 0.6364
vn 0.0 -0.7712 0.6365
vn 0.0 -0.0 1.0
vn 0.0 -0.7714 0.6364
vn 0.0 -0.7712 0.6365
vn 0.0 -0.0 1.0
vn 0.0 -0.7714 0.6364
vn 0.0 -0.7712 0.6365
vn 0.0 -0.0 1.0
vn 0.0 -0.7714 0.6364
vn 0.0 -0.7712 0.6365
vn 0.0 -0.0 1.0
vn 0.0 -0.7714 0.6364
vn 0.0 -0.7712 0.6365
vn 0.0 -0.0 1.0
vn 0.0 -0.7714 0.6364
vn 0.0 -0.7712 0.6365
vn 0.0 -0.0 1.0
vn 0.0 -0.7714 0.6364
vn 0.0 -0.7712 0.6365
vn 0.0 -0.0 1.0
vn 0.0 -0.7714 0.6364
vn 0.0 -0.7712 0.6365
vn 0.0 -0.0 1.0
vn 0.0 -0.7714 0.6364
vn 0.0 -0.7712 0.6365
vn 0.0 -0.0 1.0
vn 0.0 -0.7714 0.6364
vn 0.0 -0.7712 0.6365
vn 0.0 -0.0 1.0
vn 0.0 -0.7714 0.6364
vn 0.0 -0.7712 0.6365
vn 0.0 -0.0 1.0
vn 0.0 -0.7714 0.6364
vn 0.0 -0.7712 0.6365
vn 0.0 -0.0 1.0
vn 0.0 -0.7714 0.6364
vn 0.0 -0.7712 0.6365
vn 0.0 -0.0 1.0
vn 0.0 -0.7714 0.6364
vn 0.0 -0.7712 0.6365
vn 0.0 -0.0 1.0
vn 0.0 -0.7714 0.6364
vn 0.0 -0.7712 0.6365
vn 0.0 -0.0 1.0
vn 0.0 -0.7714 0.6364
vn 0.0 -0.7712 0.6365
vn 0.0 -0.0 1.0
vn 0.0 -0.7714 0.6364
vn 0.0 -0.7712 0.6365
vn 0.0 -0.0 1.0
vn 0.0 -0.7714 0.6364
vn 0.0 -0.7712 0.6365
vn 0.0 -0.0 1.0
vn 0.0 -0.7714 0.6364
vn 0.0 -0.7712 0.6365
vn 0.0 -0.0 1.0
vn 0.0 -0.7714 0.6364
vn 0.0 -0.7712 0.6365
vn 0.0 -0.0 1.0
vn 0.0 -0.7714 0.6364
vn 0.0 -0.7712 0.6365
vn 0.0 -0.0 1.0
vn 0.0 -0.7714 0.6364
vn 0.0 -0.7712 0.6365
vn 0.0 -0.0 1.0
vn 0.0 -0.7714 0.6364
vn 0.0 -0.7712 0.6365
vn 0.0 -0.0 1.0
vn 0.0 -0.7714 0.6364
vn 0.0 -0.7712 0.6365
vn 0.0 -0.0 1.0
vn 0.0 -0.7714 0.6364
vn 0.0 -0.7712 0.6365
vn 0.0 -0.0 1.0
vn 0.0 -0.7714 0.6364
vn 0.0 -0.7712 0.6365
vn 0.0 -0.0 1.0
vn 0.0 -0.7714 0.6364
vn 0.0 -0.7712 0.6365
vn 0.0 -0.0 1.0
vn 0.0 -0.7714 0.6364
vn 0.0 -0.7712 0.6365
vn 0.0 -0.0 1.0
vn 0.0 -0.7714 0.6364
vn 0.0 -0.7712 0.6365
vn 0.0 -0.0 1.0
vn 0.0 -0.7714 0.6364
vn 0.0 -0.7712 0.6365
vn 0.0 -0.0 1.0
vn 0.0 -0.7714 0.6364
vn 0.0 -0.7712 0.6365
vn 0.0 -0.0 1.0
vn 0.0 -0.7714 0.6364
vn 0.0 -0.7712 0.6365
vn 0.0 -0.0 1.0
vn 0.0 -0.7714 0.6364
vn 0.0 -0.7712 0.6365
vn 0.0 -0.0 1.0
vn 0.0 -0.7714 0.6364
vn 0.0 -0.7712 0.6365
vn 0.0 -0.0 1.0
vn 0.0 -0.7714 0.6364
vn 0.0 -0.7712 0.6365
vn 0.0 -0.0 1.0
vn 0.0 -0.7714 0.6364
vn 0.0 -0.7712 0.6365
vn 0.0 -0.0 1.0
vn 0.0 -0.7714 0.6364
vn 0.0 -0.7712 0.6365
vn 0.0 -0.0 1.0
vn 0.0 -0.7714 0.6364
vn 0.0 -0.7712 0.6365
vn 0.0 -0.0 1.0
vn 0.0 -0.7714 0.6364
vn 0.0 -0.7712 0.6365
vn 0.0 -0.0 1.0
vn 0.0 -0.7714 0.6364
vn 0.0 -0.7712 0.6365
vn 0.0 -0.0 1.0
vn 0.0 -0.7714 0.6364
vn 0.0 -0.7712 0.6365
vn 0.0 -0.0 1.0
vn 0.0 -0.7714 0.6364
vn 0.0 -0.7712 0.6365
vn 0.0 -0.0 1.0
vn 0.0 -0.7714 0.6364
vn 0.0 -0.7712 0.6365
vn 0.0 -0.0 1.0
vn 0.0 -0.7714 0.6364
vn 0.0 -0.7712 0.6365
vn 0.0 -0.0 1.0
vn 0.0 -0.7714 0.6364
vn 0.0 -0.7712 0.6365
vn 0.0 -0.0 1.0
vn 0.0 -0.7714 0.6364
vn 0.0 -0.7712 0.6365
vn 0.0 -0.0 1.0
vn 0.0 -0.7714 0.6364
vn 0.0 -0.7712 0.6365
vn 0.0 -0.0 1.0
vn 0.0 -0.7714 0.6364
vn 0.0 -0.7712 0.6365
vn 0.0 -0.0 1.0
vn 0.0 -0.7714 0.6364
vn 0.0 -0.7712 0.6365
vn 0.0 -0.0 1.0
vn 0.0 -0.7714 0.6364
vn 0.0 -0.7712 0.6365
vn 0.0 -0.0 1.0
vn 0.0 -0.7714 0.6364
vn 0.0 -0.7712 0.6365
vn 0.0 -0.0 1.0
vn 0.0 -0.7714 0.6364
vn 0.0 -0.7712 0.6365
vn 0.0 -0.0 1.0
vn 0.0 -0.7714 0.6364
vn 0.0 -0.7712 0.6365
vn 0.0 -0.0 1.0
vn 0.0 -0.7714 0.6364
vn 0.0 -0.7712 0.6365
vn 0.0 -0.0 1.0
vn 0.0 -0.7714 0.6364
vn 0.0 -0.7712 0.6365
vn 0.0 -0.0 1.0
vn 0.0 -0.7714 0.6364
vn 0.0 -0.7712 0.6365
vn 0.0 -0.0 1.0
vn 0.0 -0.7714 0.6364
vn 0.0 -0.7712 0.6365
vn 0.0 -0.0 1.0
vn 0.0 -0.7714 0.6364
vn 0.0 -0.7712 0.6365
vn 0.0 -0.0 1.0
vn 0.0 -0.7714 0.6364
vn 0.0 -0.7712 0.6365
vn 0.0 -0.0 1.0
vn 0.0 -0.7714 0.6364
vn 0.0 -0.7712 0.6365
vn 0.0 -0.0 1.0
vn 0.0 -0.7714 0.6364
vn 0.0 -0.7712 0.6365
vn 0.0 -0.0 1.0
vn 0.0 -0.7714 0.6364
vn 0.0 -0.7712 0.6365
vn 0.0 -0.0 1.0
vn 0.0 -0.7714 0.6364
vn 0.0 -0.7712 0.6365
vn 0.0 -0.0 1.0
vn 0.0 -0.7714 0.6364
vn 0.0 -0.7712 0.6365
vn 0.0 -0.0 1.0
vn 0.0 -0.7714 0.6364
vn 0.0 -0.7712 0.6365
vn 0.0 -0.0 1.0
vn 0.0 -0.7714 0.6364
vn 0.0 -0.7712 0.6365
vn 0.0 -0.0 1.0
vn 0.0 -0.7714 0.6364
vn 0.0 -0.7712 0.6365
vn 0.0 -0.0 1.0
vn 0.0 -0.7714 0.6364
vn 0.0 -0.7712 0.6365
vn 0.0 -0.0 1.0
vn 0.0 -0.7714 0.6364
vn 0.0 -0.7712 0.6365
vn 0.0 -0.0 1.0
vn 0.0 -0.7714 0.6364
vn 0.0 -0.7712 0.6365
vn 0.0 -0.0 1.0
vn 0.0 -0.7714 0.6364
vn 0.0 -0.7712 0.6365
vn 0.0 -0.0 1.0
vn 0.0 -0.7714 0.6364
vn 0.0 -0.7712 0.6365
vn 0.0 -0.0 1.0
vn 0.0 -0.7714 0.6364
vn 0.0 -0.7712 0.6365
vn 0.0 -0.0 1.0
vn 0.0 -0.7714 0.6364
vn 0.0 -0.7712 0.6365
vn 0.0 -0.0 1.0
vn 0.0 -0.7714 0.6364
vn 0.0 -0.7712 0.6365
vn 0.0 -0.0 1.0
vn 0.0 -0.7714 0.6364
vn 0.0 -0.7712 0.6365
vn 0.0 -0.0 1.0
vn 0.0 -0.7714 0.6364
vn 0.0 -0.7712 0.6365
vn 0.0 -0.0 1.0
vn 0.0 -0.7714 0.6364
vn 0.0 -0.7712 0.6365
vn 0.0 -0.0 1.0
vn 0.0 -0.7714 0.6364
vn 0.0 -0.7712 0.6365
vn 0.0 -0.0 1.0
vn 0.0 -0.7714 0.6364
vn 0.0 -0.7712 0.6365
vn 0.0 -0.0 1.0
vn 0.0 -0.7714 0.6364
vn 0.0 -0.7712 0.6365
vn 0.0 -0.0 1.0
vn 0.0 -0.7714 0.6364
vn 0.0 -0.7712 0.6365
vn 0.0 -0.0 1.0
vn 0.0 -0.7714 0.6364
vn 0.0 -0.7712 0.6365
vn 0.0 -0.0 1.0
vn 0.0 -0.7714 0.6364
vn 0.0 -0.7712 0.6365
vn 0.0 -0.0 1.0
vn 0.0 -0.7714 0.6364
vn 0.0 -0.7712 0.6365
vn 0.0 -0.0 1.0
vn 0.0 -0.7714 0.6364
vn 0.0 -0.7712 0.6365
vn 0.0 -0.0 1.0
vn 0.0 -0.7714 0.6364
vn 0.0 -0.7712 0.6365
vn 0.0 -0.0 1.0
vn 0.0 -0.7714 0.6364
vn 0.0 -0.7712 0.6365
vn 0.0 -0.0 1.0
vn 0.0 -0.7714 0.6364
vn 0.0 -0.7712 0.6365
vn 0.0 -0.0 1.0
vn 0.0 -0.7714 0.6364
vn 0.0 -0.7712 0.6365
vn 0.0 -0.0 1.0
vn 0.0 -0.7714 0.6364
vn 0.0 -0.7712 0.6365
vn 0.0 -0.0 1.0
vn 0.0 -0.7714 0.6364
vn 0.0 -0.7712 0.6365
vn 0.0 -0.0 1.0
vn 0.0 -0.7714 0.6364
vn 0.0 -0.7712 0.6365
vn 0.0 -0.0 1.0
vn 0.0 -0.7714 0.6364
vn 0.0 -0.7712 0.6365
vn 0.0 -0.0 1.0
vn 0.0 -0.7714 0.6364
vn 0.0 -0.7712 0.6365
vn 0.0 -0.0 1.0
vn 0.0 -0.7714 0.6364
vn 0.0 -0.7712 0.6365
vn 0.0 -0.0 1.0
vn 0.0 -0.7714 0.6364
vn 0.0 -0.7712 0.6365
vn 0.0 -0.0 1.0
vn 0.0 -0.7714 0.6364
vn 0.0 -0.7712 0.6365
vn 0.0 -0.0 1.0
vn 0.0 -0.7714 0.6364
vn 0.0 -0.7712 0.6365
vn 0.0 -0.0 1.0
vn 0.0 -0.7714 0.6364
vn 0.0 -0.7712 0.6365
vn 0.0 -0.0 1.0
vn 0.0 -0.7714 0.6364
vn 0.0 -0.7712 0.6365
vn 0.0 -0.0 1.0
vn 0.0 -0.7714 0.6364
vn 0.0 -0.7712 0.6365
vn 0.0 -0.0 1.0
vn 0.0 -0.7714 0.6364
vn 0.0 -0.7712 0.6365
vn 0.0 -0.0 1.0
vn 0.0 -0.7714 0.6364
vn 0.0 -0.7712 0.6365
vn 0.0 -0.0 1.0
vn 0.0 -0.7714 0.6364
vn 0.0 -0.7712 0.6365
vn 0.0 -0.0 1.0
vn 0.0 -0.7714 0.6364
vn 0.0 -0.7712 0.6365
vn 0.0 -0.0 1.0
vn 0.0 -0.7714 0.6364
vn 0.0 -0.7712 0.6365
vn 0.0 -0.0 1.0
vn 0.0 -0.7714 0.6364
vn 0.0 -0.7712 0.6365
vn 0.0 -0.0 1.0
vn 0.0 -0.7714 0.6364
vn 0.0 -0.7712 0.6365
vn 0.0 -0.0 1.0
vn 0.0 -0.7714 0.6364
vn 0.0 -0.7712 0.6365
vn 0.0 -0.0 1.0
vn 0.0 -0.7714 0.6364
vn 0.0 -0.7712 0.6365
vn 0.0 -0.0 1.0
vn 0.0 -0.7714 0.6364
vn 0.0 -0.7712 0.6365
vn 0.0 -0.0 1.0
vn 0.0 -0.7714 0.6364
vn 0.0 -0.7712 0.6365
vn 0.0 -0.0 1.0
vn 0.0 -0.7714 0.6364
vn 0.0 -0.7712 0.6365
vn 0.0 -0.0 1.0
vn 0.0 -0.7714 0.6364
vn 0.0 -0.7712 0.6365
vn 0.0 -0.0 1.0
vn 0.0 -0.7714 0.6364
vn 0.0 -0.7712 0.6365
vn 0.0 -0.0 1.0
vn 0.0 -0.7714 0.6364
vn 0.0 -0.7712 0.6365
vn 0.0 -0.0 1.0
vn 0.0 -0.7714 0.6364
vn 0.0 -0.7712 0.6365
vn 0.0 -0.0 1.0
vn 0.0 -0.7714 0.6364
vn 0.0 -0.7712 0.6365
vn 0.0 -0.0 1.0
vn 0.0 -0.7714 0.6364
vn 0.0 -0.7712 0.6365
vn 0.0 -0.0 1.0
vn 0.0 -0.7714 0.6364
vn 0.0 -0.7712 0.6365
vn 0.0 -0.0 1.0
vn 0.0 -0.7714 0.6364
vn 0.0 -0.7712 0.6365
vn 0.0 -0.0 1.0
vn 0.0 -0.7714 0.6364
vn 0.0 -0.7712 0.6365
vn 0.0 -0.0 1.0
vn 0.0 -0.7714 0.6364
vn 0.0 -0.7712 0.6365
vn 0.0 -0.0 1.0
vn 0.0 -0.7714 0.6364
vn 0.0 -0.7712 0.6365
vn 0.0 -0.0 1.0
vn 0.0 -0.7714 0.6364
vn 0.0 -0.7712 0.6365
vn 0.0 -0.0 1.0
vn 0.0 -0.7714 0.6364
vn 0.0 -0.7712 0.6365
vn 0.0 -0.0 1.0
vn 0.0 -0.7714 0.6364
vn 0.0 -0.7712 0.6365
vn 0.0 -0.0 1.0
vn 0.0 -0.7714 0.6364
vn 0.0 -0.7712 0.6365
vn 0.0 -0.0 1.0
vn 0.0 -0.7714 0.6364
vn 0.0 -0.7712 0.6365
vn 0.0 -0.0 1.0
vn 0.0 -0.7714 0.6364
vn 0.0 -0.7712 0.6365
vn 0.0 -0.0 1.0
vn 0.0 -0.7714 0.6364
vn 0.0 -0.7712 0.6365
vn 0.0 -0.0 1.0
vn 0.0 -0.7714 0.6364
vn 0.0 -0.7712 0.6365
vn 0.0 -0.0 1.0
vn 0.0 -0.7714 0.6364
vn 0.0 -0.7712 0.6365
vn 0.0 -0.0 1.0
vn 0.0 -0.7714 0.6364
vn 0.0 -0.7712 0.6365
vn 0.0 -0.0 1.0
vn 0.0 -0.7714 0.6364
vn 0.0 -0.7712 0.6365
vn 0.0 -0.0 1.0
vn 0.0 -0.7714 0.6364
vn 0.0 -0.7712 0.6365
vn 0.0 -0.0 1.0
vn 0.0 -0.7714 0.6364
vn 0.0 -0.7712 0.6365
vn 0.0 -0.0 1.0
vn 0.0 -0.7714 0.6364
vn 0.0 -0.7712 0.6365
vn 0.0 -0.0 1.0
vn 0.0 -0.7714 0.6364
vn 0.0 -0.7712 0.6365
vn 0.0 -0.0 1.0
vn 0.0 -0.7714 0.6364
vn 0.0 -0.7712 0.6365
vn 0.0 -0.0 1.0
vn 0.0 -0.7714 0.6364
vn 0.0 -0.7712 0.6365
vn 0.0 -0.0 1.0
vn 0.0 -0.7714 0.6364
vn 0.0 -0.7712 0.6365
vn 0.0 -0.0 1.0
vn 0.0 -0.7714 0.6364
vn 0.0 -0.7712 0.6365
vn 0.0 -0.0 1.0
vn 0.0 -0.7714 0.6364
vn 0.0 -0.7712 0.6365
vn 0.0 -0.0 1.0
vn 0.0 -0.7714 0.6364
vn 0.0 -0.7712 0.6365
vn 0.0 -0.0 1.0
vn 0.0 -0.7714 0.6364
vn 0.0 -0.7712 0.6365
vn 0.0 -0.0 1.0
vn 0.0 -0.7714 0.6364
vn 0.0 -0.7712 0.6365
vn 0.0 -0.0 1.0
vn 0.0 -0.7714 0.6364
vn 0.0 -0.7712 0.6365
vn 0.0 -0.0 1.0
vn 0.0 -0.7714 0.6364
vn 0.0 -0.7712 0.6365
vn 0.0 -0.0 1.0
vn 0.0 -0.7714 0.6364
vn 0.0 -0.7712 0.6365
vn 0.0 -0.0 1.0
vn 0.0 -0.7714 0.6364
vn 0.0 -0.7712 0.6365
vn 0.0 -0.0 1.0
vn 0.0 -0.7714 0.6364
vn 0.0 -0.7712 0.6365
vn 0.0 -0.0 1.0
vn 0.0 -0.7714 0.6364
vn 0.0 -0.7712 0.6365
vn 0.0 -0.0 1.0
vn 0.0 -0.7714 0.6364
vn 0.0 -0.7712 0.6365
vn 0.0 -0.0 1.0
vn 0.0 -0.7714 0.6364
vn 0.0 -0.7712 0.6365
vn 0.0 -0.0 1.0
vn 0.0 -0.7714 0.6364
vn 0.0 -0.7712 0.6365
vn 0.0 -0.0 1.0
vn 0.0 -0.7714 0.6364
vn 0.0 -0.7712 0.6365
vn 0.0 -0.0 1.0
vn 0.0 -0.7714 0.6364
vn 0.0 -0.7712 0.6365
vn 0.0 -0.0 1.0
vn 0.0 -0.7714 0.6364
vn 0.0 -0.7712 0.6365
vn 0.0 -0.0 1.0
vn 0.0 -0.7714 0.6364
vn 0.0 -0.7712 0.6365
vn 0.0 -0.0 1.0
vn 0.0 -0.7714 0.6364
vn 0.0 -0.7712 0.6365
vn 0.0 -0.0 1.0
vn 0.0 -0.7714 0.6364
vn 0.0 -0.7712 0.6365
vn 0.0 -0.0 1.0
vn 0.0 -0.7714 0.6364
vn 0.0 -0.7712 0.6365
vn 0.0 -0.0 1.0
vn 0.0 -0.7714 0.6364
vn 0.0 -0.7712 0.6365
vn 0.0 -0.0 1.0
vn 0.0 -0.7714 0.6364
vn 0.0 -0.7712 0.6365
vn 0.0 -0.0 1.0
vn 0.0 -0.7714 0.6364
vn 0.0 -0.7712 0.6365
vn 0.0 -0.0 1.0
vn 0.0 -0.7714 0.6364
vn 0.0 -0.7712 0.6365
vn 0.0 -0.0 1.0
vn 0.0 -0.7714 0.6364
vn 0.0 -0.7712 0.6365
vn 0.0 -0.0 1.0
vn 0.0 -0.7714 0.6364
vn 0.0 -0.7712 0.6365
vn 0.0 -0.0 1.0
vn 0.0 -0.7714 0.6364
vn 0.0 -0.7712 0.6365
vn 0.0 -0.0 1.0
vn 0.0 -0.7714 0.6364
vn 0.0 -0.7712 0.6365
vn 0.0 -0.0 1.0
vn 0.0 -0.7714 0.6364
vn 0.0 -0.7712 0.6365
vn 0.0 -0.0 1.0
vn 0.0 -0.7714 0.6364
vn 0.0 -0.7712 0.6365
vn 0.0 -0.0 1.0
vn 0.0 -0.7714 0.6364
vn 0.0 -0.7712 0.6365
vn 0.0 -0.0 1.0
vn 0.0 -0.7714 0.6364
vn 0.0 -0.7712 0.6365
vn 0.0 -0.0 1.0
vn 0.0 -0.7714 0.6364
vn 0.0 -0.7712 0.6365
vn 0.0 -0.0 1.0
vn 0.0 -0.7714 0.6364
vn 0.0 -0.7712 0.6365
vn 0.0 -0.0 1.0
vn 0.0 -0.7714 0.6364
vn 0.0 -0.7712 0.6365
vn 0.0 -0.0 1.0
vn 0.0 -0.7714 0.6364
vn 0.0 -0.7712 0.6365
vn 0.0 -0.0 1.0
vn 0.0 -0.7714 0.6364
vn 0.0 -0.7712 0.6365
vn 0.0 -0.0 1.0
vn 0.0 -0.7714 0.6364
vn 0.0 -0.7712 0.6365
vn 0.0 -0.0 1.0
vn 0.0 -0.7714 0.6364
vn 0.0 -0.7712 0.6365
vn 0.0 -0.0 1.0
vn 0.0 -0.7714 0.6364
vn 0.0 -0.7712 0.6365
vn 0.0 -0.0 1.0
vn 0.0 -0.7714 0.6364
vn 0.0 -0.7712 0.6365
vn 0.0 -0.0 1.0
vn 0.0 -0.7714 0.6364
vn 0.0 -0.7712 0.6365
vn 0.0 -0.0 1.0
vn 0.0 -0.7714 0.6364
vn 0.0 -0.7712 0.6365
vn 0.0 -0.0 1.0
vn 0.0 -0.7714 0.6364
vn 0.0 -0.7712 0.6365
vn 0.0 -0.0 1.0
vn 0.0 -0.7714 0.6364
vn 0.0 -0.7712 0.6365
vn 0.0 -0.0 1.0
vn 0.0 -0.7714 0.6364
vn 0.0 -0.7712 0.6365
vn 0.0 -0.0 1.0
vn 0.0 -0.7714 0.6364
vn 0.0 -0.7712 0.6365
vn 0.0 -0.0 1.0
vn 0.0 -0.7714 0.6364
vn 0.0 -0.7712 0.6365
vn 0.0 -0.0 1.0
vn 0.0 -0.7714 0.6364
vn 0.0 -0.7712 0.6365
vn 0.0 -0.0 1.0
vn 0.0 -0.7714 0.6364
vn 0.0 -0.7712 0.6365
vn 0.0 -0.0 1.0
vn 0.0 -0.7714 0.6364
vn 0.0 -0.7712 0.6365
vn 0.0 -0.0 1.0
vn 0.0 -0.7714 0.6364
vn 0.0 -0.7712 0.6365
vn 0.0 -0.0 1.0
vn 0.0 -0.7714 0.6364
vn 0.0 -0.7712 0.6365
vn 0.0 -0.0 1.0
vn 0.0 -0.7714 0.6364
vn 0.0 -0.7712 0.6365
c 1.0 1.0 1.0
c 1.0 1.0 1.0
c 1.0 1.0 1.0
c 1.0 1.0 1.0
c 1.0 1.0 1.0
c 1.0 1.0 1.0
c 1.0 1.0 1.0
c 1.0 1.0 1.0
c 1.0 1.0 1.0
c 1.0 1.0 1.0
c 1.0 1.0 1.0
c 1.0 1.0 1.0
c 1.0 1.0 1.0
c 1.0 1.0 1.0
c 1.0 1.0 1.0
c 1.0 1.0 1.0
c 1.0 1.0 1.0
c 1.0 1.0 1.0
c 1.0 1.0 1.0
c 1.0 1.0 1.0
c 1.0 1.0 1.0
c 1.0 1.0 1.0
c 1.0 1.0 1.0
c 1.0 1.0 1.0
c 1.0 1.0 1.0
c 1.0 1.0 1.0
c 1.0 1.0 1.0
c 1.0 1.0 1.0
c 1.0 1.0 1.0
c 1.0 1.0 1.0
c 1.0 1.0 1.0
c 1.0 1.0 1.0
c 1.0 1.0 1.0
c 1.0 1.0 1.0
c 1.0 1.0 1.0
c 1.0 1.0 1.0
c 1.0 1.0 1.0
c 1.0 1.0 1.0
c 1.0 1.0 1.0
c 1.0 1.0 1.0
c 1.0 1.0 1.0
c 1.0 1.0 1.0
c 1.0 1.0 1.0
c 1.0 1.0 1.0
c 1.0 1.0 1.0
c 1.0 1.0 1.0
c 1.0 1.0 1.0
c 1.0 1.0 1.0
c 1.0 1.0 1.0
c 1.0 1.0 1.0
c 1.0 1.0 1.0
c 1.0 1.0 1.0
c 1.0 1.0 1.0
c 1.0 1.0 1.0
c 1.0 1.0 1.0
c 1.0 1.0 1.0
c 1.0 1.0 1.0
c 1.0 1.0 1.0
c 1.0 1.0 1.0
c 1.0 1.0 1.0
c 1.0 1.0 1.0
c 1.0 1.0 1.0
c 1.0 1.0 1.0
c 1.0 1.0 1.0
c 1.0 1.0 1.0
c 1.0 1.0 1.0
c 1.0 1.0 1.0
c 1.0 1.0 1.0
c 1.0 1.0 1.0
c 1.0 1.0 1.0
c 1.0 1.0 1.0
c 1.0 1.0 1.0
c 1.0 1.0 1.0
c 1.0 1.0 1.0
c 1.0 1.0 1.0
c 1.0 1.0 1.0
c 1.0 1.0 1.0
c 1.0 1.0 1.0
c 1.0 1.0 1.0
c 1.0 1.0 1.0
c 1.0 1.0 1.0
c 1.0 1.0 1.0
c 1.0 1.0 1.0
c 1.0 1.0 1.0
c 1.0 1.0 1.0
c 1.0 1.0 1.0
c 1.0 1.0 1.0
c 1.0 1.0 1.0
c 1.0 1.0 1.0
c 1.0 1.0 1.0
c 1.0 1.0 1.0
c 1.0 1.0 1.0
c 1.0 1.0 1.0
c 1.0 1.0 1.0
c 1.0 1.0 1.0
c 1.0 1.0 1.0
c 1.0 1.0 1.0
c 1.0 1.0 1.0
c 1.0 1.0 1.0
c 1.0 1.0 1.0
c 1.0 1.0 1.0
c 1.0 1.0 1.0
c 1.0 1.0 1.0
c 1.0 1.0 1.0
c 1.0 1.0 1.0
c 1.0 1.0 1.0
c 1.0 1.0 1.0
c 1.0 1.0 1.0
c 1.0 1.0 1.0
c 1.0 1.0 1.0
c 1.0 1.0 1.0
c 1.0 1.0 1.0
c 1.0 1.0 1.0
c 1.0 1.0 1.0
c 1.0 1.0 1.0
c 1.0 1.0 1.0
c 1.0 1.0 1.0
c 1.0 1.0 1.0
c 1.0 1.0 1.0
c 1.0 1.0 1.0
c 1.0 1.0 1.0
c 1.0 1.0 1.0
c 1.0 1.0 1.0
c 1.0 1.0 1.0
c 1.0 1.0 1.0
c 1.0 1.0 1.0
c 1.0 1.0 1.0
c 1.0 1.0 1.0
c 1.0 1.0 1.0
c 1.0 1.0 1.0
c 1.0 1.0 1.0
c 1.0 1.0 1.0
c 1.0 1.0 1.0
c 1.0 1.0 1.0
c 1.0 1.0 1.0
c 1.0 1.0 1.0
c 1.0 1.0 1.0
c 1.0 1.0 1.0
c 1.0 1.0 1.0
c 1.0 1.0 1.0
c 1.0 1.0 1.0
c 1.0 1.0 1.0
c 1.0 1.0 1.0
c 1.0 1.0 1.0
c 1.0 1.0 1.0
c 1.0 1.0 1.0
c 1.0 1.0 1.0
c 1.0 1.0 1.0
c 1.0 1.0 1.0
c 1.0 1.0 1.0
c 1.0 1.0 1.0
c 1.0 1.0 1.0
c 1.0 1.0 1.0
c 1.0 1.0 1.0
c 1.0 1.0 1.0
c 1.0 1.0 1.0
c 1.0 1.0 1.0
c 1.0 1.0 1.0
c 1.0 1.0 1.0
c 1.0 1.0 1.0
c 1.0 1.0 1.0
c 1.0 1.0 1.0
c 1.0 1.0 1.0
c 1.0 1.0 1.0
c 1.0 1.0 1.0
c 1.0 1.0 1.0
c 1.0 1.0 1.0
c 1.0 1.0 1.0
c 1.0 1.0 1.0
c 1.0 1.0 1.0
c 1.0 1.0 1.0
c 1.0 1.0 1.0
c 1.0 1.0 1.0
c 1.0 1.0 1.0
c 1.0 1.0 1.0
c 1.0 1.0 1.0
c 1.0 1.0 1.0
c 1.0 1.0 1.0
c 1.0 1.0 1.0
c 1.0 1.0 1.0
c 1.0 1.0 1.0
c 1.0 1.0 1.0
c 1.0 1.0 1.0
c 1.0 1.0 1.0
c 1.0 1.0 1.0
c 1.0 1.0 1.0
c 1.0 1.0 1.0
c 1.0 1.0 1.0
c 1.0 1.0 1.0
c 1.0 1.0 1.0
c 1.0 1.0 1.0
c 1.0 1.0 1.0
c 1.0 1.0 1.0
c 1.0 1.0 1.0
c 1.0 1.0 1.0
c 1.0 1.0 1.0
c 1.0 1.0 1.0
c 1.0 1.0 1.0
c 1.0 1.0 1.0
c 1.0 1.0 1.0
c 1.0 1.0 1.0
c 1.0 1.0 1.0
c 1.0 1.0 1.0
c 1.0 1.0 1.0
c 1.0 1.0 1.0
c 1.0 1.0 1.0
c 1.0 1.0 1.0
c 1.0 1.0 1.0
c 1.0 1.0 1.0
c 1.0 1.0 1.0
c 1.0 1.0 1.0
c 1.0 1.0 1.0
c 1.0 1.0 1.0
c 1.0 1.0 1.0
c 1.0 1.0 1.0
c 1.0 1.0 1.0
c 1.0 1.0 1.0
c 1.0 1.0 1.0
c 1.0 1.0 1.0
c 1.0 1.0 1.0
c 1.0 1.0 1.0
c 1.0 1.0 1.0
c 1.0 1.0 1.0
c 1.0 1.0 1.0
c 1.0 1.0 1.0
c 1.0 1.0 1.0
c 1.0 1.0 1.0
c 1.0 1.0 1.0
c 1.0 1.0 1.0
c 1.0 1.0 1.0
c 1.0 1.0 1.0
c 1.0 1.0 1.0
c 1.0 1.0 1.0
c 1.0 1.0 1.0
c 1.0 1.0 1.0
c 1.0 1.0 1.0
c 1.0 1.0 1.0
c 1.0 1.0 1.0
c 1.0 1.0 1.0
c 1.0 1.0 1.0
c 1.0 1.0 1.0
c 1.0 1.0 1.0
c 1.0 1.0 1.0
c 1.0 1.0 1.0
c 1.0 1.0 1.0
c 1.0 1.0 1.0
c 1.0 1.0 1.0
c 1.0 1.0 1.0
c 1.0 1.0 1.0
c 1.0 1.0 1.0
c 1.0 1.0 1.0
c 1.0 1.0 1.0
c 1.0 1.0 1.0
c 1.0 1.0 1.0
c 1.0 1.0 1.0
c 1.0 1.0 1.0
usemtl road01_r
s off
f 45/47/17/7 46/45/17/7 47/46/17/7 48/48/17/7
usemtl road01
s off
f 41/41/16/6 42/42/16/6 43/43/16/6 44/44/16/6
usemtl tree01_un
s off
f 3/1/1/1 4/2/1/1 1/3/1/1 2/4/1/1
f 11/9/4/2 12/10/4/2 9/11/4/2 10/12/4/2
f 19/17/7/3 20/18/7/3 17/19/7/3 18/20/7/3
f 27/25/10/4 28/26/10/4 25/27/10/4 26/28/10/4
f 35/33/13/5 36/34/13/5 33/35/13/5 34/36/13/5
f 51/49/18/8 52/50/18/8 49/51/18/8 50/52/18/8
f 59/57/21/9 60/58/21/9 57/59/21/9 58/60/21/9
f 67/65/24/10 68/66/24/10 65/67/24/10 66/68/24/10
f 75/73/27/11 76/74/27/11 73/75/27/11 74/76/27/11
f 83/81/30/12 84/82/30/12 81/83/30/12 82/84/30/12
f 91/89/33/13 92/90/33/13 89/91/33/13 90/92/33/13
f 99/97/36/14 100/98/36/14 97/99/36/14 98/100/36/14
f 107/105/39/15 108/106/39/15 105/107/39/15 106/108/39/15
f 115/113/42/16 116/114/42/16 113/115/42/16 114/116/42/16
f 123/121/45/17 124/122/45/17 121/123/45/17 122/124/45/17
f 131/129/48/18 132/130/48/18 129/131/48/18 130/132/48/18
f 139/137/51/19 140/138/51/19 137/139/51/19 138/140/51/19
f 147/145/54/20 148/146/54/20 145/147/54/20 146/148/54/20
f 155/153/57/21 156/154/57/21 153/155/57/21 154/156/57/21
f 163/161/60/22 164/162/60/22 161/163/60/22 162/164/60/22
f 171/169/63/23 172/170/63/23 169/171/63/23 170/172/63/23
f 179/177/66/24 180/178/66/24 177/179/66/24 178/180/66/24
f 187/185/69/25 188/186/69/25 185/187/69/25 186/188/69/25
f 195/193/72/26 196/194/72/26 193/195/72/26 194/196/72/26
f 203/201/75/27 204/202/75/27 201/203/75/27 202/204/75/27
f 211/209/78/28 212/210/78/28 209/211/78/28 210/212/78/28
f 219/217/81/29 220/218/81/29 217/219/81/29 218/220/81/29
f 227/225/84/30 228/226/84/30 225/227/84/30 226/228/84/30
f 235/233/87/31 236/234/87/31 233/235/87/31 234/236/87/31
f 243/241/90/32 244/242/90/32 241/243/90/32 242/244/90/32
f 251/249/93/33 252/250/93/33 249/251/93/33 250/252/93/33
f 259/257/96/34 260/258/96/34 257/259/96/34 258/260/96/34
f 267/265/99/35 268/266/99/35 265/267/99/35 266/268/99/35
f 275/273/102/36 276/274/102/36 273/275/102/36 274/276/102/36
f 283/281/105/37 284/282/105/37 281/283/105/37 282/284/105/37
f 291/289/108/38 292/290/108/38 289/291/108/38 290/292/108/38
f 299/297/111/39 300/298/111/39 297/299/111/39 298/300/111/39
f 307/305/114/40 308/306/114/40 305/307/114/40 306/308/114/40
f 315/313/117/41 316/314/117/41 313/315/117/41 314/316/117/41
f 323/321/120/42 324/322/120/42 321/323/120/42 322/324/120/42
f 331/329/123/43 332/330/123/43 329/331/123/43 330/332/123/43
f 339/337/126/44 340/338/126/44 337/339/126/44 338/340/126/44
f 347/345/129/45 348/346/129/45 345/347/129/45 346/348/129/45
f 355/353/132/46 356/354/132/46 353/355/132/46 354/356/132/46
f 363/361/135/47 364/362/135/47 361/363/135/47 362/364/135/47
f 371/369/138/48 372/370/138/48 369/371/138/48 370/372/138/48
f 379/377/141/49 380/378/141/49 377/379/141/49 378/380/141/49
f 387/385/144/50 388/386/144/50 385/387/144/50 386/388/144/50
f 395/393/147/51 396/394/147/51 393/395/147/51 394/396/147/51
f 403/401/150/52 404/402/150/52 401/403/150/52 402/404/150/52
f 411/409/153/53 412/410/153/53 409/411/153/53 410/412/153/53
f 419/417/156/54 420/418/156/54 417/419/156/54 418/420/156/54
f 427/425/159/55 428/426/159/55 425/427/159/55 426/428/159/55
f 435/433/162/56 436/434/162/56 433/435/162/56 434/436/162/56
f 443/441/165/57 444/442/165/57 441/443/165/57 442/444/165/57
f 451/449/168/58 452/450/168/58 449/451/168/58 450/452/168/58
f 459/457/171/59 460/458/171/59 457/459/171/59 458/460/171/59
f 467/465/174/60 468/466/174/60 465/467/174/60 466/468/174/60
f 475/473/177/61 476/474/177/61 473/475/177/61 474/476/177/61
f 483/481/180/62 484/482/180/62 481/483/180/62 482/484/180/62
f 491/489/183/63 492/490/183/63 489/491/183/63 490/492/183/63
f 499/497/186/64 500/498/186/64 497/499/186/64 498/500/186/64
f 507/505/189/65 508/506/189/65 505/507/189/65 506/508/189/65
f 515/513/192/66 516/514/192/66 513/515/192/66 514/516/192/66
f 523/521/195/67 524/522/195/67 521/523/195/67 522/524/195/67
f 531/529/198/68 532/530/198/68 529/531/198/68 530/532/198/68
f 539/537/201/69 540/538/201/69 537/539/201/69 538/540/201/69
f 547/545/204/70 548/546/204/70 545/547/204/70 546/548/204/70
f 555/553/207/71 556/554/207/71 553/555/207/71 554/556/207/71
f 563/561/210/72 564/562/210/72 561/563/210/72 562/564/210/72
f 571/569/213/73 572/570/213/73 569/571/213/73 570/572/213/73
f 579/577/216/74 580/578/216/74 577/579/216/74 578/580/216/74
f 587/585/219/75 588/586/219/75 585/587/219/75 586/588/219/75
f 595/593/222/76 596/594/222/76 593/595/222/76 594/596/222/76
f 603/601/225/77 604/602/225/77 601/603/225/77 602/604/225/77
f 611/609/228/78 612/610/228/78 609/611/228/78 610/612/228/78
f 619/617/231/79 620/618/231/79 617/619/231/79 618/620/231/79
f 627/625/234/80 628/626/234/80 625/627/234/80 626/628/234/80
f 635/633/237/81 636/634/237/81 633/635/237/81 634/636/237/81
f 643/641/240/82 644/642/240/82 641/643/240/82 642/644/240/82
f 651/649/243/83 652/650/243/83 649/651/243/83 650/652/243/83
f 659/657/246/84 660/658/246/84 657/659/246/84 658/660/246/84
f 667/665/249/85 668/666/249/85 665/667/249/85 666/668/249/85
f 675/673/252/86 676/674/252/86 673/675/252/86 674/676/252/86
f 683/681/255/87 684/682/255/87 681/683/255/87 682/684/255/87
f 691/689/258/88 692/690/258/88 689/691/258/88 690/692/258/88
f 699/697/261/89 700/698/261/89 697/699/261/89 698/700/261/89
f 707/705/264/90 708/706/264/90 705/707/264/90 706/708/264/90
f 715/713/267/91 716/714/267/91 713/715/267/91 714/716/267/91
f 723/721/270/92 724/722/270/92 721/723/270/92 722/724/270/92
f 731/729/273/93 732/730/273/93 729/731/273/93 730/732/273/93
f 739/737/276/94 740/738/276/94 737/739/276/94 738/740/276/94
f 747/745/279/95 748/746/279/95 745/747/279/95 746/748/279/95
f 755/753/282/96 756/754/282/96 753/755/282/96 754/756/282/96
f 763/761/285/97 764/762/285/97 761/763/285/97 762/764/285/97
f 771/769/288/98 772/770/288/98 769/771/288/98 770/772/288/98
f 779/777/291/99 780/778/291/99 777/779/291/99 778/780/291/99
f 787/785/294/100 788/786/294/100 785/787/294/100 786/788/294/100
f 795/793/297/101 796/794/297/101 793/795/297/101 794/796/297/101
f 803/801/300/102 804/802/300/102 801/803/300/102 802/804/300/102
f 811/809/303/103 812/810/303/103 809/811/303/103 810/812/303/103
f 819/817/306/104 820/818/306/104 817/819/306/104 818/820/306/104
f 827/825/309/105 828/826/309/105 825/827/309/105 826/828/309/105
f 835/833/312/106 836/834/312/106 833/835/312/106 834/836/312/106
f 843/841/315/107 844/842/315/107 841/843/315/107 842/844/315/107
f 851/849/318/108 852/850/318/108 849/851/318/108 850/852/318/108
f 859/857/321/109 860/858/321/109 857/859/321/109 858/860/321/109
f 867/865/324/110 868/866/324/110 865/867/324/110 866/868/324/110
f 875/873/327/111 876/874/327/111 873/875/327/111 874/876/327/111
f 883/881/330/112 884/882/330/112 881/883/330/112 882/884/330/112
f 891/889/333/113 892/890/333/113 889/891/333/113 890/892/333/113
f 899/897/336/114 900/898/336/114 897/899/336/114 898/900/336/114
f 907/905/339/115 908/906/339/115 905/907/339/115 906/908/339/115
f 915/913/342/116 916/914/342/116 913/915/342/116 914/916/342/116
f 923/921/345/117 924/922/345/117 921/923/345/117 922/924/345/117
f 931/929/348/118 932/930/348/118 929/931/348/118 930/932/348/118
f 939/937/351/119 940/938/351/119 937/939/351/119 938/940/351/119
f 947/945/354/120 948/946/354/120 945/947/354/120 946/948/354/120
f 955/953/357/121 956/954/357/121 953/955/357/121 954/956/357/121
f 963/961/360/122 964/962/360/122 961/963/360/122 962/964/360/122
f 971/969/363/123 972/970/363/123 969/971/363/123 970/972/363/123
f 979/977/366/124 980/978/366/124 977/979/366/124 978/980/366/124
f 987/985/369/125 988/986/369/125 985/987/369/125 986/988/369/125
f 995/993/372/126 996/994/372/126 993/995/372/126 994/996/372/126
f 1003/1001/375/127 1004/1002/375/127 1001/1003/375/127 1002/1004/375/127
f 1011/1009/378/128 1012/1010/378/128 1009/1011/378/128 1010/1012/378/128
f 1019/1017/381/129 1020/1018/381/129 1017/1019/381/129 1018/1020/381/129
f 1027/1025/384/130 1028/1026/384/130 1025/1027/384/130 1026/1028/384/130
f 1035/1033/387/131 1036/1034/387/131 1033/1035/387/131 1034/1036/387/131
f 1043/1041/390/132 1044/1042/390/132 1041/1043/390/132 1042/1044/390/132
f 1051/1049/393/133 1052/1050/393/133 1049/1051/393/133 1050/1052/393/133
f 1059/1057/396/134 1060/1058/396/134 1057/1059/396/134 1058/1060/396/134
f 1067/1065/399/135 1068/1066/399/135 1065/1067/399/135 1066/1068/399/135
f 1075/1073/402/136 1076/1074/402/136 1073/1075/402/136 1074/1076/402/136
f 1083/1081/405/137 1084/1082/405/137 1081/1083/405/137 1082/1084/405/137
f 1091/1089/408/138 1092/1090/408/138 1089/1091/408/138 1090/1092/408/138
f 1099/1097/411/139 1100/1098/411/139 1097/1099/411/139 1098/1100/411/139
f 1107/1105/414/140 1108/1106/414/140 1105/1107/414/140 1106/1108/414/140
f 1115/1113/417/141 1116/1114/417/141 1113/1115/417/141 1114/1116/417/141
f 1123/1121/420/142 1124/1122/420/142 1121/1123/420/142 1122/1124/420/142
f 1131/1129/423/143 1132/1130/423/143 1129/1131/423/143 1130/1132/423/143
f 1139/1137/426/144 1140/1138/426/144 1137/1139/426/144 1138/1140/426/144
f 1147/1145/429/145 1148/1146/429/145 1145/1147/429/145 1146/1148/429/145
f 1155/1153/432/146 1156/1154/432/146 1153/1155/432/146 1154/1156/432/146
f 1163/1161/435/147 1164/1162/435/147 1161/1163/435/147 1162/1164/435/147
f 1171/1169/438/148 1172/1170/438/148 1169/1171/438/148 1170/1172/438/148
f 1179/1177/441/149 1180/1178/441/149 1177/1179/441/149 1178/1180/441/149
f 1187/1185/444/150 1188/1186/444/150 1185/1187/444/150 1186/1188/444/150
f 1195/1193/447/151 1196/1194/447/151 1193/1195/447/151 1194/1196/447/151
f 1203/1201/450/152 1204/1202/450/152 1201/1203/450/152 1202/1204/450/152
f 1211/1209/453/153 1212/1210/453/153 1209/1211/453/153 1210/1212/453/153
f 1219/1217/456/154 1220/1218/456/154 1217/1219/456/154 1218/1220/456/154
f 1227/1225/459/155 1228/1226/459/155 1225/1227/459/155 1226/1228/459/155
f 1235/1233/462/156 1236/1234/462/156 1233/1235/462/156 1234/1236/462/156
f 1243/1241/465/157 1244/1242/465/157 1241/1243/465/157 1242/1244/465/157
f 1251/1249/468/158 1252/1250/468/158 1249/1251/468/158 1250/1252/468/158
f 1259/1257/471/159 1260/1258/471/159 1257/1259/471/159 1258/1260/471/159
f 1267/1265/474/160 1268/1266/474/160 1265/1267/474/160 1266/1268/474/160
f 1275/1273/477/161 1276/1274/477/161 1273/1275/477/161 1274/1276/477/161
f 1283/1281/480/162 1284/1282/480/162 1281/1283/480/162 1282/1284/480/162
f 1291/1289/483/163 1292/1290/483/163 1289/1291/483/163 1290/1292/483/163
f 1299/1297/486/164 1300/1298/486/164 1297/1299/486/164 1298/1300/486/164
f 1307/1305/489/165 1308/1306/489/165 1305/1307/489/165 1306/1308/489/165
f 1315/1313/492/166 1316/1314/492/166 1313/1315/492/166 1314/1316/492/166
f 1323/1321/495/167 1324/1322/495/167 1321/1323/495/167 1322/1324/495/167
f 1331/1329/498/168 1332/1330/498/168 1329/1331/498/168 1330/1332/498/168
f 1339/1337/501/169 1340/1338/501/169 1337/1339/501/169 1338/1340/501/169
f 1347/1345/504/170 1348/1346/504/170 1345/1347/504/170 1346/1348/504/170
f 1355/1353/507/171 1356/1354/507/171 1353/1355/507/171 1354/1356/507/171
f 1363/1361/510/172 1364/1362/510/172 1361/1363/510/172 1362/1364/510/172
f 1371/1369/513/173 1372/1370/513/173 1369/1371/513/173 1370/1372/513/173
f 1379/1377/516/174 1380/1378/516/174 1377/1379/516/174 1378/1380/516/174
f 1387/1385/519/175 1388/1386/519/175 1385/1387/519/175 1386/1388/519/175
f 1395/1393/522/176 1396/1394/522/176 1393/1395/522/176 1394/1396/522/176
f 1403/1401/525/177 1404/1402/525/177 1401/1403/525/177 1402/1404/525/177
f 1411/1409/528/178 1412/1410/528/178 1409/1411/528/178 1410/1412/528/178
f 1419/1417/531/179 1420/1418/531/179 1417/1419/531/179 1418/1420/531/179
f 1427/1425/534/180 1428/1426/534/180 1425/1427/534/180 1426/1428/534/180
f 1435/1433/537/181 1436/1434/537/181 1433/1435/537/181 1434/1436/537/181
f 1443/1441/540/182 1444/1442/540/182 1441/1443/540/182 1442/1444/540/182
f 1451/1449/543/183 1452/1450/543/183 1449/1451/543/183 1450/1452/543/183
f 1459/1457/546/184 1460/1458/546/184 1457/1459/546/184 1458/1460/546/184
f 1467/1465/549/185 1468/1466/549/185 1465/1467/549/185 1466/1468/549/185
f 1475/1473/552/186 1476/1474/552/186 1473/1475/552/186 1474/1476/552/186
f 1483/1481/555/187 1484/1482/555/187 1481/1483/555/187 1482/1484/555/187
f 1491/1489/558/188 1492/1490/558/188 1489/1491/558/188 1490/1492/558/188
f 1499/1497/561/189 1500/1498/561/189 1497/1499/561/189 1498/1500/561/189
f 1507/1505/564/190 1508/1506/564/190 1505/1507/564/190 1506/1508/564/190
f 1515/1513/567/191 1516/1514/567/191 1513/1515/567/191 1514/1516/567/191
f 1523/1521/570/192 1524/1522/570/192 1521/1523/570/192 1522/1524/570/192
f 1531/1529/573/193 1532/1530/573/193 1529/1531/573/193 1530/1532/573/193
f 1539/1537/576/194 1540/1538/576/194 1537/1539/576/194 1538/1540/576/194
f 1547/1545/579/195 1548/1546/579/195 1545/1547/579/195 1546/1548/579/195
f 1555/1553/582/196 1556/1554/582/196 1553/1555/582/196 1554/1556/582/196
f 1563/1561/585/197 1564/1562/585/197 1561/1563/585/197 1562/1564/585/197
f 1571/1569/588/198 1572/1570/588/198 1569/1571/588/198 1570/1572/588/198
f 1579/1577/591/199 1580/1578/591/199 1577/1579/591/199 1578/1580/591/199
f 1587/1585/594/200 1588/1586/594/200 1585/1587/594/200 1586/1588/594/200
f 1595/1593/597/201 1596/1594/597/201 1593/1595/597/201 1594/1596/597/201
f 1603/1601/600/202 1604/1602/600/202 1601/1603/600/202 1602/1604/600/202
f 1611/1609/603/203 1612/1610/603/203 1609/1611/603/203 1610/1612/603/203
f 1619/1617/606/204 1620/1618/606/204 1617/1619/606/204 1618/1620/606/204
f 1627/1625/609/205 1628/1626/609/205 1625/1627/609/205 1626/1628/609/205
f 1635/1633/612/206 1636/1634/612/206 1633/1635/612/206 1634/1636/612/206
f 1643/1641/615/207 1644/1642/615/207 1641/1643/615/207 1642/1644/615/207
f 1651/1649/618/208 1652/1650/618/208 1649/1651/618/208 1650/1652/618/208
f 1659/1657/621/209 1660/1658/621/209 1657/1659/621/209 1658/1660/621/209
f 1667/1665/624/210 1668/1666/624/210 1665/1667/624/210 1666/1668/624/210
f 1675/1673/627/211 1676/1674/627/211 1673/1675/627/211 1674/1676/627/211
f 1683/1681/630/212 1684/1682/630/212 1681/1683/630/212 1682/1684/630/212
f 1691/1689/633/213 1692/1690/633/213 1689/1691/633/213 1690/1692/633/213
f 1699/1697/636/214 1700/1698/636/214 1697/1699/636/214 1698/1700/636/214
f 1707/1705/639/215 1708/1706/639/215 1705/1707/639/215 1706/1708/639/215
f 1715/1713/642/216 1716/1714/642/216 1713/1715/642/216 1714/1716/642/216
f 1723/1721/645/217 1724/1722/645/217 1721/1723/645/217 1722/1724/645/217
f 1731/1729/648/218 1732/1730/648/218 1729/1731/648/218 1730/1732/648/218
f 1739/1737/651/219 1740/1738/651/219 1737/1739/651/219 1738/1740/651/219
f 1747/1745/654/220 1748/1746/654/220 1745/1747/654/220 1746/1748/654/220
f 1755/1753/657/221 1756/1754/657/221 1753/1755/657/221 1754/1756/657/221
f 1763/1761/660/222 1764/1762/660/222 1761/1763/660/222 1762/1764/660/222
f 1771/1769/663/223 1772/1770/663/223 1769/1771/663/223 1770/1772/663/223
f 1779/1777/666/224 1780/1778/666/224 1777/1779/666/224 1778/1780/666/224
f 1787/1785/669/225 1788/1786/669/225 1785/1787/669/225 1786/1788/669/225
f 1795/1793/672/226 1796/1794/672/226 1793/1795/672/226 1794/1796/672/226
f 1803/1801/675/227 1804/1802/675/227 1801/1803/675/227 1802/1804/675/227
f 1811/1809/678/228 1812/1810/678/228 1809/1811/678/228 1810/1812/678/228
f 1819/1817/681/229 1820/1818/681/229 1817/1819/681/229 1818/1820/681/229
f 1827/1825/684/230 1828/1826/684/230 1825/1827/684/230 1826/1828/684/230
f 1835/1833/687/231 1836/1834/687/231 1833/1835/687/231 1834/1836/687/231
f 1843/1841/690/232 1844/1842/690/232 1841/1843/690/232 1842/1844/690/232
f 1851/1849/693/233 1852/1850/693/233 1849/1851/693/233 1850/1852/693/233
f 1859/1857/696/234 1860/1858/696/234 1857/1859/696/234 1858/1860/696/234
f 1867/1865/699/235 1868/1866/699/235 1865/1867/699/235 1866/1868/699/235
f 1875/1873/702/236 1876/1874/702/236 1873/1875/702/236 1874/1876/702/236
f 1883/1881/705/237 1884/1882/705/237 1881/1883/705/237 1882/1884/705/237
f 1891/1889/708/238 1892/1890/708/238 1889/1891/708/238 1890/1892/708/238
f 1899/1897/711/239 1900/1898/711/239 1897/1899/711/239 1898/1900/711/239
f 1907/1905/714/240 1908/1906/714/240 1905/1907/714/240 1906/1908/714/240
f 1915/1913/717/241 1916/1914/717/241 1913/1915/717/241 1914/1916/717/241
f 1923/1921/720/242 1924/1922/720/242 1921/1923/720/242 1922/1924/720/242
f 1931/1929/723/243 1932/1930/723/243 1929/1931/723/243 1930/1932/723/243
f 1939/1937/726/244 1940/1938/726/244 1937/1939/726/244 1938/1940/726/244
f 1947/1945/729/245 1948/1946/729/245 1945/1947/729/245 1946/1948/729/245
f 1955/1953/732/246 1956/1954/732/246 1953/1955/732/246 1954/1956/732/246
f 1963/1961/735/247 1964/1962/735/247 1961/1963/735/247 1962/1964/735/247
f 1971/1969/738/248 1972/1970/738/248 1969/1971/738/248 1970/1972/738/248
f 1979/1977/741/249 1980/1978/741/249 1977/1979/741/249 1978/1980/741/249
f 1987/1985/744/250 1988/1986/744/250 1985/1987/744/250 1986/1988/744/250
f 1995/1993/747/251 1996/1994/747/251 1993/1995/747/251 1994/1996/747/251
f 2003/2001/750/252 2004/2002/750/252 2001/2003/750/252 2002/2004/750/252
f 2011/2009/753/253 2012/2010/753/253 2009/2011/753/253 2010/2012/753/253
f 2019/2017/756/254 2020/2018/756/254 2017/2019/756/254 2018/2020/756/254
f 2027/2025/759/255 2028/2026/759/255 2025/2027/759/255 2026/2028/759/255
f 2035/2033/762/256 2036/2034/762/256 2033/2035/762/256 2034/2036/762/256
usemtl tree01
s off
f 7/5/2/1 8/6/3/1 5/7/2/1 6/8/3/1
f 15/13/5/2 16/14/6/2 13/15/5/2 14/16/6/2
f 23/21/8/3 24/22/9/3 21/23/8/3 22/24/9/3
f 31/29/11/4 32/30/12/4 29/31/11/4 30/32/12/4
f 39/37/14/5 40/38/15/5 37/39/14/5 38/40/15/5
f 55/53/19/8 56/54/20/8 53/55/19/8 54/56/20/8
f 63/61/22/9 64/62/23/9 61/63/22/9 62/64/23/9
f 71/69/25/10 72/70/26/10 69/71/25/10 70/72/26/10
f 79/77/28/11 80/78/29/11 77/79/28/11 78/80/29/11
f 87/85/31/12 88/86/32/12 85/87/31/12 86/88/32/12
f 95/93/34/13 96/94/35/13 93/95/34/13 94/96/35/13
f 103/101/37/14 104/102/38/14 101/103/37/14 102/104/38/14
f 111/109/40/15 112/110/41/15 109/111/40/15 110/112/41/15
f 119/117/43/16 120/118/44/16 117/119/43/16 118/120/44/16
f 127/125/46/17 128/126/47/17 125/127/46/17 126/128/47/17
f 135/133/49/18 136/134/50/18 133/135/49/18 134/136/50/18
f 143/141/52/19 144/142/53/19 141/143/52/19 142/144/53/19
f 151/149/55/20 152/150/56/20 149/151/55/20 150/152/56/20
f 159/157/58/21 160/158/59/21 157/159/58/21 158/160/59/21
f 167/165/61/22 168/166/62/22 165/167/61/22 166/168/62/22
f 175/173/64/23 176/174/65/23 173/175/64/23 174/176/65/23
f 183/181/67/24 184/182/68/24 181/183/67/24 182/184/68/24
f 191/189/70/25 192/190/71/25 189/191/70/25 190/192/71/25
f 199/197/73/26 200/198/74/26 197/199/73/26 198/200/74/26
f 207/205/76/27 208/206/77/27 205/207/76/27 206/208/77/27
f 215/213/79/28 216/214/80/28 213/215/79/28 214/216/80/28
f 223/221/82/29 224/222/83/29 221/223/82/29 222/224/83/29
f 231/229/85/30 232/230/86/30 229/231/85/30 230/232/86/30
f 239/237/88/31 240/238/89/31 237/239/88/31 238/240/89/31
f 247/245/91/32 248/246/92/32 245/247/91/32 246/248/92/32
f 255/253/94/33 256/254/95/33 253/255/94/33 254/256/95/33
f 263/261/97/34 264/262/98/34 261/263/97/34 262/264/98/34
f 271/269/100/35 272/270/101/35 269/271/100/35 270/272/101/35
f 279/277/103/36 280/278/104/36 277/279/103/36 278/280/104/36
f 287/285/106/37 288/286/107/37 285/287/106/37 286/288/107/37
f 295/293/109/38 296/294/110/38 293/295/109/38 294/296/110/38
f 303/301/112/39 304/302/113/39 301/303/112/39 302/304/113/39
f 311/309/115/40 312/310/116/40 309/311/115/40 310/312/116/40
f 319/317/118/41 320/318/119/41 317/319/118/41 318/320/119/41
f 327/325/121/42 328/326/122/42 325/327/121/42 326/328/122/42
f 335/333/124/43 336/334/125/43 333/335/124/43 334/336/125/43
f 343/341/127/44 344/342/128/44 341/343/127/44 342/344/128/44
f 351/349/130/45 352/350/131/45 349/351/130/45 350/352/131/45
f 359/357/133/46 360/358/134/46 357/359/133/46 358/360/134/46
f 367/365/136/47 368/366/137/47 365/367/136/47 366/368/137/47
f 375/373/139/48 376/374/140/48 373/375/139/48 374/376/140/48
f 383/381/142/49 384/382/143/49 381/383/142/49 382/384/143/49
f 391/389/145/50 392/390/146/50 389/391/145/50 390/392/146/50
f 399/397/148/51 400/398/149/51 397/399/148/51 398/400/149/51
f 407/405/151/52 408/406/152/52 405/407/151/52 406/408/152/52
f 415/413/154/53 416/414/155/53 413/415/154/53 414/416/155/53
f 423/421/157/54 424/422/158/54 421/423/157/54 422/424/158/54
f 431/429/160/55 432/430/161/55 429/431/160/55 430/432/161/55
f 439/437/163/56 440/438/164/56 437/439/163/56 438/440/164/56
f 447/445/166/57 448/446/167/57 445/447/166/57 446/448/167/57
f 455/453/169/58 456/454/170/58 453/455/169/58 454/456/170/58
f 463/461/172/59 464/462/173/59 461/463/172/59 462/464/173/59
f 471/469/175/60 472/470/176/60 469/471/175/60 470/472/176/60
f 479/477/178/61 480/478/179/61 477/479/178/61 478/480/179/61
f 487/485/181/62 488/486/182/62 485/487/181/62 486/488/182/62
f 495/493/184/63 496/494/185/63 493/495/184/63 494/496/185/63
f 503/501/187/64 504/502/188/64 501/503/187/64 502/504/188/64
f 511/509/190/65 512/510/191/65 509/511/190/65 510/512/191/65
f 519/517/193/66 520/518/194/66 517/519/193/66 518/520/194/66
f 527/525/196/67 528/526/197/67 525/527/196/67 526/528/197/67
f 535/533/199/68 536/534/200/68 533/535/199/68 534/536/200/68
f 543/541/202/69 544/542/203/69 541/543/202/69 542/544/203/69
f 551/549/205/70 552/550/206/70 549/551/205/70 550/552/206/70
f 559/557/208/71 560/558/209/71 557/559/208/71 558/560/209/71
f 567/565/211/72 568/566/212/72 565/567/211/72 566/568/212/72
f 575/573/214/73 576/574/215/73 573/575/214/73 574/576/215/73
f 583/581/217/74 584/582/218/74 581/583/217/74 582/584/218/74
f 591/589/220/75 592/590/221/75 589/591/220/75 590/592/221/75
f 599/597/223/76 600/598/224/76 597/599/223/76 598/600/224/76
f 607/605/226/77 608/606/227/77 605/607/226/77 606/608/227/77
f 615/613/229/78 616/614/230/78 613/615/229/78 614/616/230/78
f 623/621/232/79 624/622/233/79 621/623/232/79 622/624/233/79
f 631/629/235/80 632/630/236/80 629/631/235/80 630/632/236/80
f 639/637/238/81 640/638/239/81 637/639/238/81 638/640/239/81
f 647/645/241/82 648/646/242/82 645/647/241/82 646/648/242/82
f 655/653/244/83 656/654/245/83 653/655/244/83 654/656/245/83
f 663/661/247/84 664/662/248/84 661/663/247/84 662/664/248/84
f 671/669/250/85 672/670/251/85 669/671/250/85 670/672/251/85
f 679/677/253/86 680/678/254/86 677/679/253/86 678/680/254/86
f 687/685/256/87 688/686/257/87 685/687/256/87 686/688/257/87
f 695/693/259/88 696/694/260/88 693/695/259/88 694/696/260/88
f 703/701/262/89 704/702/263/89 701/703/262/89 702/704/263/89
f 711/709/265/90 712/710/266/90 709/711/265/90 710/712/266/90
f 719/717/268/91 720/718/269/91 717/719/268/91 718/720/269/91
f 727/725/271/92 728/726/272/92 725/727/271/92 726/728/272/92
f 735/733/274/93 736/734/275/93 733/735/274/93 734/736/275/93
f 743/741/277/94 744/742/278/94 741/743/277/94 742/744/278/94
f 751/749/280/95 752/750/281/95 749/751/280/95 750/752/281/95
f 759/757/283/96 760/758/284/96 757/759/283/96 758/760/284/96
f 767/765/286/97 768/766/287/97 765/767/286/97 766/768/287/97
f 775/773/289/98 776/774/290/98 773/775/289/98 774/776/290/98
f 783/781/292/99 784/782/293/99 781/783/292/99 782/784/293/99
f 791/789/295/100 792/790/296/100 789/791/295/100 790/792/296/100
f 799/797/298/101 800/798/299/101 797/799/298/101 798/800/299/101
f 807/805/301/102 808/806/302/102 805/807/301/102 806/808/302/102
f 815/813/304/103 816/814/305/103 813/815/304/103 814/816/305/103
f 823/821/307/104 824/822/308/104 821/823/307/104 822/824/308/104
f 831/829/310/105 832/830/311/105 829/831/310/105 830/832/311/105
f 839/837/313/106 840/838/314/106 837/839/313/106 838/840/314/106
f 847/845/316/107 848/846/317/107 845/847/316/107 846/848/317/107
f 855/853/319/108 856/854/320/108 853/855/319/108 854/856/320/108
f 863/861/322/109 864/862/323/109 861/863/322/109 862/864/323/109
f 871/869/325/110 872/870/326/110 869/871/325/110 870/872/326/110
f 879/877/328/111 880/878/329/111 877/879/328/111 878/880/329/111
f 887/885/331/112 888/886/332/112 885/887/331/112 886/888/332/112
f 895/893/334/113 896/894/335/113 893/895/334/113 894/896/335/113
f 903/901/337/114 904/902/338/114 901/903/337/114 902/904/338/114
f 911/909/340/115 912/910/341/115 909/911/340/115 910/912/341/115
f 919/917/343/116 920/918/344/116 917/919/343/116 918/920/344/116
f 927/925/346/117 928/926/347/117 925/927/346/117 926/928/347/117
f 935/933/349/118 936/934/350/118 933/935/349/118 934/936/350/118
f 943/941/352/119 944/942/353/119 941/943/352/119 942/944/353/119
f 951/949/355/120 952/950/356/120 949/951/355/120 950/952/356/120
f 959/957/358/121 960/958/359/121 957/959/358/121 958/960/359/121
f 967/965/361/122 968/966/362/122 965/967/361/122 966/968/362/122
f 975/973/364/123 976/974/365/123 973/975/364/123 974/976/365/123
f 983/981/367/124 984/982/368/124 981/983/367/124 982/984/368/124
f 991/989/370/125 992/990/371/125 989/991/370/125 990/992/371/125
f 999/997/373/126 1000/998/374/126 997/999/373/126 998/1000/374/126
f 1007/1005/376/127 1008/1006/377/127 1005/1007/376/127 1006/1008/377/127
f 1015/1013/379/128 1016/1014/380/128 1013/1015/379/128 1014/1016/380/128
f 1023/1021/382/129 1024/1022/383/129 1021/1023/382/129 1022/1024/383/129
f 1031/1029/385/130 1032/1030/386/130 1029/1031/385/130 1030/1032/386/130
f 1039/1037/388/131 1040/1038/389/131 1037/1039/388/131 1038/1040/389/131
f 1047/1045/391/132 1048/1046/392/132 1045/1047/391/132 1046/1048/392/132
f 1055/1053/394/133 1056/1054/395/133 1053/1055/394/133 1054/1056/395/133
f 1063/1061/397/134 1064/1062/398/134 1061/1063/397/134 1062/1064/398/134
f 1071/1069/400/135 1072/1070/401/135 1069/1071/400/135 1070/1072/401/135
f 1079/1077/403/136 1080/1078/404/136 1077/1079/403/136 1078/1080/404/136
f 1087/1085/406/137 1088/1086/407/137 1085/1087/406/137 1086/1088/407/137
f 1095/1093/409/138 1096/1094/410/138 1093/1095/409/138 1094/1096/410/138
f 1103/1101/412/139 1104/1102/413/139 1101/1103/412/139 1102/1104/413/139
f 1111/1109/415/140 1112/1110/416/140 1109/1111/415/140 1110/1112/416/140
f 1119/1117/418/141 1120/1118/419/141 1117/1119/418/141 1118/1120/419/141
f 1127/1125/421/142 1128/1126/422/142 1125/1127/421/142 1126/1128/422/142
f 1135/1133/424/143 1136/1134/425/143 1133/1135/424/143 1134/1136/425/143
f 1143/1141/427/144 1144/1142/428/144 1141/1143/427/144 1142/1144/428/144
f 1151/1149/430/145 1152/1150/431/145 1149/1151/430/145 1150/1152/431/145
f 1159/1157/433/146 1160/1158/434/146 1157/1159/433/146 1158/1160/434/146
f 1167/1165/436/147 1168/1166/437/147 1165/1167/436/147 1166/1168/437/147
f 1175/1173/439/148 1176/1174/440/148 1173/1175/439/148 1174/1176/440/148
f 1183/1181/442/149 1184/1182/443/149 1181/1183/442/149 1182/1184/443/149
f 1191/1189/445/150 1192/1190/446/150 1189/1191/445/150 1190/1192/446/150
f 1199/1197/448/151 1200/1198/449/151 1197/1199/448/151 1198/1200/449/151
f 1207/1205/451/152 1208/1206/452/152 1205/1207/451/152 1206/1208/452/152
f 1215/1213/454/153 1216/1214/455/153 1213/1215/454/153 1214/1216/455/153
f 1223/1221/457/154 1224/1222/458/154 1221/1223/457/154 1222/1224/458/154
f 1231/1229/460/155 1232/1230/461/155 1229/1231/460/155 1230/1232/461/155
f 1239/1237/463/156 1240/1238/464/156 1237/1239/463/156 1238/1240/464/156
f 1247/1245/466/157 1248/1246/467/157 1245/1247/466/157 1246/1248/467/157
f 1255/1253/469/158 1256/1254/470/158 1253/1255/469/158 1254/1256/470/158
f 1263/1261/472/159 1264/1262/473/159 1261/1263/472/159 1262/1264/473/159
f 1271/1269/475/160 1272/1270/476/160 1269/1271/475/160 1270/1272/476/160
f 1279/1277/478/161 1280/1278/479/161 1277/1279/478/161 1278/1280/479/161
f 1287/1285/481/162 1288/1286/482/162 1285/1287/481/162 1286/1288/482/162
f 1295/1293/484/163 1296/1294/485/163 1293/1295/484/163 1294/1296/485/163
f 1303/1301/487/164 1304/1302/488/164 1301/1303/487/164 1302/1304/488/164
f 1311/1309/490/165 1312/1310/491/165 1309/1311/490/165 1310/1312/491/165
f 1319/1317/493/166 1320/1318/494/166 1317/1319/493/166 1318/1320/494/166
f 1327/1325/496/167 1328/1326/497/167 1325/1327/496/167 1326/1328/497/167
f 1335/1333/499/168 1336/1334/500/168 1333/1335/499/168 1334/1336/500/168
f 1343/1341/502/169 1344/1342/503/169 1341/1343/502/169 1342/1344/503/169
f 1351/1349/505/170 1352/1350/506/170 1349/1351/505/170 1350/1352/506/170
f 1359/1357/508/171 1360/1358/509/171 1357/1359/508/171 1358/1360/509/171
f 1367/1365/511/172 1368/1366/512/172 1365/1367/511/172 1366/1368/512/172
f 1375/1373/514/173 1376/1374/515/173 1373/1375/514/173 1374/1376/515/173
f 1383/1381/517/174 1384/1382/518/174 1381/1383/517/174 1382/1384/518/174
f 1391/1389/520/175 1392/1390/521/175 1389/1391/520/175 1390/1392/521/175
f 1399/1397/523/176 1400/1398/524/176 1397/1399/523/176 1398/1400/524/176
f 1407/1405/526/177 1408/1406/527/177 1405/1407/526/177 1406/1408/527/177
f 1415/1413/529/178 1416/1414/530/178 1413/1415/529/178 1414/1416/530/178
f 1423/1421/532/179 1424/1422/533/179 1421/1423/532/179 1422/1424/533/179
f 1431/1429/535/180 1432/1430/536/180 1429/1431/535/180 1430/1432/536/180
f 1439/1437/538/181 1440/1438/539/181 1437/1439/538/181 1438/1440/539/181
f 1447/1445/541/182 1448/1446/542/182 1445/1447/541/182 1446/1448/542/182
f 1455/1453/544/183 1456/1454/545/183 1453/1455/544/183 1454/1456/545/183
f 1463/1461/547/184 1464/1462/548/184 1461/1463/547/184 1462/1464/548/184
f 1471/1469/550/185 1472/1470/551/185 1469/1471/550/185 1470/1472/551/185
f 1479/1477/553/186 1480/1478/554/186 1477/1479/553/186 1478/1480/554/186
f 1487/1485/556/187 1488/1486/557/187 1485/1487/556/187 1486/1488/557/187
f 1495/1493/559/188 1496/1494/560/188 1493/1495/559/188 1494/1496/560/188
f 1503/1501/562/189 1504/1502/563/189 1501/1503/562/189 1502/1504/563/189
f 1511/1509/565/190 1512/1510/566/190 1509/1511/565/190 1510/1512/566/190
f 1519/1517/568/191 1520/1518/569/191 1517/1519/568/191 1518/1520/569/191
f 1527/1525/571/192 1528/1526/572/192 1525/1527/571/192 1526/1528/572/192
f 1535/1533/574/193 1536/1534/575/193 1533/1535/574/193 1534/1536/575/193
f 1543/1541/577/194 1544/1542/578/194 1541/1543/577/194 1542/1544/578/194
f 1551/1549/580/195 1552/1550/581/195 1549/1551/580/195 1550/1552/581/195
f 1559/1557/583/196 1560/1558/584/196 1557/1559/583/196 1558/1560/584/196
f 1567/1565/586/197 1568/1566/587/197 1565/1567/586/197 1566/1568/587/197
f 1575/1573/589/198 1576/1574/590/198 1573/1575/589/198 1574/1576/590/198
f 1583/1581/592/199 1584/1582/593/199 1581/1583/592/199 1582/1584/593/199
f 1591/1589/595/200 1592/1590/596/200 1589/1591/595/200 1590/1592/596/200
f 1599/1597/598/201 1600/1598/599/201 1597/1599/598/201 1598/1600/599/201
f 1607/1605/601/202 1608/1606/602/202 1605/1607/601/202 1606/1608/602/202
f 1615/1613/604/203 1616/1614/605/203 1613/1615/604/203 1614/1616/605/203
f 1623/1621/607/204 1624/1622/608/204 1621/1623/607/204 1622/1624/608/204
f 1631/1629/610/205 1632/1630/611/205 1629/1631/610/205 1630/1632/611/205
f 1639/1637/613/206 1640/1638/614/206 1637/1639/613/206 1638/1640/614/206
f 1647/1645/616/207 1648/1646/617/207 1645/1647/616/207 1646/1648/617/207
f 1655/1653/619/208 1656/1654/620/208 1653/1655/619/208 1654/1656/620/208
f 1663/1661/622/209 1664/1662/623/209 1661/1663/622/209 1662/1664/623/209
f 1671/1669/625/210 1672/1670/626/210 1669/1671/625/210 1670/1672/626/210
f 1679/1677/628/211 1680/1678/629/211 1677/1679/628/211 1678/1680/629/211
f 1687/1685/631/212 1688/1686/632/212 1685/1687/631/212 1686/1688/632/212
f 1695/1693/634/213 1696/1694/635/213 1693/1695/634/213 1694/1696/635/213
f 1703/1701/637/214 1704/1702/638/214 1701/1703/637/214 1702/1704/638/214
f 1711/1709/640/215 1712/1710/641/215 1709/1711/640/215 1710/1712/641/215
f 1719/1717/643/216 1720/1718/644/216 1717/1719/643/216 1718/1720/644/216
f 1727/1725/646/217 1728/1726/647/217 1725/1727/646/217 1726/1728/647/217
f 1735/1733/649/218 1736/1734/650/218 1733/1735/649/218 1734/1736/650/218
f 1743/1741/652/219 1744/1742/653/219 1741/1743/652/219 1742/1744/653/219
f 1751/1749/655/220 1752/1750/656/220 1749/1751/655/220 1750/1752/656/220
f 1759/1757/658/221 1760/1758/659/221 1757/1759/658/221 1758/1760/659/221
f 1767/1765/661/222 1768/1766/662/222 1765/1767/661/222 1766/1768/662/222
f 1775/1773/664/223 1776/1774/665/223 1773/1775/664/223 1774/1776/665/223
f 1783/1781/667/224 1784/1782/668/224 1781/1783/667/224 1782/1784/668/224
f 1791/1789/670/225 1792/1790/671/225 1789/1791/670/225 1790/1792/671/225
f 1799/1797/673/226 1800/1798/674/226 1797/1799/673/226 1798/1800/674/226
f 1807/1805/676/227 1808/1806/677/227 1805/1807/676/227 1806/1808/677/227
f 1815/1813/679/228 1816/1814/680/228 1813/1815/679/228 1814/1816/680/228
f 1823/1821/682/229 1824/1822/683/229 1821/1823/682/229 1822/1824/683/229
f 1831/1829/685/230 1832/1830/686/230 1829/1831/685/230 1830/1832/686/230
f 1839/1837/688/231 1840/1838/689/231 1837/1839/688/231 1838/1840/689/231
f 1847/1845/691/232 1848/1846/692/232 1845/1847/691/232 1846/1848/692/232
f 1855/1853/694/233 1856/1854/695/233 1853/1855/694/233 1854/1856/695/233
f 1863/1861/697/234 1864/1862/698/234 1861/1863/697/234 1862/1864/698/234
f 1871/1869/700/235 1872/1870/701/235 1869/1871/700/235 1870/1872/701/235
f 1879/1877/703/236 1880/1878/704/236 1877/1879/703/236 1878/1880/704/236
f 1887/1885/706/237 1888/1886/707/237 1885/1887/706/237 1886/1888/707/237
f 1895/1893/709/238 1896/1894/710/238 1893/1895/709/238 1894/1896/710/238
f 1903/1901/712/239 1904/1902/713/239 1901/1903/712/239 1902/1904/713/239
f 1911/1909/715/240 1912/1910/716/240 1909/1911/715/240 1910/1912/716/240
f 1919/1917/718/241 1920/1918/719/241 1917/1919/718/241 1918/1920/719/241
f 1927/1925/721/242 1928/1926/722/242 1925/1927/721/242 1926/1928/722/242
f 1935/1933/724/243 1936/1934/725/243 1933/1935/724/243 1934/1936/725/243
f 1943/1941/727/244 1944/1942/728/244 1941/1943/727/244 1942/1944/728/244
f 1951/1949/730/245 1952/1950/731/245 1949/1951/730/245 1950/1952/731/245
f 1959/1957/733/246 1960/1958/734/246 1957/1959/733/246 1958/1960/734/246
f 1967/1965/736/247 1968/1966/737/247 1965/1967/736/247 1966/1968/737/247
f 1975/1973/739/248 1976/1974/740/248 1973/1975/739/248 1974/1976/740/248
f 1983/1981/742/249 1984/1982/743/249 1981/1983/742/249 1982/1984/743/249
f 1991/1989/745/250 1992/1990/746/250 1989/1991/745/250 1990/1992/746/250
f 1999/1997/748/251 2000/1998/749/251 1997/1999/748/251 1998/2000/749/251
f 2007/2005/751/252 2008/2006/752/252 2005/2007/751/252 2006/2008/752/252
f 2015/2013/754/253 2016/2014/755/253 2013/2015/754/253 2014/2016/755/253
f 2023/2021/757/254 2024/2022/758/254 2021/2023/757/254 2022/2024/758/254
f 2031/2029/760/255 2032/2030/761/255 2029/2031/760/255 2030/2032/761/255
f 2039/2037/763/256 2040/2038/764/256 2037/2039/763/256 2038/2040/764/256
