mtllib pDormConcept.mtl
o map
v -15.0 -11.000006 2.000001
v -16.0 -11.000006 2.000001
v -16.0 -16.000006 2.000001
v -15.0 -16.000006 2.000001
v -15.0 -10.2109375 1.098633
v -16.0 -10.2109375 1.098633
v -15.0 -10.669921 1.997071
v -16.0 -10.669921 1.997071
v -15.0 -10.999999 2.0
v -16.0 -10.999999 2.0
v -15.0 -9.999999 1.0
v -16.0 -9.999999 1.0
v -16.0 -10.2109375 1.098633
v -15.0 -10.2109375 1.098633
v -15.0 -9.125 1.125
v -16.0 -9.125 1.125
v -16.0 -10.125 1.125
v -15.0 -10.125 1.125
v -15.5 -8.125 1.125001
v -16.0 -8.125 1.125001
v -16.0 -8.625 1.125001
v -15.5 -8.625 1.125001
v -15.5 -8.625 1.125001
v -16.0 -8.625 1.125001
v -16.0 -9.125 1.125001
v -15.5 -9.125 1.125001
v -15.0 -9.125 1.125001
v -15.0 -8.625 1.125001
v -15.5 -8.625 1.125001
v -15.5 -9.125 1.125001
v -16.0 -7.210937 0.09863299
v -16.0 -7.669921 0.997071
v -15.0 -7.669921 0.997071
v -15.0 -7.210937 0.09863299
v -16.0 -7.999999 1.0
v -15.0 -7.999999 1.0
v -16.0 -7.210937 0.09863299
v -15.0 -7.210937 0.09863299
v -15.0 -6.999999 0.0
v -16.0 -6.999999 0.0
v -14.0 -7.0 0.0
v -14.0 -6.0 0.0
v -16.0 -6.0 0.0
v -16.0 -7.0 0.0
v -15.0 -6.0 0.0
v -15.0 -5.0 0.0
v -16.0 -5.0 0.0
v -16.0 -6.0 0.0
v -15.0 3.0 0.0
v -16.0 3.0 0.0
v -16.0 -5.0 0.0
v -15.0 -5.0 0.0
v -15.0 10.0 0.0
v -16.0 10.0 0.0
v -16.0 3.0 0.0
v -15.0 3.0 0.0
v -16.0 10.0 0.0
v -15.0 10.0 0.0
v -15.0 11.0 0.0
v -16.0 11.0 0.0
v -16.0 11.0 0.0625
v -15.0 11.0 0.0625
v -15.0 12.0 0.0625
v -16.0 12.0 0.0625
v -15.0 12.0 0.0
v -15.0 16.0 0.0
v -16.0 16.0 0.0
v -16.0 12.0 0.0
v -12.0 -12.000004 2.000001
v -15.0 -12.000004 2.000001
v -15.0 -16.000004 2.000001
v -12.0 -16.000004 2.000001
v -14.0 -11.669921 1.997071
v -14.0 -11.2109375 1.098633
v -14.669922 -11.669921 1.997071
v -14.105469 -11.105468 1.098633
v -14.2109375 -10.999999 1.098633
v -14.2109375 -10.999999 1.098633
v -14.105469 -11.105468 1.098633
v -14.0 -10.999999 1.0
v -14.0 -11.2109375 1.098633
v -15.0 -10.999999 2.0
v -15.0 -11.999999 2.0
v -14.669922 -11.669921 1.997071
v -14.669922 -10.999999 1.997071
v -15.0 -11.999999 2.0
v -14.0 -11.999999 2.0
v -14.0 -11.669921 1.997071
v -14.669922 -11.669921 1.997071
v -14.669922 -10.999999 1.997071
v -14.669922 -11.669921 1.997071
v -14.2109375 -10.999999 1.098633
v -14.0 -10.999999 1.0
v -14.0625 -10.374999 1.0
v -14.3125 -10.062499 1.0
v -15.0 -9.999999 1.0
v -14.0 -9.999999 1.0
v -14.2109375 -10.999999 1.098633
v -14.25 -10.562499 1.098633
v -14.669922 -10.999999 1.997071
v -14.5 -10.249999 1.098633
v -15.0 -10.669921 1.997071
v -15.0 -10.2109375 1.098633
v -15.0 -10.669921 1.997071
v -15.0 -10.999999 2.0
v -14.669922 -10.999999 1.997071
v -14.3125 -10.062499 1.0
v -15.0 -9.999999 1.0
v -15.0 -10.2109375 1.098633
v -14.5 -10.249999 1.098633
v -14.0 -10.999999 1.0
v -14.0625 -10.374999 1.0
v -14.25 -10.562499 1.098633
v -14.2109375 -10.999999 1.098633
v -14.5 -9.125 1.125001
v -15.0 -9.125 1.125001
v -15.0 -10.125 1.125001
v -14.5 -10.125 1.125001
v -14.0 -8.669921 0.997071
v -14.0 -8.2109375 0.09863299
v -14.669922 -8.669921 0.997071
v -14.105469 -8.105468 0.09863299
v -14.2109375 -7.999999 0.09863299
v -14.2109375 -7.999999 0.09863299
v -14.105469 -8.105468 0.09863299
v -14.0 -7.999999 0.0
v -14.0 -8.2109375 0.09863299
v -15.0 -7.999999 1.0
v -15.0 -8.999999 1.0
v -14.669922 -8.669921 0.997071
v -14.669922 -7.999999 0.997071
v -15.0 -8.999999 1.0
v -14.0 -8.999999 1.0
v -14.0 -8.669921 0.997071
v -14.669922 -8.669921 0.997071
v -14.669922 -7.999999 0.997071
v -14.669922 -8.669921 0.997071
v -14.2109375 -7.999999 0.09863299
v -14.0 -7.999999 0.0
v -14.0 -6.999999 0.0
v -14.0625 -7.374999 0.0
v -14.3125 -7.062499 0.0
v -15.0 -6.999999 0.0
v -14.2109375 -7.999999 0.09863299
v -14.25 -7.562499 0.09863299
v -14.669922 -7.999999 0.997071
v -14.5 -7.249999 0.09863299
v -15.0 -7.669921 0.997071
v -15.0 -7.210937 0.09863299
v -15.0 -7.669921 0.997071
v -15.0 -7.999999 1.0
v -14.669922 -7.999999 0.997071
v -14.3125 -7.062499 0.0
v -15.0 -6.999999 0.0
v -15.0 -7.210937 0.09863299
v -14.5 -7.249999 0.09863299
v -14.0 -7.999999 0.0
v -14.0625 -7.374999 0.0
v -14.25 -7.562499 0.09863299
v -14.2109375 -7.999999 0.09863299
v -15.0 -5.0 0.0
v -15.0 -6.0 0.0
v -7.0 -6.0 0.0
v -7.0 -5.0 0.0
v -13.0 3.0 0.0
v -15.0 3.0 0.0
v -15.0 -5.0 0.0
v -13.0 -5.0 0.0
v -13.0 10.0 0.0
v -15.0 10.0 0.0
v -15.0 3.0 0.0
v -13.0 3.0 0.0
v -7.0 10.0 0.0
v -7.0 11.0 0.0
v -15.0 11.0 0.0
v -15.0 10.0 0.0
v -14.0 11.0 0.0
v -14.0 12.0 0.0
v -15.0 12.0 0.0
v -15.0 11.0 0.0
v -15.0 12.0 0.0
v -14.0 12.0 0.0
v -14.0 13.0 0.0
v -15.0 13.0 0.0
v -7.0 13.0 0.0
v -7.0 16.0 0.0
v -15.0 16.0 0.0
v -15.0 13.0 0.0
v -12.0 -11.2109375 1.098633
v -14.0 -11.2109375 1.098633
v -12.0 -11.669921 1.997071
v -14.0 -11.669921 1.997071
v -12.0 -11.999999 2.0
v -14.0 -11.999999 2.0
v -12.0 -10.999999 1.0
v -14.0 -10.999999 1.0
v -14.0 -11.2109375 1.098633
v -12.0 -11.2109375 1.098633
v -11.0 -10.125 1.125
v -14.0 -10.125 1.125
v -14.0 -11.125 1.125
v -11.0 -11.125 1.125
v -10.0 -10.0 1.0
v -10.0 -9.0 1.0
v -14.0 -9.0 1.0
v -14.0 -10.0 1.0
v -14.0 -8.2109375 0.09863299
v -14.0 -8.669921 0.997071
v -10.0 -8.669921 0.997071
v -10.0 -8.2109375 0.09863299
v -14.0 -8.999999 1.0
v -10.0 -8.999999 1.0
v -14.0 -8.2109375 0.09863299
v -10.0 -8.2109375 0.09863299
v -10.0 -7.999999 0.0
v -14.0 -7.999999 0.0
v -14.0 -7.7070312 0.042967975
v -12.0 -7.7070312 0.042967975
v -12.0 -6.2929688 1.457031
v -14.0 -6.2929688 1.457031
v -13.0 12.0 0.0
v -14.0 12.0 0.0
v -14.0 11.0 0.0
v -13.0 11.0 0.0
v -14.0 13.0 0.0
v -14.0 12.0 0.0
v -13.0 12.0 0.0
v -13.0 13.0 0.0
v -5.0 -3.0 0.0
v -13.0 -3.0 0.0
v -13.0 -5.0 0.0
v -5.0 -5.0 0.0
v -11.0 -1.0 0.0
v -13.0 -1.0 0.0
v -13.0 -3.0 0.0
v -11.0 -3.0 0.0
v -13.0 0.0 0.0
v -13.0 -1.0 0.0
v -12.0 -1.0 0.0
v -12.0 0.0 0.0
v -13.0 0.0 0.0
v -12.0 0.0 0.0
v -12.0 7.0 0.0
v -13.0 7.0 0.0
v -12.0 8.0 0.0
v -13.0 8.0 0.0
v -13.0 7.0 0.0
v -12.0 7.0 0.0
v -5.0 10.0 0.0
v -13.0 10.0 0.0
v -13.0 8.0 0.0
v -5.0 8.0 0.0
v -12.0 11.0 0.0
v -12.0 12.0 0.0
v -13.0 12.0 0.0
v -13.0 11.0 0.0
v -5.0 12.0 0.0
v -5.0 13.0 0.0
v -13.0 13.0 0.0
v -13.0 12.0 0.0
v -11.0 -14.000002 2.000001
v -12.0 -14.000002 2.000001
v -12.0 -16.000002 2.000001
v -11.0 -16.000002 2.000001
v -11.0 -13.669921 1.997071
v -11.0 -13.2109375 1.098633
v -11.669922 -13.669921 1.997071
v -11.105469 -13.105468 1.098633
v -11.2109375 -12.999999 1.098633
v -11.2109375 -12.999999 1.098633
v -11.105469 -13.105468 1.098633
v -11.0 -12.999999 1.0
v -11.0 -13.2109375 1.098633
v -12.0 -12.999999 2.0
v -12.0 -13.999999 2.0
v -11.669922 -13.669921 1.997071
v -11.669922 -12.999999 1.997071
v -12.0 -13.999999 2.0
v -11.0 -13.999999 2.0
v -11.0 -13.669921 1.997071
v -11.669922 -13.669921 1.997071
v -11.669922 -12.999999 1.997071
v -11.669922 -13.669921 1.997071
v -11.2109375 -12.999999 1.098633
v -11.2109375 -13.0 1.098633
v -11.2109375 -12.0 1.098633
v -11.669921 -13.0 1.997071
v -11.669921 -12.0 1.997071
v -11.999999 -13.0 2.0
v -11.999999 -12.0 2.0
v -10.999999 -13.0 1.0
v -10.999999 -12.0 1.0
v -11.2109375 -12.0 1.098633
v -11.2109375 -13.0 1.098633
v -11.0 -11.999999 1.0
v -11.0625 -11.374999 1.0
v -11.3125 -11.062499 1.0
v -12.0 -10.999999 1.0
v -11.0 -10.999999 1.0
v -11.2109375 -11.999999 1.098633
v -11.25 -11.562499 1.098633
v -11.669922 -11.999999 1.997071
v -11.5 -11.249999 1.098633
v -12.0 -11.669921 1.997071
v -12.0 -11.2109375 1.098633
v -12.0 -11.669921 1.997071
v -12.0 -11.999999 2.0
v -11.669922 -11.999999 1.997071
v -11.3125 -11.062499 1.0
v -12.0 -10.999999 1.0
v -12.0 -11.2109375 1.098633
v -11.5 -11.249999 1.098633
v -11.0 -11.999999 1.0
v -11.0625 -11.374999 1.0
v -11.25 -11.562499 1.098633
v -11.2109375 -11.999999 1.098633
v -9.0 -8.0 0.0
v -9.0 -7.0 0.0
v -12.0 -7.0 0.0
v -12.0 -8.0 0.0
v -11.0 -7.0 0.0
v -11.0 -6.0 0.0
v -12.0 -6.0 0.0
v -12.0 -7.0 0.0
v -12.0 -1.0 0.0
v -11.0 -1.0 0.0
v -11.0 0.0 0.0
v -12.0 0.0 0.0
v -12.0 0.0 0.0
v -11.0 0.0 0.0
v -11.0 1.0 0.0
v -12.0 1.0 0.0
v -11.0 1.0 0.0
v -11.0 6.0 0.0
v -12.0 6.0 0.0
v -12.0 1.0 0.0
v -11.0 6.0 0.0
v -11.0 7.0 0.0
v -12.0 7.0 0.0
v -12.0 6.0 0.0
v -12.0 8.0 0.0
v -12.0 7.0 0.0
v -5.0 7.0 0.0
v -5.0 8.0 0.0
v -12.0 11.0 0.0625
v -9.0 11.0 0.0625
v -9.0 12.0 0.0625
v -12.0 12.0 0.0625
v -10.2109375 -16.0 1.098633
v -10.2109375 -14.0 1.098633
v -10.669921 -16.0 1.997071
v -10.669921 -14.0 1.997071
v -10.999999 -16.0 2.0
v -10.999999 -14.0 2.0
v -9.999999 -16.0 1.0
v -9.999999 -14.0 1.0
v -10.2109375 -14.0 1.098633
v -10.2109375 -16.0 1.098633
v -10.0 -13.999999 1.0
v -10.0625 -13.374999 1.0
v -10.3125 -13.062499 1.0
v -11.0 -12.999999 1.0
v -10.0 -12.999999 1.0
v -10.2109375 -13.999999 1.098633
v -10.25 -13.562499 1.098633
v -10.669922 -13.999999 1.997071
v -10.5 -13.249999 1.098633
v -11.0 -13.669921 1.997071
v -11.0 -13.2109375 1.098633
v -11.0 -13.669921 1.997071
v -11.0 -13.999999 2.0
v -10.669922 -13.999999 1.997071
v -10.3125 -13.062499 1.0
v -11.0 -12.999999 1.0
v -11.0 -13.2109375 1.098633
v -10.5 -13.249999 1.098633
v -10.0 -13.999999 1.0
v -10.0625 -13.374999 1.0
v -10.25 -13.562499 1.098633
v -10.2109375 -13.999999 1.098633
v -7.0 -12.125 1.125
v -11.0 -12.125 1.125
v -11.0 -13.125 1.125
v -7.0 -13.125 1.125
v -8.0 -11.125 1.125
v -11.0 -11.125 1.125
v -11.0 -12.125 1.125
v -8.0 -12.125 1.125
v -10.5 -10.125 1.125001
v -11.0 -10.125 1.125001
v -11.0 -10.625 1.125001
v -10.5 -10.625 1.125001
v -10.5 -10.625 1.125001
v -11.0 -10.625 1.125001
v -11.0 -11.125 1.125001
v -10.5 -11.125 1.125001
v -10.0 -11.125 1.125001
v -10.0 -10.625 1.125001
v -10.5 -10.625 1.125001
v -10.5 -11.125 1.125001
v -10.0 -7.0 0.0
v -10.0 -6.0 0.0
v -11.0 -6.0 0.0
v -11.0 -7.0 0.0
v -11.0 -2.0 0.0
v -11.0 -3.0 0.0
v -10.0 -3.0 0.0
v -10.0 -2.0 0.0
v -10.0 -1.0 0.0
v -11.0 -1.0 0.0
v -11.0 -2.0 0.0
v -10.0 -2.0 0.0
v -10.0 0.0 0.0
v -11.0 0.0 0.0
v -11.0 -1.0 0.0
v -10.0 -1.0 0.0
v -11.0 0.0 0.0
v -10.0 0.0 0.0
v -10.0 1.0 0.0
v -11.0 1.0 0.0
v -11.0 1.0 0.0
v -10.0 1.0 0.0
v -10.0 2.0 0.0
v -11.0 2.0 0.0
v -10.0 2.0 0.0
v -10.0 7.0 0.0
v -11.0 7.0 0.0
v -11.0 2.0 0.0
v -8.0 -13.125 1.125
v -10.0 -13.125 1.125
v -10.0 -16.125 1.125
v -8.0 -16.125 1.125
v -7.0 -11.0 1.0
v -7.0 -10.0 1.0
v -10.0 -10.0 1.0
v -10.0 -11.0 1.0
v -9.0 -9.669921 0.997071
v -9.0 -9.2109375 0.09863299
v -9.669922 -9.669921 0.997071
v -9.105469 -9.105468 0.09863299
v -9.2109375 -8.999999 0.09863299
v -9.2109375 -8.999999 0.09863299
v -9.105469 -9.105468 0.09863299
v -9.0 -8.999999 0.0
v -9.0 -9.2109375 0.09863299
v -10.0 -8.999999 1.0
v -10.0 -9.999999 1.0
v -9.669922 -9.669921 0.997071
v -9.669922 -8.999999 0.997071
v -10.0 -9.999999 1.0
v -9.0 -9.999999 1.0
v -9.0 -9.669921 0.997071
v -9.669922 -9.669921 0.997071
v -9.669922 -8.999999 0.997071
v -9.669922 -9.669921 0.997071
v -9.2109375 -8.999999 0.09863299
v -9.0 -8.999999 0.0
v -9.0 -7.999999 0.0
v -9.0625 -8.374999 0.0
v -9.3125 -8.062499 0.0
v -10.0 -7.999999 0.0
v -9.2109375 -8.999999 0.09863299
v -9.25 -8.562499 0.09863299
v -9.669922 -8.999999 0.997071
v -9.5 -8.249999 0.09863299
v -10.0 -8.669921 0.997071
v -10.0 -8.2109375 0.09863299
v -10.0 -8.669921 0.997071
v -10.0 -8.999999 1.0
v -9.669922 -8.999999 0.997071
v -9.3125 -8.062499 0.0
v -10.0 -7.999999 0.0
v -10.0 -8.2109375 0.09863299
v -9.5 -8.249999 0.09863299
v -9.0 -8.999999 0.0
v -9.0625 -8.374999 0.0
v -9.25 -8.562499 0.09863299
v -9.2109375 -8.999999 0.09863299
v -10.0 -7.0 0.0625
v -9.0 -7.0 0.0625
v -9.0 -6.0 0.0625
v -10.0 -6.0 0.0625
v -2.0 -3.0 0.0
v -2.0 -2.0 0.0
v -10.0 -2.0 0.0
v -10.0 -3.0 0.0
v -9.0 -1.0 0.0
v -10.0 -1.0 0.0
v -10.0 -2.0 0.0
v -9.0 -2.0 0.0
v -9.0 0.0 0.0
v -10.0 0.0 0.0
v -10.0 -1.0 0.0
v -9.0 -1.0 0.0
v -9.0 1.0 0.0
v -10.0 1.0 0.0
v -10.0 0.0 0.0
v -9.0 0.0 0.0
v -10.0 1.0 0.0
v -9.0 1.0 0.0
v -9.0 2.0 0.0
v -10.0 2.0 0.0
v -10.0 2.0 0.0
v -9.0 2.0 0.0
v -9.0 3.0 0.0
v -10.0 3.0 0.0
v -10.0 3.0 0.0625
v -9.0 3.0 0.0625
v -9.0 4.0 0.0625
v -10.0 4.0 0.0625
v -8.0 4.0 0.0
v -8.0 6.0 0.0
v -10.0 6.0 0.0
v -10.0 4.0 0.0
v -8.0 6.0 0.0
v -8.0 7.0 0.0
v -10.0 7.0 0.0
v -10.0 6.0 0.0
v -9.0 -9.2109375 0.09863299
v -9.0 -9.669921 0.997071
v -7.0 -9.669921 0.997071
v -7.0 -9.2109375 0.09863299
v -9.0 -9.999999 1.0
v -7.0 -9.999999 1.0
v -9.0 -9.2109375 0.09863299
v -7.0 -9.2109375 0.09863299
v -7.0 -8.999999 0.0
v -9.0 -8.999999 0.0
v -7.0 -9.0 0.0
v -7.0 -8.0 0.0
v -9.0 -8.0 0.0
v -9.0 -9.0 0.0
v -9.0 -8.0 0.0625
v -8.0 -8.0 0.0625
v -8.0 -7.0 0.0625
v -9.0 -7.0 0.0625
v -1.0 -7.0 0.0
v -1.0 -6.0 0.0
v -9.0 -6.0 0.0
v -9.0 -7.0 0.0
v -7.0 -2.0 0.0
v -7.0 -1.0 0.0
v -9.0 -1.0 0.0
v -9.0 -2.0 0.0
v -8.0 0.0 0.0
v -9.0 0.0 0.0
v -9.0 -1.0 0.0
v -8.0 -1.0 0.0
v -8.0 1.0 0.0
v -9.0 1.0 0.0
v -9.0 0.0 0.0
v -8.0 0.0 0.0
v -8.0 2.0 0.0
v -9.0 2.0 0.0
v -9.0 1.0 0.0
v -8.0 1.0 0.0
v -9.0 2.0 0.0
v -8.0 2.0 0.0
v -8.0 3.0 0.0
v -9.0 3.0 0.0
v -9.0 3.0 0.0
v -8.0 3.0 0.0
v -8.0 4.0 0.0
v -9.0 4.0 0.0
v -8.0 11.0 0.0
v -8.0 12.0 0.0
v -9.0 12.0 0.0
v -9.0 11.0 0.0
v -7.000001 -15.0 1.0
v -7.625001 -15.0625 1.0
v -7.937501 -15.3125 1.0
v -8.000001 -16.0 1.0
v -8.000001 -15.0 1.0
v -7.000001 -15.2109375 1.098633
v -7.437501 -15.25 1.098633
v -7.000001 -15.669922 1.997071
v -7.750001 -15.5 1.098633
v -7.330079 -16.0 1.997071
v -7.789063 -16.0 1.098633
v -7.330079 -16.0 1.997071
v -7.000001 -16.0 2.0
v -7.000001 -15.669922 1.997071
v -7.937501 -15.3125 1.0
v -8.000001 -16.0 1.0
v -7.789063 -16.0 1.098633
v -7.750001 -15.5 1.098633
v -7.000001 -15.0 1.0
v -7.625001 -15.0625 1.0
v -7.437501 -15.25 1.098633
v -7.000001 -15.2109375 1.098633
v -7.0 -13.125 1.125
v -8.0 -13.125 1.125
v -8.0 -15.125 1.125
v -7.0 -15.125 1.125
v -7.5 -11.125 1.125001
v -8.0 -11.125 1.125001
v -8.0 -11.625 1.125001
v -7.5 -11.625 1.125001
v -7.5 -11.625 1.125001
v -8.0 -11.625 1.125001
v -8.0 -12.125 1.125001
v -7.5 -12.125 1.125001
v -7.0 -12.125 1.125001
v -7.0 -11.625 1.125001
v -7.5 -11.625 1.125001
v -7.5 -12.125 1.125001
v -7.0 -8.0 0.0
v -7.0 -7.0 0.0
v -8.0 -7.0 0.0
v -8.0 -8.0 0.0
v -1.0 -1.0 0.0
v -1.0 0.0 0.0
v -8.0 0.0 0.0
v -8.0 -1.0 0.0
v -7.0 1.0 0.0
v -8.0 1.0 0.0
v -8.0 0.0 0.0
v -7.0 0.0 0.0
v -7.0 2.0 0.0
v -8.0 2.0 0.0
v -8.0 1.0 0.0
v -7.0 1.0 0.0
v -7.0 3.0 0.0
v -8.0 3.0 0.0
v -8.0 2.0 0.0
v -7.0 2.0 0.0
v -8.0 3.0 0.0
v -7.0 3.0 0.0
v -7.0 4.0 0.0
v -8.0 4.0 0.0
v -8.0 4.0 0.0
v -7.0 4.0 0.0
v -7.0 5.0 0.0
v -8.0 5.0 0.0
v -7.0 5.0 0.0
v -7.0 7.0 0.0
v -8.0 7.0 0.0
v -8.0 5.0 0.0
v -8.0 11.0 0.0625
v -6.0 11.0 0.0625
v -6.0 12.0 0.0625
v -8.0 12.0 0.0625
v -6.330079 -15.0 1.997071
v -6.789063 -15.0 1.098633
v -6.330079 -15.669922 1.997071
v -6.894532 -15.105469 1.098633
v -7.000001 -15.2109375 1.098633
v -7.000001 -15.2109375 1.098633
v -6.894532 -15.105469 1.098633
v -7.000001 -15.0 1.0
v -6.789063 -15.0 1.098633
v -7.000001 -16.0 2.0
v -6.000001 -16.0 2.0
v -6.330079 -15.669922 1.997071
v -7.000001 -15.669922 1.997071
v -6.000001 -16.0 2.0
v -6.000001 -15.0 2.0
v -6.330079 -15.0 1.997071
v -6.330079 -15.669922 1.997071
v -7.000001 -15.669922 1.997071
v -6.330079 -15.669922 1.997071
v -7.000001 -15.2109375 1.098633
v -6.000001 -14.0 1.0
v -6.625001 -14.0625 1.0
v -6.937501 -14.3125 1.0
v -7.000001 -15.0 1.0
v -7.000001 -14.0 1.0
v -6.000001 -14.2109375 1.098633
v -6.437501 -14.25 1.098633
v -6.000001 -14.669922 1.997071
v -6.750001 -14.5 1.098633
v -6.330079 -15.0 1.997071
v -6.789063 -15.0 1.098633
v -6.330079 -15.0 1.997071
v -6.000001 -15.0 2.0
v -6.000001 -14.669922 1.997071
v -6.937501 -14.3125 1.0
v -7.000001 -15.0 1.0
v -6.789063 -15.0 1.098633
v -6.750001 -14.5 1.098633
v -6.000001 -14.0 1.0
v -6.625001 -14.0625 1.0
v -6.437501 -14.25 1.098633
v -6.000001 -14.2109375 1.098633
v -5.0 -13.125 1.125
v -7.0 -13.125 1.125
v -7.0 -14.125 1.125
v -5.0 -14.125 1.125
v -6.5 -12.125 1.125001
v -7.0 -12.125 1.125001
v -7.0 -12.625 1.125001
v -6.5 -12.625 1.125001
v -6.5 -12.625 1.125001
v -7.0 -12.625 1.125001
v -7.0 -13.125 1.125001
v -6.5 -13.125 1.125001
v -6.0 -13.125 1.125001
v -6.0 -12.625 1.125001
v -6.5 -12.625 1.125001
v -6.5 -13.125 1.125001
v -6.5 -11.625 1.125002
v -7.0 -11.625 1.125002
v -7.0 -12.125 1.125002
v -6.5 -12.125 1.125002
v -6.0 -10.669921 0.997071
v -6.0 -10.2109375 0.09863299
v -6.669922 -10.669921 0.997071
v -6.1054688 -10.105468 0.09863299
v -6.210938 -9.999999 0.09863299
v -6.210938 -9.999999 0.09863299
v -6.1054688 -10.105468 0.09863299
v -6.0 -9.999999 0.0
v -6.0 -10.2109375 0.09863299
v -7.0 -9.999999 1.0
v -7.0 -10.999999 1.0
v -6.669922 -10.669921 0.997071
v -6.669922 -9.999999 0.997071
v -7.0 -10.999999 1.0
v -6.0 -10.999999 1.0
v -6.0 -10.669921 0.997071
v -6.669922 -10.669921 0.997071
v -6.669922 -9.999999 0.997071
v -6.669922 -10.669921 0.997071
v -6.210938 -9.999999 0.09863299
v -6.0 -9.999999 0.0
v -6.0 -8.999999 0.0
v -6.0625 -9.374999 0.0
v -6.3125 -9.062499 0.0
v -7.0 -8.999999 0.0
v -6.210938 -9.999999 0.09863299
v -6.25 -9.562499 0.09863299
v -6.669922 -9.999999 0.997071
v -6.5 -9.249999 0.09863299
v -7.0 -9.669921 0.997071
v -7.0 -9.2109375 0.09863299
v -7.0 -9.669921 0.997071
v -7.0 -9.999999 1.0
v -6.669922 -9.999999 0.997071
v -6.3125 -9.062499 0.0
v -7.0 -8.999999 0.0
v -7.0 -9.2109375 0.09863299
v -6.5 -9.249999 0.09863299
v -6.0 -9.999999 0.0
v -6.0625 -9.374999 0.0
v -6.25 -9.562499 0.09863299
v -6.210938 -9.999999 0.09863299
v -7.0 -8.707031 0.042967975
v -5.0 -8.707031 0.042967975
v -5.0 -7.2929688 1.457031
v -7.0 -7.2929688 1.457031
v -7.0 -5.0 0.0
v -7.0 -6.0 0.0
v 1.0 -6.0 0.0
v 1.0 -5.0 0.0
v -4.5 -1.0 0.125
v -4.5 -2.0 0.125
v -4.0 -2.0 0.125
v -4.0 -1.0 0.125
v -4.0 -2.0 -0.4375
v -4.0 -1.0 -0.4375
v -6.5 -1.0 0.125
v -7.0 -1.0 0.125
v -7.0 -2.0 0.125
v -6.5 -2.0 0.125
v -7.0 -2.0 0.125
v -7.0 -1.0 0.125
v -7.0 -2.0 -0.4375
v -7.0 -1.0 -0.4375
v 1.0 0.0 0.0
v 1.0 1.0 0.0
v -7.0 1.0 0.0
v -7.0 0.0 0.0
v -6.0 2.0 0.0
v -7.0 2.0 0.0
v -7.0 1.0 0.0
v -6.0 1.0 0.0
v -6.0 3.0 0.0
v -7.0 3.0 0.0
v -7.0 2.0 0.0
v -6.0 2.0 0.0
v -6.0 4.0 0.0
v -7.0 4.0 0.0
v -7.0 3.0 0.0
v -6.0 3.0 0.0
v -7.0 4.0 0.0
v -6.0 4.0 0.0
v -6.0 5.0 0.0
v -7.0 5.0 0.0
v -7.0 5.0 0.0
v -6.0 5.0 0.0
v -6.0 6.0 0.0
v -7.0 6.0 0.0
v -6.0 6.0 0.0
v -6.0 7.0 0.0
v -7.0 7.0 0.0
v -7.0 6.0 0.0
v -2.0 10.0 0.0
v -2.0 11.0 0.0
v -7.0 11.0 0.0
v -7.0 10.0 0.0
v 1.0 13.0 0.0
v 1.0 16.0 0.0
v -7.0 16.0 0.0
v -7.0 13.0 0.0
v -5.0 -15.000001 2.000001
v -6.0 -15.000001 2.000001
v -6.0 -16.000002 2.000001
v -5.0 -16.000002 2.000001
v -5.0 -14.2109375 1.098633
v -6.0 -14.2109375 1.098633
v -5.0 -14.669921 1.997071
v -6.0 -14.669921 1.997071
v -5.0 -14.999999 2.0
v -6.0 -14.999999 2.0
v -5.0 -13.999999 1.0
v -6.0 -13.999999 1.0
v -6.0 -14.2109375 1.098633
v -5.0 -14.2109375 1.098633
v -5.0 -12.625 1.125001
v -6.0 -12.625 1.125001
v -6.0 -13.125 1.125001
v -5.0 -13.125 1.125001
v -5.0 -11.669921 0.997071
v -5.0 -11.2109375 0.09863299
v -5.669922 -11.669921 0.997071
v -5.1054688 -11.105468 0.09863299
v -5.210938 -10.999999 0.09863299
v -5.210938 -10.999999 0.09863299
v -5.1054688 -11.105468 0.09863299
v -5.0 -10.999999 0.0
v -5.0 -11.2109375 0.09863299
v -6.0 -10.999999 1.0
v -6.0 -11.999999 1.0
v -5.669922 -11.669921 0.997071
v -5.669922 -10.999999 0.997071
v -6.0 -11.999999 1.0
v -5.0 -11.999999 1.0
v -5.0 -11.669921 0.997071
v -5.669922 -11.669921 0.997071
v -5.669922 -10.999999 0.997071
v -5.669922 -11.669921 0.997071
v -5.210938 -10.999999 0.09863299
v -5.0 -10.999999 0.0
v -5.0 -9.999999 0.0
v -5.0625 -10.374999 0.0
v -5.3125 -10.062499 0.0
v -6.0 -9.999999 0.0
v -5.210938 -10.999999 0.09863299
v -5.25 -10.562499 0.09863299
v -5.669922 -10.999999 0.997071
v -5.5 -10.249999 0.09863299
v -6.0 -10.669921 0.997071
v -6.0 -10.2109375 0.09863299
v -6.0 -10.669921 0.997071
v -6.0 -10.999999 1.0
v -5.669922 -10.999999 0.997071
v -5.3125 -10.062499 0.0
v -6.0 -9.999999 0.0
v -6.0 -10.2109375 0.09863299
v -5.5 -10.249999 0.09863299
v -5.0 -10.999999 0.0
v -5.0625 -10.374999 0.0
v -5.25 -10.562499 0.09863299
v -5.210938 -10.999999 0.09863299
v -6.0 -9.707031 0.042967975
v -4.0 -9.707031 0.042967975
v -4.0 -8.292969 1.457031
v -6.0 -8.292969 1.457031
v 2.0 1.0 0.0
v 2.0 2.0 0.0
v -6.0 2.0 0.0
v -6.0 1.0 0.0
v -5.0 3.0 0.0
v -6.0 3.0 0.0
v -6.0 2.0 0.0
v -5.0 2.0 0.0
v -5.0 4.0 0.0
v -6.0 4.0 0.0
v -6.0 3.0 0.0
v -5.0 3.0 0.0
v -5.0 5.0 0.0
v -6.0 5.0 0.0
v -6.0 4.0 0.0
v -5.0 4.0 0.0
v -6.0 5.0 0.0
v -5.0 5.0 0.0
v -5.0 6.0 0.0
v -6.0 6.0 0.0
v -6.0 6.0 0.0
v -5.0 6.0 0.0
v -5.0 7.0 0.0
v -6.0 7.0 0.0
v -4.0 11.0 0.0
v -4.0 12.0 0.0
v -6.0 12.0 0.0
v -6.0 11.0 0.0
v -4.0 -15.669921 1.997071
v -4.0 -15.2109375 1.098633
v -4.669922 -15.669921 1.997071
v -4.1054688 -15.105468 1.098633
v -4.210938 -14.999999 1.098633
v -4.210938 -14.999999 1.098633
v -4.1054688 -15.105468 1.098633
v -4.0 -14.999999 1.0
v -4.0 -15.2109375 1.098633
v -5.0 -14.999999 2.0
v -5.0 -15.999999 2.0
v -4.669922 -15.669921 1.997071
v -4.669922 -14.999999 1.997071
v -5.0 -15.999999 2.0
v -4.0 -15.999999 2.0
v -4.0 -15.669921 1.997071
v -4.669922 -15.669921 1.997071
v -4.669922 -14.999999 1.997071
v -4.669922 -15.669921 1.997071
v -4.210938 -14.999999 1.098633
v -4.0 -14.999999 1.0
v -4.0625 -14.374999 1.0
v -4.3125 -14.062499 1.0
v -5.0 -13.999999 1.0
v -4.0 -13.999999 1.0
v -4.210938 -14.999999 1.098633
v -4.25 -14.562499 1.098633
v -4.669922 -14.999999 1.997071
v -4.5 -14.249999 1.098633
v -5.0 -14.669921 1.997071
v -5.0 -14.2109375 1.098633
v -5.0 -14.669921 1.997071
v -5.0 -14.999999 2.0
v -4.669922 -14.999999 1.997071
v -4.3125 -14.062499 1.0
v -5.0 -13.999999 1.0
v -5.0 -14.2109375 1.098633
v -4.5 -14.249999 1.098633
v -4.0 -14.999999 1.0
v -4.0625 -14.374999 1.0
v -4.25 -14.562499 1.098633
v -4.210938 -14.999999 1.098633
v -4.5 -13.125 1.125001
v -5.0 -13.125 1.125001
v -5.0 -13.625 1.125001
v -4.5 -13.625 1.125001
v -4.5 -13.625 1.125001
v -5.0 -13.625 1.125001
v -5.0 -14.125 1.125001
v -4.5 -14.125 1.125001
v -4.0 -14.125 1.125001
v -4.0 -13.625 1.125001
v -4.5 -13.625 1.125001
v -4.5 -14.125 1.125001
v -4.5 -12.625 1.125002
v -5.0 -12.625 1.125002
v -5.0 -13.125 1.125002
v -4.5 -13.125 1.125002
v -5.0 -11.2109375 0.09863299
v -5.0 -11.669921 0.997071
v -4.0 -11.669921 0.997071
v -4.0 -11.2109375 0.09863299
v -5.0 -11.999999 1.0
v -4.0 -11.999999 1.0
v -5.0 -11.2109375 0.09863299
v -4.0 -11.2109375 0.09863299
v -4.0 -10.999999 0.0
v -5.0 -10.999999 0.0
v -2.0 -11.0 0.0
v -2.0 -10.0 0.0
v -5.0 -10.0 0.0
v -5.0 -11.0 0.0
v 3.0 -8.0 0.0
v 3.0 -7.0 0.0
v -5.0 -7.0 0.0
v -5.0 -8.0 0.0
v 3.0 -3.0 0.0
v -5.0 -3.0 0.0
v -5.0 -5.0 0.0
v 3.0 -5.0 0.0
v 3.0 2.0 0.0
v 3.0 3.0 0.0
v -5.0 3.0 0.0
v -5.0 2.0 0.0
v -4.0 4.0 0.0
v -5.0 4.0 0.0
v -5.0 3.0 0.0
v -4.0 3.0 0.0
v -4.0 5.0 0.0
v -5.0 5.0 0.0
v -5.0 4.0 0.0
v -4.0 4.0 0.0
v -4.0 6.0 0.0
v -5.0 6.0 0.0
v -5.0 5.0 0.0
v -4.0 5.0 0.0
v -5.0 6.0 0.0
v -4.0 6.0 0.0
v -4.0 7.0 0.0
v -5.0 7.0 0.0
v -4.0 7.0 0.0
v -4.0 8.0 0.0
v -5.0 8.0 0.0
v -5.0 7.0 0.0
v 3.0 10.0 0.0
v -5.0 10.0 0.0
v -5.0 8.0 0.0
v 3.0 8.0 0.0
v 3.0 12.0 0.0
v 3.0 13.0 0.0
v -5.0 13.0 0.0
v -5.0 12.0 0.0
v -3.0 -15.999999 1.0
v -3.0625 -15.374999 1.0
v -3.3125 -15.062499 1.0
v -4.0 -14.999999 1.0
v -3.0 -14.999999 1.0
v -3.210938 -15.999999 1.098633
v -3.25 -15.562499 1.098633
v -3.6699219 -15.999999 1.997071
v -3.5 -15.249999 1.098633
v -4.0 -15.669921 1.997071
v -4.0 -15.2109375 1.098633
v -4.0 -15.669921 1.997071
v -4.0 -15.999999 2.0
v -3.6699219 -15.999999 1.997071
v -3.3125 -15.062499 1.0
v -4.0 -14.999999 1.0
v -4.0 -15.2109375 1.098633
v -3.5 -15.249999 1.098633
v -3.0 -15.999999 1.0
v -3.0625 -15.374999 1.0
v -3.25 -15.562499 1.098633
v -3.210938 -15.999999 1.098633
v -3.0 -14.125 1.125
v -4.0 -14.125 1.125
v -4.0 -15.125 1.125
v -3.0 -15.125 1.125
v -3.0 -13.625 1.125001
v -4.0 -13.625 1.125001
v -4.0 -14.125 1.125001
v -3.0 -14.125 1.125001
v -3.0 -12.669921 0.997071
v -3.0 -12.2109375 0.09863299
v -3.6699219 -12.669921 0.997071
v -3.105469 -12.105468 0.09863299
v -3.210938 -11.999999 0.09863299
v -3.210938 -11.999999 0.09863299
v -3.105469 -12.105468 0.09863299
v -3.0 -11.999999 0.0
v -3.0 -12.2109375 0.09863299
v -4.0 -11.999999 1.0
v -4.0 -12.999999 1.0
v -3.6699219 -12.669921 0.997071
v -3.6699219 -11.999999 0.997071
v -4.0 -12.999999 1.0
v -3.0 -12.999999 1.0
v -3.0 -12.669921 0.997071
v -3.6699219 -12.669921 0.997071
v -3.6699219 -11.999999 0.997071
v -3.6699219 -12.669921 0.997071
v -3.210938 -11.999999 0.09863299
v -3.0 -11.999999 0.0
v -3.0 -10.999999 0.0
v -3.0625 -11.374999 0.0
v -3.3125 -11.062499 0.0
v -4.0 -10.999999 0.0
v -3.210938 -11.999999 0.09863299
v -3.25 -11.562499 0.09863299
v -3.6699219 -11.999999 0.997071
v -3.5 -11.249999 0.09863299
v -4.0 -11.669921 0.997071
v -4.0 -11.2109375 0.09863299
v -4.0 -11.669921 0.997071
v -4.0 -11.999999 1.0
v -3.6699219 -11.999999 0.997071
v -3.3125 -11.062499 0.0
v -4.0 -10.999999 0.0
v -4.0 -11.2109375 0.09863299
v -3.5 -11.249999 0.09863299
v -3.0 -11.999999 0.0
v -3.0625 -11.374999 0.0
v -3.25 -11.562499 0.09863299
v -3.210938 -11.999999 0.09863299
v 4.0 -2.0 0.0
v 4.0 -1.0 0.0
v -4.0 -1.0 0.0
v -4.0 -2.0 0.0
v 3.0 3.0 0.0
v 3.0 4.0 0.0
v -4.0 4.0 0.0
v -4.0 3.0 0.0
v -3.0 5.0 0.0
v -4.0 5.0 0.0
v -4.0 4.0 0.0
v -3.0 4.0 0.0
v -3.0 6.0 0.0
v -4.0 6.0 0.0
v -4.0 5.0 0.0
v -3.0 5.0 0.0
v -3.0 8.0 0.0
v -4.0 8.0 0.0
v -4.0 6.0 0.0
v -3.0 6.0 0.0
v 2.0 11.0 0.0
v 2.0 12.0 0.0
v -4.0 12.0 0.0
v -4.0 11.0 0.0
v 2.0 -15.125 1.125
v -3.0 -15.125 1.125
v -3.0 -16.125 1.125
v 2.0 -16.125 1.125
v -2.5 -14.125 1.125001
v -3.0 -14.125 1.125001
v -3.0 -14.625 1.125001
v -2.5 -14.625 1.125001
v -2.5 -14.625 1.125001
v -3.0 -14.625 1.125001
v -3.0 -15.125 1.125001
v -2.5 -15.125 1.125001
v -2.0 -15.125 1.125001
v -2.0 -14.625 1.125001
v -2.5 -14.625 1.125001
v -2.5 -15.125 1.125001
v -2.5 -13.625 1.125002
v -3.0 -13.625 1.125002
v -3.0 -14.125 1.125002
v -2.5 -14.125 1.125002
v -3.0 -12.2109375 0.09863299
v -3.0 -12.669921 0.997071
v -2.0 -12.669921 0.997071
v -2.0 -12.2109375 0.09863299
v -3.0 -12.999999 1.0
v -2.0 -12.999999 1.0
v -3.0 -12.2109375 0.09863299
v -2.0 -12.2109375 0.09863299
v -2.0 -11.999999 0.0
v -3.0 -11.999999 0.0
v 3.0 -12.0 0.0
v 3.0 -11.0 0.0
v -3.0 -11.0 0.0
v -3.0 -12.0 0.0
v -3.0 -10.0 0.0625
v -2.0 -10.0 0.0625
v -2.0 -9.0 0.0625
v -3.0 -9.0 0.0625
v -1.0 -9.0 0.0
v -1.0 -8.0 0.0
v -3.0 -8.0 0.0
v -3.0 -9.0 0.0
v 2.0 4.0 0.0
v 2.0 5.0 0.0
v -3.0 5.0 0.0
v -3.0 4.0 0.0
v -2.0 6.0 0.0
v -3.0 6.0 0.0
v -3.0 5.0 0.0
v -2.0 5.0 0.0
v -2.0 7.0 0.0
v -3.0 7.0 0.0
v -3.0 6.0 0.0
v -2.0 6.0 0.0
v -2.0 8.0 0.0
v -3.0 8.0 0.0
v -3.0 7.0 0.0
v -2.0 7.0 0.0
v 2.0 -14.625 1.125001
v -2.0 -14.625 1.125001
v -2.0 -15.125 1.125001
v 2.0 -15.125 1.125001
v -1.0 -13.669921 0.997071
v -1.0 -13.2109375 0.09863299
v -1.669922 -13.669921 0.997071
v -1.105469 -13.105468 0.09863299
v -1.210938 -12.999999 0.09863299
v -1.210938 -12.999999 0.09863299
v -1.105469 -13.105468 0.09863299
v -1.0 -12.999999 0.0
v -1.0 -13.2109375 0.09863299
v -2.0 -12.999999 1.0
v -2.0 -13.999999 1.0
v -1.669922 -13.669921 0.997071
v -1.669922 -12.999999 0.997071
v -2.0 -13.999999 1.0
v -1.0 -13.999999 1.0
v -1.0 -13.669921 0.997071
v -1.669922 -13.669921 0.997071
v -1.669922 -12.999999 0.997071
v -1.669922 -13.669921 0.997071
v -1.210938 -12.999999 0.09863299
v -1.0 -12.999999 0.0
v -1.0 -11.999999 0.0
v -1.0625 -12.374999 0.0
v -1.3125 -12.062499 0.0
v -2.0 -11.999999 0.0
v -1.210938 -12.999999 0.09863299
v -1.25 -12.562499 0.09863299
v -1.669922 -12.999999 0.997071
v -1.5 -12.249999 0.09863299
v -2.0 -12.669921 0.997071
v -2.0 -12.2109375 0.09863299
v -2.0 -12.669921 0.997071
v -2.0 -12.999999 1.0
v -1.669922 -12.999999 0.997071
v -1.3125 -12.062499 0.0
v -2.0 -11.999999 0.0
v -2.0 -12.2109375 0.09863299
v -1.5 -12.249999 0.09863299
v -1.0 -12.999999 0.0
v -1.0625 -12.374999 0.0
v -1.25 -12.562499 0.09863299
v -1.210938 -12.999999 0.09863299
v -1.0 -11.0 0.0
v -1.0 -10.0 0.0
v -2.0 -10.0 0.0
v -2.0 -11.0 0.0
v -1.0 -10.0 0.0
v -1.0 -9.0 0.0
v -2.0 -9.0 0.0
v -2.0 -10.0 0.0
v 6.0 -3.0 0.0
v 6.0 -2.0 0.0
v -2.0 -2.0 0.0
v -2.0 -3.0 0.0
v 1.0 5.0 0.0
v 1.0 6.0 0.0
v -2.0 6.0 0.0
v -2.0 5.0 0.0
v -1.0 7.0 0.0
v -2.0 7.0 0.0
v -2.0 6.0 0.0
v -1.0 6.0 0.0
v -1.0 8.0 0.0
v -2.0 8.0 0.0
v -2.0 7.0 0.0
v -1.0 7.0 0.0
v 1.187501 11.0 0.692382
v 1.187501 11.0 1.125
v 1.187501 10.75 0.692382
v 1.187501 10.75 1.125
v 1.187501 10.0 -0.06738299
v 1.187501 10.0 0.356445
v -2.187499 11.0 1.125
v -2.187499 11.0 0.692383
v -2.187499 10.75 1.125
v -2.187499 10.75 0.692383
v -2.187499 10.0 0.356445
v -2.187499 10.0 -0.06738299
v 0.68750095 11.0 1.0
v 0.68750095 10.0 0.0
v 0.93750095 10.0 0.0
v 0.93750095 11.0 1.0
v -1.6874989 11.0 1.0
v -1.6874989 10.0 0.0
v 0.68750095 10.0 0.0
v 0.68750095 11.0 1.0
v -1.937499 11.0 1.125
v -1.937499 11.0 1.0
v -2.187499 11.0 0.692383
v -2.187499 11.0 1.125
v 0.93750095 11.0 1.0
v 0.93750095 11.0 1.125
v 1.187501 11.0 1.125
v 1.187501 11.0 0.692382
v 0.93750095 10.0 0.356445
v 0.93750095 10.0 0.0
v 1.187501 10.0 -0.06738299
v 1.187501 10.0 0.356445
v -1.937499 10.0 0.0
v -1.937499 10.0 0.356445
v -2.187499 10.0 0.356445
v -2.187499 10.0 -0.06738299
v 1.187501 10.75 1.125
v 0.93750095 10.75 1.125
v 0.93750095 10.0 0.356445
v 1.187501 10.0 0.356445
v 0.93750095 11.0 1.0
v 0.93750095 10.0 0.0
v 0.93750095 10.0 0.356445
v 0.93750095 10.75 1.125
v -2.187499 10.75 1.125
v -1.937499 10.75 1.125
v -1.937499 11.0 1.125
v -2.187499 11.0 1.125
v 0.93750095 11.0 1.125
v 0.93750095 10.75 1.125
v 1.187501 10.75 1.125
v 1.187501 11.0 1.125
v -1.937499 10.0 0.356445
v -1.937499 10.75 1.125
v -2.187499 10.75 1.125
v -2.187499 10.0 0.356445
v -1.937499 10.0 0.0
v -1.937499 11.0 1.0
v -1.937499 10.75 1.125
v -1.937499 10.0 0.356445
v -1.937499 10.0 0.0
v -1.6874989 10.0 0.0
v -1.6874989 11.0 1.0
v -1.937499 11.0 1.0
v -1.937499 10.75 1.125
v -1.937499 11.0 1.0
v -1.937499 11.0 1.125
v 0.93750095 11.0 1.0
v 0.93750095 10.75 1.125
v 0.93750095 11.0 1.125
v -1.0 -13.2109375 0.09863299
v -1.0 -13.669921 0.997071
v 3.0 -13.669921 0.997071
v 3.0 -13.2109375 0.09863299
v -1.0 -13.999999 1.0
v 3.0 -13.999999 1.0
v -1.0 -13.2109375 0.09863299
v 3.0 -13.2109375 0.09863299
v 3.0 -12.999999 0.0
v -1.0 -12.999999 0.0
v 4.0 -13.0 0.0
v 4.0 -12.0 0.0
v -1.0 -12.0 0.0
v -1.0 -13.0 0.0
v 1.0 -11.0 0.0
v 1.0 -10.0 0.0
v -1.0 -10.0 0.0
v -1.0 -11.0 0.0
v -1.0 -10.0 0.0625
v 0.0 -10.0 0.0625
v 0.0 -8.0 0.0625
v -1.0 -8.0 0.0625
v 7.0 -7.0 0.0
v 7.0 -6.0 0.0
v -1.0 -6.0 0.0
v -1.0 -7.0 0.0
v -1.0 -1.0 0.0625
v 0.0 -1.0 0.0625
v 0.0 0.0 0.0625
v -1.0 0.0 0.0625
v 0.0 6.0 0.0
v 0.0 7.0 0.0
v -1.0 7.0 0.0
v -1.0 6.0 0.0
v -1.0 8.0 0.0
v -1.0 7.0 0.0
v 0.0 7.0 0.0
v 0.0 8.0 0.0
v 0.0 -10.0 0.0625
v 1.0 -10.0 0.0625
v 1.0 -9.0 0.0625
v 0.0 -9.0 0.0625
v 8.0 -9.0 0.0
v 8.0 -8.0 0.0
v 0.0 -8.0 0.0
v 0.0 -9.0 0.0
v 7.0 -1.0 0.0
v 7.0 0.0 0.0
v 0.0 0.0 0.0
v 0.0 -1.0 0.0
v 1.0 6.0 0.0
v 1.0 7.0 0.0
v 0.0 7.0 0.0
v 0.0 6.0 0.0
v 1.0 7.0 0.0
v 1.0 8.0 0.0
v 0.0 8.0 0.0
v 0.0 7.0 0.0
v 1.0 -11.0 0.0625
v 2.0 -11.0 0.0625
v 2.0 -10.0 0.0625
v 1.0 -10.0 0.0625
v 2.0 -10.0 0.0
v 2.0 -9.0 0.0
v 1.0 -9.0 0.0
v 1.0 -10.0 0.0
v 1.0 -5.0 0.0
v 1.0 -6.0 0.0
v 9.0 -6.0 0.0
v 9.0 -5.0 0.0
v 4.0 0.0 0.0
v 4.0 1.0 0.0
v 1.0 1.0 0.0
v 1.0 0.0 0.0
v 2.0 5.0 0.0
v 2.0 6.0 0.0
v 1.0 6.0 0.0
v 1.0 5.0 0.0
v 2.0 6.0 0.0
v 2.0 7.0 0.0
v 1.0 7.0 0.0
v 1.0 6.0 0.0
v 3.0 8.0 0.0
v 1.0 8.0 0.0
v 1.0 7.0 0.0
v 3.0 7.0 0.0
v 9.0 10.0 0.0
v 9.0 11.0 0.0
v 1.0 11.0 0.0
v 1.0 10.0 0.0
v 9.0 13.0 0.0
v 9.0 16.0 0.0
v 1.0 16.0 0.0
v 1.0 13.0 0.0
v 2.5 -15.125 1.125001
v 2.0 -15.125 1.125001
v 2.0 -15.625 1.125001
v 2.5 -15.625 1.125001
v 2.5 -15.625 1.125001
v 2.0 -15.625 1.125001
v 2.0 -16.125 1.125001
v 2.5 -16.125 1.125001
v 3.0 -16.125 1.125001
v 3.0 -15.625 1.125001
v 2.5 -15.625 1.125001
v 2.5 -16.125 1.125001
v 3.0 -15.0 1.0
v 3.0 -14.0 1.0
v 2.0 -14.0 1.0
v 2.0 -15.0 1.0
v 8.0 -11.0 0.0
v 8.0 -10.0 0.0
v 2.0 -10.0 0.0
v 2.0 -11.0 0.0
v 3.0 -10.0 0.0
v 3.0 -9.0 0.0
v 2.0 -9.0 0.0
v 2.0 -10.0 0.0
v 3.0 1.0 0.0
v 3.0 2.0 0.0
v 2.0 2.0 0.0
v 2.0 1.0 0.0
v 3.0 4.0 0.0
v 3.0 5.0 0.0
v 2.0 5.0 0.0
v 2.0 4.0 0.0
v 3.0 5.0 0.0
v 3.0 6.0 0.0
v 2.0 6.0 0.0
v 2.0 5.0 0.0
v 3.0 7.0 0.0
v 2.0 7.0 0.0
v 2.0 6.0 0.0
v 3.0 6.0 0.0
v 3.0 11.0 0.0
v 3.0 12.0 0.0
v 2.0 12.0 0.0
v 2.0 11.0 0.0
v 11.0 -16.0 1.0
v 11.0 -15.0 1.0
v 3.0 -15.0 1.0
v 3.0 -16.0 1.0
v 4.0 -14.669921 0.997071
v 4.0 -14.2109375 0.09863299
v 3.3300781 -14.669921 0.997071
v 3.894531 -14.105468 0.09863299
v 3.789062 -13.999999 0.09863299
v 3.789062 -13.999999 0.09863299
v 3.894531 -14.105468 0.09863299
v 4.0 -13.999999 0.0
v 4.0 -14.2109375 0.09863299
v 3.0 -13.999999 1.0
v 3.0 -14.999999 1.0
v 3.3300781 -14.669921 0.997071
v 3.3300781 -13.999999 0.997071
v 3.0 -14.999999 1.0
v 4.0 -14.999999 1.0
v 4.0 -14.669921 0.997071
v 3.3300781 -14.669921 0.997071
v 3.3300781 -13.999999 0.997071
v 3.3300781 -14.669921 0.997071
v 3.789062 -13.999999 0.09863299
v 4.0 -13.999999 0.0
v 4.0 -12.999999 0.0
v 3.9375 -13.374999 0.0
v 3.6875 -13.062499 0.0
v 3.0 -12.999999 0.0
v 3.789062 -13.999999 0.09863299
v 3.75 -13.562499 0.09863299
v 3.3300781 -13.999999 0.997071
v 3.5 -13.249999 0.09863299
v 3.0 -13.669921 0.997071
v 3.0 -13.2109375 0.09863299
v 3.0 -13.669921 0.997071
v 3.0 -13.999999 1.0
v 3.3300781 -13.999999 0.997071
v 3.6875 -13.062499 0.0
v 3.0 -12.999999 0.0
v 3.0 -13.2109375 0.09863299
v 3.5 -13.249999 0.09863299
v 4.0 -13.999999 0.0
v 3.9375 -13.374999 0.0
v 3.75 -13.562499 0.09863299
v 3.789062 -13.999999 0.09863299
v 4.0 -12.0 0.0
v 4.0 -11.0 0.0
v 3.0 -11.0 0.0
v 3.0 -12.0 0.0
v 3.0 -10.0 0.0625
v 4.0 -10.0 0.0625
v 4.0 -9.0 0.0625
v 3.0 -9.0 0.0625
v 11.0 -8.0 0.0
v 11.0 -7.0 0.0
v 3.0 -7.0 0.0
v 3.0 -8.0 0.0
v 11.0 -3.0 0.0
v 3.0 -3.0 0.0
v 3.0 -5.0 0.0
v 11.0 -5.0 0.0
v 3.0 1.0 0.0625
v 4.0 1.0 0.0625
v 4.0 2.0 0.0625
v 3.0 2.0 0.0625
v 4.0 2.0 0.0
v 4.0 3.0 0.0
v 3.0 3.0 0.0
v 3.0 2.0 0.0
v 4.0 3.0 0.0
v 4.0 4.0 0.0
v 3.0 4.0 0.0
v 3.0 3.0 0.0
v 4.0 4.0 0.0
v 4.0 5.0 0.0
v 3.0 5.0 0.0
v 3.0 4.0 0.0
v 4.0 6.0 0.0
v 3.0 6.0 0.0
v 3.0 5.0 0.0
v 4.0 5.0 0.0
v 3.0 7.0 0.0
v 3.0 6.0 0.0
v 4.0 6.0 0.0
v 4.0 7.0 0.0
v 4.0 8.0 0.0
v 3.0 8.0 0.0
v 3.0 7.0 0.0
v 4.0 7.0 0.0
v 11.0 10.0 0.0
v 3.0 10.0 0.0
v 3.0 8.0 0.0
v 11.0 8.0 0.0
v 3.0 11.0 0.0625
v 5.0 11.0 0.0625
v 5.0 12.0 0.0625
v 3.0 12.0 0.0625
v 11.0 12.0 0.0
v 11.0 13.0 0.0
v 3.0 13.0 0.0
v 3.0 12.0 0.0
v 4.0 -14.2109375 0.09863299
v 4.0 -14.669921 0.997071
v 11.0 -14.669921 0.997071
v 11.0 -14.2109375 0.09863299
v 4.0 -14.999999 1.0
v 11.0 -14.999999 1.0
v 4.0 -14.2109375 0.09863299
v 11.0 -14.2109375 0.09863299
v 11.0 -13.999999 0.0
v 4.0 -13.999999 0.0
v 4.0 -13.707031 0.042967975
v 6.0 -13.707031 0.042967975
v 6.0 -12.292969 1.457031
v 4.0 -12.292969 1.457031
v 9.0 -12.0 0.0
v 9.0 -11.0 0.0
v 4.0 -11.0 0.0
v 4.0 -12.0 0.0
v 7.0 -10.0 0.0
v 7.0 -9.0 0.0
v 4.0 -9.0 0.0
v 4.0 -10.0 0.0
v 8.0 -2.0 0.0
v 8.0 -1.0 0.0
v 4.0 -1.0 0.0
v 4.0 -2.0 0.0
v 5.0 0.0 0.0
v 5.0 1.0 0.0
v 4.0 1.0 0.0
v 4.0 0.0 0.0
v 5.0 1.0 0.0
v 5.0 2.0 0.0
v 4.0 2.0 0.0
v 4.0 1.0 0.0
v 5.0 2.0 0.0
v 5.0 3.0 0.0
v 4.0 3.0 0.0
v 4.0 2.0 0.0
v 5.0 3.0 0.0
v 5.0 4.0 0.0
v 4.0 4.0 0.0
v 4.0 3.0 0.0
v 5.0 5.0 0.0
v 4.0 5.0 0.0
v 4.0 4.0 0.0
v 5.0 4.0 0.0
v 4.0 6.0 0.0
v 4.0 5.0 0.0
v 5.0 5.0 0.0
v 5.0 6.0 0.0
v 4.0 7.0 0.0
v 4.0 6.0 0.0
v 5.0 6.0 0.0
v 5.0 7.0 0.0
v 4.0 8.0 0.0
v 4.0 7.0 0.0
v 11.0 7.0 0.0
v 11.0 8.0 0.0
v 6.0 0.0 0.0
v 6.0 1.0 0.0
v 5.0 1.0 0.0
v 5.0 0.0 0.0
v 6.0 1.0 0.0
v 6.0 2.0 0.0
v 5.0 2.0 0.0
v 5.0 1.0 0.0
v 6.0 2.0 0.0
v 6.0 3.0 0.0
v 5.0 3.0 0.0
v 5.0 2.0 0.0
v 6.0 4.0 0.0
v 5.0 4.0 0.0
v 5.0 3.0 0.0
v 6.0 3.0 0.0
v 5.0 5.0 0.0
v 5.0 4.0 0.0
v 6.0 4.0 0.0
v 6.0 5.0 0.0
v 5.0 6.0 0.0
v 5.0 5.0 0.0
v 6.0 5.0 0.0
v 6.0 6.0 0.0
v 5.0 6.0 0.0625
v 6.0 6.0 0.0625
v 6.0 7.0 0.0625
v 5.0 7.0 0.0625
v 7.0 11.0 0.0
v 7.0 12.0 0.0
v 5.0 12.0 0.0
v 5.0 11.0 0.0
v 14.0 -14.0 0.0
v 14.0 -13.0 0.0
v 6.0 -13.0 0.0
v 6.0 -14.0 0.0
v 13.0 -13.0 0.0
v 13.0 -12.0 0.0
v 6.0 -12.0 0.0
v 6.0 -13.0 0.0
v 9.0 -3.0 0.0
v 9.0 -2.0 0.0
v 6.0 -2.0 0.0
v 6.0 -3.0 0.0
v 7.0 0.0 0.0
v 7.0 1.0 0.0
v 6.0 1.0 0.0
v 6.0 0.0 0.0
v 7.0 1.0 0.0
v 7.0 2.0 0.0
v 6.0 2.0 0.0
v 6.0 1.0 0.0
v 7.0 3.0 0.0
v 6.0 3.0 0.0
v 6.0 2.0 0.0
v 7.0 2.0 0.0
v 6.0 4.0 0.0
v 6.0 3.0 0.0
v 7.0 3.0 0.0
v 7.0 4.0 0.0
v 6.0 5.0 0.0
v 6.0 4.0 0.0
v 7.0 4.0 0.0
v 7.0 5.0 0.0
v 9.0 5.0 0.0
v 9.0 7.0 0.0
v 6.0 7.0 0.0
v 6.0 5.0 0.0
v 7.0 -10.0 0.0625
v 10.0 -10.0 0.0625
v 10.0 -9.0 0.0625
v 7.0 -9.0 0.0625
v 15.0 -7.0 0.0
v 15.0 -6.0 0.0
v 7.0 -6.0 0.0
v 7.0 -7.0 0.0
v 8.0 -1.0 0.0
v 8.0 0.0 0.0
v 7.0 0.0 0.0
v 7.0 -1.0 0.0
v 8.0 0.0 0.0
v 8.0 1.0 0.0
v 7.0 1.0 0.0
v 7.0 0.0 0.0
v 8.0 2.0 0.0
v 7.0 2.0 0.0
v 7.0 1.0 0.0
v 8.0 1.0 0.0
v 7.0 3.0 0.0
v 7.0 2.0 0.0
v 8.0 2.0 0.0
v 8.0 3.0 0.0
v 7.0 4.0 0.0
v 7.0 3.0 0.0
v 8.0 3.0 0.0
v 8.0 4.0 0.0
v 10.0 4.0 0.0
v 10.0 5.0 0.0
v 7.0 5.0 0.0
v 7.0 4.0 0.0
v 8.0 11.0 0.0
v 8.0 12.0 0.0
v 7.0 12.0 0.0
v 7.0 11.0 0.0
v 10.0 -11.0 0.0
v 10.0 -10.0 0.0
v 8.0 -10.0 0.0
v 8.0 -11.0 0.0
v 9.0 -9.0 0.0
v 9.0 -8.0 0.0
v 8.0 -8.0 0.0
v 8.0 -9.0 0.0
v 9.0 -2.0 0.0
v 9.0 -1.0 0.0
v 8.0 -1.0 0.0
v 8.0 -2.0 0.0
v 9.0 -1.0 0.0
v 9.0 0.0 0.0
v 8.0 0.0 0.0
v 8.0 -1.0 0.0
v 9.0 1.0 0.0
v 8.0 1.0 0.0
v 8.0 0.0 0.0
v 9.0 0.0 0.0
v 8.0 2.0 0.0
v 8.0 1.0 0.0
v 9.0 1.0 0.0
v 9.0 2.0 0.0
v 8.0 3.0 0.0
v 8.0 2.0 0.0
v 9.0 2.0 0.0
v 9.0 3.0 0.0
v 10.0 3.0 0.0
v 10.0 4.0 0.0
v 8.0 4.0 0.0
v 8.0 3.0 0.0
v 8.0 11.0 0.0625
v 9.0 11.0 0.0625
v 9.0 12.0 0.0625
v 8.0 12.0 0.0625
v 9.0 -12.0 0.0625
v 10.0 -12.0 0.0625
v 10.0 -11.0 0.0625
v 9.0 -11.0 0.0625
v 9.0 -9.0 0.0625
v 11.0 -9.0 0.0625
v 11.0 -8.0 0.0625
v 9.0 -8.0 0.0625
v 9.0 -5.0 0.0
v 9.0 -6.0 0.0
v 16.0 -6.0 0.0
v 16.0 -5.0 0.0
v 9.0 -3.0 0.0
v 10.0 -3.0 0.0
v 10.0 -2.0 0.0
v 9.0 -2.0 0.0
v 10.0 -2.0 0.0
v 10.0 -1.0 0.0
v 9.0 -1.0 0.0
v 9.0 -2.0 0.0
v 10.0 0.0 0.0
v 9.0 0.0 0.0
v 9.0 -1.0 0.0
v 10.0 -1.0 0.0
v 9.0 1.0 0.0
v 9.0 0.0 0.0
v 10.0 0.0 0.0
v 10.0 1.0 0.0
v 9.0 2.0 0.0
v 9.0 1.0 0.0
v 10.0 1.0 0.0
v 10.0 2.0 0.0
v 10.0 2.0 0.0
v 10.0 3.0 0.0
v 9.0 3.0 0.0
v 9.0 2.0 0.0
v 9.0 5.4375 0.0
v 11.0 5.4375 0.0
v 11.0 7.985351 3.083984
v 9.0 7.985351 3.083984
v 9.0 5.0 0.0
v 11.0 5.0 0.0
v 11.0 7.0 0.0
v 9.0 7.0 0.0
v 14.0 10.0 0.0
v 14.0 11.0 0.0
v 9.0 11.0 0.0
v 9.0 10.0 0.0
v 10.0 11.0 0.0
v 10.0 12.0 0.0
v 9.0 12.0 0.0
v 9.0 11.0 0.0
v 16.0 13.0 0.0
v 16.0 16.0 0.0
v 9.0 16.0 0.0
v 9.0 13.0 0.0
v 13.0 -12.0 0.0
v 13.0 -11.0 0.0
v 10.0 -11.0 0.0
v 10.0 -12.0 0.0
v 11.0 -11.0 0.0
v 11.0 -10.0 0.0
v 10.0 -10.0 0.0
v 10.0 -11.0 0.0
v 13.0 -10.0 0.0
v 13.0 -9.0 0.0
v 10.0 -9.0 0.0
v 10.0 -10.0 0.0
v 14.0 -1.0 0.0
v 10.0 -1.0 0.0
v 10.0 -3.0 0.0
v 14.0 -3.0 0.0
v 10.0 0.0 0.0
v 10.0 -1.0 0.0
v 11.0 -1.0 0.0
v 11.0 0.0 0.0
v 10.0 1.0 0.0
v 10.0 0.0 0.0
v 11.0 0.0 0.0
v 11.0 1.0 0.0
v 11.0 1.0 0.0
v 11.0 2.0 0.0
v 10.0 2.0 0.0
v 10.0 1.0 0.0
v 11.0 2.5 0.125
v 10.0 2.5 0.125
v 10.0 2.0 0.125
v 11.0 2.0 0.125
v 10.0 2.0 -0.4375
v 11.0 2.0 -0.4375
v 11.0 4.5 0.125
v 11.0 5.0 0.125
v 10.0 5.0 0.125
v 10.0 4.5 0.125
v 10.0 5.0 0.125
v 11.0 5.0 0.125
v 10.0 5.0 -0.4375
v 11.0 5.0 -0.4375
v 10.0 11.0 0.0625
v 11.0 11.0 0.0625
v 11.0 12.0 0.0625
v 10.0 12.0 0.0625
v 12.0 -15.669921 0.997071
v 12.0 -15.2109375 0.09863299
v 11.330078 -15.669921 0.997071
v 11.894531 -15.105468 0.09863299
v 11.7890625 -14.999999 0.09863299
v 11.7890625 -14.999999 0.09863299
v 11.894531 -15.105468 0.09863299
v 12.0 -14.999999 0.0
v 12.0 -15.2109375 0.09863299
v 11.0 -14.999999 1.0
v 11.0 -15.999999 1.0
v 11.330078 -15.669921 0.997071
v 11.330078 -14.999999 0.997071
v 11.0 -15.999999 1.0
v 12.0 -15.999999 1.0
v 12.0 -15.669921 0.997071
v 11.330078 -15.669921 0.997071
v 11.330078 -14.999999 0.997071
v 11.330078 -15.669921 0.997071
v 11.7890625 -14.999999 0.09863299
v 12.0 -14.999999 0.0
v 12.0 -13.999999 0.0
v 11.9375 -14.374999 0.0
v 11.6875 -14.062499 0.0
v 11.0 -13.999999 0.0
v 11.7890625 -14.999999 0.09863299
v 11.75 -14.562499 0.09863299
v 11.330078 -14.999999 0.997071
v 11.5 -14.249999 0.09863299
v 11.0 -14.669921 0.997071
v 11.0 -14.2109375 0.09863299
v 11.0 -14.669921 0.997071
v 11.0 -14.999999 1.0
v 11.330078 -14.999999 0.997071
v 11.6875 -14.062499 0.0
v 11.0 -13.999999 0.0
v 11.0 -14.2109375 0.09863299
v 11.5 -14.249999 0.09863299
v 12.0 -14.999999 0.0
v 11.9375 -14.374999 0.0
v 11.75 -14.562499 0.09863299
v 11.7890625 -14.999999 0.09863299
v 11.0 -11.0 0.0625
v 13.0 -11.0 0.0625
v 13.0 -10.0 0.0625
v 11.0 -10.0 0.0625
v 12.0 -9.0 0.0
v 12.0 -8.0 0.0
v 11.0 -8.0 0.0
v 11.0 -9.0 0.0
v 11.0 -8.0 0.0625
v 13.0 -8.0 0.0625
v 13.0 -7.0 0.0625
v 11.0 -7.0 0.0625
v 16.0 -3.0 0.0
v 11.0 -3.0 0.0
v 11.0 -5.0 0.0
v 16.0 -5.0 0.0
v 11.0 -1.0 0.0
v 12.0 -1.0 0.0
v 12.0 0.0 0.0
v 11.0 0.0 0.0
v 12.0 7.0 0.0
v 11.0 7.0 0.0
v 11.0 0.0 0.0
v 12.0 0.0 0.0
v 12.0 7.0 0.0
v 12.0 8.0 0.0
v 11.0 8.0 0.0
v 11.0 7.0 0.0
v 14.0 10.0 0.0
v 11.0 10.0 0.0
v 11.0 8.0 0.0
v 14.0 8.0 0.0
v 16.0 11.0 0.0
v 16.0 13.0 0.0
v 11.0 13.0 0.0
v 11.0 11.0 0.0
v 12.0 -15.2109375 0.09863299
v 12.0 -15.669921 0.997071
v 13.0 -15.669921 0.997071
v 13.0 -15.2109375 0.09863299
v 12.0 -15.999999 1.0
v 13.0 -15.999999 1.0
v 12.0 -15.2109375 0.09863299
v 13.0 -15.2109375 0.09863299
v 13.0 -14.999999 0.0
v 12.0 -14.999999 0.0
v 16.0 -15.0 0.0
v 16.0 -14.0 0.0
v 12.0 -14.0 0.0
v 12.0 -15.0 0.0
v 13.0 -9.0 0.0
v 13.0 -8.0 0.0
v 12.0 -8.0 0.0
v 12.0 -9.0 0.0
v 14.0 7.0 0.0
v 12.0 7.0 0.0
v 12.0 -1.0 0.0
v 14.0 -1.0 0.0
v 14.0 8.0 0.0
v 12.0 8.0 0.0
v 12.0 7.0 0.0
v 14.0 7.0 0.0
v 14.0 -15.999999 0.0
v 14.0 -14.999999 0.0
v 13.9375 -15.374999 0.0
v 13.6875 -15.062499 0.0
v 13.0 -14.999999 0.0
v 13.7890625 -15.999999 0.09863299
v 13.75 -15.562499 0.09863299
v 13.330078 -15.999999 0.997071
v 13.5 -15.249999 0.09863299
v 13.0 -15.669921 0.997071
v 13.0 -15.2109375 0.09863299
v 13.0 -15.669921 0.997071
v 13.0 -15.999999 1.0
v 13.330078 -15.999999 0.997071
v 13.6875 -15.062499 0.0
v 13.0 -14.999999 0.0
v 13.0 -15.2109375 0.09863299
v 13.5 -15.249999 0.09863299
v 14.0 -15.999999 0.0
v 13.9375 -15.374999 0.0
v 13.75 -15.562499 0.09863299
v 13.7890625 -15.999999 0.09863299
v 13.0 -13.0 0.0625
v 15.0 -13.0 0.0625
v 15.0 -11.0 0.0625
v 13.0 -11.0 0.0625
v 14.0 -11.0 0.0
v 14.0 -10.0 0.0
v 13.0 -10.0 0.0
v 13.0 -11.0 0.0
v 13.0 -10.0 0.0625
v 14.0 -10.0 0.0625
v 14.0 -8.0 0.0625
v 13.0 -8.0 0.0625
v 16.0 -8.0 0.0
v 16.0 -7.0 0.0
v 13.0 -7.0 0.0
v 13.0 -8.0 0.0
v 16.0 -16.0 0.0
v 16.0 -15.0 0.0
v 14.0 -15.0 0.0
v 14.0 -16.0 0.0
v 14.0 -14.0 0.0625
v 15.0 -14.0 0.0625
v 15.0 -13.0 0.0625
v 14.0 -13.0 0.0625
v 14.0 -11.0 0.0625
v 15.0 -11.0 0.0625
v 15.0 -10.0 0.0625
v 14.0 -10.0 0.0625
v 16.0 -10.0 0.0
v 16.0 -8.0 0.0
v 14.0 -8.0 0.0
v 14.0 -10.0 0.0
v 14.0 -2.0 0.0
v 14.0 -3.0 0.0
v 15.0 -3.0 0.0
v 15.0 -2.0 0.0
v 14.0 -2.0 0.0
v 15.0 -2.0 0.0
v 15.0 6.0 0.0
v 14.0 6.0 0.0
v 14.0 6.0 0.0
v 15.0 6.0 0.0
v 15.0 10.0 0.0
v 14.0 10.0 0.0
v 14.0 11.0 0.0
v 14.0 10.0 0.0
v 15.0 10.0 0.0
v 15.0 11.0 0.0
v 16.0 -14.0 0.0
v 16.0 -10.0 0.0
v 15.0 -10.0 0.0
v 15.0 -14.0 0.0
v 16.0 -7.0 0.0
v 16.0 -6.0 0.0
v 15.0 -6.0 0.0
v 15.0 -7.0 0.0
v 16.0 -3.0 0.0
v 16.0 -2.0 0.0
v 15.0 -2.0 0.0
v 15.0 -3.0 0.0
v 16.0 -2.0 0.0
v 16.0 6.0 0.0
v 15.0 6.0 0.0
v 15.0 -2.0 0.0
v 16.0 6.0 0.0
v 16.0 11.0 0.0
v 15.0 11.0 0.0
v 15.0 6.0 0.0
v -8.0 -16.0 -1.0
v -8.0 -8.0 -1.0
v -16.0 -8.0 -1.0
v -16.0 -16.0 -1.0
v -8.0 -8.0 -1.0
v -8.0 0.0 -1.0
v -16.0 0.0 -1.0
v -16.0 -8.0 -1.0
v -8.0 0.0 -1.0
v -8.0 8.0 -1.0
v -16.0 8.0 -1.0
v -16.0 0.0 -1.0
v -8.0 8.0 -1.0
v -8.0 16.0 -1.0
v -16.0 16.0 -1.0
v -16.0 8.0 -1.0
v 0.0 -16.0 -1.0
v 0.0 -8.0 -1.0
v -8.0 -8.0 -1.0
v -8.0 -16.0 -1.0
v 0.0 -8.0 -1.0
v 0.0 0.0 -1.0
v -8.0 0.0 -1.0
v -8.0 -8.0 -1.0
v 0.0 0.0 -1.0
v 0.0 8.0 -1.0
v -8.0 8.0 -1.0
v -8.0 0.0 -1.0
v 0.0 8.0 -1.0
v 0.0 16.0 -1.0
v -8.0 16.0 -1.0
v -8.0 8.0 -1.0
v 8.0 -16.0 -1.0
v 8.0 -8.0 -1.0
v 0.0 -8.0 -1.0
v 0.0 -16.0 -1.0
v 8.0 -8.0 -1.0
v 8.0 0.0 -1.0
v 0.0 0.0 -1.0
v 0.0 -8.0 -1.0
v 8.0 0.0 -1.0
v 8.0 8.0 -1.0
v 0.0 8.0 -1.0
v 0.0 0.0 -1.0
v 8.0 8.0 -1.0
v 8.0 16.0 -1.0
v 0.0 16.0 -1.0
v 0.0 8.0 -1.0
v 16.0 -16.0 -1.0
v 16.0 -8.0 -1.0
v 8.0 -8.0 -1.0
v 8.0 -16.0 -1.0
v 16.0 -8.0 -1.0
v 16.0 0.0 -1.0
v 8.0 0.0 -1.0
v 8.0 -8.0 -1.0
v 16.0 0.0 -1.0
v 16.0 8.0 -1.0
v 8.0 8.0 -1.0
v 8.0 0.0 -1.0
v 16.0 8.0 -1.0
v 16.0 16.0 -1.0
v 8.0 16.0 -1.0
v 8.0 8.0 -1.0
v 1.0 12.0 1.0
v -2.0 12.0 1.0
v -2.0 11.0 1.0
v 1.0 11.0 1.0
v -10.0 -10.0 1.0
v -10.0 -9.0 1.0
v -16.0 -9.0 1.0
v -16.0 -10.0 1.0
v -15.0 -9.0 1.0
v -15.0 -8.0 1.0
v -16.0 -8.0 1.0
v -16.0 -9.0 1.0
v -7.0 -11.0 1.0
v -7.0 -10.0 1.0
v -14.0 -10.0 1.0
v -14.0 -11.0 1.0
v -9.0 -13.0 1.0
v -9.0 -11.0 1.0
v -11.0 -11.0 1.0
v -11.0 -13.0 1.0
v -6.0 -12.0 1.0
v -6.0 -11.0 1.0
v -9.0 -11.0 1.0
v -9.0 -12.0 1.0
v -4.0 -13.0 1.0
v -4.0 -12.0 1.0
v -8.0 -12.0 1.0
v -8.0 -13.0 1.0
v -2.0 -14.0 1.0
v -2.0 -13.0 1.0
v -6.0 -13.0 1.0
v -6.0 -14.0 1.0
v 3.0 -15.0 1.0
v 3.0 -14.0 1.0
v -4.0 -14.0 1.0
v -4.0 -15.0 1.0
v 5.0 -16.0 1.0
v 5.0 -15.0 1.0
v -3.0 -15.0 1.0
v -3.0 -16.0 1.0
v 11.0 -16.0 1.0
v 11.0 -15.0 1.0
v 5.0 -15.0 1.0
v 5.0 -16.0 1.0
v -18.0 -5.210937 0.09863299
v -18.0 -5.669921 0.997071
v -17.0 -5.669921 0.997071
v -17.0 -5.210937 0.09863299
v -18.0 -5.999999 1.0
v -17.0 -5.999999 1.0
v -18.0 -5.210937 0.09863299
v -17.0 -5.210937 0.09863299
v -17.0 -4.999999 0.0
v -18.0 -4.999999 0.0
vt 0.5 2.4999974
vt 0.0 2.4999974
vt 0.0 -2.5E-6
vt 0.5 -2.5E-6
vt 0.5 -0.394531
vt 0.5 -0.097656
vt 0.0 -0.097656
vt 0.0 -0.394531
vt 0.5 -0.015625
vt 0.0 -0.015625
vt 0.5 -0.394531
vt 0.0 -0.394531
vt 0.0 -0.488281
vt 0.5 -0.488281
vt 1.0 1.0
vt 0.0 1.0
vt 0.0 0.0
vt 1.0 0.0
vt 0.5 -0.5
vt 0.0 -0.5
vt 0.0 -1.0
vt 0.5 -1.0
vt 1.0 0.0
vt 0.5 0.0
vt 0.5 -0.5
vt 1.0 -0.5
vt 1.0 -0.5
vt 1.0 0.0
vt 0.5 0.0
vt 0.5 -0.5
vt 0.5 -0.394531
vt 0.5 -0.097656
vt 0.0 -0.097656
vt 0.0 -0.394531
vt 0.5 -0.015625
vt 0.0 -0.015625
vt 0.5 -0.394531
vt 0.0 -0.394531
vt 0.0 -0.488281
vt 0.5 -0.488281
vt 2.0 -1.0
vt 4.0 -1.0
vt 4.0 0.0
vt 2.0 0.0
vt 0.505859 -0.505859
vt 0.986328 -0.505859
vt 0.505859 -0.992188
vt 0.986328 -0.992188
vt 0.011719 4.0
vt 0.011719 0.0
vt 0.488281 4.0
vt 0.488281 0.0
vt 0.011719 3.5
vt 0.011719 0.0
vt 0.488281 3.5
vt 0.488281 0.0
vt 0.505859 -0.505859
vt 0.986328 -0.505859
vt 0.505859 -0.992188
vt 0.986328 -0.992188
vt 1.0 0.0
vt 0.0 0.0
vt 0.0 -1.0
vt 1.0 -1.0
vt 1.0 -4.0
vt 2.0 -4.0
vt 2.0 0.0
vt 1.0 0.0
vt 2.0 1.999998
vt 0.5 1.999998
vt 0.5 -2.0E-6
vt 2.0 -2.0E-6
vt 0.4375 -0.09375
vt 0.4375 -0.390625
vt 0.285156 -0.09375
vt 0.285156 -0.390625
vt 0.4375 -0.390625
vt 0.4375 0.105469
vt 0.285156 0.105469
vt 0.285156 0.013672
vt 0.4375 0.105469
vt 0.753906 -0.099609
vt 1.0 -0.099609
vt 1.0 -0.013672
vt 0.5 -0.013672
vt 0.4375 -0.09375
vt 0.285156 -0.09375
vt 0.4375 -0.390625
vt 1.0 -0.099609
vt 1.279297 -0.099609
vt 1.5 -0.013672
vt 1.0 -0.013672
vt 1.0 0.5
vt 1.0 0.0
vt 1.03125 0.1875
vt 1.15625 0.03125
vt 1.5 0.0
vt -0.470703 -0.892578
vt -0.345703 -0.892578
vt -0.345703 -0.605469
vt -0.158203 -0.892578
vt -0.158203 -0.605469
vt -0.033203 -0.892578
vt -0.158203 -0.109375
vt -0.251953 -0.015625
vt -0.345703 -0.109375
vt 0.841797 -0.486328
vt 0.998047 -0.486328
vt 0.966797 -0.392578
vt 0.841797 -0.392578
vt 0.498047 -0.486328
vt 0.654297 -0.486328
vt 0.654297 -0.392578
vt 0.529297 -0.392578
vt 1.0 2.0
vt 0.5 2.0
vt 0.5 1.0
vt 1.0 1.0
vt 0.4375 -0.09375
vt 0.4375 -0.390625
vt 0.285156 -0.09375
vt 0.285156 -0.390625
vt 0.4375 -0.390625
vt 0.4375 0.105469
vt 0.285156 0.105469
vt 0.285156 0.013672
vt 0.4375 0.105469
vt 0.753906 -0.099609
vt 1.0 -0.099609
vt 1.0 -0.013672
vt 0.5 -0.013672
vt 0.4375 -0.09375
vt 0.285156 -0.09375
vt 0.4375 -0.390625
vt 1.0 -0.099609
vt 1.279297 -0.099609
vt 1.5 -0.013672
vt 1.0 -0.013672
vt 1.0 0.5
vt 1.0 0.0
vt 1.03125 0.1875
vt 1.15625 0.03125
vt 1.5 0.0
vt -0.470703 -0.892578
vt -0.345703 -0.892578
vt -0.345703 -0.605469
vt -0.158203 -0.892578
vt -0.158203 -0.605469
vt -0.033203 -0.892578
vt -0.158203 -0.109375
vt -0.251953 -0.015625
vt -0.345703 -0.109375
vt 0.841797 -0.486328
vt 0.998047 -0.486328
vt 0.966797 -0.392578
vt 0.841797 -0.392578
vt 0.498047 -0.486328
vt 0.654297 -0.486328
vt 0.654297 -0.392578
vt 0.529297 -0.392578
vt 0.011719 4.0
vt 0.011719 0.0
vt 0.488281 4.0
vt 0.488281 0.0
vt 0.5 5.5
vt 1.5 5.5
vt 1.5 9.5
vt 0.5 9.5
vt 1.5 13.0
vt 0.5 13.0
vt 0.5 9.5
vt 1.5 9.5
vt 0.011719 4.0
vt 0.011719 0.0
vt 0.488281 4.0
vt 0.488281 0.0
vt 0.505859 -0.505859
vt 0.986328 -0.505859
vt 0.505859 -0.992188
vt 0.986328 -0.992188
vt 0.505859 -0.505859
vt 0.986328 -0.505859
vt 0.505859 -0.992188
vt 0.986328 -0.992188
vt 8.0 -3.0
vt 16.0 -3.0
vt 16.0 0.0
vt 8.0 0.0
vt 1.0 -0.394531
vt 1.0 -0.097656
vt 0.0 -0.097656
vt 0.0 -0.394531
vt 1.0 -0.015625
vt 0.0 -0.015625
vt 1.0 -0.394531
vt 0.0 -0.394531
vt 0.0 -0.488281
vt 1.0 -0.488281
vt 3.0 1.0
vt 0.0 1.0
vt 0.0 0.0
vt 3.0 0.0
vt 4.0 -1.0
vt 8.0 -1.0
vt 8.0 0.0
vt 4.0 0.0
vt 2.0 -0.394531
vt 2.0 -0.097656
vt 0.0 -0.097656
vt 0.0 -0.394531
vt 2.0 -0.015625
vt 0.0 -0.015625
vt 2.0 -0.394531
vt 0.0 -0.394531
vt 0.0 -0.488281
vt 2.0 -0.488281
vt 1.0 0.0
vt 0.0 0.0
vt 0.0 -1.0
vt 1.0 -1.0
vt 0.505859 -0.505859
vt 0.986328 -0.505859
vt 0.505859 -0.992188
vt 0.986328 -0.992188
vt 0.505859 -0.505859
vt 0.986328 -0.505859
vt 0.505859 -0.992188
vt 0.986328 -0.992188
vt 5.5 6.5
vt 1.5 6.5
vt 1.5 5.5
vt 5.5 5.5
vt 2.5 7.5
vt 1.5 7.5
vt 1.5 6.5
vt 2.5 6.5
vt 0.986328 -0.007812
vt 0.507812 -0.492188
vt 0.507812 -0.007812
vt 0.986328 -0.492188
vt 0.011719 3.5
vt 0.011719 0.0
vt 0.488281 3.5
vt 0.488281 0.0
vt 0.986328 -0.007812
vt 0.507812 -0.492188
vt 0.507812 -0.007812
vt 0.986328 -0.492188
vt 5.5 13.0
vt 1.5 13.0
vt 1.5 12.0
vt 5.5 12.0
vt 1.0 -1.0
vt 2.0 -1.0
vt 2.0 0.0
vt 1.0 0.0
vt 8.0 -1.0
vt 16.0 -1.0
vt 16.0 0.0
vt 8.0 0.0
vt 2.5 0.999999
vt 2.0 0.999999
vt 2.0 -1.0E-6
vt 2.5 -1.0E-6
vt 0.4375 -0.09375
vt 0.4375 -0.390625
vt 0.285156 -0.09375
vt 0.285156 -0.390625
vt 0.4375 -0.390625
vt 0.4375 0.105469
vt 0.285156 0.105469
vt 0.285156 0.013672
vt 0.4375 0.105469
vt 0.753906 -0.099609
vt 1.0 -0.099609
vt 1.0 -0.013672
vt 0.5 -0.013672
vt 0.4375 -0.09375
vt 0.285156 -0.09375
vt 0.4375 -0.390625
vt 1.0 -0.099609
vt 1.279297 -0.099609
vt 1.5 -0.013672
vt 1.0 -0.013672
vt 0.5 -0.394531
vt 0.5 -0.097656
vt 0.0 -0.097656
vt 0.0 -0.394531
vt 0.5 -0.015625
vt 0.0 -0.015625
vt 0.5 -0.394531
vt 0.0 -0.394531
vt 0.0 -0.488281
vt 0.5 -0.488281
vt 1.0 0.5
vt 1.0 0.0
vt 1.03125 0.1875
vt 1.15625 0.03125
vt 1.5 0.0
vt -0.470703 -0.892578
vt -0.345703 -0.892578
vt -0.345703 -0.605469
vt -0.158203 -0.892578
vt -0.158203 -0.605469
vt -0.033203 -0.892578
vt -0.158203 -0.109375
vt -0.251953 -0.015625
vt -0.345703 -0.109375
vt 0.841797 -0.486328
vt 0.998047 -0.486328
vt 0.966797 -0.392578
vt 0.841797 -0.392578
vt 0.498047 -0.486328
vt 0.654297 -0.486328
vt 0.654297 -0.392578
vt 0.529297 -0.392578
vt 3.0 -1.0
vt 6.0 -1.0
vt 6.0 0.0
vt 3.0 0.0
vt 1.0 -1.0
vt 2.0 -1.0
vt 2.0 0.0
vt 1.0 0.0
vt 0.986328 -0.007812
vt 0.507812 -0.492188
vt 0.507812 -0.007812
vt 0.986328 -0.492188
vt 0.505859 -0.505859
vt 0.986328 -0.505859
vt 0.505859 -0.992188
vt 0.986328 -0.992188
vt 1.0 -5.0
vt 2.0 -5.0
vt 2.0 0.0
vt 1.0 0.0
vt 1.0 -1.0
vt 2.0 -1.0
vt 2.0 0.0
vt 1.0 0.0
vt 0.011719 3.5
vt 0.011719 0.0
vt 0.488281 3.5
vt 0.488281 0.0
vt 3.0 0.0
vt 0.0 0.0
vt 0.0 -1.0
vt 3.0 -1.0
vt 1.0 -0.394531
vt 1.0 -0.097656
vt 0.0 -0.097656
vt 0.0 -0.394531
vt 1.0 -0.015625
vt 0.0 -0.015625
vt 1.0 -0.394531
vt 0.0 -0.394531
vt 0.0 -0.488281
vt 1.0 -0.488281
vt 1.0 0.5
vt 1.0 0.0
vt 1.03125 0.1875
vt 1.15625 0.03125
vt 1.5 0.0
vt -0.470703 -0.892578
vt -0.345703 -0.892578
vt -0.345703 -0.605469
vt -0.158203 -0.892578
vt -0.158203 -0.605469
vt -0.033203 -0.892578
vt -0.158203 -0.109375
vt -0.251953 -0.015625
vt -0.345703 -0.109375
vt 0.841797 -0.486328
vt 0.998047 -0.486328
vt 0.966797 -0.392578
vt 0.841797 -0.392578
vt 0.498047 -0.486328
vt 0.654297 -0.486328
vt 0.654297 -0.392578
vt 0.529297 -0.392578
vt 4.0 1.0
vt 0.0 1.0
vt 0.0 0.0
vt 4.0 0.0
vt 3.0 1.0
vt 0.0 1.0
vt 0.0 0.0
vt 3.0 0.0
vt 0.5 -0.5
vt 0.0 -0.5
vt 0.0 -1.0
vt 0.5 -1.0
vt 1.0 0.0
vt 0.5 0.0
vt 0.5 -0.5
vt 1.0 -0.5
vt 1.0 -0.5
vt 1.0 0.0
vt 0.5 0.0
vt 0.5 -0.5
vt 1.0 -1.0
vt 2.0 -1.0
vt 2.0 0.0
vt 1.0 0.0
vt 0.986328 -0.007812
vt 0.507812 -0.492188
vt 0.507812 -0.007812
vt 0.986328 -0.492188
vt 0.986328 -0.007812
vt 0.507812 -0.492188
vt 0.507812 -0.007812
vt 0.986328 -0.492188
vt 3.0 8.0
vt 2.5 8.0
vt 2.5 7.5
vt 3.0 7.5
vt 0.986328 -0.007812
vt 0.507812 -0.492188
vt 0.507812 -0.007812
vt 0.986328 -0.492188
vt 0.505859 -0.505859
vt 0.986328 -0.505859
vt 0.505859 -0.992188
vt 0.986328 -0.992188
vt 1.0 -5.0
vt 2.0 -5.0
vt 2.0 0.0
vt 1.0 0.0
vt 2.0 3.0
vt 0.0 3.0
vt 0.0 0.0
vt 2.0 0.0
vt 3.0 -1.0
vt 6.0 -1.0
vt 6.0 0.0
vt 3.0 0.0
vt 0.4375 -0.09375
vt 0.4375 -0.390625
vt 0.285156 -0.09375
vt 0.285156 -0.390625
vt 0.4375 -0.390625
vt 0.4375 0.105469
vt 0.285156 0.105469
vt 0.285156 0.013672
vt 0.4375 0.105469
vt 0.753906 -0.099609
vt 1.0 -0.099609
vt 1.0 -0.013672
vt 0.5 -0.013672
vt 0.4375 -0.09375
vt 0.285156 -0.09375
vt 0.4375 -0.390625
vt 1.0 -0.099609
vt 1.279297 -0.099609
vt 1.5 -0.013672
vt 1.0 -0.013672
vt 1.0 0.5
vt 1.0 0.0
vt 1.03125 0.1875
vt 1.15625 0.03125
vt 1.5 0.0
vt -0.470703 -0.892578
vt -0.345703 -0.892578
vt -0.345703 -0.605469
vt -0.158203 -0.892578
vt -0.158203 -0.605469
vt -0.033203 -0.892578
vt -0.158203 -0.109375
vt -0.251953 -0.015625
vt -0.345703 -0.109375
vt 0.841797 -0.486328
vt 0.998047 -0.486328
vt 0.966797 -0.392578
vt 0.841797 -0.392578
vt 0.498047 -0.486328
vt 0.654297 -0.486328
vt 0.654297 -0.392578
vt 0.529297 -0.392578
vt 1.0 0.0
vt 0.0 0.0
vt 0.0 -1.0
vt 1.0 -1.0
vt 0.011719 4.0
vt 0.011719 0.0
vt 0.488281 4.0
vt 0.488281 0.0
vt 0.505859 -0.505859
vt 0.986328 -0.505859
vt 0.505859 -0.992188
vt 0.986328 -0.992188
vt 0.986328 -0.007812
vt 0.507812 -0.492188
vt 0.507812 -0.007812
vt 0.986328 -0.492188
vt 3.0 8.0
vt 3.5 8.0
vt 3.5 8.5
vt 3.0 8.5
vt 0.986328 -0.007812
vt 0.507812 -0.492188
vt 0.507812 -0.007812
vt 0.986328 -0.492188
vt 0.505859 -0.505859
vt 0.986328 -0.505859
vt 0.505859 -0.992188
vt 0.986328 -0.992188
vt 1.0 0.0
vt 0.0 0.0
vt 0.0 -1.0
vt 1.0 -1.0
vt 2.0 -2.0
vt 4.0 -2.0
vt 4.0 0.0
vt 2.0 0.0
vt 2.0 -1.0
vt 4.0 -1.0
vt 4.0 0.0
vt 2.0 0.0
vt 1.0 -0.394531
vt 1.0 -0.097656
vt 0.0 -0.097656
vt 0.0 -0.394531
vt 1.0 -0.015625
vt 0.0 -0.015625
vt 1.0 -0.394531
vt 0.0 -0.394531
vt 0.0 -0.488281
vt 1.0 -0.488281
vt 2.0 -1.0
vt 4.0 -1.0
vt 4.0 0.0
vt 2.0 0.0
vt 1.0 0.0
vt 0.0 0.0
vt 0.0 -1.0
vt 1.0 -1.0
vt 8.0 -1.0
vt 16.0 -1.0
vt 16.0 0.0
vt 8.0 0.0
vt 2.0 -1.0
vt 4.0 -1.0
vt 4.0 0.0
vt 2.0 0.0
vt 0.505859 -0.505859
vt 0.986328 -0.505859
vt 0.505859 -0.992188
vt 0.986328 -0.992188
vt 0.986328 -0.007812
vt 0.507812 -0.492188
vt 0.507812 -0.007812
vt 0.986328 -0.492188
vt 4.0 9.0
vt 3.5 9.0
vt 3.5 8.5
vt 4.0 8.5
vt 0.986328 -0.007812
vt 0.507812 -0.492188
vt 0.507812 -0.007812
vt 0.986328 -0.492188
vt 0.505859 -0.505859
vt 0.986328 -0.505859
vt 0.505859 -0.992188
vt 0.986328 -0.992188
vt 1.0 -1.0
vt 2.0 -1.0
vt 2.0 0.0
vt 1.0 0.0
vt 1.0 0.5
vt 1.0 0.0
vt 1.03125 0.1875
vt 1.15625 0.03125
vt 1.5 0.0
vt -0.470703 -0.892578
vt -0.345703 -0.892578
vt -0.345703 -0.605469
vt -0.158203 -0.892578
vt -0.158203 -0.605469
vt -0.033203 -0.892578
vt -0.158203 -0.109375
vt -0.251953 -0.015625
vt -0.345703 -0.109375
vt 0.841797 -0.486328
vt 0.998047 -0.486328
vt 0.966797 -0.392578
vt 0.841797 -0.392578
vt 0.498047 -0.486328
vt 0.654297 -0.486328
vt 0.654297 -0.392578
vt 0.529297 -0.392578
vt 1.0 2.0
vt 0.0 2.0
vt 0.0 0.0
vt 1.0 0.0
vt 0.5 -0.5
vt 0.0 -0.5
vt 0.0 -1.0
vt 0.5 -1.0
vt 1.0 0.0
vt 0.5 0.0
vt 0.5 -0.5
vt 1.0 -0.5
vt 1.0 -0.5
vt 1.0 0.0
vt 0.5 0.0
vt 0.5 -0.5
vt 1.0 -1.0
vt 2.0 -1.0
vt 2.0 0.0
vt 1.0 0.0
vt 7.0 -1.0
vt 14.0 -1.0
vt 14.0 0.0
vt 7.0 0.0
vt 0.505859 -0.505859
vt 0.986328 -0.505859
vt 0.505859 -0.992188
vt 0.986328 -0.992188
vt 0.986328 -0.007812
vt 0.507812 -0.492188
vt 0.507812 -0.007812
vt 0.986328 -0.492188
vt 4.0 9.0
vt 4.5 9.0
vt 4.5 9.5
vt 4.0 9.5
vt 0.986328 -0.007812
vt 0.507812 -0.492188
vt 0.507812 -0.007812
vt 0.986328 -0.492188
vt 0.505859 -0.505859
vt 0.986328 -0.505859
vt 0.505859 -0.992188
vt 0.986328 -0.992188
vt 1.0 -2.0
vt 2.0 -2.0
vt 2.0 0.0
vt 1.0 0.0
vt 2.0 0.0
vt 0.0 0.0
vt 0.0 -1.0
vt 2.0 -1.0
vt 0.4375 -0.09375
vt 0.4375 -0.390625
vt 0.285156 -0.09375
vt 0.285156 -0.390625
vt 0.4375 -0.390625
vt 0.4375 0.105469
vt 0.285156 0.105469
vt 0.285156 0.013672
vt 0.4375 0.105469
vt 0.753906 -0.099609
vt 1.0 -0.099609
vt 1.0 -0.013672
vt 0.5 -0.013672
vt 0.4375 -0.09375
vt 0.285156 -0.09375
vt 0.4375 -0.390625
vt 1.0 -0.099609
vt 1.279297 -0.099609
vt 1.5 -0.013672
vt 1.0 -0.013672
vt 1.0 0.5
vt 1.0 0.0
vt 1.03125 0.1875
vt 1.15625 0.03125
vt 1.5 0.0
vt -0.470703 -0.892578
vt -0.345703 -0.892578
vt -0.345703 -0.605469
vt -0.158203 -0.892578
vt -0.158203 -0.605469
vt -0.033203 -0.892578
vt -0.158203 -0.109375
vt -0.251953 -0.015625
vt -0.345703 -0.109375
vt 0.841797 -0.486328
vt 0.998047 -0.486328
vt 0.966797 -0.392578
vt 0.841797 -0.392578
vt 0.498047 -0.486328
vt 0.654297 -0.486328
vt 0.654297 -0.392578
vt 0.529297 -0.392578
vt 2.0 1.0
vt 0.0 1.0
vt 0.0 0.0
vt 2.0 0.0
vt 0.5 -0.5
vt 0.0 -0.5
vt 0.0 -1.0
vt 0.5 -1.0
vt 1.0 0.0
vt 0.5 0.0
vt 0.5 -0.5
vt 1.0 -0.5
vt 1.0 -0.5
vt 1.0 0.0
vt 0.5 0.0
vt 0.5 -0.5
vt 1.0 0.0
vt 0.5 0.0
vt 0.5 -0.5
vt 1.0 -0.5
vt 0.4375 -0.09375
vt 0.4375 -0.390625
vt 0.285156 -0.09375
vt 0.285156 -0.390625
vt 0.4375 -0.390625
vt 0.4375 0.105469
vt 0.285156 0.105469
vt 0.285156 0.013672
vt 0.4375 0.105469
vt 0.753906 -0.099609
vt 1.0 -0.099609
vt 1.0 -0.013672
vt 0.5 -0.013672
vt 0.4375 -0.09375
vt 0.285156 -0.09375
vt 0.4375 -0.390625
vt 1.0 -0.099609
vt 1.279297 -0.099609
vt 1.5 -0.013672
vt 1.0 -0.013672
vt 1.0 0.5
vt 1.0 0.0
vt 1.03125 0.1875
vt 1.15625 0.03125
vt 1.5 0.0
vt -0.470703 -0.892578
vt -0.345703 -0.892578
vt -0.345703 -0.605469
vt -0.158203 -0.892578
vt -0.158203 -0.605469
vt -0.033203 -0.892578
vt -0.158203 -0.109375
vt -0.251953 -0.015625
vt -0.345703 -0.109375
vt 0.841797 -0.486328
vt 0.998047 -0.486328
vt 0.966797 -0.392578
vt 0.841797 -0.392578
vt 0.498047 -0.486328
vt 0.654297 -0.486328
vt 0.654297 -0.392578
vt 0.529297 -0.392578
vt 1.0 0.0
vt 0.0 0.0
vt 0.0 -1.0
vt 1.0 -1.0
vt 0.011719 4.0
vt 0.011719 0.0
vt 0.488281 4.0
vt 0.488281 0.0
vt 0.015625 0.5
vt 0.015625 0.0
vt 0.5 0.0
vt 0.5 0.5
vt 0.980469 0.0
vt 0.980469 0.5
vt 0.015625 0.5
vt 0.5 0.5
vt 0.5 0.0
vt 0.015625 0.0
vt 0.5 0.5
vt 0.980469 0.5
vt 0.980469 0.0
vt 0.5 0.0
vt 0.982422 0.5
vt 0.982422 0.0
vt 0.021484 0.0
vt 0.021484 0.5
vt 8.0 -1.0
vt 16.0 -1.0
vt 16.0 0.0
vt 8.0 0.0
vt 0.505859 -0.505859
vt 0.986328 -0.505859
vt 0.505859 -0.992188
vt 0.986328 -0.992188
vt 0.986328 -0.007812
vt 0.507812 -0.492188
vt 0.507812 -0.007812
vt 0.986328 -0.492188
vt 5.0 10.0
vt 4.5 10.0
vt 4.5 9.5
vt 5.0 9.5
vt 0.986328 -0.007812
vt 0.507812 -0.492188
vt 0.507812 -0.007812
vt 0.986328 -0.492188
vt 0.505859 -0.505859
vt 0.986328 -0.505859
vt 0.505859 -0.992188
vt 0.986328 -0.992188
vt 1.0 -1.0
vt 2.0 -1.0
vt 2.0 0.0
vt 1.0 0.0
vt 0.011719 2.5
vt 0.011719 0.0
vt 0.488281 2.5
vt 0.488281 0.0
vt 8.0 -3.0
vt 16.0 -3.0
vt 16.0 0.0
vt 8.0 0.0
vt 5.5 0.4999995
vt 5.0 0.4999995
vt 5.0 -5.0E-7
vt 5.5 -5.0E-7
vt 0.5 -0.394531
vt 0.5 -0.097656
vt 0.0 -0.097656
vt 0.0 -0.394531
vt 0.5 -0.015625
vt 0.0 -0.015625
vt 0.5 -0.394531
vt 0.0 -0.394531
vt 0.0 -0.488281
vt 0.5 -0.488281
vt -3.0 0.0
vt -4.0 0.0
vt -4.0 -0.5
vt -3.0 -0.5
vt 0.4375 -0.09375
vt 0.4375 -0.390625
vt 0.285156 -0.09375
vt 0.285156 -0.390625
vt 0.4375 -0.390625
vt 0.4375 0.105469
vt 0.285156 0.105469
vt 0.285156 0.013672
vt 0.4375 0.105469
vt 0.753906 -0.099609
vt 1.0 -0.099609
vt 1.0 -0.013672
vt 0.5 -0.013672
vt 0.4375 -0.09375
vt 0.285156 -0.09375
vt 0.4375 -0.390625
vt 1.0 -0.099609
vt 1.279297 -0.099609
vt 1.5 -0.013672
vt 1.0 -0.013672
vt 1.0 0.5
vt 1.0 0.0
vt 1.03125 0.1875
vt 1.15625 0.03125
vt 1.5 0.0
vt -0.470703 -0.892578
vt -0.345703 -0.892578
vt -0.345703 -0.605469
vt -0.158203 -0.892578
vt -0.158203 -0.605469
vt -0.033203 -0.892578
vt -0.158203 -0.109375
vt -0.251953 -0.015625
vt -0.345703 -0.109375
vt 0.841797 -0.486328
vt 0.998047 -0.486328
vt 0.966797 -0.392578
vt 0.841797 -0.392578
vt 0.498047 -0.486328
vt 0.654297 -0.486328
vt 0.654297 -0.392578
vt 0.529297 -0.392578
vt 1.0 0.0
vt 0.0 0.0
vt 0.0 -1.0
vt 1.0 -1.0
vt 8.0 -1.0
vt 16.0 -1.0
vt 16.0 0.0
vt 8.0 0.0
vt 0.505859 -0.505859
vt 0.986328 -0.505859
vt 0.505859 -0.992188
vt 0.986328 -0.992188
vt 0.986328 -0.007812
vt 0.507812 -0.492188
vt 0.507812 -0.007812
vt 0.986328 -0.492188
vt 5.0 10.0
vt 5.5 10.0
vt 5.5 10.5
vt 5.0 10.5
vt 0.986328 -0.007812
vt 0.507812 -0.492188
vt 0.507812 -0.007812
vt 0.986328 -0.492188
vt 0.505859 -0.505859
vt 0.986328 -0.505859
vt 0.505859 -0.992188
vt 0.986328 -0.992188
vt 2.0 -1.0
vt 4.0 -1.0
vt 4.0 0.0
vt 2.0 0.0
vt 0.4375 -0.09375
vt 0.4375 -0.390625
vt 0.285156 -0.09375
vt 0.285156 -0.390625
vt 0.4375 -0.390625
vt 0.4375 0.105469
vt 0.285156 0.105469
vt 0.285156 0.013672
vt 0.4375 0.105469
vt 0.753906 -0.099609
vt 1.0 -0.099609
vt 1.0 -0.013672
vt 0.5 -0.013672
vt 0.4375 -0.09375
vt 0.285156 -0.09375
vt 0.4375 -0.390625
vt 1.0 -0.099609
vt 1.279297 -0.099609
vt 1.5 -0.013672
vt 1.0 -0.013672
vt 1.0 0.5
vt 1.0 0.0
vt 1.03125 0.1875
vt 1.15625 0.03125
vt 1.5 0.0
vt -0.470703 -0.892578
vt -0.345703 -0.892578
vt -0.345703 -0.605469
vt -0.158203 -0.892578
vt -0.158203 -0.605469
vt -0.033203 -0.892578
vt -0.158203 -0.109375
vt -0.251953 -0.015625
vt -0.345703 -0.109375
vt 0.841797 -0.486328
vt 0.998047 -0.486328
vt 0.966797 -0.392578
vt 0.841797 -0.392578
vt 0.498047 -0.486328
vt 0.654297 -0.486328
vt 0.654297 -0.392578
vt 0.529297 -0.392578
vt 0.5 -0.5
vt 0.0 -0.5
vt 0.0 -1.0
vt 0.5 -1.0
vt 1.0 0.0
vt 0.5 0.0
vt 0.5 -0.5
vt 1.0 -0.5
vt 1.0 -0.5
vt 1.0 0.0
vt 0.5 0.0
vt 0.5 -0.5
vt 1.0 0.0
vt 0.5 0.0
vt 0.5 -0.5
vt 1.0 -0.5
vt 0.5 -0.394531
vt 0.5 -0.097656
vt 0.0 -0.097656
vt 0.0 -0.394531
vt 0.5 -0.015625
vt 0.0 -0.015625
vt 0.5 -0.394531
vt 0.0 -0.394531
vt 0.0 -0.488281
vt 0.5 -0.488281
vt 3.0 -1.0
vt 6.0 -1.0
vt 6.0 0.0
vt 3.0 0.0
vt 8.0 -1.0
vt 16.0 -1.0
vt 16.0 0.0
vt 8.0 0.0
vt 5.5 6.5
vt 5.5 5.5
vt 9.5 6.5
vt 9.5 5.5
vt 8.0 -1.0
vt 16.0 -1.0
vt 16.0 0.0
vt 8.0 0.0
vt 0.505859 -0.505859
vt 0.986328 -0.505859
vt 0.505859 -0.992188
vt 0.986328 -0.992188
vt 0.986328 -0.007812
vt 0.507812 -0.492188
vt 0.507812 -0.007812
vt 0.986328 -0.492188
vt 6.0 11.0
vt 5.5 11.0
vt 5.5 10.5
vt 6.0 10.5
vt 0.986328 -0.007812
vt 0.507812 -0.492188
vt 0.507812 -0.007812
vt 0.986328 -0.492188
vt 0.986328 -0.007812
vt 0.507812 -0.492188
vt 0.507812 -0.007812
vt 0.986328 -0.492188
vt 5.5 13.0
vt 5.5 12.0
vt 9.5 13.0
vt 9.5 12.0
vt 8.0 -1.0
vt 16.0 -1.0
vt 16.0 0.0
vt 8.0 0.0
vt 1.0 0.5
vt 1.0 0.0
vt 1.03125 0.1875
vt 1.15625 0.03125
vt 1.5 0.0
vt -0.470703 -0.892578
vt -0.345703 -0.892578
vt -0.345703 -0.605469
vt -0.158203 -0.892578
vt -0.158203 -0.605469
vt -0.033203 -0.892578
vt -0.158203 -0.109375
vt -0.251953 -0.015625
vt -0.345703 -0.109375
vt 0.841797 -0.486328
vt 0.998047 -0.486328
vt 0.966797 -0.392578
vt 0.841797 -0.392578
vt 0.498047 -0.486328
vt 0.654297 -0.486328
vt 0.654297 -0.392578
vt 0.529297 -0.392578
vt 1.0 1.0
vt 0.0 1.0
vt 0.0 0.0
vt 1.0 0.0
vt -3.0 0.0
vt -4.0 0.0
vt -4.0 -0.5
vt -3.0 -0.5
vt 0.4375 -0.09375
vt 0.4375 -0.390625
vt 0.285156 -0.09375
vt 0.285156 -0.390625
vt 0.4375 -0.390625
vt 0.4375 0.105469
vt 0.285156 0.105469
vt 0.285156 0.013672
vt 0.4375 0.105469
vt 0.753906 -0.099609
vt 1.0 -0.099609
vt 1.0 -0.013672
vt 0.5 -0.013672
vt 0.4375 -0.09375
vt 0.285156 -0.09375
vt 0.4375 -0.390625
vt 1.0 -0.099609
vt 1.279297 -0.099609
vt 1.5 -0.013672
vt 1.0 -0.013672
vt 1.0 0.5
vt 1.0 0.0
vt 1.03125 0.1875
vt 1.15625 0.03125
vt 1.5 0.0
vt -0.470703 -0.892578
vt -0.345703 -0.892578
vt -0.345703 -0.605469
vt -0.158203 -0.892578
vt -0.158203 -0.605469
vt -0.033203 -0.892578
vt -0.158203 -0.109375
vt -0.251953 -0.015625
vt -0.345703 -0.109375
vt 0.841797 -0.486328
vt 0.998047 -0.486328
vt 0.966797 -0.392578
vt 0.841797 -0.392578
vt 0.498047 -0.486328
vt 0.654297 -0.486328
vt 0.654297 -0.392578
vt 0.529297 -0.392578
vt 8.0 -1.0
vt 16.0 -1.0
vt 16.0 0.0
vt 8.0 0.0
vt 7.0 -1.0
vt 14.0 -1.0
vt 14.0 0.0
vt 7.0 0.0
vt 0.505859 -0.505859
vt 0.986328 -0.505859
vt 0.505859 -0.992188
vt 0.986328 -0.992188
vt 0.986328 -0.007812
vt 0.507812 -0.492188
vt 0.507812 -0.007812
vt 0.986328 -0.492188
vt 6.5 12.0
vt 6.0 12.0
vt 6.0 11.0
vt 6.5 11.0
vt 6.0 -1.0
vt 12.0 -1.0
vt 12.0 0.0
vt 6.0 0.0
vt 5.0 1.0
vt 0.0 1.0
vt 0.0 0.0
vt 5.0 0.0
vt 0.5 -0.5
vt 0.0 -0.5
vt 0.0 -1.0
vt 0.5 -1.0
vt 1.0 0.0
vt 0.5 0.0
vt 0.5 -0.5
vt 1.0 -0.5
vt 1.0 -0.5
vt 1.0 0.0
vt 0.5 0.0
vt 0.5 -0.5
vt 1.0 0.0
vt 0.5 0.0
vt 0.5 -0.5
vt 1.0 -0.5
vt 0.5 -0.394531
vt 0.5 -0.097656
vt 0.0 -0.097656
vt 0.0 -0.394531
vt 0.5 -0.015625
vt 0.0 -0.015625
vt 0.5 -0.394531
vt 0.0 -0.394531
vt 0.0 -0.488281
vt 0.5 -0.488281
vt 6.0 -1.0
vt 12.0 -1.0
vt 12.0 0.0
vt 6.0 0.0
vt 1.0 0.0
vt 0.0 0.0
vt 0.0 -1.0
vt 1.0 -1.0
vt 2.0 -1.0
vt 4.0 -1.0
vt 4.0 0.0
vt 2.0 0.0
vt 5.0 -1.0
vt 10.0 -1.0
vt 10.0 0.0
vt 5.0 0.0
vt 0.505859 -0.505859
vt 0.986328 -0.505859
vt 0.505859 -0.992188
vt 0.986328 -0.992188
vt 0.986328 -0.007812
vt 0.507812 -0.492188
vt 0.507812 -0.007812
vt 0.986328 -0.492188
vt 7.0 12.0
vt 6.5 12.0
vt 6.5 11.5
vt 7.0 11.5
vt -12.0 0.0
vt -16.0 0.0
vt -16.0 -0.5
vt -12.0 -0.5
vt 0.4375 -0.09375
vt 0.4375 -0.390625
vt 0.285156 -0.09375
vt 0.285156 -0.390625
vt 0.4375 -0.390625
vt 0.4375 0.105469
vt 0.285156 0.105469
vt 0.285156 0.013672
vt 0.4375 0.105469
vt 0.753906 -0.099609
vt 1.0 -0.099609
vt 1.0 -0.013672
vt 0.5 -0.013672
vt 0.4375 -0.09375
vt 0.285156 -0.09375
vt 0.4375 -0.390625
vt 1.0 -0.099609
vt 1.279297 -0.099609
vt 1.5 -0.013672
vt 1.0 -0.013672
vt 1.0 0.5
vt 1.0 0.0
vt 1.03125 0.1875
vt 1.15625 0.03125
vt 1.5 0.0
vt -0.470703 -0.892578
vt -0.345703 -0.892578
vt -0.345703 -0.605469
vt -0.158203 -0.892578
vt -0.158203 -0.605469
vt -0.033203 -0.892578
vt -0.158203 -0.109375
vt -0.251953 -0.015625
vt -0.345703 -0.109375
vt 0.841797 -0.486328
vt 0.998047 -0.486328
vt 0.966797 -0.392578
vt 0.841797 -0.392578
vt 0.498047 -0.486328
vt 0.654297 -0.486328
vt 0.654297 -0.392578
vt 0.529297 -0.392578
vt 1.0 -1.0
vt 2.0 -1.0
vt 2.0 0.0
vt 1.0 0.0
vt 1.0 -1.0
vt 2.0 -1.0
vt 2.0 0.0
vt 1.0 0.0
vt 0.011719 4.0
vt 0.011719 0.0
vt 0.488281 4.0
vt 0.488281 0.0
vt 3.0 -1.0
vt 6.0 -1.0
vt 6.0 0.0
vt 3.0 0.0
vt 0.505859 -0.505859
vt 0.986328 -0.505859
vt 0.505859 -0.992188
vt 0.986328 -0.992188
vt 0.986328 -0.007812
vt 0.507812 -0.492188
vt 0.507812 -0.007812
vt 0.986328 -0.492188
vt 0.271484 -0.75
vt 0.960938 -0.75
vt 0.960938 -0.984375
vt 0.271484 -0.984375
vt 0.056641 -0.939453
vt 0.078125 -0.964844
vt 0.078125 -0.951172
vt 0.056641 -0.925781
vt 0.109375 -0.832031
vt 0.109375 -0.791016
vt 0.033203 -0.791016
vt 0.033203 -0.832031
vt 0.023438 -0.943359
vt 0.023438 -0.964844
vt 0.033203 -0.960938
vt 0.033203 -0.943359
vt 0.144531 -0.796875
vt 0.144531 -0.839844
vt 0.222656 -0.839844
vt 0.222656 -0.796875
vt 0.2125 0.0875
vt 0.2125 0.081944
vt 0.2125 0.068273
vt 0.2125 0.0875
vt 0.2125 0.081944
vt 0.2125 0.0875
vt 0.2125 0.0875
vt 0.2125 0.068273
vt 0.042969 -0.964844
vt 0.042969 -0.943359
vt 0.033203 -0.943359
vt 0.033203 -0.960938
vt 0.101562 -0.925781
vt 0.080078 -0.951172
vt 0.080078 -0.964844
vt 0.101562 -0.939453
vt 0.960938 -0.984375
vt 0.960938 -0.75
vt 0.271484 -0.75
vt 0.271484 -0.984375
vt 0.2125 0.081944
vt 0.1625 0.0375
vt 0.1625 0.053342
vt 0.2 0.0875
vt 0.146484 -0.84375
vt 0.224609 -0.84375
vt 0.224609 -0.800781
vt 0.146484 -0.800781
vt 0.109375 -0.925781
vt 0.109375 -0.939453
vt 0.109375 -0.791016
vt 0.03125 -0.791016
vt 0.03125 -0.832031
vt 0.109375 -0.832031
vt 0.1625 0.0375
vt 0.2125 0.081944
vt 0.2 0.0875
vt 0.1625 0.053342
vt 0.048828 -0.939453
vt 0.048828 -0.925781
vt 0.2 0.0875
vt 0.2125 0.081944
vt 0.2125 0.0875
vt 0.2125 0.081944
vt 0.2 0.0875
vt 0.2125 0.0875
vt 1.125 -0.726562
vt 1.125 -0.039062
vt 0.0 -0.039062
vt 0.0 -0.726562
vt 2.0 -0.394531
vt 2.0 -0.097656
vt 0.0 -0.097656
vt 0.0 -0.394531
vt 2.0 -0.015625
vt 0.0 -0.015625
vt 2.0 -0.394531
vt 0.0 -0.394531
vt 0.0 -0.488281
vt 2.0 -0.488281
vt 5.0 -1.0
vt 10.0 -1.0
vt 10.0 0.0
vt 5.0 0.0
vt 2.0 -1.0
vt 4.0 -1.0
vt 4.0 0.0
vt 2.0 0.0
vt 1.0 0.0
vt 0.0 0.0
vt 0.0 -2.0
vt 1.0 -2.0
vt 8.0 -1.0
vt 16.0 -1.0
vt 16.0 0.0
vt 8.0 0.0
vt 1.0 0.0
vt 0.0 0.0
vt 0.0 -1.0
vt 1.0 -1.0
vt 1.0 -1.0
vt 2.0 -1.0
vt 2.0 0.0
vt 1.0 0.0
vt 0.011719 0.5
vt 0.011719 0.0
vt 0.488281 0.5
vt 0.488281 0.0
vt 1.0 0.0
vt 0.0 0.0
vt 0.0 -1.0
vt 1.0 -1.0
vt 8.0 -1.0
vt 16.0 -1.0
vt 16.0 0.0
vt 8.0 0.0
vt 7.0 -1.0
vt 14.0 -1.0
vt 14.0 0.0
vt 7.0 0.0
vt 0.505859 -0.505859
vt 0.986328 -0.505859
vt 0.505859 -0.992188
vt 0.986328 -0.992188
vt 0.986328 -0.007812
vt 0.507812 -0.492188
vt 0.507812 -0.007812
vt 0.986328 -0.492188
vt 1.0 0.0
vt 0.0 0.0
vt 0.0 -1.0
vt 1.0 -1.0
vt 1.0 -1.0
vt 2.0 -1.0
vt 2.0 0.0
vt 1.0 0.0
vt 0.011719 4.0
vt 0.011719 0.0
vt 0.488281 4.0
vt 0.488281 0.0
vt 3.0 -1.0
vt 6.0 -1.0
vt 6.0 0.0
vt 3.0 0.0
vt 0.505859 -0.505859
vt 0.986328 -0.505859
vt 0.505859 -0.992188
vt 0.986328 -0.992188
vt 0.986328 -0.007812
vt 0.507812 -0.492188
vt 0.507812 -0.007812
vt 0.986328 -0.492188
vt 8.5 11.5
vt 9.5 11.5
vt 9.5 12.0
vt 8.5 12.0
vt 0.011719 4.0
vt 0.011719 0.0
vt 0.488281 4.0
vt 0.488281 0.0
vt 8.0 -3.0
vt 16.0 -3.0
vt 16.0 0.0
vt 8.0 0.0
vt 0.5 -0.5
vt 0.0 -0.5
vt 0.0 -1.0
vt 0.5 -1.0
vt 1.0 0.0
vt 0.5 0.0
vt 0.5 -0.5
vt 1.0 -0.5
vt 1.0 -0.5
vt 1.0 0.0
vt 0.5 0.0
vt 0.5 -0.5
vt 1.0 -1.0
vt 2.0 -1.0
vt 2.0 0.0
vt 1.0 0.0
vt 6.0 -1.0
vt 12.0 -1.0
vt 12.0 0.0
vt 6.0 0.0
vt 1.0 -1.0
vt 2.0 -1.0
vt 2.0 0.0
vt 1.0 0.0
vt 1.0 -1.0
vt 2.0 -1.0
vt 2.0 0.0
vt 1.0 0.0
vt 0.505859 -0.505859
vt 0.986328 -0.505859
vt 0.505859 -0.992188
vt 0.986328 -0.992188
vt 0.986328 -0.007812
vt 0.507812 -0.492188
vt 0.507812 -0.007812
vt 0.986328 -0.492188
vt 9.5 11.5
vt 9.0 11.0
vt 9.0 11.5
vt 9.5 11.0
vt 1.0 -1.0
vt 2.0 -1.0
vt 2.0 0.0
vt 1.0 0.0
vt 8.0 -1.0
vt 16.0 -1.0
vt 16.0 0.0
vt 8.0 0.0
vt 0.4375 -0.09375
vt 0.4375 -0.390625
vt 0.285156 -0.09375
vt 0.285156 -0.390625
vt 0.4375 -0.390625
vt 0.4375 0.105469
vt 0.285156 0.105469
vt 0.285156 0.013672
vt 0.4375 0.105469
vt 0.753906 -0.099609
vt 1.0 -0.099609
vt 1.0 -0.013672
vt 0.5 -0.013672
vt 0.4375 -0.09375
vt 0.285156 -0.09375
vt 0.4375 -0.390625
vt 1.0 -0.099609
vt 1.279297 -0.099609
vt 1.5 -0.013672
vt 1.0 -0.013672
vt 1.0 0.5
vt 1.0 0.0
vt 1.03125 0.1875
vt 1.15625 0.03125
vt 1.5 0.0
vt -0.470703 -0.892578
vt -0.345703 -0.892578
vt -0.345703 -0.605469
vt -0.158203 -0.892578
vt -0.158203 -0.605469
vt -0.033203 -0.892578
vt -0.158203 -0.109375
vt -0.251953 -0.015625
vt -0.345703 -0.109375
vt 0.841797 -0.486328
vt 0.998047 -0.486328
vt 0.966797 -0.392578
vt 0.841797 -0.392578
vt 0.498047 -0.486328
vt 0.654297 -0.486328
vt 0.654297 -0.392578
vt 0.529297 -0.392578
vt 1.0 -1.0
vt 2.0 -1.0
vt 2.0 0.0
vt 1.0 0.0
vt 1.0 0.0
vt 0.0 0.0
vt 0.0 -1.0
vt 1.0 -1.0
vt 8.0 -1.0
vt 16.0 -1.0
vt 16.0 0.0
vt 8.0 0.0
vt 13.5 6.5
vt 9.5 6.5
vt 9.5 5.5
vt 13.5 5.5
vt 1.0 0.0
vt 0.0 0.0
vt 0.0 -1.0
vt 1.0 -1.0
vt 1.0 -1.0
vt 2.0 -1.0
vt 2.0 0.0
vt 1.0 0.0
vt 0.505859 -0.505859
vt 0.986328 -0.505859
vt 0.505859 -0.992188
vt 0.986328 -0.992188
vt 0.986328 -0.007812
vt 0.507812 -0.492188
vt 0.507812 -0.007812
vt 0.986328 -0.492188
vt 10.0 11.0
vt 9.5 10.5
vt 9.5 11.0
vt 10.0 10.5
vt 0.986328 -0.007812
vt 0.507812 -0.492188
vt 0.507812 -0.007812
vt 0.986328 -0.492188
vt 0.986328 -0.007812
vt 0.507812 -0.492188
vt 0.507812 -0.007812
vt 0.986328 -0.492188
vt 13.5 13.0
vt 9.5 13.0
vt 9.5 12.0
vt 13.5 12.0
vt 2.0 0.0
vt 0.0 0.0
vt 0.0 -1.0
vt 2.0 -1.0
vt 8.0 -1.0
vt 16.0 -1.0
vt 16.0 0.0
vt 8.0 0.0
vt 3.5 -0.394531
vt 3.5 -0.097656
vt 0.0 -0.097656
vt 0.0 -0.394531
vt 3.5 -0.015625
vt 0.0 -0.015625
vt 3.5 -0.394531
vt 0.0 -0.394531
vt 0.0 -0.488281
vt 3.5 -0.488281
vt 1.0 0.0
vt 0.0 0.0
vt 0.0 -1.0
vt 1.0 -1.0
vt 5.0 -1.0
vt 10.0 -1.0
vt 10.0 0.0
vt 5.0 0.0
vt 3.0 -1.0
vt 6.0 -1.0
vt 6.0 0.0
vt 3.0 0.0
vt 4.0 -1.0
vt 8.0 -1.0
vt 8.0 0.0
vt 4.0 0.0
vt 1.0 -1.0
vt 2.0 -1.0
vt 2.0 0.0
vt 1.0 0.0
vt 1.0 -1.0
vt 2.0 -1.0
vt 2.0 0.0
vt 1.0 0.0
vt 0.505859 -0.505859
vt 0.986328 -0.505859
vt 0.505859 -0.992188
vt 0.986328 -0.992188
vt 0.986328 -0.007812
vt 0.507812 -0.492188
vt 0.507812 -0.007812
vt 0.986328 -0.492188
vt 10.5 10.5
vt 10.0 10.0
vt 10.0 10.5
vt 10.5 10.0
vt 0.986328 -0.007812
vt 0.507812 -0.492188
vt 0.507812 -0.007812
vt 0.986328 -0.492188
vt 0.505859 -0.505859
vt 0.986328 -0.505859
vt 0.505859 -0.992188
vt 0.986328 -0.992188
vt 0.011719 3.5
vt 0.011719 0.0
vt 0.488281 3.5
vt 0.488281 0.0
vt 1.0 -1.0
vt 2.0 -1.0
vt 2.0 0.0
vt 1.0 0.0
vt 0.505859 -0.505859
vt 0.986328 -0.505859
vt 0.505859 -0.992188
vt 0.986328 -0.992188
vt 0.986328 -0.007812
vt 0.507812 -0.492188
vt 0.507812 -0.007812
vt 0.986328 -0.492188
vt 11.0 10.0
vt 10.5 9.5
vt 10.5 10.0
vt 11.0 9.5
vt 0.986328 -0.007812
vt 0.507812 -0.492188
vt 0.507812 -0.007812
vt 0.986328 -0.492188
vt 0.505859 -0.505859
vt 0.986328 -0.505859
vt 0.505859 -0.992188
vt 0.986328 -0.992188
vt 1.0 0.0
vt 0.0 0.0
vt 0.0 -1.0
vt 1.0 -1.0
vt 2.0 -1.0
vt 4.0 -1.0
vt 4.0 0.0
vt 2.0 0.0
vt 8.0 -1.0
vt 16.0 -1.0
vt 16.0 0.0
vt 8.0 0.0
vt 7.0 -1.0
vt 14.0 -1.0
vt 14.0 0.0
vt 7.0 0.0
vt 0.011719 1.5
vt 0.011719 0.0
vt 0.488281 1.5
vt 0.488281 0.0
vt 0.505859 -0.505859
vt 0.986328 -0.505859
vt 0.505859 -0.992188
vt 0.986328 -0.992188
vt 0.986328 -0.007812
vt 0.507812 -0.492188
vt 0.507812 -0.007812
vt 0.986328 -0.492188
vt 11.5 9.5
vt 11.0 9.0
vt 11.0 9.5
vt 11.5 9.0
vt 0.986328 -0.007812
vt 0.507812 -0.492188
vt 0.507812 -0.007812
vt 0.986328 -0.492188
vt 0.505859 -0.505859
vt 0.986328 -0.505859
vt 0.505859 -0.992188
vt 0.986328 -0.992188
vt 3.0 -2.0
vt 6.0 -2.0
vt 6.0 0.0
vt 3.0 0.0
vt 3.0 0.0
vt 0.0 0.0
vt 0.0 -1.0
vt 3.0 -1.0
vt 8.0 -1.0
vt 16.0 -1.0
vt 16.0 0.0
vt 8.0 0.0
vt 0.505859 -0.505859
vt 0.986328 -0.505859
vt 0.505859 -0.992188
vt 0.986328 -0.992188
vt 0.986328 -0.007812
vt 0.507812 -0.492188
vt 0.507812 -0.007812
vt 0.986328 -0.492188
vt 12.0 9.0
vt 11.5 8.5
vt 11.5 9.0
vt 12.0 8.5
vt 0.986328 -0.007812
vt 0.507812 -0.492188
vt 0.507812 -0.007812
vt 0.986328 -0.492188
vt 0.505859 -0.505859
vt 0.986328 -0.505859
vt 0.505859 -0.992188
vt 0.986328 -0.992188
vt 3.0 -1.0
vt 6.0 -1.0
vt 6.0 0.0
vt 3.0 0.0
vt 1.0 -1.0
vt 2.0 -1.0
vt 2.0 0.0
vt 1.0 0.0
vt 2.0 -1.0
vt 4.0 -1.0
vt 4.0 0.0
vt 2.0 0.0
vt 1.0 -1.0
vt 2.0 -1.0
vt 2.0 0.0
vt 1.0 0.0
vt 0.505859 -0.505859
vt 0.986328 -0.505859
vt 0.505859 -0.992188
vt 0.986328 -0.992188
vt 0.986328 -0.007812
vt 0.507812 -0.492188
vt 0.507812 -0.007812
vt 0.986328 -0.492188
vt 12.5 8.5
vt 12.0 8.0
vt 12.0 8.5
vt 12.5 8.0
vt 0.986328 -0.007812
vt 0.507812 -0.492188
vt 0.507812 -0.007812
vt 0.986328 -0.492188
vt 0.505859 -0.505859
vt 0.986328 -0.505859
vt 0.505859 -0.992188
vt 0.986328 -0.992188
vt 2.0 -1.0
vt 4.0 -1.0
vt 4.0 0.0
vt 2.0 0.0
vt 1.0 0.0
vt 0.0 0.0
vt 0.0 -1.0
vt 1.0 -1.0
vt 1.0 0.0
vt 0.0 0.0
vt 0.0 -1.0
vt 1.0 -1.0
vt 2.0 0.0
vt 0.0 0.0
vt 0.0 -1.0
vt 2.0 -1.0
vt 0.011719 3.5
vt 0.011719 0.0
vt 0.488281 3.5
vt 0.488281 0.0
vt 0.986328 -0.007812
vt 0.507812 -0.492188
vt 0.507812 -0.007812
vt 0.986328 -0.492188
vt 0.986328 -0.007812
vt 0.507812 -0.492188
vt 0.507812 -0.007812
vt 0.986328 -0.492188
vt 13.0 8.0
vt 13.0 7.5
vt 12.5 8.0
vt 12.5 7.5
vt 0.986328 -0.007812
vt 0.507812 -0.492188
vt 0.507812 -0.007812
vt 0.986328 -0.492188
vt 0.505859 -0.505859
vt 0.986328 -0.505859
vt 0.505859 -0.992188
vt 0.986328 -0.992188
vt 1.0 -1.0
vt 2.0 -1.0
vt 2.0 0.0
vt 1.0 0.0
vt -0.0 0.0
vt -1.0 0.0
vt -1.0 -1.0
vt 0.0 -1.0
vt 0.5 0.0
vt 0.0 0.0
vt 0.0 -1.0
vt 0.5 -1.0
vt 0.011719 2.5
vt 0.011719 0.0
vt 0.488281 2.5
vt 0.488281 0.0
vt 1.0 -1.0
vt 2.0 -1.0
vt 2.0 0.0
vt 1.0 0.0
vt 7.0 -3.0
vt 14.0 -3.0
vt 14.0 0.0
vt 7.0 0.0
vt 3.0 -1.0
vt 6.0 -1.0
vt 6.0 0.0
vt 3.0 0.0
vt 1.0 -1.0
vt 2.0 -1.0
vt 2.0 0.0
vt 1.0 0.0
vt 3.0 -1.0
vt 6.0 -1.0
vt 6.0 0.0
vt 3.0 0.0
vt 15.0 7.5
vt 13.0 7.5
vt 13.0 6.5
vt 15.0 6.5
vt 0.986328 -0.007812
vt 0.507812 -0.492188
vt 0.507812 -0.007812
vt 0.986328 -0.492188
vt 0.505859 -0.505859
vt 0.986328 -0.505859
vt 0.505859 -0.992188
vt 0.986328 -0.992188
vt 1.0 -1.0
vt 2.0 -1.0
vt 2.0 0.0
vt 1.0 0.0
vt 0.015625 0.5
vt 0.015625 0.0
vt 0.5 0.0
vt 0.5 0.5
vt 0.980469 0.0
vt 0.980469 0.5
vt 0.015625 0.5
vt 0.5 0.5
vt 0.5 0.0
vt 0.015625 0.0
vt 0.5 0.5
vt 0.980469 0.5
vt 0.980469 0.0
vt 0.5 0.0
vt 0.982422 0.5
vt 0.982422 0.0
vt 0.021484 0.0
vt 0.021484 0.5
vt 1.0 0.0
vt 0.0 0.0
vt 0.0 -1.0
vt 1.0 -1.0
vt 0.4375 -0.09375
vt 0.4375 -0.390625
vt 0.285156 -0.09375
vt 0.285156 -0.390625
vt 0.4375 -0.390625
vt 0.4375 0.105469
vt 0.285156 0.105469
vt 0.285156 0.013672
vt 0.4375 0.105469
vt 0.753906 -0.099609
vt 1.0 -0.099609
vt 1.0 -0.013672
vt 0.5 -0.013672
vt 0.4375 -0.09375
vt 0.285156 -0.09375
vt 0.4375 -0.390625
vt 1.0 -0.099609
vt 1.279297 -0.099609
vt 1.5 -0.013672
vt 1.0 -0.013672
vt 1.0 0.5
vt 1.0 0.0
vt 1.03125 0.1875
vt 1.15625 0.03125
vt 1.5 0.0
vt -0.470703 -0.892578
vt -0.345703 -0.892578
vt -0.345703 -0.605469
vt -0.158203 -0.892578
vt -0.158203 -0.605469
vt -0.033203 -0.892578
vt -0.158203 -0.109375
vt -0.251953 -0.015625
vt -0.345703 -0.109375
vt 0.841797 -0.486328
vt 0.998047 -0.486328
vt 0.966797 -0.392578
vt 0.841797 -0.392578
vt 0.498047 -0.486328
vt 0.654297 -0.486328
vt 0.654297 -0.392578
vt 0.529297 -0.392578
vt 2.0 0.0
vt 0.0 0.0
vt 0.0 -1.0
vt 2.0 -1.0
vt 1.0 -1.0
vt 2.0 -1.0
vt 2.0 0.0
vt 1.0 0.0
vt 2.0 0.0
vt 0.0 0.0
vt 0.0 -1.0
vt 2.0 -1.0
vt 16.0 6.5
vt 16.0 5.5
vt 13.5 6.5
vt 13.5 5.5
vt 0.986328 -0.007812
vt 0.507812 -0.492188
vt 0.507812 -0.007812
vt 0.986328 -0.492188
vt 0.011719 3.5
vt 0.011719 0.0
vt 0.488281 3.5
vt 0.488281 0.0
vt 0.986328 -0.007812
vt 0.507812 -0.492188
vt 0.507812 -0.007812
vt 0.986328 -0.492188
vt 15.0 13.0
vt 15.0 12.0
vt 13.5 13.0
vt 13.5 12.0
vt 5.0 -2.0
vt 10.0 -2.0
vt 10.0 0.0
vt 5.0 0.0
vt 0.5 -0.394531
vt 0.5 -0.097656
vt 0.0 -0.097656
vt 0.0 -0.394531
vt 0.5 -0.015625
vt 0.0 -0.015625
vt 0.5 -0.394531
vt 0.0 -0.394531
vt 0.0 -0.488281
vt 0.5 -0.488281
vt 4.0 -1.0
vt 8.0 -1.0
vt 8.0 0.0
vt 4.0 0.0
vt 1.0 -1.0
vt 2.0 -1.0
vt 2.0 0.0
vt 1.0 0.0
vt 14.0 7.5
vt 15.0 7.5
vt 15.0 11.5
vt 14.0 11.5
vt 15.0 12.0
vt 14.0 12.0
vt 14.0 11.5
vt 15.0 11.5
vt 1.0 0.5
vt 1.0 0.0
vt 1.03125 0.1875
vt 1.15625 0.03125
vt 1.5 0.0
vt -0.470703 -0.892578
vt -0.345703 -0.892578
vt -0.345703 -0.605469
vt -0.158203 -0.892578
vt -0.158203 -0.605469
vt -0.033203 -0.892578
vt -0.158203 -0.109375
vt -0.251953 -0.015625
vt -0.345703 -0.109375
vt 0.841797 -0.486328
vt 0.998047 -0.486328
vt 0.966797 -0.392578
vt 0.841797 -0.392578
vt 0.498047 -0.486328
vt 0.654297 -0.486328
vt 0.654297 -0.392578
vt 0.529297 -0.392578
vt 2.0 0.0
vt 0.0 0.0
vt 0.0 -2.0
vt 2.0 -2.0
vt 1.0 -1.0
vt 2.0 -1.0
vt 2.0 0.0
vt 1.0 0.0
vt 1.0 0.0
vt 0.0 0.0
vt 0.0 -2.0
vt 1.0 -2.0
vt 3.0 -1.0
vt 6.0 -1.0
vt 6.0 0.0
vt 3.0 0.0
vt 2.0 -1.0
vt 4.0 -1.0
vt 4.0 0.0
vt 2.0 0.0
vt 1.0 0.0
vt 0.0 0.0
vt 0.0 -1.0
vt 1.0 -1.0
vt 1.0 0.0
vt 0.0 0.0
vt 0.0 -1.0
vt 1.0 -1.0
vt 2.0 -2.0
vt 4.0 -2.0
vt 4.0 0.0
vt 2.0 0.0
vt 0.986328 -0.007812
vt 0.507812 -0.492188
vt 0.507812 -0.007812
vt 0.986328 -0.492188
vt 0.011719 4.0
vt 0.011719 0.0
vt 0.488281 4.0
vt 0.488281 0.0
vt 0.011719 2.0
vt 0.011719 0.0
vt 0.488281 2.0
vt 0.488281 0.0
vt 0.505859 -0.505859
vt 0.986328 -0.505859
vt 0.505859 -0.992188
vt 0.986328 -0.992188
vt 1.0 -4.0
vt 2.0 -4.0
vt 2.0 0.0
vt 1.0 0.0
vt 1.0 -1.0
vt 2.0 -1.0
vt 2.0 0.0
vt 1.0 0.0
vt 0.011719 0.5
vt 0.011719 0.0
vt 0.488281 0.5
vt 0.488281 0.0
vt 1.0 -8.0
vt 2.0 -8.0
vt 2.0 0.0
vt 1.0 0.0
vt 1.0 -5.0
vt 2.0 -5.0
vt 2.0 0.0
vt 1.0 0.0
vt 8.0 -8.0
vt 16.0 -8.0
vt 16.0 0.0
vt 8.0 0.0
vt 8.0 -8.0
vt 16.0 -8.0
vt 16.0 0.0
vt 8.0 0.0
vt 8.0 -8.0
vt 16.0 -8.0
vt 16.0 0.0
vt 8.0 0.0
vt 8.0 -8.0
vt 16.0 -8.0
vt 16.0 0.0
vt 8.0 0.0
vt 8.0 -8.0
vt 16.0 -8.0
vt 16.0 0.0
vt 8.0 0.0
vt 8.0 -8.0
vt 16.0 -8.0
vt 16.0 0.0
vt 8.0 0.0
vt 8.0 -8.0
vt 16.0 -8.0
vt 16.0 0.0
vt 8.0 0.0
vt 8.0 -8.0
vt 16.0 -8.0
vt 16.0 0.0
vt 8.0 0.0
vt 8.0 -8.0
vt 16.0 -8.0
vt 16.0 0.0
vt 8.0 0.0
vt 8.0 -8.0
vt 16.0 -8.0
vt 16.0 0.0
vt 8.0 0.0
vt 8.0 -8.0
vt 16.0 -8.0
vt 16.0 0.0
vt 8.0 0.0
vt 8.0 -8.0
vt 16.0 -8.0
vt 16.0 0.0
vt 8.0 0.0
vt 8.0 -8.0
vt 16.0 -8.0
vt 16.0 0.0
vt 8.0 0.0
vt 8.0 -8.0
vt 16.0 -8.0
vt 16.0 0.0
vt 8.0 0.0
vt 8.0 -8.0
vt 16.0 -8.0
vt 16.0 0.0
vt 8.0 0.0
vt 8.0 -8.0
vt 16.0 -8.0
vt 16.0 0.0
vt 8.0 0.0
vt 7.0 14.0
vt 8.5 13.5
vt 8.5 14.0
vt 7.0 13.5
vt 6.0 -1.0
vt 12.0 -1.0
vt 12.0 0.0
vt 6.0 0.0
vt 1.0 -1.0
vt 2.0 -1.0
vt 2.0 0.0
vt 1.0 0.0
vt 7.0 -1.0
vt 14.0 -1.0
vt 14.0 0.0
vt 7.0 0.0
vt 2.0 -2.0
vt 4.0 -2.0
vt 4.0 0.0
vt 2.0 0.0
vt 3.0 -1.0
vt 6.0 -1.0
vt 6.0 0.0
vt 3.0 0.0
vt 4.0 -1.0
vt 8.0 -1.0
vt 8.0 0.0
vt 4.0 0.0
vt 4.0 -1.0
vt 8.0 -1.0
vt 8.0 0.0
vt 4.0 0.0
vt 7.0 -1.0
vt 14.0 -1.0
vt 14.0 0.0
vt 7.0 0.0
vt 8.0 -1.0
vt 16.0 -1.0
vt 16.0 0.0
vt 8.0 0.0
vt 6.0 -1.0
vt 12.0 -1.0
vt 12.0 0.0
vt 6.0 0.0
vt 0.5 -0.394531
vt 0.5 -0.097656
vt 0.0 -0.097656
vt 0.0 -0.394531
vt 0.5 -0.015625
vt 0.0 -0.015625
vt 0.5 -0.894531
vt 0.0 -0.894531
vt 0.0 -0.988281
vt 0.5 -0.988281
vn 0.0 0.0 1.0
vn -0.0 0.7071 0.7071
vn -0.0 0.5258 0.8506
vn 0.0 0.0 1.0
vn -0.0 0.426 0.9047
vn 0.0 0.0 1.0
vn 0.0 0.0 1.0
vn -0.0 0.7071 0.7071
vn -0.0 0.5258 0.8506
vn 0.0 0.0 1.0
vn -0.0 0.426 0.9047
vn 0.0 -0.0 1.0
vn 0.0 -0.0 1.0
vn -0.0 -0.0 1.0
vn -0.0 -0.0 1.0
vn -0.0 -0.0 1.0
vn 0.0 -0.0 1.0
vn 0.0 -0.0 1.0
vn 0.0 0.0 1.0
vn -2.0E-4 0.5259 0.8505
vn 0.3262 0.6426 0.6934
vn 0.3865 0.3865 0.8374
vn 0.4629 0.4629 0.7559
vn 0.6426 0.3262 0.6933
vn 0.6426 0.3262 0.6934
vn 0.526 -0.0 0.8505
vn 0.0 -0.0 1.0
vn 0.5259 -0.0 0.8505
vn -0.0 0.526 0.8505
vn -0.0 -0.0 1.0
vn 0.6948 0.0644 0.7163
vn 0.6012 0.2303 0.7652
vn 0.6426 0.3262 0.6933
vn 0.3477 0.5703 0.7442
vn 0.25 0.5665 0.7852
vn 0.0567 0.6961 0.7157
vn -0.0 -0.0 1.0
vn 0.6425 0.3262 0.6933
vn 0.0808 0.1651 0.983
vn 0.0178 0.2269 0.9738
vn 0.0558 0.6983 0.7136
vn 0.3474 0.5641 0.7491
vn 0.1819 0.0679 0.981
vn 0.1788 0.0657 0.9817
vn 0.5999 0.2295 0.7665
vn 0.6978 0.0672 0.7132
vn 0.0 0.0 1.0
vn -2.0E-4 0.5259 0.8505
vn 0.3262 0.6426 0.6934
vn 0.3865 0.3865 0.8374
vn 0.4629 0.4629 0.7559
vn 0.6426 0.3262 0.6933
vn 0.6426 0.3262 0.6934
vn 0.526 -0.0 0.8505
vn 0.0 -0.0 1.0
vn 0.5259 -0.0 0.8505
vn -0.0 0.526 0.8505
vn -0.0 -0.0 1.0
vn 0.6948 0.0644 0.7163
vn 0.6012 0.2303 0.7652
vn 0.6426 0.3262 0.6933
vn 0.3477 0.5703 0.7442
vn 0.25 0.5665 0.7852
vn 0.0567 0.6961 0.7157
vn -0.0 -0.0 1.0
vn 0.6425 0.3262 0.6933
vn 0.0808 0.1651 0.983
vn 0.0178 0.2269 0.9738
vn 0.0558 0.6983 0.7136
vn 0.3474 0.5641 0.7491
vn 0.1819 0.0679 0.981
vn 0.1788 0.0657 0.9817
vn 0.5999 0.2295 0.7665
vn 0.6978 0.0672 0.7132
vn 0.0 -0.0 1.0
vn -0.0 -0.0 1.0
vn -0.0 -0.0 1.0
vn -0.0 0.0 1.0
vn 0.0 -0.0 1.0
vn -0.0 -0.0 1.0
vn 0.0 -0.0 1.0
vn -0.0 0.7071 0.7071
vn -0.0 0.5258 0.8506
vn 0.0 0.0 1.0
vn -0.0 0.426 0.9047
vn 0.0 0.0 1.0
vn 0.0 -0.0 1.0
vn -0.0 0.7071 0.7071
vn -0.0 0.5258 0.8506
vn 0.0 0.0 1.0
vn -0.0 0.426 0.9047
vn 0.0 -0.7071 0.7071
vn 0.0 0.0 1.0
vn -0.0 0.0 1.0
vn -0.0 -0.0 1.0
vn -0.0 -0.0 1.0
vn -0.0 0.0 1.0
vn 0.0 0.0 1.0
vn 0.0 0.0 1.0
vn -0.0 -0.0 1.0
vn 0.0 -0.0 1.0
vn 0.0 -0.0 1.0
vn 0.0 0.0 1.0
vn -2.0E-4 0.5259 0.8505
vn 0.3262 0.6426 0.6934
vn 0.3865 0.3865 0.8374
vn 0.4629 0.4629 0.7559
vn 0.6426 0.3262 0.6933
vn 0.6426 0.3262 0.6934
vn 0.526 -0.0 0.8505
vn 0.0 -0.0 1.0
vn 0.5259 -0.0 0.8505
vn -0.0 0.526 0.8505
vn 0.7071 0.0 0.7071
vn 0.5258 0.0 0.8506
vn 0.0 -0.0 1.0
vn 0.426 0.0 0.9047
vn -0.0 -0.0 1.0
vn 0.6948 0.0644 0.7163
vn 0.6012 0.2303 0.7652
vn 0.6426 0.3262 0.6933
vn 0.3477 0.5703 0.7442
vn 0.25 0.5665 0.7852
vn 0.0567 0.6961 0.7157
vn -0.0 -0.0 1.0
vn 0.6425 0.3262 0.6933
vn 0.0808 0.1651 0.983
vn 0.0178 0.2269 0.9738
vn 0.0558 0.6983 0.7136
vn 0.3474 0.5641 0.7491
vn 0.1819 0.0679 0.981
vn 0.1788 0.0657 0.9817
vn 0.5999 0.2295 0.7665
vn 0.6978 0.0672 0.7132
vn 0.0 -0.0 1.0
vn 0.0 -0.0 1.0
vn -0.0 -0.0 1.0
vn -0.0 -0.0 1.0
vn 0.0 -0.0 1.0
vn 0.0 -0.0 1.0
vn 0.0 -0.0 1.0
vn 0.0 -0.0 1.0
vn 0.7071 0.0 0.7071
vn 0.5258 0.0 0.8506
vn 0.0 -0.0 1.0
vn 0.426 0.0 0.9047
vn -0.0 -0.0 1.0
vn 0.6948 0.0644 0.7163
vn 0.6012 0.2303 0.7652
vn 0.6426 0.3262 0.6933
vn 0.3477 0.5703 0.7442
vn 0.25 0.5665 0.7852
vn 0.0567 0.6961 0.7157
vn -0.0 -0.0 1.0
vn 0.6425 0.3262 0.6933
vn 0.0808 0.1651 0.983
vn 0.0178 0.2269 0.9738
vn 0.0558 0.6983 0.7136
vn 0.3474 0.5641 0.7491
vn 0.1819 0.0679 0.981
vn 0.1788 0.0657 0.9817
vn 0.5999 0.2295 0.7665
vn 0.6978 0.0672 0.7132
vn 0.0 0.0 1.0
vn 0.0 0.0 1.0
vn 0.0 0.0 1.0
vn 0.0 -0.0 1.0
vn -0.0 0.0 1.0
vn 0.0 0.0 1.0
vn -0.0 -0.0 1.0
vn -0.0 -0.0 1.0
vn -0.0 -0.0 1.0
vn 0.0 -0.0 1.0
vn 0.0 0.0 1.0
vn 0.0 -0.0 1.0
vn -2.0E-4 0.5259 0.8505
vn 0.3262 0.6426 0.6934
vn 0.3865 0.3865 0.8374
vn 0.4629 0.4629 0.7559
vn 0.6426 0.3262 0.6933
vn 0.6426 0.3262 0.6934
vn 0.526 -0.0 0.8505
vn 0.0 -0.0 1.0
vn 0.5259 -0.0 0.8505
vn -0.0 0.526 0.8505
vn -0.0 -0.0 1.0
vn 0.6948 0.0644 0.7163
vn 0.6012 0.2303 0.7652
vn 0.6426 0.3262 0.6933
vn 0.3477 0.5703 0.7442
vn 0.25 0.5665 0.7852
vn 0.0567 0.6961 0.7157
vn -0.0 -0.0 1.0
vn 0.6425 0.3262 0.6933
vn 0.0808 0.1651 0.983
vn 0.0178 0.2269 0.9738
vn 0.0558 0.6983 0.7136
vn 0.3474 0.5641 0.7491
vn 0.1819 0.0679 0.981
vn 0.1788 0.0657 0.9817
vn 0.5999 0.2295 0.7665
vn 0.6978 0.0672 0.7132
vn 0.0 -0.0 1.0
vn -0.0 0.0 1.0
vn 0.0 0.0 1.0
vn 0.0 0.0 1.0
vn -0.0 -0.0 1.0
vn -0.0 -0.0 1.0
vn -0.0 -0.0 1.0
vn 0.0 -0.0 1.0
vn 0.0 -0.0 1.0
vn 0.0 -0.0 1.0
vn -0.0 0.7071 0.7071
vn -0.0 0.5258 0.8506
vn 0.0 0.0 1.0
vn -0.0 0.426 0.9047
vn 0.0 -0.0 1.0
vn 0.0 -0.0 1.0
vn 0.0 -0.0 1.0
vn 0.0 -0.0 1.0
vn 0.0 0.0 1.0
vn 0.0 0.0 1.0
vn -0.0 -0.0 1.0
vn -0.0 -0.0 1.0
vn -0.0 -0.0 1.0
vn 0.0 -0.0 1.0
vn 0.0 -0.0 1.0
vn -0.0644 0.6948 0.7163
vn -0.2303 0.6012 0.7652
vn -0.3262 0.6426 0.6933
vn -0.5703 0.3477 0.7442
vn -0.5665 0.25 0.7852
vn -0.6961 0.0567 0.7157
vn 0.0 -0.0 1.0
vn -0.3262 0.6425 0.6933
vn -0.1651 0.0808 0.983
vn -0.2269 0.0178 0.9738
vn -0.6983 0.0558 0.7136
vn -0.5641 0.3474 0.7491
vn -0.0679 0.1819 0.981
vn -0.0657 0.1788 0.9817
vn -0.2295 0.5999 0.7665
vn -0.0672 0.6978 0.7132
vn 0.0 0.0 1.0
vn 0.0 0.0 1.0
vn 0.0 -0.0 1.0
vn 0.0 -0.0 1.0
vn 0.0 0.0 1.0
vn 0.0 0.0 1.0
vn -0.0 -0.0 1.0
vn -0.0 -0.0 1.0
vn -0.0 -0.0 1.0
vn 0.0 -0.0 1.0
vn 0.0 -0.0 1.0
vn -0.5259 -2.0E-4 0.8505
vn -0.6426 0.3262 0.6934
vn -0.3865 0.3865 0.8374
vn -0.4629 0.4629 0.7559
vn -0.3262 0.6426 0.6933
vn -0.3262 0.6426 0.6934
vn 0.0 0.526 0.8505
vn 0.0 0.0 1.0
vn 0.0 0.5259 0.8505
vn -0.526 -0.0 0.8505
vn 0.0 -0.0 1.0
vn -0.0644 0.6948 0.7163
vn -0.2303 0.6012 0.7652
vn -0.3262 0.6426 0.6933
vn -0.5703 0.3477 0.7442
vn -0.5665 0.25 0.7852
vn -0.6961 0.0567 0.7157
vn 0.0 -0.0 1.0
vn -0.3262 0.6425 0.6933
vn -0.1651 0.0808 0.983
vn -0.2269 0.0178 0.9738
vn -0.6983 0.0558 0.7136
vn -0.5641 0.3474 0.7491
vn -0.0679 0.1819 0.981
vn -0.0657 0.1788 0.9817
vn -0.2295 0.5999 0.7665
vn -0.0672 0.6978 0.7132
vn 0.0 0.0 1.0
vn 0.0 0.0 1.0
vn 0.0 0.0 1.0
vn -2.0E-4 0.5259 0.8505
vn 0.3262 0.6426 0.6934
vn 0.3865 0.3865 0.8374
vn 0.4629 0.4629 0.7559
vn 0.6426 0.3262 0.6933
vn 0.6426 0.3262 0.6934
vn 0.526 -0.0 0.8505
vn 0.0 -0.0 1.0
vn 0.5259 -0.0 0.8505
vn -0.0 0.526 0.8505
vn -0.0 -0.0 1.0
vn 0.6948 0.0644 0.7163
vn 0.6012 0.2303 0.7652
vn 0.6426 0.3262 0.6933
vn 0.3477 0.5703 0.7442
vn 0.25 0.5665 0.7852
vn 0.0567 0.6961 0.7157
vn -0.0 -0.0 1.0
vn 0.6425 0.3262 0.6933
vn 0.0808 0.1651 0.983
vn 0.0178 0.2269 0.9738
vn 0.0558 0.6983 0.7136
vn 0.3474 0.5641 0.7491
vn 0.1819 0.0679 0.981
vn 0.1788 0.0657 0.9817
vn 0.5999 0.2295 0.7665
vn 0.6978 0.0672 0.7132
vn 0.0 -0.7071 0.7071
vn 0.0 -0.0 1.0
vn -0.0 0.0 1.0
vn 1.0 0.0 0.0
vn -1.0 0.0 0.0
vn 0.0 -0.0 1.0
vn 0.0 0.0 1.0
vn 0.0 0.0 1.0
vn -0.0 -0.0 1.0
vn -0.0 -0.0 1.0
vn -0.0 -0.0 1.0
vn 0.0 -0.0 1.0
vn -0.0 0.0 1.0
vn 0.0 -0.0 1.0
vn 0.0 0.0 1.0
vn -0.0 0.7071 0.7071
vn -0.0 0.5258 0.8506
vn 0.0 0.0 1.0
vn -0.0 0.426 0.9047
vn 0.0 0.0 1.0
vn -2.0E-4 0.5259 0.8505
vn 0.3262 0.6426 0.6934
vn 0.3865 0.3865 0.8374
vn 0.4629 0.4629 0.7559
vn 0.6426 0.3262 0.6933
vn 0.6426 0.3262 0.6934
vn 0.526 -0.0 0.8505
vn 0.0 -0.0 1.0
vn 0.5259 -0.0 0.8505
vn -0.0 0.526 0.8505
vn -0.0 -0.0 1.0
vn 0.6948 0.0644 0.7163
vn 0.6012 0.2303 0.7652
vn 0.6426 0.3262 0.6933
vn 0.3477 0.5703 0.7442
vn 0.25 0.5665 0.7852
vn 0.0567 0.6961 0.7157
vn -0.0 -0.0 1.0
vn 0.6425 0.3262 0.6933
vn 0.0808 0.1651 0.983
vn 0.0178 0.2269 0.9738
vn 0.0558 0.6983 0.7136
vn 0.3474 0.5641 0.7491
vn 0.1819 0.0679 0.981
vn 0.1788 0.0657 0.9817
vn 0.5999 0.2295 0.7665
vn 0.6978 0.0672 0.7132
vn 0.0 -0.7071 0.7071
vn 0.0 -0.0 1.0
vn 0.0 0.0 1.0
vn 0.0 0.0 1.0
vn -0.0 -0.0 1.0
vn -0.0 -0.0 1.0
vn -0.0 -0.0 1.0
vn 0.0 -0.0 1.0
vn -2.0E-4 0.5259 0.8505
vn 0.3262 0.6426 0.6934
vn 0.3865 0.3865 0.8374
vn 0.4629 0.4629 0.7559
vn 0.6426 0.3262 0.6933
vn 0.6426 0.3262 0.6934
vn 0.526 -0.0 0.8505
vn 0.0 -0.0 1.0
vn 0.5259 -0.0 0.8505
vn -0.0 0.526 0.8505
vn -0.0 -0.0 1.0
vn 0.6948 0.0644 0.7163
vn 0.6012 0.2303 0.7652
vn 0.6426 0.3262 0.6933
vn 0.3477 0.5703 0.7442
vn 0.25 0.5665 0.7852
vn 0.0567 0.6961 0.7157
vn -0.0 -0.0 1.0
vn 0.6425 0.3262 0.6933
vn 0.0808 0.1651 0.983
vn 0.0178 0.2269 0.9738
vn 0.0558 0.6983 0.7136
vn 0.3474 0.5641 0.7491
vn 0.1819 0.0679 0.981
vn 0.1788 0.0657 0.9817
vn 0.5999 0.2295 0.7665
vn 0.6978 0.0672 0.7132
vn 0.0 0.0 1.0
vn 0.0 0.0 1.0
vn -0.0 0.7071 0.7071
vn -0.0 0.5258 0.8506
vn 0.0 0.0 1.0
vn -0.0 0.426 0.9047
vn 0.0 -0.0 1.0
vn 0.0 -0.0 1.0
vn -0.0 -0.0 1.0
vn 0.0 -0.0 1.0
vn 0.0 0.0 1.0
vn 0.0 0.0 1.0
vn -0.0 -0.0 1.0
vn -0.0 -0.0 1.0
vn 0.0 -0.0 1.0
vn -0.0 -0.0 1.0
vn 0.0 -0.0 1.0
vn -0.0 -0.0 1.0
vn 0.6948 0.0644 0.7163
vn 0.6012 0.2303 0.7652
vn 0.6426 0.3262 0.6933
vn 0.3477 0.5703 0.7442
vn 0.25 0.5665 0.7852
vn 0.0567 0.6961 0.7157
vn -0.0 -0.0 1.0
vn 0.6425 0.3262 0.6933
vn 0.0808 0.1651 0.983
vn 0.0178 0.2269 0.9738
vn 0.0558 0.6983 0.7136
vn 0.3474 0.5641 0.7491
vn 0.1819 0.0679 0.981
vn 0.1788 0.0657 0.9817
vn 0.5999 0.2295 0.7665
vn 0.6978 0.0672 0.7132
vn 0.0 0.0 1.0
vn 0.0 0.0 1.0
vn -2.0E-4 0.5259 0.8505
vn 0.3262 0.6426 0.6934
vn 0.3865 0.3865 0.8374
vn 0.4629 0.4629 0.7559
vn 0.6426 0.3262 0.6933
vn 0.6426 0.3262 0.6934
vn 0.526 -0.0 0.8505
vn 0.0 -0.0 1.0
vn 0.5259 -0.0 0.8505
vn -0.0 0.526 0.8505
vn -0.0 -0.0 1.0
vn 0.6948 0.0644 0.7163
vn 0.6012 0.2303 0.7652
vn 0.6426 0.3262 0.6933
vn 0.3477 0.5703 0.7442
vn 0.25 0.5665 0.7852
vn 0.0567 0.6961 0.7157
vn -0.0 -0.0 1.0
vn 0.6425 0.3262 0.6933
vn 0.0808 0.1651 0.983
vn 0.0178 0.2269 0.9738
vn 0.0558 0.6983 0.7136
vn 0.3474 0.5641 0.7491
vn 0.1819 0.0679 0.981
vn 0.1788 0.0657 0.9817
vn 0.5999 0.2295 0.7665
vn 0.6978 0.0672 0.7132
vn 0.0 -0.0 1.0
vn 0.0 -0.0 1.0
vn 0.0 0.0 1.0
vn 0.0 0.0 1.0
vn -0.0 -0.0 1.0
vn 0.0 -0.0 1.0
vn 0.0 0.0 1.0
vn 0.0 0.0 1.0
vn 0.0 0.0 1.0
vn -0.0 0.7071 0.7071
vn -0.0 0.5258 0.8506
vn 0.0 0.0 1.0
vn -0.0 0.426 0.9047
vn 0.0 -0.0 1.0
vn 0.0 -0.0 1.0
vn 0.0 -0.0 1.0
vn 0.0 -0.0 1.0
vn 0.0 0.0 1.0
vn 0.0 0.0 1.0
vn -0.0 -0.0 1.0
vn 0.0 0.0 1.0
vn -2.0E-4 0.5259 0.8505
vn 0.3262 0.6426 0.6934
vn 0.3865 0.3865 0.8374
vn 0.4629 0.4629 0.7559
vn 0.6426 0.3262 0.6933
vn 0.6426 0.3262 0.6934
vn 0.526 -0.0 0.8505
vn 0.0 -0.0 1.0
vn 0.5259 -0.0 0.8505
vn -0.0 0.526 0.8505
vn -0.0 -0.0 1.0
vn 0.6948 0.0644 0.7163
vn 0.6012 0.2303 0.7652
vn 0.6426 0.3262 0.6933
vn 0.3477 0.5703 0.7442
vn 0.25 0.5665 0.7852
vn 0.0567 0.6961 0.7157
vn -0.0 -0.0 1.0
vn 0.6425 0.3262 0.6933
vn 0.0808 0.1651 0.983
vn 0.0178 0.2269 0.9738
vn 0.0558 0.6983 0.7136
vn 0.3474 0.5641 0.7491
vn 0.1819 0.0679 0.981
vn 0.1788 0.0657 0.9817
vn 0.5999 0.2295 0.7665
vn 0.6978 0.0672 0.7132
vn 0.0 -0.0 1.0
vn 0.0 -0.0 1.0
vn -0.0 0.0 1.0
vn 0.0 -0.0 1.0
vn 0.0 0.0 1.0
vn 0.0 0.0 1.0
vn -0.0 -0.6953 0.7187
vn -1.0 0.0 0.0
vn 0.0 0.0 1.0
vn -0.0 -1.0 0.0
vn 0.0 1.0 0.0
vn 1.0 -0.0 0.0
vn -0.0 0.7071 0.7071
vn -0.0 0.5258 0.8506
vn 0.0 0.0 1.0
vn -0.0 0.426 0.9047
vn 0.0 -0.0 1.0
vn 0.0 -0.0 1.0
vn 0.0 -0.0 1.0
vn 0.0 -0.0 1.0
vn 0.0 -0.0 1.0
vn 0.0 -0.0 1.0
vn 0.0 -0.0 1.0
vn 0.0 -0.0 1.0
vn 0.0 -0.0 1.0
vn 0.0 -0.0 1.0
vn 0.0 -0.0 1.0
vn 0.0 -0.0 1.0
vn 0.0 -0.0 1.0
vn 0.0 -0.0 1.0
vn 0.0 -0.0 1.0
vn 0.0 -0.0 1.0
vn 0.0 -0.0 1.0
vn 0.0 -0.0 1.0
vn -0.0 -0.0 1.0
vn -0.0 0.0 1.0
vn 0.0 -0.0 1.0
vn 0.0 0.0 1.0
vn 0.0 -0.0 1.0
vn 0.0 -0.0 1.0
vn 0.0 -0.0 1.0
vn 0.0 -0.0 1.0
vn 0.0 -0.0 1.0
vn 0.0 -0.0 1.0
vn -0.0 -0.0 1.0
vn 0.0 -0.0 1.0
vn 0.0 -0.0 1.0
vn -2.0E-4 0.5259 0.8505
vn 0.3262 0.6426 0.6934
vn 0.3865 0.3865 0.8374
vn 0.4629 0.4629 0.7559
vn 0.6426 0.3262 0.6933
vn 0.6426 0.3262 0.6934
vn 0.526 -0.0 0.8505
vn 0.0 -0.0 1.0
vn 0.5259 -0.0 0.8505
vn -0.0 0.526 0.8505
vn -0.0 -0.0 1.0
vn 0.6948 0.0644 0.7163
vn 0.6012 0.2303 0.7652
vn 0.6426 0.3262 0.6933
vn 0.3477 0.5703 0.7442
vn 0.25 0.5665 0.7852
vn 0.0567 0.6961 0.7157
vn -0.0 -0.0 1.0
vn 0.6425 0.3262 0.6933
vn 0.0808 0.1651 0.983
vn 0.0178 0.2269 0.9738
vn 0.0558 0.6983 0.7136
vn 0.3474 0.5641 0.7491
vn 0.1819 0.0679 0.981
vn 0.1788 0.0657 0.9817
vn 0.5999 0.2295 0.7665
vn 0.6978 0.0672 0.7132
vn 0.0 -0.0 1.0
vn 0.0 -0.0 1.0
vn 0.0 -0.0 1.0
vn -0.0 -0.0 1.0
vn 0.0 -0.0 1.0
vn 0.0 -0.0 1.0
vn 0.0 -0.0 1.0
vn 0.0 -0.0 1.0
vn -0.0 -0.0 1.0
vn -0.0 0.0 1.0
vn 0.0 0.0 1.0
vn -0.0 -0.0 1.0
vn 0.0 -0.0 1.0
vn 0.0 -0.0 1.0
vn -0.0 0.7071 0.7071
vn -0.0 0.5258 0.8506
vn 0.0 0.0 1.0
vn -0.0 0.426 0.9047
vn 0.0 -0.7071 0.7071
vn 0.0 -0.0 1.0
vn 0.0 -0.0 1.0
vn 0.0 -0.0 1.0
vn 0.0 -0.0 1.0
vn 0.0 -0.0 1.0
vn 0.0 -0.0 1.0
vn 0.0 -0.0 1.0
vn -0.0 -0.0 1.0
vn -0.0 0.0 1.0
vn -0.0 0.0 1.0
vn 0.0 -0.0 1.0
vn 0.0 -0.0 1.0
vn 0.0 -0.0 1.0
vn 0.0 -0.0 1.0
vn -0.0 -0.0 1.0
vn -0.0 0.0 1.0
vn -0.0 0.0 1.0
vn 0.0 -0.0 1.0
vn 0.0 -0.0 1.0
vn 0.0 -0.0 1.0
vn 0.0 -0.0 1.0
vn -0.0 0.0 1.0
vn 0.0 -0.0 1.0
vn 0.0 -0.0 1.0
vn -0.0 -0.0 1.0
vn -0.0 0.0 1.0
vn -0.0 0.0 1.0
vn 0.0 -0.0 1.0
vn 0.0 -0.0 1.0
vn 0.0 -0.0 1.0
vn 0.0 -0.0 1.0
vn 0.0 -0.0 1.0
vn -0.0 -0.0 1.0
vn -0.0 0.0 1.0
vn -0.0 0.0 1.0
vn 0.0 -0.0 1.0
vn 0.0 -0.0 1.0
vn 0.0 -0.0 1.0
vn 0.0 -0.0 1.0
vn 0.0 -0.0 1.0
vn 0.0 -0.0 1.0
vn -0.0 -0.0 1.0
vn -0.0 0.0 1.0
vn -0.0 0.0 1.0
vn 0.0 -0.0 1.0
vn 0.0 -0.0 1.0
vn 0.0 -0.0 1.0
vn 0.0 -0.0 1.0
vn 0.0 -0.0 1.0
vn -0.0 -0.0 1.0
vn 0.0 -0.0 1.0
vn -0.0 -0.0 1.0
vn -0.0 0.0 1.0
vn -0.0 0.0 1.0
vn 0.0 -0.0 1.0
vn 0.0 -0.0 1.0
vn 0.0 -0.7712 0.6365
vn -0.0 0.0 1.0
vn 0.0 -0.0 1.0
vn 0.0 -0.0 1.0
vn 0.0 -0.0 1.0
vn 0.0 -0.0 1.0
vn 0.0 -0.0 1.0
vn -0.0 -0.0 1.0
vn -0.0 0.0 1.0
vn -0.0 0.0 1.0
vn 0.0 -0.0 1.0
vn 0.0 0.0 1.0
vn 0.0 -1.0 0.0
vn 0.0 1.0 0.0
vn 0.0 -0.0 1.0
vn -2.0E-4 0.5259 0.8505
vn 0.3262 0.6426 0.6934
vn 0.3865 0.3865 0.8374
vn 0.4629 0.4629 0.7559
vn 0.6426 0.3262 0.6933
vn 0.6426 0.3262 0.6934
vn 0.526 -0.0 0.8505
vn 0.0 -0.0 1.0
vn 0.5259 -0.0 0.8505
vn -0.0 0.526 0.8505
vn -0.0 -0.0 1.0
vn 0.6948 0.0644 0.7163
vn 0.6012 0.2303 0.7652
vn 0.6426 0.3262 0.6933
vn 0.3477 0.5703 0.7442
vn 0.25 0.5665 0.7852
vn 0.0567 0.6961 0.7157
vn -0.0 -0.0 1.0
vn 0.6425 0.3262 0.6933
vn 0.0808 0.1651 0.983
vn 0.0178 0.2269 0.9738
vn 0.0558 0.6983 0.7136
vn 0.3474 0.5641 0.7491
vn 0.1819 0.0679 0.981
vn 0.1788 0.0657 0.9817
vn 0.5999 0.2295 0.7665
vn 0.6978 0.0672 0.7132
vn 0.0 -0.0 1.0
vn 0.0 -0.0 1.0
vn 0.0 -0.0 1.0
vn -0.0 -0.0 1.0
vn -0.0 -0.0 1.0
vn -0.0 -0.0 1.0
vn 0.0 -0.0 1.0
vn -0.0 -0.0 1.0
vn 0.0 -0.0 1.0
vn -0.0 0.7071 0.7071
vn -0.0 0.5258 0.8506
vn 0.0 0.0 1.0
vn -0.0 0.426 0.9047
vn 0.0 -0.0 1.0
vn 0.0 -0.0 1.0
vn -0.0 -0.0 1.0
vn -0.0 -0.0 1.0
vn -0.0 -0.0 1.0
vn 0.6948 0.0644 0.7163
vn 0.6012 0.2303 0.7652
vn 0.6426 0.3262 0.6933
vn 0.3477 0.5703 0.7442
vn 0.25 0.5665 0.7852
vn 0.0567 0.6961 0.7157
vn -0.0 -0.0 1.0
vn 0.6425 0.3262 0.6933
vn 0.0808 0.1651 0.983
vn 0.0178 0.2269 0.9738
vn 0.0558 0.6983 0.7136
vn 0.3474 0.5641 0.7491
vn 0.1819 0.0679 0.981
vn 0.1788 0.0657 0.9817
vn 0.5999 0.2295 0.7665
vn 0.6978 0.0672 0.7132
vn 0.0 -0.0 1.0
vn 0.0 -0.0 1.0
vn 0.0 -0.0 1.0
vn 0.0 -0.0 1.0
vn 0.0 -0.0 1.0
vn 0.0 -0.0 1.0
vn 0.0 -0.0 1.0
vn 0.0 -0.0 1.0
vn -0.0 0.0 1.0
vn 0.0 0.0 1.0
vn 0.0 0.0 1.0
vn -0.0 0.0 1.0
vn 0.0 -0.0 1.0
vn 0.0 -0.0 1.0
vn -0.0 0.0 1.0
vn 0.0 -0.0 1.0
vn 0.0 -0.0 1.0
vn 0.0 -0.0 1.0
vn 0.0 -0.0 1.0
vn 0.0 -0.0 1.0
vn 0.0 -0.0 1.0
vn 0.0 -0.0 1.0
vn 0.0 -0.0 1.0
vn 0.0 -0.0 1.0
vn 0.0 -0.0 1.0
vn 0.0 -0.0 1.0
vn 0.0 -0.0 1.0
vn 0.0 -0.0 1.0
vn 0.0 -0.0 1.0
vn 0.0 -0.0 1.0
vn 0.0 -0.0 1.0
vn 0.0 -0.0 1.0
vn 0.0 -0.0 1.0
vn -0.0 -0.0 1.0
vn 0.0 -0.0 1.0
vn 0.0 -0.0 1.0
vn 0.0 -0.0 1.0
vn 0.0 -0.0 1.0
vn 0.0 -0.0 1.0
vn 0.0 -0.0 1.0
vn 0.0 -0.0 1.0
vn 0.0 -0.0 1.0
vn 0.0 -0.0 1.0
vn 0.0 -0.0 1.0
vn -0.0 0.7071 0.7071
vn -0.0 0.5258 0.8506
vn 0.0 0.0 1.0
vn -0.0 0.426 0.9047
c 1.0 1.0 1.0
c 1.0 1.0 1.0
c 1.0 1.0 1.0
c 1.0 1.0 1.0
c 1.0 1.0 1.0
c 1.0 1.0 1.0
c 1.0 1.0 1.0
c 1.0 1.0 1.0
c 1.0 1.0 1.0
c 1.0 1.0 1.0
c 1.0 1.0 1.0
c 1.0 1.0 1.0
c 1.0 1.0 1.0
c 1.0 1.0 1.0
c 1.0 1.0 1.0
c 1.0 1.0 1.0
c 1.0 1.0 1.0
c 1.0 1.0 1.0
c 1.0 1.0 1.0
c 1.0 1.0 1.0
c 1.0 1.0 1.0
c 1.0 1.0 1.0
c 1.0 1.0 1.0
c 1.0 1.0 1.0
c 1.0 1.0 1.0
c 1.0 1.0 1.0
c 1.0 1.0 1.0
c 1.0 1.0 1.0
c 1.0 1.0 1.0
c 1.0 1.0 1.0
c 1.0 1.0 1.0
c 1.0 1.0 1.0
c 1.0 1.0 1.0
c 1.0 1.0 1.0
c 1.0 1.0 1.0
c 1.0 1.0 1.0
c 1.0 1.0 1.0
c 1.0 1.0 1.0
c 1.0 1.0 1.0
c 1.0 1.0 1.0
c 1.0 1.0 1.0
c 1.0 1.0 1.0
c 1.0 1.0 1.0
c 1.0 1.0 1.0
c 1.0 1.0 1.0
c 1.0 1.0 1.0
c 1.0 1.0 1.0
c 1.0 1.0 1.0
c 1.0 1.0 1.0
c 1.0 1.0 1.0
c 1.0 1.0 1.0
c 1.0 1.0 1.0
c 1.0 1.0 1.0
c 1.0 1.0 1.0
c 1.0 1.0 1.0
c 1.0 1.0 1.0
c 1.0 1.0 1.0
c 1.0 1.0 1.0
c 1.0 1.0 1.0
c 1.0 1.0 1.0
c 1.0 1.0 1.0
c 1.0 1.0 1.0
c 1.0 1.0 1.0
c 1.0 1.0 1.0
c 1.0 1.0 1.0
c 1.0 1.0 1.0
c 1.0 1.0 1.0
c 1.0 1.0 1.0
c 1.0 1.0 1.0
c 1.0 1.0 1.0
c 1.0 1.0 1.0
c 1.0 1.0 1.0
c 1.0 1.0 1.0
c 1.0 1.0 1.0
c 1.0 1.0 1.0
c 1.0 1.0 1.0
c 1.0 1.0 1.0
c 1.0 1.0 1.0
c 1.0 1.0 1.0
c 1.0 1.0 1.0
c 1.0 1.0 1.0
c 1.0 1.0 1.0
c 1.0 1.0 1.0
c 1.0 1.0 1.0
c 1.0 1.0 1.0
c 1.0 1.0 1.0
c 1.0 1.0 1.0
c 1.0 1.0 1.0
c 1.0 1.0 1.0
c 1.0 1.0 1.0
c 1.0 1.0 1.0
c 1.0 1.0 1.0
c 1.0 1.0 1.0
c 1.0 1.0 1.0
c 1.0 1.0 1.0
c 1.0 1.0 1.0
c 1.0 1.0 1.0
c 1.0 1.0 1.0
c 1.0 1.0 1.0
c 1.0 1.0 1.0
c 1.0 1.0 1.0
c 1.0 1.0 1.0
c 1.0 1.0 1.0
c 1.0 1.0 1.0
c 1.0 1.0 1.0
c 1.0 1.0 1.0
c 1.0 1.0 1.0
c 1.0 1.0 1.0
c 1.0 1.0 1.0
c 1.0 1.0 1.0
c 1.0 1.0 1.0
c 1.0 1.0 1.0
c 1.0 1.0 1.0
c 1.0 1.0 1.0
c 1.0 1.0 1.0
c 1.0 1.0 1.0
c 1.0 1.0 1.0
c 1.0 1.0 1.0
c 1.0 1.0 1.0
c 1.0 1.0 1.0
c 1.0 1.0 1.0
c 1.0 1.0 1.0
c 1.0 1.0 1.0
c 1.0 1.0 1.0
c 1.0 1.0 1.0
c 1.0 1.0 1.0
c 1.0 1.0 1.0
c 1.0 1.0 1.0
c 1.0 1.0 1.0
c 1.0 1.0 1.0
c 1.0 1.0 1.0
c 1.0 1.0 1.0
c 1.0 1.0 1.0
c 1.0 1.0 1.0
c 1.0 1.0 1.0
c 1.0 1.0 1.0
c 1.0 1.0 1.0
c 1.0 1.0 1.0
c 1.0 1.0 1.0
c 1.0 1.0 1.0
c 1.0 1.0 1.0
c 1.0 1.0 1.0
c 1.0 1.0 1.0
c 1.0 1.0 1.0
c 1.0 1.0 1.0
c 1.0 1.0 1.0
c 1.0 1.0 1.0
c 1.0 1.0 1.0
c 1.0 1.0 1.0
c 1.0 1.0 1.0
c 1.0 1.0 1.0
c 1.0 1.0 1.0
c 1.0 1.0 1.0
c 1.0 1.0 1.0
c 1.0 1.0 1.0
c 1.0 1.0 1.0
c 1.0 1.0 1.0
c 1.0 1.0 1.0
c 1.0 1.0 1.0
c 1.0 1.0 1.0
c 1.0 1.0 1.0
c 1.0 1.0 1.0
c 1.0 1.0 1.0
c 1.0 1.0 1.0
c 1.0 1.0 1.0
c 1.0 1.0 1.0
c 1.0 1.0 1.0
c 1.0 1.0 1.0
c 1.0 1.0 1.0
c 1.0 1.0 1.0
c 1.0 1.0 1.0
c 1.0 1.0 1.0
c 1.0 1.0 1.0
c 1.0 1.0 1.0
c 1.0 1.0 1.0
c 1.0 1.0 1.0
c 1.0 1.0 1.0
c 1.0 1.0 1.0
c 1.0 1.0 1.0
c 1.0 1.0 1.0
c 1.0 1.0 1.0
c 1.0 1.0 1.0
c 1.0 1.0 1.0
c 1.0 1.0 1.0
c 1.0 1.0 1.0
c 1.0 1.0 1.0
c 1.0 1.0 1.0
c 1.0 1.0 1.0
c 1.0 1.0 1.0
c 1.0 1.0 1.0
c 1.0 1.0 1.0
c 1.0 1.0 1.0
c 1.0 1.0 1.0
c 1.0 1.0 1.0
c 1.0 1.0 1.0
c 1.0 1.0 1.0
c 1.0 1.0 1.0
c 1.0 1.0 1.0
c 1.0 1.0 1.0
c 1.0 1.0 1.0
c 1.0 1.0 1.0
c 1.0 1.0 1.0
c 1.0 1.0 1.0
c 1.0 1.0 1.0
c 1.0 1.0 1.0
c 1.0 1.0 1.0
c 1.0 1.0 1.0
c 1.0 1.0 1.0
c 1.0 1.0 1.0
c 1.0 1.0 1.0
c 1.0 1.0 1.0
c 1.0 1.0 1.0
c 1.0 1.0 1.0
c 1.0 1.0 1.0
c 1.0 1.0 1.0
c 1.0 1.0 1.0
c 1.0 1.0 1.0
c 1.0 1.0 1.0
c 1.0 1.0 1.0
c 1.0 1.0 1.0
c 1.0 1.0 1.0
c 1.0 1.0 1.0
c 1.0 1.0 1.0
c 1.0 1.0 1.0
c 1.0 1.0 1.0
c 1.0 1.0 1.0
c 1.0 1.0 1.0
c 1.0 1.0 1.0
c 1.0 1.0 1.0
c 1.0 1.0 1.0
c 1.0 1.0 1.0
c 1.0 1.0 1.0
c 1.0 1.0 1.0
c 1.0 1.0 1.0
c 1.0 1.0 1.0
c 1.0 1.0 1.0
c 1.0 1.0 1.0
c 1.0 1.0 1.0
c 1.0 1.0 1.0
c 1.0 1.0 1.0
c 1.0 1.0 1.0
c 1.0 1.0 1.0
c 1.0 1.0 1.0
c 1.0 1.0 1.0
c 1.0 1.0 1.0
c 1.0 1.0 1.0
c 1.0 1.0 1.0
c 1.0 1.0 1.0
c 1.0 1.0 1.0
c 1.0 1.0 1.0
c 1.0 1.0 1.0
c 1.0 1.0 1.0
c 1.0 1.0 1.0
c 1.0 1.0 1.0
c 1.0 1.0 1.0
c 1.0 1.0 1.0
c 1.0 1.0 1.0
c 1.0 1.0 1.0
c 1.0 1.0 1.0
c 1.0 1.0 1.0
c 1.0 1.0 1.0
c 1.0 1.0 1.0
c 1.0 1.0 1.0
c 1.0 1.0 1.0
c 1.0 1.0 1.0
c 1.0 1.0 1.0
c 1.0 1.0 1.0
c 1.0 1.0 1.0
c 1.0 1.0 1.0
c 1.0 1.0 1.0
c 1.0 1.0 1.0
c 1.0 1.0 1.0
c 1.0 1.0 1.0
c 1.0 1.0 1.0
c 1.0 1.0 1.0
c 1.0 1.0 1.0
c 1.0 1.0 1.0
c 1.0 1.0 1.0
c 1.0 1.0 1.0
c 1.0 1.0 1.0
c 1.0 1.0 1.0
c 1.0 1.0 1.0
c 1.0 1.0 1.0
c 1.0 1.0 1.0
c 1.0 1.0 1.0
c 1.0 1.0 1.0
c 1.0 1.0 1.0
c 1.0 1.0 1.0
c 1.0 1.0 1.0
c 1.0 1.0 1.0
c 1.0 1.0 1.0
c 1.0 1.0 1.0
c 1.0 1.0 1.0
c 1.0 1.0 1.0
c 1.0 1.0 1.0
c 1.0 1.0 1.0
c 1.0 1.0 1.0
c 1.0 1.0 1.0
c 1.0 1.0 1.0
c 1.0 1.0 1.0
c 1.0 1.0 1.0
c 1.0 1.0 1.0
c 1.0 1.0 1.0
c 1.0 1.0 1.0
c 1.0 1.0 1.0
c 1.0 1.0 1.0
c 1.0 1.0 1.0
c 1.0 1.0 1.0
c 1.0 1.0 1.0
c 1.0 1.0 1.0
c 1.0 1.0 1.0
c 1.0 1.0 1.0
c 1.0 1.0 1.0
c 1.0 1.0 1.0
c 1.0 1.0 1.0
c 1.0 1.0 1.0
c 1.0 1.0 1.0
c 1.0 1.0 1.0
c 1.0 1.0 1.0
c 1.0 1.0 1.0
c 1.0 1.0 1.0
c 1.0 1.0 1.0
c 1.0 1.0 1.0
c 1.0 1.0 1.0
c 1.0 1.0 1.0
c 1.0 1.0 1.0
c 1.0 1.0 1.0
c 1.0 1.0 1.0
c 1.0 1.0 1.0
c 1.0 1.0 1.0
c 1.0 1.0 1.0
c 1.0 1.0 1.0
c 1.0 1.0 1.0
c 1.0 1.0 1.0
c 1.0 1.0 1.0
c 1.0 1.0 1.0
c 1.0 1.0 1.0
c 1.0 1.0 1.0
c 1.0 1.0 1.0
c 1.0 1.0 1.0
c 1.0 1.0 1.0
c 1.0 1.0 1.0
c 1.0 1.0 1.0
c 1.0 1.0 1.0
c 1.0 1.0 1.0
c 1.0 1.0 1.0
c 1.0 1.0 1.0
c 1.0 1.0 1.0
c 1.0 1.0 1.0
c 1.0 1.0 1.0
c 1.0 1.0 1.0
c 1.0 1.0 1.0
c 1.0 1.0 1.0
c 1.0 1.0 1.0
c 1.0 1.0 1.0
c 1.0 1.0 1.0
c 1.0 1.0 1.0
c 1.0 1.0 1.0
c 1.0 1.0 1.0
c 1.0 1.0 1.0
c 1.0 1.0 1.0
usemtl grass01
s off
f 93/93/30/15 97/94/30/15 94/95/30/15
f 97/94/30/15 95/96/30/15 94/95/30/15
f 96/97/30/15 95/96/30/15 97/94/30/15
f 139/139/58/18 140/140/58/18 141/141/58/18
f 140/140/58/18 142/142/58/18 141/141/58/18
f 143/143/58/18 142/142/58/18 140/140/58/18
f 295/295/118/44 299/296/118/44 296/297/118/44
f 299/296/118/44 297/298/118/44 296/297/118/44
f 298/299/118/44 297/298/118/44 299/296/118/44
f 359/359/147/54 363/360/147/54 360/361/147/54
f 363/360/147/54 361/362/147/54 360/361/147/54
f 362/363/147/54 361/362/147/54 363/360/147/54
f 457/457/186/68 458/458/186/68 459/459/186/68
f 458/458/186/68 460/460/186/68 459/459/186/68
f 461/461/186/68 460/460/186/68 458/458/186/68
f 569/569/227/90 573/570/227/90 570/571/227/90
f 573/570/227/90 571/572/227/90 570/571/227/90
f 572/573/227/90 571/572/227/90 573/570/227/90
f 663/663/265/103 667/664/265/103 664/665/265/103
f 667/664/265/103 665/666/265/103 664/665/265/103
f 666/667/265/103 665/666/265/103 667/664/265/103
f 725/725/295/108 726/726/295/108 727/727/295/108
f 726/726/295/108 728/728/295/108 727/727/295/108
f 729/729/295/108 728/728/295/108 726/726/295/108
f 843/847/342/125 844/848/342/125 845/849/342/125
f 844/848/342/125 846/850/342/125 845/849/342/125
f 847/851/342/125 846/850/342/125 844/848/342/125
f 917/921/377/135 921/922/377/135 918/923/377/135
f 921/922/377/135 919/924/377/135 918/923/377/135
f 920/925/377/135 919/924/377/135 921/922/377/135
f 1009/1013/411/150 1013/1014/411/150 1010/1015/411/150
f 1013/1014/411/150 1011/1016/411/150 1010/1015/411/150
f 1012/1017/411/150 1011/1016/411/150 1013/1014/411/150
f 1059/1063/440/154 1060/1064/440/154 1061/1065/440/154
f 1060/1064/440/154 1062/1066/440/154 1061/1065/440/154
f 1063/1067/440/154 1062/1066/440/154 1060/1064/440/154
f 1187/1191/488/174 1188/1192/488/174 1189/1193/488/174
f 1188/1192/488/174 1190/1194/488/174 1189/1193/488/174
f 1191/1195/488/174 1190/1194/488/174 1188/1192/488/174
f 1465/1469/562/215 1466/1470/562/215 1467/1471/562/215
f 1466/1470/562/215 1468/1472/562/215 1467/1471/562/215
f 1469/1473/562/215 1468/1472/562/215 1466/1470/562/215
f 1863/1871/679/301 1864/1872/679/301 1865/1873/679/301
f 1864/1872/679/301 1866/1874/679/301 1865/1873/679/301
f 1867/1875/679/301 1866/1874/679/301 1864/1872/679/301
f 1947/1955/713/316 1948/1956/713/316 1949/1957/713/316
f 1948/1956/713/316 1950/1958/713/316 1949/1957/713/316
f 1951/1959/713/316 1950/1958/713/316 1948/1956/713/316
usemtl road01_r
s off
f 45/46/13/7 46/45/13/7 47/47/13/7 48/48/13/7
f 49/51/14/8 50/49/14/8 51/50/14/8 52/52/14/8
f 53/55/15/9 54/53/15/9 55/54/15/9 56/56/15/9
f 57/58/16/10 58/57/16/10 59/59/16/10 60/60/16/10
f 161/163/75/19 162/161/75/19 163/162/75/19 164/164/75/19
f 173/175/78/22 174/173/78/22 175/174/78/22 176/176/78/22
f 237/237/97/35 238/239/97/35 239/238/97/35 240/240/97/35
f 241/243/98/36 242/241/98/36 243/242/98/36 244/244/98/36
f 245/245/99/37 246/247/99/37 247/246/99/37 248/248/99/37
f 325/325/137/47 326/327/137/47 327/326/137/47 328/328/137/47
f 329/330/138/48 330/329/138/48 331/331/138/48 332/332/138/48
f 341/343/141/51 342/341/141/51 343/342/141/51 344/344/141/51
f 405/405/168/59 406/407/168/59 407/406/168/59 408/408/168/59
f 409/409/169/60 410/411/169/60 411/410/169/60 412/412/169/60
f 417/417/171/62 418/419/171/62 419/418/171/62 420/420/171/62
f 421/422/172/63 422/421/172/63 423/423/172/63 424/424/172/63
f 483/485/204/70 484/483/204/70 485/484/204/70 486/486/204/70
f 487/488/205/71 488/487/205/71 489/489/205/71 490/490/205/71
f 491/491/206/72 492/493/206/72 493/492/206/72 494/494/206/72
f 499/499/208/74 500/501/208/74 501/500/208/74 502/502/208/74
f 503/504/209/75 504/503/209/75 505/505/209/75 506/506/209/75
f 545/546/221/84 546/545/221/84 547/547/221/84 548/548/221/84
f 549/549/222/85 550/551/222/85 551/550/222/85 552/552/222/85
f 557/557/224/87 558/559/224/87 559/558/224/87 560/560/224/87
f 561/562/225/88 562/561/225/88 563/563/225/88 564/564/225/88
f 615/616/248/95 616/615/248/95 617/617/248/95 618/618/248/95
f 619/619/249/96 620/621/249/96 621/620/249/96 622/622/249/96
f 627/627/251/98 628/629/251/98 629/628/251/98 630/630/251/98
f 631/632/252/99 632/631/252/99 633/633/252/99 634/634/252/99
f 751/753/313/110 752/751/313/110 753/752/313/110 754/754/313/110
f 773/778/318/113 774/777/318/113 775/779/318/113 776/780/318/113
f 777/781/319/114 778/783/319/114 779/782/319/114 780/784/319/114
f 785/789/321/116 786/791/321/116 787/790/321/116 788/792/321/116
f 789/794/322/117 790/793/322/117 791/795/322/117 792/796/322/117
f 797/803/324/119 798/801/324/119 799/802/324/119 800/804/324/119
f 873/878/361/128 874/877/361/128 875/879/361/128 876/880/361/128
f 877/881/362/129 878/883/362/129 879/882/362/129 880/884/362/129
f 885/889/364/131 886/891/364/131 887/890/364/131 888/892/364/131
f 889/894/365/132 890/893/365/132 891/895/365/132 892/896/365/132
f 981/986/404/143 982/985/404/143 983/987/404/143 984/988/404/143
f 985/989/405/144 986/991/405/144 987/990/405/144 988/992/405/144
f 993/997/407/146 994/999/407/146 995/998/407/146 996/1000/407/146
f 997/1001/408/147 998/1003/408/147 999/1002/408/147 1000/1004/408/147
f 1089/1094/459/157 1090/1093/459/157 1091/1095/459/157 1092/1096/459/157
f 1093/1097/460/158 1094/1099/460/158 1095/1098/460/158 1096/1100/460/158
f 1151/1156/474/169 1152/1155/474/169 1153/1157/474/169 1154/1158/474/169
f 1155/1159/475/170 1156/1161/475/170 1157/1160/475/170 1158/1162/475/170
f 1217/1223/507/177 1218/1221/507/177 1219/1222/507/177 1220/1224/507/177
f 1225/1230/509/179 1226/1229/509/179 1227/1231/509/179 1228/1232/509/179
f 1229/1233/510/180 1230/1235/510/180 1231/1234/510/180 1232/1236/510/180
f 1337/1343/527/189 1338/1341/527/189 1339/1342/527/189 1340/1344/527/189
f 1353/1358/531/193 1354/1357/531/193 1355/1359/531/193 1356/1360/531/193
f 1357/1361/532/194 1358/1363/532/194 1359/1362/532/194 1360/1364/532/194
f 1369/1375/535/197 1370/1373/535/197 1371/1374/535/197 1372/1376/535/197
f 1377/1382/537/199 1378/1381/537/199 1379/1383/537/199 1380/1384/537/199
f 1381/1385/538/200 1382/1387/538/200 1383/1386/538/200 1384/1388/538/200
f 1389/1395/540/202 1390/1393/540/202 1391/1394/540/202 1392/1396/540/202
f 1425/1430/547/209 1426/1429/547/209 1427/1431/547/209 1428/1432/547/209
f 1429/1433/548/210 1430/1435/548/210 1431/1434/548/210 1432/1436/548/210
f 1511/1516/585/222 1512/1515/585/222 1513/1517/585/222 1514/1518/585/222
f 1515/1519/586/223 1516/1521/586/223 1517/1520/586/223 1518/1522/586/223
f 1523/1527/588/225 1524/1529/588/225 1525/1528/588/225 1526/1530/588/225
f 1527/1531/589/226 1528/1533/589/226 1529/1532/589/226 1530/1534/589/226
f 1577/1582/603/237 1578/1581/603/237 1579/1583/603/237 1580/1584/603/237
f 1581/1585/604/238 1582/1587/604/238 1583/1586/604/238 1584/1588/604/238
f 1589/1593/606/240 1590/1595/606/240 1591/1594/606/240 1592/1596/606/240
f 1593/1598/607/241 1594/1597/607/241 1595/1599/607/241 1596/1600/607/241
f 1597/1603/608/242 1598/1601/608/242 1599/1602/608/242 1600/1604/608/242
f 1605/1610/610/244 1606/1609/610/244 1607/1611/610/244 1608/1612/610/244
f 1609/1613/611/245 1610/1615/611/245 1611/1614/611/245 1612/1616/611/245
f 1617/1621/613/247 1618/1623/613/247 1619/1622/613/247 1620/1624/613/247
f 1621/1626/614/248 1622/1625/614/248 1623/1627/614/248 1624/1628/614/248
f 1641/1647/619/253 1642/1645/619/253 1643/1646/619/253 1644/1648/619/253
f 1645/1650/620/254 1646/1649/620/254 1647/1651/620/254 1648/1652/620/254
f 1649/1653/621/255 1650/1655/621/255 1651/1654/621/255 1652/1656/621/255
f 1657/1661/623/257 1658/1663/623/257 1659/1662/623/257 1660/1664/623/257
f 1661/1666/624/258 1662/1665/624/258 1663/1667/624/258 1664/1668/624/258
f 1677/1682/628/262 1678/1681/628/262 1679/1683/628/262 1680/1684/628/262
f 1681/1685/629/263 1682/1687/629/263 1683/1686/629/263 1684/1688/629/263
f 1689/1693/631/265 1690/1695/631/265 1691/1694/631/265 1692/1696/631/265
f 1693/1698/632/266 1694/1697/632/266 1695/1699/632/266 1696/1700/632/266
f 1713/1718/637/271 1714/1717/637/271 1715/1719/637/271 1716/1720/637/271
f 1717/1721/638/272 1718/1723/638/272 1719/1722/638/272 1720/1724/638/272
f 1725/1729/640/274 1726/1731/640/274 1727/1730/640/274 1728/1732/640/274
f 1729/1734/641/275 1730/1733/641/275 1731/1735/641/275 1732/1736/641/275
f 1749/1755/646/280 1750/1753/646/280 1751/1754/646/280 1752/1756/646/280
f 1753/1757/647/281 1754/1759/647/281 1755/1758/647/281 1756/1760/647/281
f 1757/1761/648/282 1758/1763/648/282 1759/1762/648/282 1760/1764/648/282
f 1765/1769/650/284 1766/1771/650/284 1767/1770/650/284 1768/1772/650/284
f 1769/1774/651/285 1770/1773/651/285 1771/1775/651/285 1772/1776/651/285
f 1785/1791/655/288 1786/1789/655/288 1787/1790/655/288 1788/1792/655/288
f 1813/1817/662/295 1814/1819/662/295 1815/1818/662/295 1816/1820/662/295
f 1817/1822/663/296 1818/1821/663/296 1819/1823/663/296 1820/1824/663/296
f 1901/1909/700/306 1902/1911/700/306 1903/1910/700/306 1904/1912/700/306
f 1905/1915/701/307 1906/1913/701/307 1907/1914/701/307 1908/1916/701/307
f 1909/1917/702/308 1910/1919/702/308 1911/1918/702/308 1912/1920/702/308
f 2001/2009/738/325 2002/2011/738/325 2003/2010/738/325 2004/2012/738/325
f 2005/2015/739/326 2006/2013/739/326 2007/2014/739/326 2008/2016/739/326
f 2009/2019/740/327 2010/2017/740/327 2011/2018/740/327 2012/2020/740/327
f 2013/2022/741/328 2014/2021/741/328 2015/2023/741/328 2016/2024/741/328
f 2025/2035/744/331 2026/2033/744/331 2027/2034/744/331 2028/2036/744/331
usemtl grass02_r
s off
f 177/178/79/23 178/177/79/23 179/179/79/23 180/180/79/23
f 181/182/80/24 182/181/80/24 183/183/80/24 184/184/80/24
f 221/222/93/31 222/221/93/31 223/223/93/31 224/224/93/31
f 225/226/94/32 226/225/94/32 227/227/94/32 228/228/94/32
usemtl rock01
s off
f 219/217/92/30 220/218/92/30 217/219/92/30 218/220/92/30
f 749/747/312/109 750/748/312/109 747/749/312/109 748/750/312/109
f 867/869/359/126 868/870/359/126 865/871/359/126 866/872/359/126
f 1555/1557/597/231 1556/1558/597/231 1553/1559/597/231 1554/1560/597/231
usemtl beach01
s off
f 2101/2111/763/350 2102/2109/763/350 2103/2112/763/350 2104/2110/763/350
usemtl road01
s off
f 165/167/76/20 166/168/76/20 167/165/76/20 168/166/76/20
f 169/169/77/21 170/170/77/21 171/171/77/21 172/172/77/21
f 229/229/95/33 230/230/95/33 231/231/95/33 232/232/95/33
f 233/233/96/34 234/234/96/34 235/235/96/34 236/236/96/34
f 249/249/100/38 250/250/100/38 251/251/100/38 252/252/100/38
f 413/413/170/61 414/414/170/61 415/415/170/61 416/416/170/61
f 495/497/207/73 496/498/207/73 497/495/207/73 498/496/207/73
f 553/553/223/86 554/554/223/86 555/555/223/86 556/556/223/86
f 623/625/250/97 624/626/250/97 625/623/250/97 626/624/250/97
f 781/785/320/115 782/786/320/115 783/787/320/115 784/788/320/115
f 881/887/363/130 882/888/363/130 883/885/363/130 884/886/363/130
f 973/979/402/141 974/977/402/141 975/978/402/141 976/980/402/141
f 989/993/406/145 990/994/406/145 991/995/406/145 992/996/406/145
f 1001/1007/409/148 1002/1005/409/148 1003/1006/409/148 1004/1008/409/148
f 1097/1101/461/159 1098/1102/461/159 1099/1103/461/159 1100/1104/461/159
f 1159/1163/476/171 1160/1164/476/171 1161/1165/476/171 1162/1166/476/171
f 1385/1391/539/201 1386/1392/539/201 1387/1389/539/201 1388/1390/539/201
f 1433/1437/549/211 1434/1439/549/211 1435/1438/549/211 1436/1440/549/211
f 1499/1503/582/219 1500/1504/582/219 1501/1505/582/219 1502/1506/582/219
f 1519/1523/587/224 1520/1525/587/224 1521/1524/587/224 1522/1526/587/224
f 1531/1535/590/227 1532/1536/590/227 1533/1537/590/227 1534/1538/590/227
f 1585/1589/605/239 1586/1591/605/239 1587/1590/605/239 1588/1592/605/239
f 1613/1617/612/246 1614/1619/612/246 1615/1618/612/246 1616/1620/612/246
f 1653/1657/622/256 1654/1659/622/256 1655/1658/622/256 1656/1660/622/256
f 1685/1689/630/264 1686/1691/630/264 1687/1690/630/264 1688/1692/630/264
f 1721/1725/639/273 1722/1727/639/273 1723/1726/639/273 1724/1728/639/273
f 1761/1765/649/283 1762/1767/649/283 1763/1768/649/283 1764/1766/649/283
f 1809/1813/661/294 1810/1814/661/294 1811/1815/661/294 1812/1816/661/294
f 1897/1905/699/305 1898/1907/699/305 1899/1908/699/305 1900/1906/699/305
f 1913/1921/703/309 1914/1923/703/309 1915/1924/703/309 1916/1922/703/309
f 1939/1949/711/314 1940/1950/711/314 1941/1947/711/314 1942/1948/711/314
f 1943/1951/712/315 1944/1952/712/315 1945/1953/712/315 1946/1954/712/315
usemtl grass02
s off
f 68/65/18/12 65/66/18/12 66/67/18/12 67/68/18/12
f 188/185/81/25 185/186/81/25 186/187/81/25 187/188/81/25
f 206/203/87/28 203/204/87/28 204/205/87/28 205/206/87/28
f 260/257/102/40 257/258/102/40 258/259/102/40 259/260/102/40
f 320/317/135/45 317/318/135/45 318/319/135/45 319/320/135/45
f 324/321/136/46 321/322/136/46 322/323/136/46 323/324/136/46
f 336/333/139/49 333/334/139/49 334/335/139/49 335/336/139/49
f 428/425/173/64 425/426/173/64 426/427/173/64 427/428/173/64
f 436/433/175/66 433/434/175/66 434/435/175/66 435/436/175/66
f 514/511/211/77 511/512/211/77 512/513/211/77 513/514/211/77
f 532/529/217/80 529/530/217/80 530/531/217/80 531/532/217/80
f 540/537/219/82 537/538/219/82 538/539/219/82 539/540/219/82
f 544/541/220/83 541/542/220/83 542/543/220/83 543/544/220/83
f 610/607/246/93 607/608/246/93 608/609/246/93 609/610/246/93
f 614/611/247/94 611/612/247/94 612/613/247/94 613/614/247/94
f 638/635/253/100 635/636/253/100 636/637/253/100 637/638/253/100
f 772/773/317/112 769/774/317/112 770/775/317/112 771/776/317/112
f 796/797/323/118 793/798/323/118 794/799/323/118 795/800/323/118
f 804/805/325/120 801/806/325/120 802/807/325/120 803/808/325/120
f 872/873/360/127 869/874/360/127 870/875/360/127 871/876/360/127
f 968/969/400/139 965/970/400/139 966/971/400/139 967/972/400/139
f 972/973/401/140 969/974/401/140 970/975/401/140 971/976/401/140
f 980/981/403/142 977/982/403/142 978/983/403/142 979/984/403/142
f 1008/1009/410/149 1005/1010/410/149 1006/1011/410/149 1007/1012/410/149
f 1084/1085/457/155 1081/1086/457/155 1082/1087/457/155 1083/1088/457/155
f 1088/1089/458/156 1085/1090/458/156 1086/1091/458/156 1087/1092/458/156
f 1104/1105/462/160 1101/1106/462/160 1102/1107/462/160 1103/1108/462/160
f 1138/1139/470/165 1135/1140/470/165 1136/1141/470/165 1137/1142/470/165
f 1146/1147/472/167 1143/1148/472/167 1144/1149/472/167 1145/1150/472/167
f 1150/1151/473/168 1147/1152/473/168 1148/1153/473/168 1149/1154/473/168
f 1216/1217/506/176 1213/1218/506/176 1214/1219/506/176 1215/1220/506/176
f 1224/1225/508/178 1221/1226/508/178 1222/1227/508/178 1223/1228/508/178
f 1316/1317/521/183 1313/1318/521/183 1314/1319/521/183 1315/1320/521/183
f 1320/1321/522/184 1317/1322/522/184 1318/1323/522/184 1319/1324/522/184
f 1328/1329/524/186 1325/1330/524/186 1326/1331/524/186 1327/1332/524/186
f 1336/1337/526/188 1333/1338/526/188 1334/1339/526/188 1335/1340/526/188
f 1348/1349/529/191 1345/1350/529/191 1346/1351/529/191 1347/1352/529/191
f 1352/1353/530/192 1349/1354/530/192 1350/1355/530/192 1351/1356/530/192
f 1376/1377/536/198 1373/1378/536/198 1374/1379/536/198 1375/1380/536/198
f 1396/1397/541/203 1393/1398/541/203 1394/1399/541/203 1395/1400/541/203
f 1412/1413/543/205 1409/1414/543/205 1410/1415/543/205 1411/1416/543/205
f 1416/1417/544/206 1413/1418/544/206 1414/1419/544/206 1415/1420/544/206
f 1420/1421/545/207 1417/1422/545/207 1418/1423/545/207 1419/1424/545/207
f 1424/1425/546/208 1421/1426/546/208 1422/1427/546/208 1423/1428/546/208
f 1444/1445/551/213 1441/1446/551/213 1442/1447/551/213 1443/1448/551/213
f 1498/1499/581/218 1495/1500/581/218 1496/1501/581/218 1497/1502/581/218
f 1510/1511/584/221 1507/1512/584/221 1508/1513/584/221 1509/1514/584/221
f 1542/1543/592/229 1539/1544/592/229 1540/1545/592/229 1541/1546/592/229
f 1560/1561/598/232 1557/1562/598/232 1558/1563/598/232 1559/1564/598/232
f 1564/1565/599/233 1561/1566/599/233 1562/1567/599/233 1563/1568/599/233
f 1568/1569/600/234 1565/1570/600/234 1566/1571/600/234 1567/1572/600/234
f 1576/1577/602/236 1573/1578/602/236 1574/1579/602/236 1575/1580/602/236
f 1604/1605/609/243 1601/1606/609/243 1602/1607/609/243 1603/1608/609/243
f 1632/1633/616/250 1629/1634/616/250 1630/1635/616/250 1631/1636/616/250
f 1636/1637/617/251 1633/1638/617/251 1634/1639/617/251 1635/1640/617/251
f 1640/1641/618/252 1637/1642/618/252 1638/1643/618/252 1639/1644/618/252
f 1668/1669/625/259 1665/1670/625/259 1666/1671/625/259 1667/1672/625/259
f 1676/1677/627/261 1673/1678/627/261 1674/1679/627/261 1675/1680/627/261
f 1700/1701/633/267 1697/1702/633/267 1698/1703/633/267 1699/1704/633/267
f 1712/1713/636/270 1709/1714/636/270 1710/1715/636/270 1711/1716/636/270
f 1736/1737/642/276 1733/1738/642/276 1734/1739/642/276 1735/1740/642/276
f 1776/1777/652/286 1773/1778/652/286 1774/1779/652/286 1775/1780/652/286
f 1792/1793/656/289 1789/1794/656/289 1790/1795/656/289 1791/1796/656/289
f 1796/1797/657/290 1793/1798/657/290 1794/1799/657/290 1795/1800/657/290
f 1800/1801/658/291 1797/1802/658/291 1798/1803/658/291 1799/1804/658/291
f 1804/1805/659/292 1801/1806/659/292 1802/1807/659/292 1803/1808/659/292
f 1920/1925/704/310 1917/1926/704/310 1918/1927/704/310 1919/1928/704/310
f 1934/1939/709/312 1931/1940/709/312 1932/1941/709/312 1933/1942/709/312
f 1938/1943/710/313 1935/1944/710/313 1936/1945/710/313 1937/1946/710/313
f 1984/1989/733/320 1981/1990/733/320 1982/1991/733/320 1983/1992/733/320
f 1988/1993/734/321 1985/1994/734/321 1986/1995/734/321 1987/1996/734/321
f 2000/2005/737/324 1997/2006/737/324 1998/2007/737/324 1999/2008/737/324
f 2020/2025/742/329 2017/2026/742/329 2018/2027/742/329 2019/2028/742/329
f 2024/2029/743/330 2021/2030/743/330 2022/2031/743/330 2023/2032/743/330
f 2032/2037/745/332 2029/2038/745/332 2030/2039/745/332 2031/2040/745/332
f 2036/2041/746/333 2033/2042/746/333 2034/2043/746/333 2035/2044/746/333
f 2040/2045/747/334 2037/2046/747/334 2038/2047/747/334 2039/2048/747/334
f 2044/2049/748/335 2041/2050/748/335 2042/2051/748/335 2043/2052/748/335
f 2048/2053/749/336 2045/2054/749/336 2046/2055/749/336 2047/2056/749/336
f 2052/2057/750/337 2049/2058/750/337 2050/2059/750/337 2051/2060/750/337
f 2056/2061/751/338 2053/2062/751/338 2054/2063/751/338 2055/2064/751/338
f 2060/2065/752/339 2057/2066/752/339 2058/2067/752/339 2059/2068/752/339
f 2064/2069/753/340 2061/2070/753/340 2062/2071/753/340 2063/2072/753/340
f 2068/2073/754/341 2065/2074/754/341 2066/2075/754/341 2067/2076/754/341
f 2072/2077/755/342 2069/2078/755/342 2070/2079/755/342 2071/2080/755/342
f 2076/2081/756/343 2073/2082/756/343 2074/2083/756/343 2075/2084/756/343
f 2080/2085/757/344 2077/2086/757/344 2078/2087/757/344 2079/2088/757/344
f 2084/2089/758/345 2081/2090/758/345 2082/2091/758/345 2083/2092/758/345
f 2088/2093/759/346 2085/2094/759/346 2086/2095/759/346 2087/2096/759/346
f 2092/2097/760/347 2089/2098/760/347 2090/2099/760/347 2091/2100/760/347
f 2096/2101/761/348 2093/2102/761/348 2094/2103/761/348 2095/2104/761/348
f 2100/2105/762/349 2097/2106/762/349 2098/2107/762/349 2099/2108/762/349
f 2108/2113/764/351 2105/2114/764/351 2106/2115/764/351 2107/2116/764/351
f 2112/2117/765/352 2109/2118/765/352 2110/2119/765/352 2111/2120/765/352
f 2116/2121/766/353 2113/2122/766/353 2114/2123/766/353 2115/2124/766/353
f 2120/2125/767/354 2117/2126/767/354 2118/2127/767/354 2119/2128/767/354
f 2124/2129/768/355 2121/2130/768/355 2122/2131/768/355 2123/2132/768/355
f 2128/2133/769/356 2125/2134/769/356 2126/2135/769/356 2127/2136/769/356
f 2132/2137/770/357 2129/2138/770/357 2130/2139/770/357 2131/2140/770/357
f 2136/2141/771/358 2133/2142/771/358 2134/2143/771/358 2135/2144/771/358
f 2140/2145/772/359 2137/2146/772/359 2138/2147/772/359 2139/2148/772/359
f 2144/2149/773/360 2141/2150/773/360 2142/2151/773/360 2143/2152/773/360
usemtl tree01_un
s off
f 1783/1781/653/287 1784/1782/653/287 1781/1783/653/287 1782/1784/653/287
usemtl tree01_re
s off
f 1779/1785/654/287 1780/1786/654/287 1777/1787/654/287 1778/1788/654/287
usemtl wall01_d
s off
f 6/5/2/2 8/6/3/2 7/7/3/2 5/8/2/2
f 8/6/3/2 10/9/4/2 9/10/4/2 7/7/3/2
f 84/82/22/14 85/83/26/14 82/84/27/14 83/85/27/14
f 88/89/29/14 89/90/22/14 86/91/27/14 87/92/27/14
f 190/189/82/26 192/190/83/26 191/191/83/26 189/192/82/26
f 192/190/83/26 194/193/84/26 193/194/84/26 191/191/83/26
f 276/274/106/42 277/275/110/42 274/276/111/42 275/277/111/42
f 280/281/113/42 281/282/106/42 278/283/111/42 279/284/111/42
f 286/285/114/43 288/286/115/43 287/287/115/43 285/288/114/43
f 288/286/115/43 290/289/116/43 289/290/116/43 287/287/115/43
f 350/349/143/53 352/350/144/53 351/351/144/53 349/352/143/53
f 352/350/144/53 354/353/145/53 353/354/145/53 351/351/144/53
f 654/652/257/102 655/653/261/102 652/654/262/102 653/655/262/102
f 658/659/264/102 659/660/257/102 656/661/262/102 657/662/262/102
f 810/813/327/122 812/814/328/122 811/815/328/122 809/816/327/122
f 812/814/328/122 814/817/329/122 813/818/329/122 811/815/328/122
f 908/910/369/134 909/911/373/134 906/912/374/134 907/913/374/134
f 912/917/376/134 913/918/369/134 910/919/374/134 911/920/374/134
f 2151/2159/774/361 2152/2160/774/361 2153/2161/777/361 2154/2162/777/361
f 73/73/20/14 74/74/21/14 75/75/22/14
f 74/74/21/14 76/76/23/14 75/75/22/14
f 75/75/22/14 76/76/23/14 77/77/24/14
f 78/78/25/14 79/79/23/14 80/80/22/14
f 79/79/23/14 81/81/21/14 80/80/22/14
f 90/86/28/14 91/87/22/14 92/88/24/14
f 98/98/31/15 99/99/32/15 100/100/33/15
f 99/99/32/15 101/101/34/15 100/100/33/15
f 100/100/33/15 101/101/34/15 102/102/35/15
f 101/101/34/15 103/103/36/15 102/102/35/15
f 104/104/35/15 105/105/37/15 106/106/38/15
f 265/265/104/42 266/266/105/42 267/267/106/42
f 266/266/105/42 268/268/107/42 267/267/106/42
f 267/267/106/42 268/268/107/42 269/269/108/42
f 270/270/109/42 271/271/107/42 272/272/106/42
f 271/271/107/42 273/273/105/42 272/272/106/42
f 282/278/112/42 283/279/106/42 284/280/108/42
f 300/300/119/44 301/301/120/44 302/302/121/44
f 301/301/120/44 303/303/122/44 302/302/121/44
f 302/302/121/44 303/303/122/44 304/304/123/44
f 303/303/122/44 305/305/124/44 304/304/123/44
f 306/306/123/44 307/307/125/44 308/308/126/44
f 364/364/148/54 365/365/149/54 366/366/150/54
f 365/365/149/54 367/367/151/54 366/366/150/54
f 366/366/150/54 367/367/151/54 368/368/152/54
f 367/367/151/54 369/369/153/54 368/368/152/54
f 370/370/152/54 371/371/154/54 372/372/155/54
f 574/574/228/90 575/575/229/90 576/576/230/90
f 575/575/229/90 577/577/231/90 576/576/230/90
f 576/576/230/90 577/577/231/90 578/578/232/90
f 577/577/231/90 579/579/233/90 578/578/232/90
f 580/580/232/90 581/581/234/90 582/582/235/90
f 643/643/255/102 644/644/256/102 645/645/257/102
f 644/644/256/102 646/646/258/102 645/645/257/102
f 645/645/257/102 646/646/258/102 647/647/259/102
f 648/648/260/102 649/649/258/102 650/650/257/102
f 649/649/258/102 651/651/256/102 650/650/257/102
f 660/656/263/102 661/657/257/102 662/658/259/102
f 668/668/266/103 669/669/267/103 670/670/268/103
f 669/669/267/103 671/671/269/103 670/670/268/103
f 670/670/268/103 671/671/269/103 672/672/270/103
f 671/671/269/103 673/673/271/103 672/672/270/103
f 674/674/270/103 675/675/272/103 676/676/273/103
f 897/901/367/134 898/902/368/134 899/903/369/134
f 898/902/368/134 900/904/370/134 899/903/369/134
f 899/903/369/134 900/904/370/134 901/905/371/134
f 902/906/372/134 903/907/370/134 904/908/369/134
f 903/907/370/134 905/909/368/134 904/908/369/134
f 914/914/375/134 915/915/369/134 916/916/371/134
f 922/926/378/135 923/927/379/135 924/928/380/135
f 923/927/379/135 925/929/381/135 924/928/380/135
f 924/928/380/135 925/929/381/135 926/930/382/135
f 925/929/381/135 927/931/383/135 926/930/382/135
f 928/932/382/135 929/933/384/135 930/934/385/135
f 1014/1018/412/150 1015/1019/413/150 1016/1020/414/150
f 1015/1019/413/150 1017/1021/415/150 1016/1020/414/150
f 1016/1020/414/150 1017/1021/415/150 1018/1022/416/150
f 1017/1021/415/150 1019/1023/417/150 1018/1022/416/150
f 1020/1024/416/150 1021/1025/418/150 1022/1026/419/150
usemtl wall01_g
s off
f 13/11/2/2 14/12/2/2 11/13/5/2 12/14/5/2
f 107/107/39/15 108/108/40/15 109/109/41/15 110/110/42/15
f 111/111/43/15 112/112/44/15 113/113/45/15 114/114/46/15
f 112/112/44/15 107/107/39/15 110/110/42/15 113/113/45/15
f 197/195/82/26 198/196/82/26 195/197/85/26 196/198/85/26
f 293/291/114/43 294/292/114/43 291/293/117/43 292/294/117/43
f 309/309/127/44 310/310/128/44 311/311/129/44 312/312/130/44
f 313/313/131/44 314/314/132/44 315/315/133/44 316/316/134/44
f 314/314/132/44 309/309/127/44 312/312/130/44 315/315/133/44
f 357/355/143/53 358/356/143/53 355/357/146/53 356/358/146/53
f 373/373/156/54 374/374/157/54 375/375/158/54 376/376/159/54
f 377/377/160/54 378/378/161/54 379/379/162/54 380/380/163/54
f 378/378/161/54 373/373/156/54 376/376/159/54 379/379/162/54
f 583/583/236/90 584/584/237/90 585/585/238/90 586/586/239/90
f 587/587/240/90 588/588/241/90 589/589/242/90 590/590/243/90
f 588/588/241/90 583/583/236/90 586/586/239/90 589/589/242/90
f 677/677/274/103 678/678/275/103 679/679/276/103 680/680/277/103
f 681/681/278/103 682/682/279/103 683/683/280/103 684/684/281/103
f 682/682/279/103 677/677/274/103 680/680/277/103 683/683/280/103
f 817/819/327/122 818/820/327/122 815/821/330/122 816/822/330/122
f 931/935/386/135 932/936/387/135 933/937/388/135 934/938/389/135
f 935/939/390/135 936/940/391/135 937/941/392/135 938/942/393/135
f 936/940/391/135 931/935/386/135 934/938/389/135 937/941/392/135
f 1023/1027/420/150 1024/1028/421/150 1025/1029/422/150 1026/1030/423/150
f 1027/1031/424/150 1028/1032/425/150 1029/1033/426/150 1030/1034/427/150
f 1028/1032/425/150 1023/1027/420/150 1026/1030/423/150 1029/1033/426/150
f 2145/2153/774/361 2146/2154/775/361 2147/2155/775/361 2148/2156/774/361
f 2146/2154/775/361 2149/2157/776/361 2150/2158/776/361 2147/2155/775/361
usemtl wallkn_g
s off
f 31/31/8/5 32/32/9/5 33/33/9/5 34/34/8/5
f 32/32/9/5 35/35/10/5 36/36/10/5 33/33/9/5
f 37/37/8/5 38/38/8/5 39/39/11/5 40/40/11/5
f 130/128/50/17 131/129/54/17 128/130/55/17 129/131/55/17
f 134/135/57/17 135/136/50/17 132/137/55/17 133/138/55/17
f 153/153/67/18 154/154/68/18 155/155/69/18 156/156/70/18
f 157/157/71/18 158/158/72/18 159/159/73/18 160/160/74/18
f 158/158/72/18 153/153/67/18 156/156/70/18 159/159/73/18
f 207/207/88/29 208/208/89/29 209/209/89/29 210/210/88/29
f 208/208/89/29 211/211/90/29 212/212/90/29 209/209/89/29
f 213/213/88/29 214/214/88/29 215/215/91/29 216/216/91/29
f 448/446/178/67 449/447/182/67 446/448/183/67 447/449/183/67
f 452/453/185/67 453/454/178/67 450/455/183/67 451/456/183/67
f 471/471/195/68 472/472/196/68 473/473/197/68 474/474/198/68
f 475/475/199/68 476/476/200/68 477/477/201/68 478/478/202/68
f 476/476/200/68 471/471/195/68 474/474/198/68 477/477/201/68
f 519/519/213/79 520/520/214/79 521/521/214/79 522/522/213/79
f 520/520/214/79 523/523/215/79 524/524/215/79 521/521/214/79
f 525/525/213/79 526/526/213/79 527/527/216/79 528/528/216/79
f 716/714/287/107 717/715/291/107 714/716/292/107 715/717/292/107
f 720/721/294/107 721/722/287/107 718/723/292/107 719/724/292/107
f 739/739/304/108 740/740/305/108 741/741/306/108 742/742/307/108
f 743/743/308/108 744/744/309/108 745/745/310/108 746/746/311/108
f 744/744/309/108 739/739/304/108 742/742/307/108 745/745/310/108
f 834/836/334/124 835/837/338/124 832/838/339/124 833/839/339/124
f 838/843/341/124 839/844/334/124 836/845/339/124 837/846/339/124
f 857/861/351/125 858/862/352/125 859/863/353/125 860/864/354/125
f 861/865/355/125 862/866/356/125 863/867/357/125 864/868/358/125
f 862/866/356/125 857/861/351/125 860/864/354/125 863/867/357/125
f 955/959/396/138 956/960/397/138 957/961/397/138 958/962/396/138
f 956/960/397/138 959/963/398/138 960/964/398/138 957/961/397/138
f 961/965/396/138 962/966/396/138 963/967/399/138 964/968/399/138
f 1050/1052/432/153 1051/1053/436/153 1048/1054/437/153 1049/1055/437/153
f 1054/1059/439/153 1055/1060/432/153 1052/1061/437/153 1053/1062/437/153
f 1073/1077/449/154 1074/1078/450/154 1075/1079/451/154 1076/1080/452/154
f 1077/1081/453/154 1078/1082/454/154 1079/1083/455/154 1080/1084/456/154
f 1078/1082/454/154 1073/1077/449/154 1076/1080/452/154 1079/1083/455/154
f 1125/1129/466/164 1126/1130/467/164 1127/1131/467/164 1128/1132/466/164
f 1126/1130/467/164 1129/1133/468/164 1130/1134/468/164 1127/1131/467/164
f 1131/1135/466/164 1132/1136/466/164 1133/1137/469/164 1134/1138/469/164
f 1178/1180/480/173 1179/1181/484/173 1176/1182/485/173 1177/1183/485/173
f 1182/1187/487/173 1183/1188/480/173 1180/1189/485/173 1181/1190/485/173
f 1201/1205/497/174 1202/1206/498/174 1203/1207/499/174 1204/1208/500/174
f 1205/1209/501/174 1206/1210/502/174 1207/1211/503/174 1208/1212/504/174
f 1206/1210/502/174 1201/1205/497/174 1204/1208/500/174 1207/1211/503/174
f 1303/1307/517/182 1304/1308/518/182 1305/1309/518/182 1306/1310/517/182
f 1304/1308/518/182 1307/1311/519/182 1308/1312/519/182 1305/1309/518/182
f 1309/1313/517/182 1310/1314/517/182 1311/1315/520/182 1312/1316/520/182
f 1456/1458/554/214 1457/1459/558/214 1454/1460/559/214 1455/1461/559/214
f 1460/1465/561/214 1461/1466/554/214 1458/1467/559/214 1459/1468/559/214
f 1479/1483/571/215 1480/1484/572/215 1481/1485/573/215 1482/1486/574/215
f 1483/1487/575/215 1484/1488/576/215 1485/1489/577/215 1486/1490/578/215
f 1484/1488/576/215 1479/1483/571/215 1482/1486/574/215 1485/1489/577/215
f 1543/1547/593/230 1544/1548/594/230 1545/1549/594/230 1546/1550/593/230
f 1544/1548/594/230 1547/1551/595/230 1548/1552/595/230 1545/1549/594/230
f 1549/1553/593/230 1550/1554/593/230 1551/1555/596/230 1552/1556/596/230
f 1854/1860/671/300 1855/1861/675/300 1852/1862/676/300 1853/1863/676/300
f 1858/1867/678/300 1859/1868/671/300 1856/1869/676/300 1857/1870/676/300
f 1877/1885/688/301 1878/1886/689/301 1879/1887/690/301 1880/1888/691/301
f 1881/1889/692/301 1882/1890/693/301 1883/1891/694/301 1884/1892/695/301
f 1882/1890/693/301 1877/1885/688/301 1880/1888/691/301 1883/1891/694/301
f 1921/1929/705/311 1922/1930/706/311 1923/1931/706/311 1924/1932/705/311
f 1922/1930/706/311 1925/1933/707/311 1926/1934/707/311 1923/1931/706/311
f 1927/1935/705/311 1928/1936/705/311 1929/1937/708/311 1930/1938/708/311
f 1961/1969/722/316 1962/1970/723/316 1963/1971/724/316 1964/1972/725/316
f 1965/1973/726/316 1966/1974/727/316 1967/1975/728/316 1968/1976/729/316
f 1966/1974/727/316 1961/1969/722/316 1964/1972/725/316 1967/1975/728/316
f 119/119/48/17 120/120/49/17 121/121/50/17
f 120/120/49/17 122/122/51/17 121/121/50/17
f 121/121/50/17 122/122/51/17 123/123/52/17
f 124/124/53/17 125/125/51/17 126/126/50/17
f 125/125/51/17 127/127/49/17 126/126/50/17
f 136/132/56/17 137/133/50/17 138/134/52/17
f 144/144/59/18 145/145/60/18 146/146/61/18
f 145/145/60/18 147/147/62/18 146/146/61/18
f 146/146/61/18 147/147/62/18 148/148/63/18
f 147/147/62/18 149/149/64/18 148/148/63/18
f 150/150/63/18 151/151/65/18 152/152/66/18
f 437/437/176/67 438/438/177/67 439/439/178/67
f 438/438/177/67 440/440/179/67 439/439/178/67
f 439/439/178/67 440/440/179/67 441/441/180/67
f 442/442/181/67 443/443/179/67 444/444/178/67
f 443/443/179/67 445/445/177/67 444/444/178/67
f 454/450/184/67 455/451/178/67 456/452/180/67
f 462/462/187/68 463/463/188/68 464/464/189/68
f 463/463/188/68 465/465/190/68 464/464/189/68
f 464/464/189/68 465/465/190/68 466/466/191/68
f 465/465/190/68 467/467/192/68 466/466/191/68
f 468/468/191/68 469/469/193/68 470/470/194/68
f 705/705/285/107 706/706/286/107 707/707/287/107
f 706/706/286/107 708/708/288/107 707/707/287/107
f 707/707/287/107 708/708/288/107 709/709/289/107
f 710/710/290/107 711/711/288/107 712/712/287/107
f 711/711/288/107 713/713/286/107 712/712/287/107
f 722/718/293/107 723/719/287/107 724/720/289/107
f 730/730/296/108 731/731/297/108 732/732/298/108
f 731/731/297/108 733/733/299/108 732/732/298/108
f 732/732/298/108 733/733/299/108 734/734/300/108
f 733/733/299/108 735/735/301/108 734/734/300/108
f 736/736/300/108 737/737/302/108 738/738/303/108
f 823/827/332/124 824/828/333/124 825/829/334/124
f 824/828/333/124 826/830/335/124 825/829/334/124
f 825/829/334/124 826/830/335/124 827/831/336/124
f 828/832/337/124 829/833/335/124 830/834/334/124
f 829/833/335/124 831/835/333/124 830/834/334/124
f 840/840/340/124 841/841/334/124 842/842/336/124
f 848/852/343/125 849/853/344/125 850/854/345/125
f 849/853/344/125 851/855/346/125 850/854/345/125
f 850/854/345/125 851/855/346/125 852/856/347/125
f 851/855/346/125 853/857/348/125 852/856/347/125
f 854/858/347/125 855/859/349/125 856/860/350/125
f 1039/1043/430/153 1040/1044/431/153 1041/1045/432/153
f 1040/1044/431/153 1042/1046/433/153 1041/1045/432/153
f 1041/1045/432/153 1042/1046/433/153 1043/1047/434/153
f 1044/1048/435/153 1045/1049/433/153 1046/1050/432/153
f 1045/1049/433/153 1047/1051/431/153 1046/1050/432/153
f 1056/1056/438/153 1057/1057/432/153 1058/1058/434/153
f 1064/1068/441/154 1065/1069/442/154 1066/1070/443/154
f 1065/1069/442/154 1067/1071/444/154 1066/1070/443/154
f 1066/1070/443/154 1067/1071/444/154 1068/1072/445/154
f 1067/1071/444/154 1069/1073/446/154 1068/1072/445/154
f 1070/1074/445/154 1071/1075/447/154 1072/1076/448/154
f 1167/1171/478/173 1168/1172/479/173 1169/1173/480/173
f 1168/1172/479/173 1170/1174/481/173 1169/1173/480/173
f 1169/1173/480/173 1170/1174/481/173 1171/1175/482/173
f 1172/1176/483/173 1173/1177/481/173 1174/1178/480/173
f 1173/1177/481/173 1175/1179/479/173 1174/1178/480/173
f 1184/1184/486/173 1185/1185/480/173 1186/1186/482/173
f 1192/1196/489/174 1193/1197/490/174 1194/1198/491/174
f 1193/1197/490/174 1195/1199/492/174 1194/1198/491/174
f 1194/1198/491/174 1195/1199/492/174 1196/1200/493/174
f 1195/1199/492/174 1197/1201/494/174 1196/1200/493/174
f 1198/1202/493/174 1199/1203/495/174 1200/1204/496/174
f 1445/1449/552/214 1446/1450/553/214 1447/1451/554/214
f 1446/1450/553/214 1448/1452/555/214 1447/1451/554/214
f 1447/1451/554/214 1448/1452/555/214 1449/1453/556/214
f 1450/1454/557/214 1451/1455/555/214 1452/1456/554/214
f 1451/1455/555/214 1453/1457/553/214 1452/1456/554/214
f 1462/1462/560/214 1463/1463/554/214 1464/1464/556/214
f 1470/1474/563/215 1471/1475/564/215 1472/1476/565/215
f 1471/1475/564/215 1473/1477/566/215 1472/1476/565/215
f 1472/1476/565/215 1473/1477/566/215 1474/1478/567/215
f 1473/1477/566/215 1475/1479/568/215 1474/1478/567/215
f 1476/1480/567/215 1477/1481/569/215 1478/1482/570/215
f 1843/1851/669/300 1844/1852/670/300 1845/1853/671/300
f 1844/1852/670/300 1846/1854/672/300 1845/1853/671/300
f 1845/1853/671/300 1846/1854/672/300 1847/1855/673/300
f 1848/1856/674/300 1849/1857/672/300 1850/1858/671/300
f 1849/1857/672/300 1851/1859/670/300 1850/1858/671/300
f 1860/1864/677/300 1861/1865/671/300 1862/1866/673/300
f 1868/1876/680/301 1869/1877/681/301 1870/1878/682/301
f 1869/1877/681/301 1871/1879/683/301 1870/1878/682/301
f 1870/1878/682/301 1871/1879/683/301 1872/1880/684/301
f 1871/1879/683/301 1873/1881/685/301 1872/1880/684/301
f 1874/1882/684/301 1875/1883/686/301 1876/1884/687/301
f 1952/1960/714/316 1953/1961/715/316 1954/1962/716/316
f 1953/1961/715/316 1955/1963/717/316 1954/1962/716/316
f 1954/1962/716/316 1955/1963/717/316 1956/1964/718/316
f 1955/1963/717/316 1957/1965/719/316 1956/1964/718/316
f 1958/1966/718/316 1959/1967/720/316 1960/1968/721/316
usemtl cliff01
s off
f 1/1/1/1 2/2/1/1 3/3/1/1 4/4/1/1
f 69/69/19/13 70/70/19/13 71/71/19/13 72/72/19/13
f 261/261/103/41 262/262/103/41 263/263/103/41 264/264/103/41
f 805/809/326/121 806/810/326/121 807/811/326/121 808/812/326/121
usemtl egrass
s off
f 15/15/6/3 16/16/6/3 17/17/6/3 18/18/6/3
f 199/199/86/27 200/200/86/27 201/201/86/27 202/202/86/27
f 381/381/164/55 382/382/164/55 383/383/164/55 384/384/164/55
f 385/385/165/56 386/386/165/56 387/387/165/56 388/388/165/56
f 429/429/174/65 430/430/174/65 431/431/174/65 432/432/174/65
f 591/591/244/91 592/592/244/91 593/593/244/91 594/594/244/91
f 685/685/282/104 686/686/282/104 687/687/282/104 688/688/282/104
f 1031/1035/428/151 1032/1036/428/151 1033/1037/428/151 1034/1038/428/151
f 1105/1109/463/161 1106/1110/463/161 1107/1111/463/161 1108/1112/463/161
usemtl egrass_u
s off
f 27/27/7/4 28/28/7/4 29/29/7/4 30/30/7/4
f 397/397/166/57 398/398/166/57 399/399/166/57 400/400/166/57
f 603/603/245/92 604/604/245/92 605/605/245/92 606/606/245/92
f 697/697/283/105 698/698/283/105 699/699/283/105 700/700/283/105
f 819/823/331/123 820/824/331/123 821/825/331/123 822/826/331/123
f 947/951/394/136 948/952/394/136 949/953/394/136 950/954/394/136
f 1035/1039/429/152 1036/1040/429/152 1037/1041/429/152 1038/1042/429/152
f 1117/1121/464/162 1118/1122/464/162 1119/1123/464/162 1120/1124/464/162
f 1163/1167/477/172 1164/1168/477/172 1165/1169/477/172 1166/1170/477/172
f 1405/1409/542/204 1406/1410/542/204 1407/1411/542/204 1408/1412/542/204
usemtl egrass_v
s off
f 19/23/7/4 20/24/7/4 21/25/7/4 22/26/7/4
f 115/115/47/16 116/116/47/16 117/117/47/16 118/118/47/16
f 389/393/166/57 390/394/166/57 391/395/166/57 392/396/166/57
f 595/599/245/92 596/600/245/92 597/601/245/92 598/602/245/92
f 689/693/283/105 690/694/283/105 691/695/283/105 692/696/283/105
f 939/947/394/136 940/948/394/136 941/949/394/136 942/950/394/136
f 1109/1117/464/162 1110/1118/464/162 1111/1119/464/162 1112/1120/464/162
f 1397/1405/542/204 1398/1406/542/204 1399/1407/542/204 1400/1408/542/204
usemtl egrass_ro
s off
f 701/701/284/106 702/702/284/106 703/703/284/106 704/704/284/106
f 951/955/395/137 952/956/395/137 953/957/395/137 954/958/395/137
f 1121/1125/465/163 1122/1126/465/163 1123/1127/465/163 1124/1128/465/163
usemtl egrass_ri
s off
f 23/19/7/4 24/20/7/4 25/21/7/4 26/22/7/4
f 393/389/166/57 394/390/166/57 395/391/166/57 396/392/166/57
f 599/595/245/92 600/596/245/92 601/597/245/92 602/598/245/92
f 693/689/283/105 694/690/283/105 695/691/283/105 696/692/283/105
f 943/943/394/136 944/944/394/136 945/945/394/136 946/946/394/136
f 1113/1113/464/162 1114/1114/464/162 1115/1115/464/162 1116/1116/464/162
f 1401/1401/542/204 1402/1402/542/204 1403/1403/542/204 1404/1404/542/204
usemtl flower03
s off
f 44/41/12/6 41/42/12/6 42/43/12/6 43/44/12/6
f 256/253/101/39 253/254/101/39 254/255/101/39 255/256/101/39
f 340/337/140/50 337/338/140/50 338/339/140/50 339/340/140/50
f 404/401/167/58 401/402/167/58 402/403/167/58 403/404/167/58
f 518/515/212/78 515/516/212/78 516/517/212/78 517/518/212/78
f 568/565/226/89 565/566/226/89 566/567/226/89 567/568/226/89
f 896/897/366/133 893/898/366/133 894/899/366/133 895/900/366/133
f 1212/1213/505/175 1209/1214/505/175 1210/1215/505/175 1211/1216/505/175
f 1368/1369/534/196 1365/1370/534/196 1366/1371/534/196 1367/1372/534/196
f 1440/1441/550/212 1437/1442/550/212 1438/1443/550/212 1439/1444/550/212
f 1490/1491/579/216 1487/1492/579/216 1488/1493/579/216 1489/1494/579/216
f 1572/1573/601/235 1569/1574/601/235 1570/1575/601/235 1571/1576/601/235
f 1704/1705/634/268 1701/1706/634/268 1702/1707/634/268 1703/1708/634/268
f 1708/1709/635/269 1705/1710/635/269 1706/1711/635/269 1707/1712/635/269
f 1808/1809/660/293 1805/1810/660/293 1806/1811/660/293 1807/1812/660/293
f 1824/1825/664/297 1821/1826/664/297 1822/1827/664/297 1823/1828/664/297
f 1892/1897/697/303 1889/1898/697/303 1890/1899/697/303 1891/1900/697/303
f 1976/1981/731/318 1973/1982/731/318 1974/1983/731/318 1975/1984/731/318
usemtl grass01_a
s off
f 481/479/203/69 482/480/203/69 479/481/203/69 480/482/203/69
f 509/507/210/76 510/508/210/76 507/509/210/76 508/510/210/76
f 535/533/218/81 536/534/218/81 533/535/218/81 534/536/218/81
f 1141/1143/471/166 1142/1144/471/166 1139/1145/471/166 1140/1146/471/166
f 1323/1325/523/185 1324/1326/523/185 1321/1327/523/185 1322/1328/523/185
f 1331/1333/525/187 1332/1334/525/187 1329/1335/525/187 1330/1336/525/187
f 1343/1345/528/190 1344/1346/528/190 1341/1347/528/190 1342/1348/528/190
f 1363/1365/533/195 1364/1366/533/195 1361/1367/533/195 1362/1368/533/195
f 1493/1495/580/217 1494/1496/580/217 1491/1497/580/217 1492/1498/580/217
f 1505/1507/583/220 1506/1508/583/220 1503/1509/583/220 1504/1510/583/220
f 1627/1629/615/249 1628/1630/615/249 1625/1631/615/249 1626/1632/615/249
f 1671/1673/626/260 1672/1674/626/260 1669/1675/626/260 1670/1676/626/260
f 1743/1745/644/278 1744/1746/644/278 1741/1747/644/278 1742/1748/644/278
f 1747/1749/645/279 1748/1750/645/279 1745/1751/645/279 1746/1752/645/279
f 1887/1893/696/302 1888/1894/696/302 1885/1895/696/302 1886/1896/696/302
f 1895/1901/698/304 1896/1902/698/304 1893/1903/698/304 1894/1904/698/304
f 1971/1977/730/317 1972/1978/730/317 1969/1979/730/317 1970/1980/730/317
f 1979/1985/732/319 1980/1986/732/319 1977/1987/732/319 1978/1988/732/319
f 1991/1997/735/322 1992/1998/735/322 1989/1999/735/322 1990/2000/735/322
f 1995/2001/736/323 1996/2002/736/323 1993/2003/736/323 1994/2004/736/323
usemtl flower02
s off
f 63/61/17/11 64/62/17/11 61/63/17/11 62/64/17/11
f 347/345/142/52 348/346/142/52 345/347/142/52 346/348/142/52
f 641/639/254/101 642/640/254/101 639/641/254/101 640/642/254/101
f 1537/1539/591/228 1538/1540/591/228 1535/1541/591/228 1536/1542/591/228
f 1739/1741/643/277 1740/1742/643/277 1737/1743/643/277 1738/1744/643/277
f 1841/1847/668/299 1842/1848/668/299 1839/1849/668/299 1840/1850/668/299
usemtl slope_slope
s off
f 1247/1237/511/181 1248/1238/511/181 1245/1239/511/181 1246/1240/511/181
f 1242/1241/512/181 1244/1242/512/181 1243/1243/512/181 1241/1244/512/181
f 1283/1245/513/181 1284/1246/513/181 1281/1247/513/181 1282/1248/513/181
f 1267/1249/514/181 1268/1250/514/181 1265/1251/514/181 1266/1252/514/181
f 1287/1253/511/181 1288/1254/511/181 1285/1255/511/181 1286/1256/511/181
f 1263/1265/514/181 1264/1266/514/181 1261/1267/514/181 1262/1268/514/181
f 1236/1269/516/181 1238/1270/516/181 1237/1271/516/181 1235/1272/516/181
f 1295/1273/511/181 1296/1274/511/181 1293/1275/511/181 1294/1276/511/181
f 1271/1281/511/181 1272/1282/511/181 1269/1283/511/181 1270/1284/511/181
f 1234/1285/516/181 1236/1269/516/181 1235/1272/516/181 1233/1286/516/181
f 1279/1287/513/181 1280/1288/513/181 1277/1289/513/181 1278/1290/513/181
f 1240/1295/512/181 1242/1241/512/181 1241/1244/512/181 1239/1296/512/181
f 1251/1303/511/181 1252/1304/511/181 1249/1305/511/181 1250/1306/511/181
f 1253/1257/515/181 1254/1258/515/181 1255/1259/515/181
f 1255/1259/515/181 1256/1260/515/181 1253/1257/515/181
f 1257/1261/515/181 1258/1262/515/181 1259/1263/515/181
f 1259/1263/515/181 1260/1264/515/181 1257/1261/515/181
f 1273/1277/512/181 1274/1278/512/181 1275/1279/512/181
f 1275/1279/512/181 1276/1280/512/181 1273/1277/512/181
f 1289/1291/516/181 1290/1292/516/181 1291/1293/516/181
f 1291/1293/516/181 1292/1294/516/181 1289/1291/516/181
f 1297/1297/516/181 1298/1298/516/181 1299/1299/516/181
f 1300/1300/512/181 1301/1301/512/181 1302/1302/512/181
usemtl bridge_b
s off
f 755/755/314/111 756/756/314/111 757/757/314/111 758/758/314/111
f 758/758/315/111 757/757/315/111 759/759/315/111 760/760/315/111
f 761/761/314/111 762/762/314/111 763/763/314/111 764/764/314/111
f 766/765/316/111 768/766/316/111 767/767/316/111 765/768/316/111
f 1825/1829/665/298 1826/1830/665/298 1827/1831/665/298 1828/1832/665/298
f 1828/1832/666/298 1827/1831/666/298 1829/1833/666/298 1830/1834/666/298
f 1831/1835/665/298 1832/1836/665/298 1833/1837/665/298 1834/1838/665/298
f 1836/1839/667/298 1838/1840/667/298 1837/1841/667/298 1835/1842/667/298
usemtl bridge_c
s off
f 761/769/314/111 764/770/314/111 756/771/314/111 755/772/314/111
f 1831/1843/665/298 1834/1844/665/298 1826/1845/665/298 1825/1846/665/298
