mtllib lighthouseExt_01_02.mtl
o map
v -16.0 -15.383789 -15.599612
v -16.0 -15.0625 -15.390628
v -15.9375 -15.0 -15.390628
v -15.616211 -15.0 -15.599612
v -16.0 -15.0 -15.090823
v -16.0 -14.383789 -15.599612
v -16.0 -14.0625 -15.390628
v -15.9375 -14.0 -15.390628
v -15.616211 -14.0 -15.599612
v -16.0 -14.0 -15.090823
v -16.0 -13.383789 -15.599612
v -16.0 -13.0625 -15.390628
v -15.9375 -13.0 -15.390628
v -15.616211 -13.0 -15.599612
v -16.0 -13.0 -15.090823
v -16.0 -12.383789 -15.599612
v -16.0 -12.0625 -15.390628
v -15.9375 -12.0 -15.390628
v -15.616211 -12.0 -15.599612
v -16.0 -12.0 -15.090823
v -16.0 -11.383789 -15.599612
v -16.0 -11.0625 -15.390628
v -15.9375 -11.0 -15.390628
v -15.616211 -11.0 -15.599612
v -16.0 -11.0 -15.090823
v -16.0 -10.383789 -15.599612
v -16.0 -10.0625 -15.390628
v -15.9375 -10.0 -15.390628
v -15.616211 -10.0 -15.599612
v -16.0 -10.0 -15.090823
v -16.0 -9.383789 -15.599612
v -16.0 -9.0625 -15.390628
v -15.9375 -9.0 -15.390628
v -15.616211 -9.0 -15.599612
v -16.0 -9.0 -15.090823
v -16.0 -8.383789 -15.599612
v -16.0 -8.0625 -15.390628
v -15.9375 -8.0 -15.390628
v -15.616211 -8.0 -15.599612
v -16.0 -8.0 -15.090823
v -16.0 -7.383789 -15.599612
v -16.0 -7.0625 -15.390628
v -15.9375 -7.0 -15.390628
v -15.616211 -7.0 -15.599612
v -16.0 -7.0 -15.090823
v -16.0 -6.383789 -15.599612
v -16.0 -6.0625 -15.390628
v -15.9375 -6.0 -15.390628
v -15.616211 -6.0 -15.599612
v -16.0 -6.0 -15.090823
v -16.0 -5.383789 -15.599612
v -16.0 -5.0625 -15.390628
v -15.9375 -5.0 -15.390628
v -15.616211 -5.0 -15.599612
v -16.0 -5.0 -15.090823
v -16.0 -4.383789 -15.599612
v -16.0 -4.0625 -15.390628
v -15.9375 -4.0 -15.390628
v -15.616211 -4.0 -15.599612
v -16.0 -4.0 -15.090823
v -16.0 -3.383789 -15.599612
v -16.0 -3.0625 -15.390628
v -15.9375 -3.0 -15.390628
v -15.616211 -3.0 -15.599612
v -16.0 -3.0 -15.090823
v -16.0 -2.383789 -15.599612
v -16.0 -2.0625 -15.390628
v -15.9375 -2.0 -15.390628
v -15.616211 -2.0 -15.599612
v -16.0 -2.0 -15.090823
v -16.0 -1.3837891 -15.599612
v -16.0 -1.0625 -15.390628
v -15.9375 -1.0 -15.390628
v -15.616211 -1.0 -15.599612
v -16.0 -1.0 -15.090823
v -14.0 -0.789062 -15.401369
v -14.0 -0.330078 -14.502931
v -14.0 0.0 -14.500001
v -14.0 -1.0 -15.500001
v -14.0 -0.789062 -15.401369
v -14.0 -0.789062 -15.090822
v -14.0 -0.962891 -15.368165
v -14.0 -1.330078 -15.599611
v -16.0 -0.789062 -15.401369
v -16.0 -0.330078 -14.502931
v -16.0 0.0 -14.500001
v -16.0 -0.962891 -15.368165
v -16.0 -1.330078 -15.599611
v -16.0 -0.789062 -15.090822
v -16.0 -1.0 -15.500001
v -16.0 -0.789062 -15.401369
v -13.0 0.210937 -0.901367
v -13.0 0.669921 -0.0029289722
v -16.0 0.669921 -0.0029289722
v -16.0 0.210937 -0.901367
v -13.0 0.999999 0.0
v -16.0 0.999999 0.0
v -13.0 0.210937 -0.901367
v -16.0 0.210937 -0.901367
v -16.0 -1.013279E-6 -1.0
v -13.0 -1.013279E-6 -1.0
v -14.0 9.0 0.0
v -16.0 9.0 0.0
v -16.0 1.0 0.0
v -14.0 1.0 0.0
v -15.0 10.0 0.0
v -16.0 10.0 0.0
v -16.0 9.0 0.0
v -15.0 9.0 0.0
v -16.0 10.999999 0.0
v -16.0 9.999999 0.0
v -15.9375 10.374999 0.0
v -15.6875 10.062499 0.0
v -15.0 9.999999 0.0
v -15.6875 10.062499 0.0
v -15.0 9.999999 0.0
v -15.0 10.210937 0.09863299
v -15.5 10.249999 0.09863299
v -16.0 10.999999 0.0
v -15.9375 10.374999 0.0
v -15.75 10.562499 0.09863299
v -15.7890625 10.999999 0.09863299
v -15.7890625 10.999999 0.09863299
v -15.75 10.562499 0.09863299
v -15.330078 10.999999 0.997071
v -15.5 10.249999 0.09863299
v -15.0 10.669921 0.997071
v -15.0 10.210937 0.09863299
v -15.0 10.669921 0.997071
v -15.0 10.999999 1.0
v -15.330078 10.999999 0.997071
v -15.0 11.210937 0.09863299
v -15.0 11.669921 0.997071
v -16.0 11.669921 0.997071
v -16.0 11.210937 0.09863299
v -15.0 11.999999 1.0
v -16.0 11.999999 1.0
v -15.0 11.210937 0.09863299
v -16.0 11.210937 0.09863299
v -16.0 10.999999 0.0
v -15.0 10.999999 0.0
v -12.0 13.0 1.0
v -16.0 13.0 1.0
v -16.0 12.0 1.0
v -12.0 12.0 1.0
v -15.0 15.0 1.0
v -16.0 15.0 1.0
v -16.0 13.0 1.0
v -15.0 13.0 1.0
v -8.0 16.0 4.0
v -16.0 16.0 4.0
v -16.0 15.0 4.0
v -8.0 15.0 4.0
v -15.0 -15.383789 -15.599612
v -15.0 -15.0625 -15.390628
v -14.9375 -15.0 -15.390628
v -14.616211 -15.0 -15.599612
v -15.0 -15.0 -15.090823
v -15.0 -14.383789 -15.599612
v -15.0 -14.0625 -15.390628
v -14.9375 -14.0 -15.390628
v -14.616211 -14.0 -15.599612
v -15.0 -14.0 -15.090823
v -15.0 -13.383789 -15.599612
v -15.0 -13.0625 -15.390628
v -14.9375 -13.0 -15.390628
v -14.616211 -13.0 -15.599612
v -15.0 -13.0 -15.090823
v -15.0 -12.383789 -15.599612
v -15.0 -12.0625 -15.390628
v -14.9375 -12.0 -15.390628
v -14.616211 -12.0 -15.599612
v -15.0 -12.0 -15.090823
v -15.0 -11.383789 -15.599612
v -15.0 -11.0625 -15.390628
v -14.9375 -11.0 -15.390628
v -14.616211 -11.0 -15.599612
v -15.0 -11.0 -15.090823
v -15.0 -10.383789 -15.599612
v -15.0 -10.0625 -15.390628
v -14.9375 -10.0 -15.390628
v -14.616211 -10.0 -15.599612
v -15.0 -10.0 -15.090823
v -15.0 -9.383789 -15.599612
v -15.0 -9.0625 -15.390628
v -14.9375 -9.0 -15.390628
v -14.616211 -9.0 -15.599612
v -15.0 -9.0 -15.090823
v -15.0 -8.383789 -15.599612
v -15.0 -8.0625 -15.390628
v -14.9375 -8.0 -15.390628
v -14.616211 -8.0 -15.599612
v -15.0 -8.0 -15.090823
v -15.0 -7.383789 -15.599612
v -15.0 -7.0625 -15.390628
v -14.9375 -7.0 -15.390628
v -14.616211 -7.0 -15.599612
v -15.0 -7.0 -15.090823
v -15.0 -6.383789 -15.599612
v -15.0 -6.0625 -15.390628
v -14.9375 -6.0 -15.390628
v -14.616211 -6.0 -15.599612
v -15.0 -6.0 -15.090823
v -15.0 -5.383789 -15.599612
v -15.0 -5.0625 -15.390628
v -14.9375 -5.0 -15.390628
v -14.616211 -5.0 -15.599612
v -15.0 -5.0 -15.090823
v -15.0 -4.383789 -15.599612
v -15.0 -4.0625 -15.390628
v -14.9375 -4.0 -15.390628
v -14.616211 -4.0 -15.599612
v -15.0 -4.0 -15.090823
v -15.0 -3.383789 -15.599612
v -15.0 -3.0625 -15.390628
v -14.9375 -3.0 -15.390628
v -14.616211 -3.0 -15.599612
v -15.0 -3.0 -15.090823
v -15.0 -2.383789 -15.599612
v -15.0 -2.0625 -15.390628
v -14.9375 -2.0 -15.390628
v -14.616211 -2.0 -15.599612
v -15.0 -2.0 -15.090823
v -15.0 -1.3837891 -15.599612
v -15.0 -1.0625 -15.390628
v -14.9375 -1.0 -15.390628
v -14.616211 -1.0 -15.599612
v -15.0 -1.0 -15.090823
v -15.0 9.999999 0.0
v -15.0 8.999999 0.0
v -14.9375 9.374999 0.0
v -14.6875 9.062499 0.0
v -14.0 8.999999 0.0
v -14.6875 9.062499 0.0
v -14.0 8.999999 0.0
v -14.0 9.210937 0.09863299
v -14.5 9.249999 0.09863299
v -15.0 9.999999 0.0
v -14.9375 9.374999 0.0
v -14.75 9.562499 0.09863299
v -14.7890625 9.999999 0.09863299
v -14.7890625 9.999999 0.09863299
v -14.75 9.562499 0.09863299
v -14.330078 9.999999 0.997071
v -14.5 9.249999 0.09863299
v -14.0 9.669921 0.997071
v -14.0 9.210937 0.09863299
v -14.0 9.669921 0.997071
v -14.0 9.999999 1.0
v -14.330078 9.999999 0.997071
v -15.0 10.999999 0.0
v -15.0 9.999999 0.0
v -14.9375 10.374999 0.0
v -14.6875 10.062499 0.0
v -14.0 9.999999 0.0
v -14.6875 10.062499 0.0
v -14.0 9.999999 0.0
v -14.0 10.210937 0.09863299
v -14.5 10.249999 0.09863299
v -15.0 10.999999 0.0
v -14.9375 10.374999 0.0
v -14.75 10.562499 0.09863299
v -14.7890625 10.999999 0.09863299
v -14.7890625 10.999999 0.09863299
v -14.75 10.562499 0.09863299
v -14.330078 10.999999 0.997071
v -14.5 10.249999 0.09863299
v -14.0 10.669921 0.997071
v -14.0 10.210937 0.09863299
v -14.0 10.669921 0.997071
v -14.0 10.999999 1.0
v -14.330078 10.999999 0.997071
v -15.0 11.669921 0.997071
v -15.0 11.210937 0.09863299
v -14.330078 11.669921 0.997071
v -14.894531 11.105468 0.09863299
v -14.789062 10.999999 0.09863299
v -14.789062 10.999999 0.09863299
v -14.894531 11.105468 0.09863299
v -15.0 10.999999 0.0
v -15.0 11.210937 0.09863299
v -14.0 10.999999 1.0
v -14.0 11.999999 1.0
v -14.330078 11.669921 0.997071
v -14.330078 10.999999 0.997071
v -14.0 11.999999 1.0
v -15.0 11.999999 1.0
v -15.0 11.669921 0.997071
v -14.330078 11.669921 0.997071
v -14.330078 10.999999 0.997071
v -14.330078 11.669921 0.997071
v -14.789062 10.999999 0.09863299
v -14.0 14.0 1.0
v -15.0 14.0 1.0
v -15.0 13.0 1.0
v -14.0 13.0 1.0
v -7.0 15.0 4.0
v -15.0 15.0 4.0
v -15.0 14.0 4.0
v -7.0 14.0 4.0
v -14.0 -15.383789 -15.599612
v -14.0 -15.0625 -15.390628
v -13.9375 -15.0 -15.390628
v -13.616211 -15.0 -15.599612
v -14.0 -15.0 -15.090823
v -14.0 -14.383789 -15.599612
v -14.0 -14.0625 -15.390628
v -13.9375 -14.0 -15.390628
v -13.616211 -14.0 -15.599612
v -14.0 -14.0 -15.090823
v -14.0 -13.383789 -15.599612
v -14.0 -13.0625 -15.390628
v -13.9375 -13.0 -15.390628
v -13.616211 -13.0 -15.599612
v -14.0 -13.0 -15.090823
v -14.0 -12.383789 -15.599612
v -14.0 -12.0625 -15.390628
v -13.9375 -12.0 -15.390628
v -13.616211 -12.0 -15.599612
v -14.0 -12.0 -15.090823
v -14.0 -11.383789 -15.599612
v -14.0 -11.0625 -15.390628
v -13.9375 -11.0 -15.390628
v -13.616211 -11.0 -15.599612
v -14.0 -11.0 -15.090823
v -14.0 -10.383789 -15.599612
v -14.0 -10.0625 -15.390628
v -13.9375 -10.0 -15.390628
v -13.616211 -10.0 -15.599612
v -14.0 -10.0 -15.090823
v -14.0 -9.383789 -15.599612
v -14.0 -9.0625 -15.390628
v -13.9375 -9.0 -15.390628
v -13.616211 -9.0 -15.599612
v -14.0 -9.0 -15.090823
v -14.0 -8.383789 -15.599612
v -14.0 -8.0625 -15.390628
v -13.9375 -8.0 -15.390628
v -13.616211 -8.0 -15.599612
v -14.0 -8.0 -15.090823
v -14.0 -7.383789 -15.599612
v -14.0 -7.0625 -15.390628
v -13.9375 -7.0 -15.390628
v -13.616211 -7.0 -15.599612
v -14.0 -7.0 -15.090823
v -14.0 -6.383789 -15.599612
v -14.0 -6.0625 -15.390628
v -13.9375 -6.0 -15.390628
v -13.616211 -6.0 -15.599612
v -14.0 -6.0 -15.090823
v -14.0 -5.383789 -15.599612
v -14.0 -5.0625 -15.390628
v -13.9375 -5.0 -15.390628
v -13.616211 -5.0 -15.599612
v -14.0 -5.0 -15.090823
v -14.0 -4.383789 -15.599612
v -14.0 -4.0625 -15.390628
v -13.9375 -4.0 -15.390628
v -13.616211 -4.0 -15.599612
v -14.0 -4.0 -15.090823
v -14.0 -3.383789 -15.599612
v -14.0 -3.0625 -15.390628
v -13.9375 -3.0 -15.390628
v -13.616211 -3.0 -15.599612
v -14.0 -3.0 -15.090823
v -14.0 -2.383789 -15.599612
v -14.0 -2.0625 -15.390628
v -13.9375 -2.0 -15.390628
v -13.616211 -2.0 -15.599612
v -14.0 -2.0 -15.090823
v -13.7890625 -1.0 -15.401369
v -13.75 -1.4375 -15.401369
v -13.330078 -1.0 -14.502931
v -13.5 -1.75 -15.401369
v -13.0 -1.330078 -14.502931
v -13.0 -1.789063 -15.401369
v -13.0 -1.330078 -14.502931
v -13.0 -1.0 -14.500002
v -13.330078 -1.0 -14.502931
v -13.7890625 -1.0 -15.401369
v -14.0 -1.0 -15.500002
v -13.75 -1.4375 -15.401369
v -13.9375 -1.625 -15.500002
v -13.5 -1.75 -15.401369
v -13.6875 -1.9375 -15.500002
v -13.0 -1.789063 -15.401369
v -13.0 -2.0 -15.500002
v -14.170898 -1.6875 -15.599611
v -13.625 -2.233398 -15.599611
v -13.849609 -1.6875 -15.390627
v -13.625 -1.912109 -15.390627
v -13.663086 -1.625 -15.090822
v -13.5625 -1.7255859 -15.090822
v -13.0 -1.7900391 -15.090822
v -13.5625 -1.7255859 -15.090822
v -13.0 -1.963867 -15.390627
v -13.625 -1.912109 -15.390627
v -13.0 -2.333008 -15.599611
v -13.625 -2.233398 -15.599611
v -13.663086 -1.625 -15.090822
v -13.788086 -1.0 -15.090822
v -13.849609 -1.6875 -15.390627
v -13.974609 -1.0 -15.390627
v -14.170898 -1.6875 -15.599611
v -14.295898 -1.0 -15.599611
v -14.0 -0.330078 -14.502931
v -14.0 -0.789062 -15.401369
v -13.330078 -0.330078 -14.502931
v -13.894531 -0.894531 -15.401369
v -13.7890625 -1.0 -15.401369
v -14.0 -1.0 -15.500002
v -13.0 0.0 -14.500002
v -14.0 0.0 -14.500002
v -13.330078 -1.0 -14.502931
v -13.0 -1.0 -14.500002
v -13.7890625 -1.0 -15.090822
v -14.0 -0.789062 -15.090822
v -14.0 -1.0 -15.391556
v -6.0 6.0 0.0
v -14.0 6.0 0.0
v -14.0 1.0 0.0
v -6.0 1.0 0.0
v -8.0 7.0 0.0
v -14.0 7.0 0.0
v -14.0 6.0 0.0
v -8.0 6.0 0.0
v -12.0 8.0 0.0
v -14.0 8.0 0.0
v -14.0 7.0 0.0
v -12.0 7.0 0.0
v -14.0 8.999999 0.0
v -14.0 7.999999 0.0
v -13.9375 8.374999 0.0
v -13.6875 8.062499 0.0
v -13.0 7.999999 0.0
v -13.6875 8.062499 0.0
v -13.0 7.999999 0.0
v -13.0 8.210937 0.09863299
v -13.5 8.249999 0.09863299
v -14.0 8.999999 0.0
v -13.9375 8.374999 0.0
v -13.75 8.562499 0.09863299
v -13.7890625 8.999999 0.09863299
v -13.7890625 8.999999 0.09863299
v -13.75 8.562499 0.09863299
v -13.330078 8.999999 0.997071
v -13.5 8.249999 0.09863299
v -13.0 8.669921 0.997071
v -13.0 8.210937 0.09863299
v -13.0 8.669921 0.997071
v -13.0 8.999999 1.0
v -13.330078 8.999999 0.997071
v -14.0 9.669921 0.997071
v -14.0 9.210937 0.09863299
v -13.330078 9.669921 0.997071
v -13.894531 9.105468 0.09863299
v -13.789062 8.999999 0.09863299
v -13.789062 8.999999 0.09863299
v -13.894531 9.105468 0.09863299
v -14.0 8.999999 0.0
v -14.0 9.210937 0.09863299
v -13.0 8.999999 1.0
v -13.0 9.999999 1.0
v -13.330078 9.669921 0.997071
v -13.330078 8.999999 0.997071
v -13.0 9.999999 1.0
v -14.0 9.999999 1.0
v -14.0 9.669921 0.997071
v -13.330078 9.669921 0.997071
v -13.330078 8.999999 0.997071
v -13.330078 9.669921 0.997071
v -13.789062 8.999999 0.09863299
v -13.0 10.210937 1.098633
v -13.0 10.669921 1.997071
v -14.0 10.669921 1.997071
v -14.0 10.210937 1.098633
v -13.0 10.999999 2.0
v -14.0 10.999999 2.0
v -13.0 10.210937 1.098633
v -14.0 10.210937 1.098633
v -14.0 9.999999 1.0
v -13.0 9.999999 1.0
v -8.0 12.0 1.0
v -14.0 12.0 1.0
v -14.0 11.0 1.0
v -8.0 11.0 1.0
v -6.0 14.0 4.0
v -14.0 14.0 4.0
v -14.0 13.0 4.0
v -6.0 13.0 4.0
v -13.0 -15.383789 -15.599612
v -13.0 -15.0625 -15.390628
v -12.9375 -15.0 -15.390628
v -12.616211 -15.0 -15.599612
v -13.0 -15.0 -15.090823
v -13.0 -14.383789 -15.599612
v -13.0 -14.0625 -15.390628
v -12.9375 -14.0 -15.390628
v -12.616211 -14.0 -15.599612
v -13.0 -14.0 -15.090823
v -13.0 -13.383789 -15.599612
v -13.0 -13.0625 -15.390628
v -12.9375 -13.0 -15.390628
v -12.616211 -13.0 -15.599612
v -13.0 -13.0 -15.090823
v -13.0 -12.383789 -15.599612
v -13.0 -12.0625 -15.390628
v -12.9375 -12.0 -15.390628
v -12.616211 -12.0 -15.599612
v -13.0 -12.0 -15.090823
v -13.0 -11.383789 -15.599612
v -13.0 -11.0625 -15.390628
v -12.9375 -11.0 -15.390628
v -12.616211 -11.0 -15.599612
v -13.0 -11.0 -15.090823
v -13.0 -10.383789 -15.599612
v -13.0 -10.0625 -15.390628
v -12.9375 -10.0 -15.390628
v -12.616211 -10.0 -15.599612
v -13.0 -10.0 -15.090823
v -13.0 -9.383789 -15.599612
v -13.0 -9.0625 -15.390628
v -12.9375 -9.0 -15.390628
v -12.616211 -9.0 -15.599612
v -13.0 -9.0 -15.090823
v -13.0 -8.383789 -15.599612
v -13.0 -8.0625 -15.390628
v -12.9375 -8.0 -15.390628
v -12.616211 -8.0 -15.599612
v -13.0 -8.0 -15.090823
v -13.0 -7.383789 -15.599612
v -13.0 -7.0625 -15.390628
v -12.9375 -7.0 -15.390628
v -12.616211 -7.0 -15.599612
v -13.0 -7.0 -15.090823
v -13.0 -6.383789 -15.599612
v -13.0 -6.0625 -15.390628
v -12.9375 -6.0 -15.390628
v -12.616211 -6.0 -15.599612
v -13.0 -6.0 -15.090823
v -13.0 -5.383789 -15.599612
v -13.0 -5.0625 -15.390628
v -12.9375 -5.0 -15.390628
v -12.616211 -5.0 -15.599612
v -13.0 -5.0 -15.090823
v -13.0 -4.383789 -15.599612
v -13.0 -4.0625 -15.390628
v -12.9375 -4.0 -15.390628
v -12.616211 -4.0 -15.599612
v -13.0 -4.0 -15.090823
v -13.0 -3.383789 -15.599612
v -13.0 -3.0625 -15.390628
v -12.9375 -3.0 -15.390628
v -12.616211 -3.0 -15.599612
v -13.0 -3.0 -15.090823
v -13.0 -2.383789 -15.599612
v -13.0 -2.0625 -15.390628
v -12.9375 -2.0 -15.390628
v -12.616211 -2.0 -15.599612
v -13.0 -2.0 -15.090823
v -8.0 -1.789062 -15.401369
v -8.0 -1.330078 -14.502931
v -8.0 -1.0 -14.500001
v -8.0 -2.0 -15.500001
v -8.0 -1.789062 -15.401369
v -8.0 -1.789062 -15.090822
v -8.0 -1.962891 -15.368165
v -8.0 -2.3300781 -15.599611
v -13.0 -1.789062 -15.401369
v -13.0 -1.330078 -14.502931
v -13.0 -1.0 -14.500001
v -13.0 -1.962891 -15.368165
v -13.0 -2.3300781 -15.599611
v -13.0 -1.789062 -15.090822
v -13.0 -2.0 -15.500001
v -13.0 -1.789062 -15.401369
v -13.0 -1.013279E-6 -1.0
v -13.0 -1.000001 -1.0
v -12.9375 -0.625001 -1.0
v -12.6875 -0.937501 -1.0
v -12.0 -1.000001 -1.0
v -12.6875 -0.937501 -1.0
v -12.0 -1.000001 -1.0
v -12.0 -0.789063 -0.901367
v -12.5 -0.750001 -0.901367
v -13.0 -1.013279E-6 -1.0
v -12.9375 -0.625001 -1.0
v -12.75 -0.437501 -0.901367
v -12.7890625 -1.013279E-6 -0.901367
v -12.7890625 -1.013279E-6 -0.901367
v -12.75 -0.437501 -0.901367
v -12.330078 -1.013279E-6 -0.0029289722
v -12.5 -0.750001 -0.901367
v -12.0 -0.33007902 -0.0029289722
v -12.0 -0.789063 -0.901367
v -12.0 -0.33007902 -0.0029289722
v -12.0 -1.013279E-6 0.0
v -12.330078 -1.013279E-6 -0.0029289722
v -12.330078 0.66992104 -0.0029289722
v -12.330078 -9.536743E-7 -0.0029289722
v -12.0 -9.536743E-7 0.0
v -12.0 0.999999 0.0
v -13.0 0.66992104 -0.0029289722
v -12.330078 0.66992104 -0.0029289722
v -12.0 0.999999 0.0
v -13.0 0.999999 0.0
v -13.0 0.66992104 -0.0029289722
v -13.0 0.21093702 -0.901367
v -12.330078 0.66992104 -0.0029289722
v -12.894531 0.105467975 -0.901367
v -12.7890625 -9.536743E-7 -0.901367
v -12.7890625 -9.536743E-7 -0.901367
v -12.894531 0.105467975 -0.901367
v -13.0 -9.536743E-7 -1.0
v -13.0 0.21093702 -0.901367
v -12.330078 -9.536743E-7 -0.0029289722
v -12.330078 0.66992104 -0.0029289722
v -12.7890625 -9.536743E-7 -0.901367
v -12.0 8.210937 0.09863299
v -12.0 8.669921 0.997071
v -13.0 8.669921 0.997071
v -13.0 8.210937 0.09863299
v -12.0 8.999999 1.0
v -13.0 8.999999 1.0
v -12.0 8.210937 0.09863299
v -13.0 8.210937 0.09863299
v -13.0 7.999999 0.0
v -12.0 7.999999 0.0
v -13.0 9.999999 1.0
v -13.0 8.999999 1.0
v -12.9375 9.374999 1.0
v -12.6875 9.062499 1.0
v -12.0 8.999999 1.0
v -12.6875 9.062499 1.0
v -12.0 8.999999 1.0
v -12.0 9.210937 1.098633
v -12.5 9.249999 1.098633
v -13.0 9.999999 1.0
v -12.9375 9.374999 1.0
v -12.75 9.562499 1.098633
v -12.7890625 9.999999 1.098633
v -12.7890625 9.999999 1.098633
v -12.75 9.562499 1.098633
v -12.330078 9.999999 1.997071
v -12.5 9.249999 1.098633
v -12.0 9.669921 1.997071
v -12.0 9.210937 1.098633
v -12.0 9.669921 1.997071
v -12.0 9.999999 2.0
v -12.330078 9.999999 1.997071
v -13.0 10.669921 1.997071
v -13.0 10.210937 1.098633
v -12.330078 10.669921 1.997071
v -12.894531 10.105468 1.098633
v -12.789062 9.999999 1.098633
v -12.789062 9.999999 1.098633
v -12.894531 10.105468 1.098633
v -13.0 9.999999 1.0
v -13.0 10.210937 1.098633
v -12.0 9.999999 2.0
v -12.0 10.999999 2.0
v -12.330078 10.669921 1.997071
v -12.330078 9.999999 1.997071
v -12.0 10.999999 2.0
v -13.0 10.999999 2.0
v -13.0 10.669921 1.997071
v -12.330078 10.669921 1.997071
v -12.330078 9.999999 1.997071
v -12.330078 10.669921 1.997071
v -12.789062 9.999999 1.098633
v -12.0 -15.383789 -15.599612
v -12.0 -15.0625 -15.390628
v -11.9375 -15.0 -15.390628
v -11.616211 -15.0 -15.599612
v -12.0 -15.0 -15.090823
v -12.0 -14.383789 -15.599612
v -12.0 -14.0625 -15.390628
v -11.9375 -14.0 -15.390628
v -11.616211 -14.0 -15.599612
v -12.0 -14.0 -15.090823
v -12.0 -13.383789 -15.599612
v -12.0 -13.0625 -15.390628
v -11.9375 -13.0 -15.390628
v -11.616211 -13.0 -15.599612
v -12.0 -13.0 -15.090823
v -12.0 -12.383789 -15.599612
v -12.0 -12.0625 -15.390628
v -11.9375 -12.0 -15.390628
v -11.616211 -12.0 -15.599612
v -12.0 -12.0 -15.090823
v -12.0 -11.383789 -15.599612
v -12.0 -11.0625 -15.390628
v -11.9375 -11.0 -15.390628
v -11.616211 -11.0 -15.599612
v -12.0 -11.0 -15.090823
v -12.0 -10.383789 -15.599612
v -12.0 -10.0625 -15.390628
v -11.9375 -10.0 -15.390628
v -11.616211 -10.0 -15.599612
v -12.0 -10.0 -15.090823
v -12.0 -9.383789 -15.599612
v -12.0 -9.0625 -15.390628
v -11.9375 -9.0 -15.390628
v -11.616211 -9.0 -15.599612
v -12.0 -9.0 -15.090823
v -12.0 -8.383789 -15.599612
v -12.0 -8.0625 -15.390628
v -11.9375 -8.0 -15.390628
v -11.616211 -8.0 -15.599612
v -12.0 -8.0 -15.090823
v -12.0 -7.383789 -15.599612
v -12.0 -7.0625 -15.390628
v -11.9375 -7.0 -15.390628
v -11.616211 -7.0 -15.599612
v -12.0 -7.0 -15.090823
v -12.0 -6.383789 -15.599612
v -12.0 -6.0625 -15.390628
v -11.9375 -6.0 -15.390628
v -11.616211 -6.0 -15.599612
v -12.0 -6.0 -15.090823
v -12.0 -5.383789 -15.599612
v -12.0 -5.0625 -15.390628
v -11.9375 -5.0 -15.390628
v -11.616211 -5.0 -15.599612
v -12.0 -5.0 -15.090823
v -12.0 -4.383789 -15.599612
v -12.0 -4.0625 -15.390628
v -11.9375 -4.0 -15.390628
v -11.616211 -4.0 -15.599612
v -12.0 -4.0 -15.090823
v -12.0 -3.383789 -15.599612
v -12.0 -3.0625 -15.390628
v -11.9375 -3.0 -15.390628
v -11.616211 -3.0 -15.599612
v -12.0 -3.0 -15.090823
v -12.0 -2.383789 -15.599612
v -12.0 -2.0625 -15.390628
v -11.9375 -2.0 -15.390628
v -11.616211 -2.0 -15.599612
v -12.0 -2.0 -15.090823
v -9.0 -0.789063 -0.901367
v -9.0 -0.33007902 -0.0029289722
v -12.0 -0.33007902 -0.0029289722
v -12.0 -0.789063 -0.901367
v -9.0 -1.013279E-6 0.0
v -12.0 -1.013279E-6 0.0
v -9.0 -0.789063 -0.901367
v -12.0 -0.789063 -0.901367
v -12.0 -1.000001 -1.0
v -9.0 -1.000001 -1.0
v -9.0 1.0 0.0
v -12.0 1.0 0.0
v -12.0 0.0 0.0
v -9.0 0.0 0.0
v -12.0 7.999999 0.0
v -12.0 6.999999 0.0
v -11.9375 7.374999 0.0
v -11.6875 7.062499 0.0
v -11.0 6.999999 0.0
v -11.6875 7.062499 0.0
v -11.0 6.999999 0.0
v -11.0 7.210937 0.09863299
v -11.5 7.249999 0.09863299
v -12.0 7.999999 0.0
v -11.9375 7.374999 0.0
v -11.75 7.562499 0.09863299
v -11.7890625 7.999999 0.09863299
v -11.7890625 7.999999 0.09863299
v -11.75 7.562499 0.09863299
v -11.330078 7.999999 0.997071
v -11.5 7.249999 0.09863299
v -11.0 7.669921 0.997071
v -11.0 7.210937 0.09863299
v -11.0 7.669921 0.997071
v -11.0 7.999999 1.0
v -11.330078 7.999999 0.997071
v -12.0 8.669921 0.997071
v -12.0 8.210937 0.09863299
v -11.330078 8.669921 0.997071
v -11.894531 8.105468 0.09863299
v -11.789062 7.999999 0.09863299
v -11.789062 7.999999 0.09863299
v -11.894531 8.105468 0.09863299
v -12.0 7.999999 0.0
v -12.0 8.210937 0.09863299
v -11.0 7.999999 1.0
v -11.0 8.999999 1.0
v -11.330078 8.669921 0.997071
v -11.330078 7.999999 0.997071
v -11.0 8.999999 1.0
v -12.0 8.999999 1.0
v -12.0 8.669921 0.997071
v -11.330078 8.669921 0.997071
v -11.330078 7.999999 0.997071
v -11.330078 8.669921 0.997071
v -11.789062 7.999999 0.09863299
v -11.0 9.210937 1.098633
v -11.0 9.669921 1.997071
v -12.0 9.669921 1.997071
v -12.0 9.210937 1.098633
v -11.0 9.999999 2.0
v -12.0 9.999999 2.0
v -11.0 9.210937 1.098633
v -12.0 9.210937 1.098633
v -12.0 8.999999 1.0
v -11.0 8.999999 1.0
v -6.0 11.0 1.0
v -12.0 11.0 1.0
v -12.0 10.0 1.0
v -6.0 10.0 1.0
v -4.0 13.0 4.0
v -12.0 13.0 4.0
v -12.0 12.0 4.0
v -4.0 12.0 4.0
v -11.0 -15.383789 -15.599612
v -11.0 -15.0625 -15.390628
v -10.9375 -15.0 -15.390628
v -10.616211 -15.0 -15.599612
v -11.0 -15.0 -15.090823
v -11.0 -14.383789 -15.599612
v -11.0 -14.0625 -15.390628
v -10.9375 -14.0 -15.390628
v -10.616211 -14.0 -15.599612
v -11.0 -14.0 -15.090823
v -11.0 -13.383789 -15.599612
v -11.0 -13.0625 -15.390628
v -10.9375 -13.0 -15.390628
v -10.616211 -13.0 -15.599612
v -11.0 -13.0 -15.090823
v -11.0 -12.383789 -15.599612
v -11.0 -12.0625 -15.390628
v -10.9375 -12.0 -15.390628
v -10.616211 -12.0 -15.599612
v -11.0 -12.0 -15.090823
v -11.0 -11.383789 -15.599612
v -11.0 -11.0625 -15.390628
v -10.9375 -11.0 -15.390628
v -10.616211 -11.0 -15.599612
v -11.0 -11.0 -15.090823
v -11.0 -10.383789 -15.599612
v -11.0 -10.0625 -15.390628
v -10.9375 -10.0 -15.390628
v -10.616211 -10.0 -15.599612
v -11.0 -10.0 -15.090823
v -11.0 -9.383789 -15.599612
v -11.0 -9.0625 -15.390628
v -10.9375 -9.0 -15.390628
v -10.616211 -9.0 -15.599612
v -11.0 -9.0 -15.090823
v -11.0 -8.383789 -15.599612
v -11.0 -8.0625 -15.390628
v -10.9375 -8.0 -15.390628
v -10.616211 -8.0 -15.599612
v -11.0 -8.0 -15.090823
v -11.0 -7.383789 -15.599612
v -11.0 -7.0625 -15.390628
v -10.9375 -7.0 -15.390628
v -10.616211 -7.0 -15.599612
v -11.0 -7.0 -15.090823
v -11.0 -6.383789 -15.599612
v -11.0 -6.0625 -15.390628
v -10.9375 -6.0 -15.390628
v -10.616211 -6.0 -15.599612
v -11.0 -6.0 -15.090823
v -11.0 -5.383789 -15.599612
v -11.0 -5.0625 -15.390628
v -10.9375 -5.0 -15.390628
v -10.616211 -5.0 -15.599612
v -11.0 -5.0 -15.090823
v -11.0 -4.383789 -15.599612
v -11.0 -4.0625 -15.390628
v -10.9375 -4.0 -15.390628
v -10.616211 -4.0 -15.599612
v -11.0 -4.0 -15.090823
v -11.0 -3.383789 -15.599612
v -11.0 -3.0625 -15.390628
v -10.9375 -3.0 -15.390628
v -10.616211 -3.0 -15.599612
v -11.0 -3.0 -15.090823
v -11.0 -2.383789 -15.599612
v -11.0 -2.0625 -15.390628
v -10.9375 -2.0 -15.390628
v -10.616211 -2.0 -15.599612
v -11.0 -2.0 -15.090823
v -8.0 7.210937 0.09863299
v -8.0 7.669921 0.997071
v -11.0 7.669921 0.997071
v -11.0 7.210937 0.09863299
v -8.0 7.999999 1.0
v -11.0 7.999999 1.0
v -8.0 7.210937 0.09863299
v -11.0 7.210937 0.09863299
v -11.0 6.999999 0.0
v -8.0 6.999999 0.0
v -11.0 8.999999 1.0
v -11.0 7.999999 1.0
v -10.9375 8.374999 1.0
v -10.6875 8.062499 1.0
v -10.0 7.999999 1.0
v -10.6875 8.062499 1.0
v -10.0 7.999999 1.0
v -10.0 8.210937 1.098633
v -10.5 8.249999 1.098633
v -11.0 8.999999 1.0
v -10.9375 8.374999 1.0
v -10.75 8.562499 1.098633
v -10.7890625 8.999999 1.098633
v -10.7890625 8.999999 1.098633
v -10.75 8.562499 1.098633
v -10.330078 8.999999 1.997071
v -10.5 8.249999 1.098633
v -10.0 8.669921 1.997071
v -10.0 8.210937 1.098633
v -10.0 8.669921 1.997071
v -10.0 8.999999 2.0
v -10.330078 8.999999 1.997071
v -11.0 9.669921 1.997071
v -11.0 9.210937 1.098633
v -10.330078 9.669921 1.997071
v -10.894531 9.105468 1.098633
v -10.789062 8.999999 1.098633
v -10.789062 8.999999 1.098633
v -10.894531 9.105468 1.098633
v -11.0 8.999999 1.0
v -11.0 9.210937 1.098633
v -10.0 8.999999 2.0
v -10.0 9.999999 2.0
v -10.330078 9.669921 1.997071
v -10.330078 8.999999 1.997071
v -10.0 9.999999 2.0
v -11.0 9.999999 2.0
v -11.0 9.669921 1.997071
v -10.330078 9.669921 1.997071
v -10.330078 8.999999 1.997071
v -10.330078 9.669921 1.997071
v -10.789062 8.999999 1.098633
v -10.0 -15.383789 -15.599612
v -10.0 -15.0625 -15.390628
v -9.9375 -15.0 -15.390628
v -9.616211 -15.0 -15.599612
v -10.0 -15.0 -15.090823
v -10.0 -14.383789 -15.599612
v -10.0 -14.0625 -15.390628
v -9.9375 -14.0 -15.390628
v -9.616211 -14.0 -15.599612
v -10.0 -14.0 -15.090823
v -10.0 -13.383789 -15.599612
v -10.0 -13.0625 -15.390628
v -9.9375 -13.0 -15.390628
v -9.616211 -13.0 -15.599612
v -10.0 -13.0 -15.090823
v -10.0 -12.383789 -15.599612
v -10.0 -12.0625 -15.390628
v -9.9375 -12.0 -15.390628
v -9.616211 -12.0 -15.599612
v -10.0 -12.0 -15.090823
v -10.0 -11.383789 -15.599612
v -10.0 -11.0625 -15.390628
v -9.9375 -11.0 -15.390628
v -9.616211 -11.0 -15.599612
v -10.0 -11.0 -15.090823
v -10.0 -10.383789 -15.599612
v -10.0 -10.0625 -15.390628
v -9.9375 -10.0 -15.390628
v -9.616211 -10.0 -15.599612
v -10.0 -10.0 -15.090823
v -10.0 -9.383789 -15.599612
v -10.0 -9.0625 -15.390628
v -9.9375 -9.0 -15.390628
v -9.616211 -9.0 -15.599612
v -10.0 -9.0 -15.090823
v -10.0 -8.383789 -15.599612
v -10.0 -8.0625 -15.390628
v -9.9375 -8.0 -15.390628
v -9.616211 -8.0 -15.599612
v -10.0 -8.0 -15.090823
v -10.0 -7.383789 -15.599612
v -10.0 -7.0625 -15.390628
v -9.9375 -7.0 -15.390628
v -9.616211 -7.0 -15.599612
v -10.0 -7.0 -15.090823
v -10.0 -6.383789 -15.599612
v -10.0 -6.0625 -15.390628
v -9.9375 -6.0 -15.390628
v -9.616211 -6.0 -15.599612
v -10.0 -6.0 -15.090823
v -10.0 -5.383789 -15.599612
v -10.0 -5.0625 -15.390628
v -9.9375 -5.0 -15.390628
v -9.616211 -5.0 -15.599612
v -10.0 -5.0 -15.090823
v -10.0 -4.383789 -15.599612
v -10.0 -4.0625 -15.390628
v -9.9375 -4.0 -15.390628
v -9.616211 -4.0 -15.599612
v -10.0 -4.0 -15.090823
v -10.0 -3.383789 -15.599612
v -10.0 -3.0625 -15.390628
v -9.9375 -3.0 -15.390628
v -9.616211 -3.0 -15.599612
v -10.0 -3.0 -15.090823
v -10.0 -2.383789 -15.599612
v -10.0 -2.0625 -15.390628
v -9.9375 -2.0 -15.390628
v -9.616211 -2.0 -15.599612
v -10.0 -2.0 -15.090823
v -7.0 8.210937 1.098633
v -7.0 8.669921 1.997071
v -10.0 8.669921 1.997071
v -10.0 8.210937 1.098633
v -7.0 8.999999 2.0
v -10.0 8.999999 2.0
v -7.0 8.210937 1.098633
v -10.0 8.210937 1.098633
v -10.0 7.999999 1.0
v -7.0 7.999999 1.0
v -2.0 10.0 1.0
v -10.0 10.0 1.0
v -10.0 9.0 1.0
v -2.0 9.0 1.0
v -9.0 -15.383789 -15.599612
v -9.0 -15.0625 -15.390628
v -8.9375 -15.0 -15.390628
v -8.616211 -15.0 -15.599612
v -9.0 -15.0 -15.090823
v -9.0 -14.383789 -15.599612
v -9.0 -14.0625 -15.390628
v -8.9375 -14.0 -15.390628
v -8.616211 -14.0 -15.599612
v -9.0 -14.0 -15.090823
v -9.0 -13.383789 -15.599612
v -9.0 -13.0625 -15.390628
v -8.9375 -13.0 -15.390628
v -8.616211 -13.0 -15.599612
v -9.0 -13.0 -15.090823
v -9.0 -12.383789 -15.599612
v -9.0 -12.0625 -15.390628
v -8.9375 -12.0 -15.390628
v -8.616211 -12.0 -15.599612
v -9.0 -12.0 -15.090823
v -9.0 -11.383789 -15.599612
v -9.0 -11.0625 -15.390628
v -8.9375 -11.0 -15.390628
v -8.616211 -11.0 -15.599612
v -9.0 -11.0 -15.090823
v -9.0 -10.383789 -15.599612
v -9.0 -10.0625 -15.390628
v -8.9375 -10.0 -15.390628
v -8.616211 -10.0 -15.599612
v -9.0 -10.0 -15.090823
v -9.0 -9.383789 -15.599612
v -9.0 -9.0625 -15.390628
v -8.9375 -9.0 -15.390628
v -8.616211 -9.0 -15.599612
v -9.0 -9.0 -15.090823
v -9.0 -8.383789 -15.599612
v -9.0 -8.0625 -15.390628
v -8.9375 -8.0 -15.390628
v -8.616211 -8.0 -15.599612
v -9.0 -8.0 -15.090823
v -9.0 -7.383789 -15.599612
v -9.0 -7.0625 -15.390628
v -8.9375 -7.0 -15.390628
v -8.616211 -7.0 -15.599612
v -9.0 -7.0 -15.090823
v -9.0 -6.383789 -15.599612
v -9.0 -6.0625 -15.390628
v -8.9375 -6.0 -15.390628
v -8.616211 -6.0 -15.599612
v -9.0 -6.0 -15.090823
v -9.0 -5.383789 -15.599612
v -9.0 -5.0625 -15.390628
v -8.9375 -5.0 -15.390628
v -8.616211 -5.0 -15.599612
v -9.0 -5.0 -15.090823
v -9.0 -4.383789 -15.599612
v -9.0 -4.0625 -15.390628
v -8.9375 -4.0 -15.390628
v -8.616211 -4.0 -15.599612
v -9.0 -4.0 -15.090823
v -9.0 -3.383789 -15.599612
v -9.0 -3.0625 -15.390628
v -8.9375 -3.0 -15.390628
v -8.616211 -3.0 -15.599612
v -9.0 -3.0 -15.090823
v -9.0 -2.383789 -15.599612
v -9.0 -2.0625 -15.390628
v -8.9375 -2.0 -15.390628
v -8.616211 -2.0 -15.599612
v -9.0 -2.0 -15.090823
v -8.999999 -1.0 -1.0
v -7.999999 -1.0 -1.0
v -8.374999 -0.9375 -1.0
v -8.062499 -0.6875 -1.0
v -7.999999 0.0 -1.0
v -8.062499 -0.6875 -1.0
v -7.999999 0.0 -1.0
v -8.2109375 0.0 -0.901367
v -8.249999 -0.5 -0.901367
v -8.999999 -1.0 -1.0
v -8.374999 -0.9375 -1.0
v -8.562499 -0.75 -0.901367
v -8.999999 -0.789062 -0.901367
v -8.999999 -0.789062 -0.901367
v -8.562499 -0.75 -0.901367
v -8.999999 -0.330078 -0.0029289722
v -8.249999 -0.5 -0.901367
v -8.669921 0.0 -0.0029289722
v -8.2109375 0.0 -0.901367
v -8.669921 0.0 -0.0029289722
v -8.999999 0.0 0.0
v -8.999999 -0.330078 -0.0029289722
v -8.669921 0.669922 -0.0029289722
v -7.999999 0.669922 -0.0029289722
v -7.999999 1.0 0.0
v -8.999999 1.0 0.0
v -8.669921 0.0 -0.0029289722
v -8.669921 0.669922 -0.0029289722
v -8.999999 1.0 0.0
v -8.999999 0.0 0.0
v -8.669921 0.0 -0.0029289722
v -8.2109375 0.0 -0.901367
v -8.669921 0.669922 -0.0029289722
v -8.105468 0.10546899 -0.901367
v -7.999999 0.210938 -0.901367
v -7.999999 0.210938 -0.901367
v -8.105468 0.10546899 -0.901367
v -7.999999 0.0 -1.0
v -8.2109375 0.0 -0.901367
v -7.999999 0.669922 -0.0029289722
v -8.669921 0.669922 -0.0029289722
v -7.999999 0.210938 -0.901367
v -8.0 -15.383789 -15.599612
v -8.0 -15.0625 -15.390628
v -7.9375 -15.0 -15.390628
v -7.616211 -15.0 -15.599612
v -8.0 -15.0 -15.090823
v -8.0 -14.383789 -15.599612
v -8.0 -14.0625 -15.390628
v -7.9375 -14.0 -15.390628
v -7.616211 -14.0 -15.599612
v -8.0 -14.0 -15.090823
v -8.0 -13.383789 -15.599612
v -8.0 -13.0625 -15.390628
v -7.9375 -13.0 -15.390628
v -7.616211 -13.0 -15.599612
v -8.0 -13.0 -15.090823
v -8.0 -12.383789 -15.599612
v -8.0 -12.0625 -15.390628
v -7.9375 -12.0 -15.390628
v -7.616211 -12.0 -15.599612
v -8.0 -12.0 -15.090823
v -8.0 -11.383789 -15.599612
v -8.0 -11.0625 -15.390628
v -7.9375 -11.0 -15.390628
v -7.616211 -11.0 -15.599612
v -8.0 -11.0 -15.090823
v -8.0 -10.383789 -15.599612
v -8.0 -10.0625 -15.390628
v -7.9375 -10.0 -15.390628
v -7.616211 -10.0 -15.599612
v -8.0 -10.0 -15.090823
v -8.0 -9.383789 -15.599612
v -8.0 -9.0625 -15.390628
v -7.9375 -9.0 -15.390628
v -7.616211 -9.0 -15.599612
v -8.0 -9.0 -15.090823
v -8.0 -8.383789 -15.599612
v -8.0 -8.0625 -15.390628
v -7.9375 -8.0 -15.390628
v -7.616211 -8.0 -15.599612
v -8.0 -8.0 -15.090823
v -8.0 -7.383789 -15.599612
v -8.0 -7.0625 -15.390628
v -7.9375 -7.0 -15.390628
v -7.616211 -7.0 -15.599612
v -8.0 -7.0 -15.090823
v -8.0 -6.383789 -15.599612
v -8.0 -6.0625 -15.390628
v -7.9375 -6.0 -15.390628
v -7.616211 -6.0 -15.599612
v -8.0 -6.0 -15.090823
v -8.0 -5.383789 -15.599612
v -8.0 -5.0625 -15.390628
v -7.9375 -5.0 -15.390628
v -7.616211 -5.0 -15.599612
v -8.0 -5.0 -15.090823
v -8.0 -4.383789 -15.599612
v -8.0 -4.0625 -15.390628
v -7.9375 -4.0 -15.390628
v -7.616211 -4.0 -15.599612
v -8.0 -4.0 -15.090823
v -8.0 -3.383789 -15.599612
v -8.0 -3.0625 -15.390628
v -7.9375 -3.0 -15.390628
v -7.616211 -3.0 -15.599612
v -8.0 -3.0 -15.090823
v -8.0 -2.383789 -15.599612
v -8.0 -2.0625 -15.390628
v -7.9375 -2.0 -15.390628
v -7.616211 -2.0 -15.599612
v -8.0 -2.0 -15.090823
v -8.0 -1.789062 -15.401369
v -7.5625 -1.75 -15.401369
v -8.0 -1.330078 -14.502931
v -7.25 -1.5 -15.401369
v -7.669922 -1.0 -14.502931
v -7.210937 -1.0 -15.401369
v -7.669922 -1.0 -14.502931
v -8.0 -1.0 -14.500002
v -8.0 -1.330078 -14.502931
v -8.0 -1.789062 -15.401369
v -8.0 -2.0 -15.500002
v -7.5625 -1.75 -15.401369
v -7.375 -1.9375 -15.500002
v -7.25 -1.5 -15.401369
v -7.0625 -1.6875 -15.500002
v -7.210937 -1.0 -15.401369
v -7.0 -1.0 -15.500002
v -7.3125 -2.170898 -15.599611
v -6.766602 -1.625 -15.599611
v -7.3125 -1.849609 -15.390627
v -7.087891 -1.625 -15.390627
v -7.375 -1.6630859 -15.090822
v -7.274414 -1.5625 -15.090822
v -7.209961 -1.0 -15.090822
v -7.274414 -1.5625 -15.090822
v -7.036133 -1.0 -15.390627
v -7.087891 -1.625 -15.390627
v -6.666992 -1.0 -15.599611
v -6.766602 -1.625 -15.599611
v -7.375 -1.6630859 -15.090822
v -8.0 -1.7880859 -15.090822
v -7.3125 -1.849609 -15.390627
v -8.0 -1.974609 -15.390627
v -7.3125 -2.170898 -15.599611
v -8.0 -2.295898 -15.599611
v -7.669922 -1.0 -14.502931
v -7.210938 -1.0 -15.401369
v -7.669922 -0.330078 -14.502931
v -7.1054688 -0.894531 -15.401369
v -7.0 -0.789062 -15.401369
v -7.0 -1.0 -15.500002
v -8.0 0.0 -14.500002
v -8.0 -1.0 -14.500002
v -7.0 -0.330078 -14.502931
v -7.0 0.0 -14.500002
v -7.0 -0.789062 -15.090822
v -7.210938 -1.0 -15.090822
v -7.0 -1.0 -15.391556
v -2.0 0.210937 -0.901367
v -2.0 0.669921 -0.0029289722
v -8.0 0.669921 -0.0029289722
v -8.0 0.210937 -0.901367
v -2.0 0.999999 0.0
v -8.0 0.999999 0.0
v -2.0 0.210937 -0.901367
v -8.0 0.210937 -0.901367
v -8.0 -1.013279E-6 -1.0
v -2.0 -1.013279E-6 -1.0
v -8.0 6.999999 0.0
v -8.0 5.999999 0.0
v -7.9375 6.374999 0.0
v -7.6875 6.062499 0.0
v -7.0 5.999999 0.0
v -7.6875 6.062499 0.0
v -7.0 5.999999 0.0
v -7.0 6.210937 0.09863299
v -7.5 6.249999 0.09863299
v -8.0 6.999999 0.0
v -7.9375 6.374999 0.0
v -7.75 6.562499 0.09863299
v -7.789062 6.999999 0.09863299
v -7.789062 6.999999 0.09863299
v -7.75 6.562499 0.09863299
v -7.330078 6.999999 0.997071
v -7.5 6.249999 0.09863299
v -7.0 6.669921 0.997071
v -7.0 6.210937 0.09863299
v -7.0 6.669921 0.997071
v -7.0 6.999999 1.0
v -7.330078 6.999999 0.997071
v -8.0 7.669921 0.997071
v -8.0 7.210937 0.09863299
v -7.330078 7.669921 0.997071
v -7.8945312 7.105468 0.09863299
v -7.789062 6.999999 0.09863299
v -7.789062 6.999999 0.09863299
v -7.8945312 7.105468 0.09863299
v -8.0 6.999999 0.0
v -8.0 7.210937 0.09863299
v -7.0 6.999999 1.0
v -7.0 7.999999 1.0
v -7.330078 7.669921 0.997071
v -7.330078 6.999999 0.997071
v -7.0 7.999999 1.0
v -8.0 7.999999 1.0
v -8.0 7.669921 0.997071
v -7.330078 7.669921 0.997071
v -7.330078 6.999999 0.997071
v -7.330078 7.669921 0.997071
v -7.789062 6.999999 0.09863299
v 0.0 12.0 4.0
v -8.0 12.0 4.0
v -8.0 11.0 4.0
v 0.0 11.0 4.0
v 0.0 16.0 4.0
v -8.0 16.0 4.0
v -8.0 15.0 4.0
v 0.0 15.0 4.0
v -7.0 -15.383789 -15.599612
v -7.0 -15.0625 -15.390628
v -6.9375 -15.0 -15.390628
v -6.616211 -15.0 -15.599612
v -7.0 -15.0 -15.090823
v -7.0 -14.383789 -15.599612
v -7.0 -14.0625 -15.390628
v -6.9375 -14.0 -15.390628
v -6.616211 -14.0 -15.599612
v -7.0 -14.0 -15.090823
v -7.0 -13.383789 -15.599612
v -7.0 -13.0625 -15.390628
v -6.9375 -13.0 -15.390628
v -6.616211 -13.0 -15.599612
v -7.0 -13.0 -15.090823
v -7.0 -12.383789 -15.599612
v -7.0 -12.0625 -15.390628
v -6.9375 -12.0 -15.390628
v -6.616211 -12.0 -15.599612
v -7.0 -12.0 -15.090823
v -7.0 -11.383789 -15.599612
v -7.0 -11.0625 -15.390628
v -6.9375 -11.0 -15.390628
v -6.616211 -11.0 -15.599612
v -7.0 -11.0 -15.090823
v -7.0 -10.383789 -15.599612
v -7.0 -10.0625 -15.390628
v -6.9375 -10.0 -15.390628
v -6.616211 -10.0 -15.599612
v -7.0 -10.0 -15.090823
v -7.0 -9.383789 -15.599612
v -7.0 -9.0625 -15.390628
v -6.9375 -9.0 -15.390628
v -6.616211 -9.0 -15.599612
v -7.0 -9.0 -15.090823
v -7.0 -8.383789 -15.599612
v -7.0 -8.0625 -15.390628
v -6.9375 -8.0 -15.390628
v -6.616211 -8.0 -15.599612
v -7.0 -8.0 -15.090823
v -7.0 -7.383789 -15.599612
v -7.0 -7.0625 -15.390628
v -6.9375 -7.0 -15.390628
v -6.616211 -7.0 -15.599612
v -7.0 -7.0 -15.090823
v -7.0 -6.383789 -15.599612
v -7.0 -6.0625 -15.390628
v -6.9375 -6.0 -15.390628
v -6.616211 -6.0 -15.599612
v -7.0 -6.0 -15.090823
v -7.0 -5.383789 -15.599612
v -7.0 -5.0625 -15.390628
v -6.9375 -5.0 -15.390628
v -6.616211 -5.0 -15.599612
v -7.0 -5.0 -15.090823
v -7.0 -4.383789 -15.599612
v -7.0 -4.0625 -15.390628
v -6.9375 -4.0 -15.390628
v -6.616211 -4.0 -15.599612
v -7.0 -4.0 -15.090823
v -7.0 -3.383789 -15.599612
v -7.0 -3.0625 -15.390628
v -6.9375 -3.0 -15.390628
v -6.616211 -3.0 -15.599612
v -7.0 -3.0 -15.090823
v -7.0 -2.383789 -15.599612
v -7.0 -2.0625 -15.390628
v -6.9375 -2.0 -15.390628
v -6.616211 -2.0 -15.599612
v -7.0 -2.0 -15.090823
v -7.0 -1.3837891 -15.599612
v -7.0 -1.0625 -15.390628
v -6.9375 -1.0 -15.390628
v -6.616211 -1.0 -15.599612
v -7.0 -1.0 -15.090823
v -3.0 -0.789062 -15.401369
v -3.0 -0.330078 -14.502931
v -3.0 0.0 -14.500001
v -3.0 -1.0 -15.500001
v -3.0 -0.789062 -15.401369
v -3.0 -0.789062 -15.090822
v -3.0 -0.962891 -15.368165
v -3.0 -1.330078 -15.599611
v -7.0 -0.789062 -15.401369
v -7.0 -0.330078 -14.502931
v -7.0 0.0 -14.500001
v -7.0 -0.962891 -15.368165
v -7.0 -1.330078 -15.599611
v -7.0 -0.789062 -15.090822
v -7.0 -1.0 -15.500001
v -7.0 -0.789062 -15.401369
v -5.0 6.210937 0.09863299
v -5.0 6.669921 0.997071
v -7.0 6.669921 0.997071
v -7.0 6.210937 0.09863299
v -5.0 6.999999 1.0
v -7.0 6.999999 1.0
v -5.0 6.210937 0.09863299
v -7.0 6.210937 0.09863299
v -7.0 5.999999 0.0
v -5.0 5.999999 0.0
v -7.0 7.999999 1.0
v -7.0 6.999999 1.0
v -6.9375 7.374999 1.0
v -6.6875 7.062499 1.0
v -6.0 6.999999 1.0
v -6.6875 7.062499 1.0
v -6.0 6.999999 1.0
v -6.0 7.210937 1.098633
v -6.5 7.249999 1.098633
v -7.0 7.999999 1.0
v -6.9375 7.374999 1.0
v -6.75 7.562499 1.098633
v -6.789062 7.999999 1.098633
v -6.789062 7.999999 1.098633
v -6.75 7.562499 1.098633
v -6.330078 7.999999 1.997071
v -6.5 7.249999 1.098633
v -6.0 7.669921 1.997071
v -6.0 7.210937 1.098633
v -6.0 7.669921 1.997071
v -6.0 7.999999 2.0
v -6.330078 7.999999 1.997071
v -7.0 8.669921 1.997071
v -7.0 8.210937 1.098633
v -6.330078 8.669921 1.997071
v -6.8945312 8.105468 1.098633
v -6.789062 7.999999 1.098633
v -6.789062 7.999999 1.098633
v -6.8945312 8.105468 1.098633
v -7.0 7.999999 1.0
v -7.0 8.210937 1.098633
v -6.0 7.999999 2.0
v -6.0 8.999999 2.0
v -6.330078 8.669921 1.997071
v -6.330078 7.999999 1.997071
v -6.0 8.999999 2.0
v -7.0 8.999999 2.0
v -7.0 8.669921 1.997071
v -6.330078 8.669921 1.997071
v -6.330078 7.999999 1.997071
v -6.330078 8.669921 1.997071
v -6.789062 7.999999 1.098633
v 1.0 15.0 4.0
v -7.0 15.0 4.0
v -7.0 14.0 4.0
v 1.0 14.0 4.0
v -6.0 -15.383789 -15.599612
v -6.0 -15.0625 -15.390628
v -5.9375 -15.0 -15.390628
v -5.616211 -15.0 -15.599612
v -6.0 -15.0 -15.090823
v -6.0 -14.383789 -15.599612
v -6.0 -14.0625 -15.390628
v -5.9375 -14.0 -15.390628
v -5.616211 -14.0 -15.599612
v -6.0 -14.0 -15.090823
v -6.0 -13.383789 -15.599612
v -6.0 -13.0625 -15.390628
v -5.9375 -13.0 -15.390628
v -5.616211 -13.0 -15.599612
v -6.0 -13.0 -15.090823
v -6.0 -12.383789 -15.599612
v -6.0 -12.0625 -15.390628
v -5.9375 -12.0 -15.390628
v -5.616211 -12.0 -15.599612
v -6.0 -12.0 -15.090823
v -6.0 -11.383789 -15.599612
v -6.0 -11.0625 -15.390628
v -5.9375 -11.0 -15.390628
v -5.616211 -11.0 -15.599612
v -6.0 -11.0 -15.090823
v -6.0 -10.383789 -15.599612
v -6.0 -10.0625 -15.390628
v -5.9375 -10.0 -15.390628
v -5.616211 -10.0 -15.599612
v -6.0 -10.0 -15.090823
v -6.0 -9.383789 -15.599612
v -6.0 -9.0625 -15.390628
v -5.9375 -9.0 -15.390628
v -5.616211 -9.0 -15.599612
v -6.0 -9.0 -15.090823
v -6.0 -8.383789 -15.599612
v -6.0 -8.0625 -15.390628
v -5.9375 -8.0 -15.390628
v -5.616211 -8.0 -15.599612
v -6.0 -8.0 -15.090823
v -6.0 -7.383789 -15.599612
v -6.0 -7.0625 -15.390628
v -5.9375 -7.0 -15.390628
v -5.616211 -7.0 -15.599612
v -6.0 -7.0 -15.090823
v -6.0 -6.383789 -15.599612
v -6.0 -6.0625 -15.390628
v -5.9375 -6.0 -15.390628
v -5.616211 -6.0 -15.599612
v -6.0 -6.0 -15.090823
v -6.0 -5.383789 -15.599612
v -6.0 -5.0625 -15.390628
v -5.9375 -5.0 -15.390628
v -5.616211 -5.0 -15.599612
v -6.0 -5.0 -15.090823
v -6.0 -4.383789 -15.599612
v -6.0 -4.0625 -15.390628
v -5.9375 -4.0 -15.390628
v -5.616211 -4.0 -15.599612
v -6.0 -4.0 -15.090823
v -6.0 -3.383789 -15.599612
v -6.0 -3.0625 -15.390628
v -5.9375 -3.0 -15.390628
v -5.616211 -3.0 -15.599612
v -6.0 -3.0 -15.090823
v -6.0 -2.383789 -15.599612
v -6.0 -2.0625 -15.390628
v -5.9375 -2.0 -15.390628
v -5.616211 -2.0 -15.599612
v -6.0 -2.0 -15.090823
v -6.0 -1.3837891 -15.599612
v -6.0 -1.0625 -15.390628
v -5.9375 -1.0 -15.390628
v -5.616211 -1.0 -15.599612
v -6.0 -1.0 -15.090823
v 2.0 4.0 0.0
v -6.0 4.0 0.0
v -6.0 1.0 0.0
v 2.0 1.0 0.0
v -1.0 5.0 0.0
v -6.0 5.0 0.0
v -6.0 4.0 0.0
v -1.0 4.0 0.0
v -2.0 6.0 0.0
v -6.0 6.0 0.0
v -6.0 5.0 0.0
v -2.0 5.0 0.0
v 2.0 7.210937 1.098633
v 2.0 7.669921 1.997071
v -6.0 7.669921 1.997071
v -6.0 7.210937 1.098633
v 2.0 7.999999 2.0
v -6.0 7.999999 2.0
v 2.0 7.210937 1.098633
v -6.0 7.210937 1.098633
v -6.0 6.999999 1.0
v 2.0 6.999999 1.0
v 2.0 9.0 1.0
v -6.0 9.0 1.0
v -6.0 8.0 1.0
v 2.0 8.0 1.0
v -1.0 11.0 4.0
v -6.0 11.0 4.0
v -6.0 10.0 4.0
v -1.0 10.0 4.0
v 2.0 14.0 4.0
v -6.0 14.0 4.0
v -6.0 13.0 4.0
v 2.0 13.0 4.0
v -5.0 -15.383789 -15.599612
v -5.0 -15.0625 -15.390628
v -4.9375 -15.0 -15.390628
v -4.616211 -15.0 -15.599612
v -5.0 -15.0 -15.090823
v -5.0 -14.383789 -15.599612
v -5.0 -14.0625 -15.390628
v -4.9375 -14.0 -15.390628
v -4.616211 -14.0 -15.599612
v -5.0 -14.0 -15.090823
v -5.0 -13.383789 -15.599612
v -5.0 -13.0625 -15.390628
v -4.9375 -13.0 -15.390628
v -4.616211 -13.0 -15.599612
v -5.0 -13.0 -15.090823
v -5.0 -12.383789 -15.599612
v -5.0 -12.0625 -15.390628
v -4.9375 -12.0 -15.390628
v -4.616211 -12.0 -15.599612
v -5.0 -12.0 -15.090823
v -5.0 -11.383789 -15.599612
v -5.0 -11.0625 -15.390628
v -4.9375 -11.0 -15.390628
v -4.616211 -11.0 -15.599612
v -5.0 -11.0 -15.090823
v -5.0 -10.383789 -15.599612
v -5.0 -10.0625 -15.390628
v -4.9375 -10.0 -15.390628
v -4.616211 -10.0 -15.599612
v -5.0 -10.0 -15.090823
v -5.0 -9.383789 -15.599612
v -5.0 -9.0625 -15.390628
v -4.9375 -9.0 -15.390628
v -4.616211 -9.0 -15.599612
v -5.0 -9.0 -15.090823
v -5.0 -8.383789 -15.599612
v -5.0 -8.0625 -15.390628
v -4.9375 -8.0 -15.390628
v -4.616211 -8.0 -15.599612
v -5.0 -8.0 -15.090823
v -5.0 -7.383789 -15.599612
v -5.0 -7.0625 -15.390628
v -4.9375 -7.0 -15.390628
v -4.616211 -7.0 -15.599612
v -5.0 -7.0 -15.090823
v -5.0 -6.383789 -15.599612
v -5.0 -6.0625 -15.390628
v -4.9375 -6.0 -15.390628
v -4.616211 -6.0 -15.599612
v -5.0 -6.0 -15.090823
v -5.0 -5.383789 -15.599612
v -5.0 -5.0625 -15.390628
v -4.9375 -5.0 -15.390628
v -4.616211 -5.0 -15.599612
v -5.0 -5.0 -15.090823
v -5.0 -4.383789 -15.599612
v -5.0 -4.0625 -15.390628
v -4.9375 -4.0 -15.390628
v -4.616211 -4.0 -15.599612
v -5.0 -4.0 -15.090823
v -5.0 -3.383789 -15.599612
v -5.0 -3.0625 -15.390628
v -4.9375 -3.0 -15.390628
v -4.616211 -3.0 -15.599612
v -5.0 -3.0 -15.090823
v -5.0 -2.383789 -15.599612
v -5.0 -2.0625 -15.390628
v -4.9375 -2.0 -15.390628
v -4.616211 -2.0 -15.599612
v -5.0 -2.0 -15.090823
v -5.0 -1.3837891 -15.599612
v -5.0 -1.0625 -15.390628
v -4.9375 -1.0 -15.390628
v -4.616211 -1.0 -15.599612
v -5.0 -1.0 -15.090823
v -1.0 6.210937 0.09863299
v -1.0 6.669921 0.997071
v -5.0 6.669921 0.997071
v -5.0 6.210937 0.09863299
v -1.0 6.999999 1.0
v -5.0 6.999999 1.0
v -1.0 6.210937 0.09863299
v -5.0 6.210937 0.09863299
v -5.0 5.999999 0.0
v -1.0 5.999999 0.0
v -4.0 -15.383789 -15.599612
v -4.0 -15.0625 -15.390628
v -3.9375 -15.0 -15.390628
v -3.616211 -15.0 -15.599612
v -4.0 -15.0 -15.090823
v -4.0 -14.383789 -15.599612
v -4.0 -14.0625 -15.390628
v -3.9375 -14.0 -15.390628
v -3.616211 -14.0 -15.599612
v -4.0 -14.0 -15.090823
v -4.0 -13.383789 -15.599612
v -4.0 -13.0625 -15.390628
v -3.9375 -13.0 -15.390628
v -3.616211 -13.0 -15.599612
v -4.0 -13.0 -15.090823
v -4.0 -12.383789 -15.599612
v -4.0 -12.0625 -15.390628
v -3.9375 -12.0 -15.390628
v -3.616211 -12.0 -15.599612
v -4.0 -12.0 -15.090823
v -4.0 -11.383789 -15.599612
v -4.0 -11.0625 -15.390628
v -3.9375 -11.0 -15.390628
v -3.616211 -11.0 -15.599612
v -4.0 -11.0 -15.090823
v -4.0 -10.383789 -15.599612
v -4.0 -10.0625 -15.390628
v -3.9375 -10.0 -15.390628
v -3.616211 -10.0 -15.599612
v -4.0 -10.0 -15.090823
v -4.0 -9.383789 -15.599612
v -4.0 -9.0625 -15.390628
v -3.9375 -9.0 -15.390628
v -3.616211 -9.0 -15.599612
v -4.0 -9.0 -15.090823
v -4.0 -8.383789 -15.599612
v -4.0 -8.0625 -15.390628
v -3.9375 -8.0 -15.390628
v -3.616211 -8.0 -15.599612
v -4.0 -8.0 -15.090823
v -4.0 -7.383789 -15.599612
v -4.0 -7.0625 -15.390628
v -3.9375 -7.0 -15.390628
v -3.616211 -7.0 -15.599612
v -4.0 -7.0 -15.090823
v -4.0 -6.383789 -15.599612
v -4.0 -6.0625 -15.390628
v -3.9375 -6.0 -15.390628
v -3.616211 -6.0 -15.599612
v -4.0 -6.0 -15.090823
v -4.0 -5.383789 -15.599612
v -4.0 -5.0625 -15.390628
v -3.9375 -5.0 -15.390628
v -3.616211 -5.0 -15.599612
v -4.0 -5.0 -15.090823
v -4.0 -4.383789 -15.599612
v -4.0 -4.0625 -15.390628
v -3.9375 -4.0 -15.390628
v -3.616211 -4.0 -15.599612
v -4.0 -4.0 -15.090823
v -4.0 -3.383789 -15.599612
v -4.0 -3.0625 -15.390628
v -3.9375 -3.0 -15.390628
v -3.616211 -3.0 -15.599612
v -4.0 -3.0 -15.090823
v -4.0 -2.383789 -15.599612
v -4.0 -2.0625 -15.390628
v -3.9375 -2.0 -15.390628
v -3.616211 -2.0 -15.599612
v -4.0 -2.0 -15.090823
v -4.0 -1.3837891 -15.599612
v -4.0 -1.0625 -15.390628
v -3.9375 -1.0 -15.390628
v -3.616211 -1.0 -15.599612
v -4.0 -1.0 -15.090823
v 2.0 13.0 4.0
v -4.0 13.0 4.0
v -4.0 12.0 4.0
v 2.0 12.0 4.0
v -3.0 -15.383789 -15.599612
v -3.0 -15.0625 -15.390628
v -2.9375 -15.0 -15.390628
v -2.616211 -15.0 -15.599612
v -3.0 -15.0 -15.090823
v -3.0 -14.383789 -15.599612
v -3.0 -14.0625 -15.390628
v -2.9375 -14.0 -15.390628
v -2.616211 -14.0 -15.599612
v -3.0 -14.0 -15.090823
v -3.0 -13.383789 -15.599612
v -3.0 -13.0625 -15.390628
v -2.9375 -13.0 -15.390628
v -2.616211 -13.0 -15.599612
v -3.0 -13.0 -15.090823
v -3.0 -12.383789 -15.599612
v -3.0 -12.0625 -15.390628
v -2.9375 -12.0 -15.390628
v -2.616211 -12.0 -15.599612
v -3.0 -12.0 -15.090823
v -3.0 -11.383789 -15.599612
v -3.0 -11.0625 -15.390628
v -2.9375 -11.0 -15.390628
v -2.616211 -11.0 -15.599612
v -3.0 -11.0 -15.090823
v -3.0 -10.383789 -15.599612
v -3.0 -10.0625 -15.390628
v -2.9375 -10.0 -15.390628
v -2.616211 -10.0 -15.599612
v -3.0 -10.0 -15.090823
v -3.0 -9.383789 -15.599612
v -3.0 -9.0625 -15.390628
v -2.9375 -9.0 -15.390628
v -2.616211 -9.0 -15.599612
v -3.0 -9.0 -15.090823
v -3.0 -8.383789 -15.599612
v -3.0 -8.0625 -15.390628
v -2.9375 -8.0 -15.390628
v -2.616211 -8.0 -15.599612
v -3.0 -8.0 -15.090823
v -3.0 -7.383789 -15.599612
v -3.0 -7.0625 -15.390628
v -2.9375 -7.0 -15.390628
v -2.616211 -7.0 -15.599612
v -3.0 -7.0 -15.090823
v -3.0 -6.383789 -15.599612
v -3.0 -6.0625 -15.390628
v -2.9375 -6.0 -15.390628
v -2.616211 -6.0 -15.599612
v -3.0 -6.0 -15.090823
v -3.0 -5.383789 -15.599612
v -3.0 -5.0625 -15.390628
v -2.9375 -5.0 -15.390628
v -2.616211 -5.0 -15.599612
v -3.0 -5.0 -15.090823
v -3.0 -4.383789 -15.599612
v -3.0 -4.0625 -15.390628
v -2.9375 -4.0 -15.390628
v -2.616211 -4.0 -15.599612
v -3.0 -4.0 -15.090823
v -3.0 -3.383789 -15.599612
v -3.0 -3.0625 -15.390628
v -2.9375 -3.0 -15.390628
v -2.616211 -3.0 -15.599612
v -3.0 -3.0 -15.090823
v -3.0 -2.383789 -15.599612
v -3.0 -2.0625 -15.390628
v -2.9375 -2.0 -15.390628
v -2.616211 -2.0 -15.599612
v -3.0 -2.0 -15.090823
v -2.789062 -1.0 -15.401369
v -2.75 -1.4375 -15.401369
v -2.3300781 -1.0 -14.502931
v -2.5 -1.75 -15.401369
v -2.0 -1.330078 -14.502931
v -2.0 -1.789063 -15.401369
v -2.0 -1.330078 -14.502931
v -2.0 -1.0 -14.500002
v -2.3300781 -1.0 -14.502931
v -2.789062 -1.0 -15.401369
v -3.0 -1.0 -15.500002
v -2.75 -1.4375 -15.401369
v -2.9375 -1.625 -15.500002
v -2.5 -1.75 -15.401369
v -2.6875 -1.9375 -15.500002
v -2.0 -1.789063 -15.401369
v -2.0 -2.0 -15.500002
v -3.170898 -1.6875 -15.599611
v -2.625 -2.233398 -15.599611
v -2.849609 -1.6875 -15.390627
v -2.625 -1.912109 -15.390627
v -2.663086 -1.625 -15.090822
v -2.5625 -1.7255859 -15.090822
v -2.0 -1.7900391 -15.090822
v -2.5625 -1.7255859 -15.090822
v -2.0 -1.963867 -15.390627
v -2.625 -1.912109 -15.390627
v -2.0 -2.333008 -15.599611
v -2.625 -2.233398 -15.599611
v -2.663086 -1.625 -15.090822
v -2.788086 -1.0 -15.090822
v -2.849609 -1.6875 -15.390627
v -2.974609 -1.0 -15.390627
v -3.170898 -1.6875 -15.599611
v -3.295898 -1.0 -15.599611
v -3.0 -0.330078 -14.502931
v -3.0 -0.789062 -15.401369
v -2.3300781 -0.330078 -14.502931
v -2.894531 -0.894531 -15.401369
v -2.789062 -1.0 -15.401369
v -3.0 -1.0 -15.500002
v -2.0 0.0 -14.500002
v -3.0 0.0 -14.500002
v -2.3300781 -1.0 -14.502931
v -2.0 -1.0 -14.500002
v -2.789062 -1.0 -15.090822
v -3.0 -0.789062 -15.090822
v -3.0 -1.0 -15.391556
v -2.0 -15.383789 -15.599612
v -2.0 -15.0625 -15.390628
v -1.9375 -15.0 -15.390628
v -1.6162109 -15.0 -15.599612
v -2.0 -15.0 -15.090823
v -2.0 -14.383789 -15.599612
v -2.0 -14.0625 -15.390628
v -1.9375 -14.0 -15.390628
v -1.6162109 -14.0 -15.599612
v -2.0 -14.0 -15.090823
v -2.0 -13.383789 -15.599612
v -2.0 -13.0625 -15.390628
v -1.9375 -13.0 -15.390628
v -1.6162109 -13.0 -15.599612
v -2.0 -13.0 -15.090823
v -2.0 -12.383789 -15.599612
v -2.0 -12.0625 -15.390628
v -1.9375 -12.0 -15.390628
v -1.6162109 -12.0 -15.599612
v -2.0 -12.0 -15.090823
v -2.0 -11.383789 -15.599612
v -2.0 -11.0625 -15.390628
v -1.9375 -11.0 -15.390628
v -1.6162109 -11.0 -15.599612
v -2.0 -11.0 -15.090823
v -2.0 -10.383789 -15.599612
v -2.0 -10.0625 -15.390628
v -1.9375 -10.0 -15.390628
v -1.6162109 -10.0 -15.599612
v -2.0 -10.0 -15.090823
v -2.0 -9.383789 -15.599612
v -2.0 -9.0625 -15.390628
v -1.9375 -9.0 -15.390628
v -1.6162109 -9.0 -15.599612
v -2.0 -9.0 -15.090823
v -2.0 -8.383789 -15.599612
v -2.0 -8.0625 -15.390628
v -1.9375 -8.0 -15.390628
v -1.6162109 -8.0 -15.599612
v -2.0 -8.0 -15.090823
v -2.0 -7.383789 -15.599612
v -2.0 -7.0625 -15.390628
v -1.9375 -7.0 -15.390628
v -1.6162109 -7.0 -15.599612
v -2.0 -7.0 -15.090823
v -2.0 -6.383789 -15.599612
v -2.0 -6.0625 -15.390628
v -1.9375 -6.0 -15.390628
v -1.6162109 -6.0 -15.599612
v -2.0 -6.0 -15.090823
v -2.0 -5.383789 -15.599612
v -2.0 -5.0625 -15.390628
v -1.9375 -5.0 -15.390628
v -1.6162109 -5.0 -15.599612
v -2.0 -5.0 -15.090823
v -2.0 -4.383789 -15.599612
v -2.0 -4.0625 -15.390628
v -1.9375 -4.0 -15.390628
v -1.6162109 -4.0 -15.599612
v -2.0 -4.0 -15.090823
v -2.0 -3.383789 -15.599612
v -2.0 -3.0625 -15.390628
v -1.9375 -3.0 -15.390628
v -1.6162109 -3.0 -15.599612
v -2.0 -3.0 -15.090823
v -2.0 -2.383789 -15.599612
v -2.0 -2.0625 -15.390628
v -1.9375 -2.0 -15.390628
v -1.6162109 -2.0 -15.599612
v -2.0 -2.0 -15.090823
v 2.0 -1.789062 -15.401369
v 2.0 -1.330078 -14.502931
v 2.0 -1.0 -14.500001
v 2.0 -2.0 -15.500001
v 2.0 -1.789062 -15.401369
v 2.0 -1.789062 -15.090822
v 2.0 -1.962891 -15.368165
v 2.0 -2.3300781 -15.599611
v -2.0 -1.789062 -15.401369
v -2.0 -1.330078 -14.502931
v -2.0 -1.0 -14.500001
v -2.0 -1.962891 -15.368165
v -2.0 -2.3300781 -15.599611
v -2.0 -1.789062 -15.090822
v -2.0 -2.0 -15.500001
v -2.0 -1.789062 -15.401369
v -2.0 -1.013279E-6 -1.0
v -2.0 -1.000001 -1.0
v -1.9375 -0.625001 -1.0
v -1.6875 -0.937501 -1.0
v -1.0 -1.000001 -1.0
v -1.6875 -0.937501 -1.0
v -1.0 -1.000001 -1.0
v -1.0 -0.789063 -0.901367
v -1.5 -0.750001 -0.901367
v -2.0 -1.013279E-6 -1.0
v -1.9375 -0.625001 -1.0
v -1.75 -0.437501 -0.901367
v -1.789062 -1.013279E-6 -0.901367
v -1.789062 -1.013279E-6 -0.901367
v -1.75 -0.437501 -0.901367
v -1.330078 -1.013279E-6 -0.0029289722
v -1.5 -0.750001 -0.901367
v -1.0 -0.33007902 -0.0029289722
v -1.0 -0.789063 -0.901367
v -1.0 -0.33007902 -0.0029289722
v -1.0 -1.013279E-6 0.0
v -1.330078 -1.013279E-6 -0.0029289722
v -1.330078 0.66992104 -0.0029289722
v -1.330078 -9.536743E-7 -0.0029289722
v -1.0 -9.536743E-7 0.0
v -1.0 0.999999 0.0
v -2.0 0.66992104 -0.0029289722
v -1.330078 0.66992104 -0.0029289722
v -1.0 0.999999 0.0
v -2.0 0.999999 0.0
v -2.0 0.66992104 -0.0029289722
v -2.0 0.21093702 -0.901367
v -1.330078 0.66992104 -0.0029289722
v -1.894531 0.105467975 -0.901367
v -1.789062 -9.536743E-7 -0.901367
v -1.789062 -9.536743E-7 -0.901367
v -1.894531 0.105467975 -0.901367
v -2.0 -9.536743E-7 -1.0
v -2.0 0.21093702 -0.901367
v -1.330078 -9.536743E-7 -0.0029289722
v -1.330078 0.66992104 -0.0029289722
v -1.789062 -9.536743E-7 -0.901367
v -2.0 5.999999 0.0
v -2.0 4.999999 0.0
v -1.9375 5.374999 0.0
v -1.6875 5.062499 0.0
v -1.0 4.999999 0.0
v -1.6875 5.062499 0.0
v -1.0 4.999999 0.0
v -1.0 5.210937 0.09863299
v -1.5 5.249999 0.09863299
v -2.0 5.999999 0.0
v -1.9375 5.374999 0.0
v -1.75 5.562499 0.09863299
v -1.789062 5.999999 0.09863299
v -1.789062 5.999999 0.09863299
v -1.75 5.562499 0.09863299
v -1.330078 5.999999 0.997071
v -1.5 5.249999 0.09863299
v -1.0 5.669921 0.997071
v -1.0 5.210937 0.09863299
v -1.0 5.669921 0.997071
v -1.0 5.999999 1.0
v -1.330078 5.999999 0.997071
v 3.0 10.0 1.0
v -2.0 10.0 1.0
v -2.0 9.0 1.0
v 3.0 9.0 1.0
v -1.0 -15.383789 -15.599612
v -1.0 -15.0625 -15.390628
v -0.9375 -15.0 -15.390628
v -0.616211 -15.0 -15.599612
v -1.0 -15.0 -15.090823
v -1.0 -14.383789 -15.599612
v -1.0 -14.0625 -15.390628
v -0.9375 -14.0 -15.390628
v -0.616211 -14.0 -15.599612
v -1.0 -14.0 -15.090823
v -1.0 -13.383789 -15.599612
v -1.0 -13.0625 -15.390628
v -0.9375 -13.0 -15.390628
v -0.616211 -13.0 -15.599612
v -1.0 -13.0 -15.090823
v -1.0 -12.383789 -15.599612
v -1.0 -12.0625 -15.390628
v -0.9375 -12.0 -15.390628
v -0.616211 -12.0 -15.599612
v -1.0 -12.0 -15.090823
v -1.0 -11.383789 -15.599612
v -1.0 -11.0625 -15.390628
v -0.9375 -11.0 -15.390628
v -0.616211 -11.0 -15.599612
v -1.0 -11.0 -15.090823
v -1.0 -10.383789 -15.599612
v -1.0 -10.0625 -15.390628
v -0.9375 -10.0 -15.390628
v -0.616211 -10.0 -15.599612
v -1.0 -10.0 -15.090823
v -1.0 -9.383789 -15.599612
v -1.0 -9.0625 -15.390628
v -0.9375 -9.0 -15.390628
v -0.616211 -9.0 -15.599612
v -1.0 -9.0 -15.090823
v -1.0 -8.383789 -15.599612
v -1.0 -8.0625 -15.390628
v -0.9375 -8.0 -15.390628
v -0.616211 -8.0 -15.599612
v -1.0 -8.0 -15.090823
v -1.0 -7.383789 -15.599612
v -1.0 -7.0625 -15.390628
v -0.9375 -7.0 -15.390628
v -0.616211 -7.0 -15.599612
v -1.0 -7.0 -15.090823
v -1.0 -6.383789 -15.599612
v -1.0 -6.0625 -15.390628
v -0.9375 -6.0 -15.390628
v -0.616211 -6.0 -15.599612
v -1.0 -6.0 -15.090823
v -1.0 -5.383789 -15.599612
v -1.0 -5.0625 -15.390628
v -0.9375 -5.0 -15.390628
v -0.616211 -5.0 -15.599612
v -1.0 -5.0 -15.090823
v -1.0 -4.383789 -15.599612
v -1.0 -4.0625 -15.390628
v -0.9375 -4.0 -15.390628
v -0.616211 -4.0 -15.599612
v -1.0 -4.0 -15.090823
v -1.0 -3.383789 -15.599612
v -1.0 -3.0625 -15.390628
v -0.9375 -3.0 -15.390628
v -0.616211 -3.0 -15.599612
v -1.0 -3.0 -15.090823
v -1.0 -2.383789 -15.599612
v -1.0 -2.0625 -15.390628
v -0.9375 -2.0 -15.390628
v -0.616211 -2.0 -15.599612
v -1.0 -2.0 -15.090823
v 3.0 -0.789063 -0.901367
v 3.0 -0.33007902 -0.0029289722
v -1.0 -0.33007902 -0.0029289722
v -1.0 -0.789063 -0.901367
v 3.0 -1.013279E-6 0.0
v -1.0 -1.013279E-6 0.0
v 3.0 -0.789063 -0.901367
v -1.0 -0.789063 -0.901367
v -1.0 -1.000001 -1.0
v 3.0 -1.000001 -1.0
v 7.0 1.0 0.0
v -1.0 1.0 0.0
v -1.0 0.0 0.0
v 7.0 0.0 0.0
v -1.0 4.999999 0.0
v -1.0 3.999999 0.0
v -0.9375 4.374999 0.0
v -0.6875 4.062499 0.0
v 0.0 3.999999 0.0
v -0.6875 4.062499 0.0
v 0.0 3.999999 0.0
v 0.0 4.210937 0.09863299
v -0.5 4.249999 0.09863299
v -1.0 4.999999 0.0
v -0.9375 4.374999 0.0
v -0.75 4.562499 0.09863299
v -0.789062 4.999999 0.09863299
v -0.789062 4.999999 0.09863299
v -0.75 4.562499 0.09863299
v -0.330078 4.999999 0.997071
v -0.5 4.249999 0.09863299
v 0.0 4.669921 0.997071
v 0.0 4.210937 0.09863299
v 0.0 4.669921 0.997071
v 0.0 4.999999 1.0
v -0.330078 4.999999 0.997071
v 0.0 5.210937 0.09863299
v 0.0 5.669921 0.997071
v -1.0 5.669921 0.997071
v -1.0 5.210937 0.09863299
v 0.0 5.999999 1.0
v -1.0 5.999999 1.0
v 0.0 5.210937 0.09863299
v -1.0 5.210937 0.09863299
v -1.0 4.999999 0.0
v 0.0 4.999999 0.0
v 7.0 7.0 0.0
v -1.0 7.0 0.0
v -1.0 6.0 0.0
v 7.0 6.0 0.0
v 4.0 11.0 1.0
v -1.0 11.0 1.0
v -1.0 10.0 1.0
v 4.0 10.0 1.0
v 0.0 -15.383789 -15.599612
v 0.0 -15.0625 -15.390628
v 0.0625 -15.0 -15.390628
v 0.383789 -15.0 -15.599612
v 0.0 -15.0 -15.090823
v 0.0 -14.383789 -15.599612
v 0.0 -14.0625 -15.390628
v 0.0625 -14.0 -15.390628
v 0.383789 -14.0 -15.599612
v 0.0 -14.0 -15.090823
v 0.0 -13.383789 -15.599612
v 0.0 -13.0625 -15.390628
v 0.0625 -13.0 -15.390628
v 0.383789 -13.0 -15.599612
v 0.0 -13.0 -15.090823
v 0.0 -12.383789 -15.599612
v 0.0 -12.0625 -15.390628
v 0.0625 -12.0 -15.390628
v 0.383789 -12.0 -15.599612
v 0.0 -12.0 -15.090823
v 0.0 -11.383789 -15.599612
v 0.0 -11.0625 -15.390628
v 0.0625 -11.0 -15.390628
v 0.383789 -11.0 -15.599612
v 0.0 -11.0 -15.090823
v 0.0 -10.383789 -15.599612
v 0.0 -10.0625 -15.390628
v 0.0625 -10.0 -15.390628
v 0.383789 -10.0 -15.599612
v 0.0 -10.0 -15.090823
v 0.0 -9.383789 -15.599612
v 0.0 -9.0625 -15.390628
v 0.0625 -9.0 -15.390628
v 0.383789 -9.0 -15.599612
v 0.0 -9.0 -15.090823
v 0.0 -8.383789 -15.599612
v 0.0 -8.0625 -15.390628
v 0.0625 -8.0 -15.390628
v 0.383789 -8.0 -15.599612
v 0.0 -8.0 -15.090823
v 0.0 -7.383789 -15.599612
v 0.0 -7.0625 -15.390628
v 0.0625 -7.0 -15.390628
v 0.383789 -7.0 -15.599612
v 0.0 -7.0 -15.090823
v 0.0 -6.383789 -15.599612
v 0.0 -6.0625 -15.390628
v 0.0625 -6.0 -15.390628
v 0.383789 -6.0 -15.599612
v 0.0 -6.0 -15.090823
v 0.0 -5.383789 -15.599612
v 0.0 -5.0625 -15.390628
v 0.0625 -5.0 -15.390628
v 0.383789 -5.0 -15.599612
v 0.0 -5.0 -15.090823
v 0.0 -4.383789 -15.599612
v 0.0 -4.0625 -15.390628
v 0.0625 -4.0 -15.390628
v 0.383789 -4.0 -15.599612
v 0.0 -4.0 -15.090823
v 0.0 -3.383789 -15.599612
v 0.0 -3.0625 -15.390628
v 0.0625 -3.0 -15.390628
v 0.383789 -3.0 -15.599612
v 0.0 -3.0 -15.090823
v 0.0 -2.383789 -15.599612
v 0.0 -2.0625 -15.390628
v 0.0625 -2.0 -15.390628
v 0.383789 -2.0 -15.599612
v 0.0 -2.0 -15.090823
v 7.0 4.210937 0.09863299
v 7.0 4.669921 0.997071
v 0.0 4.669921 0.997071
v 0.0 4.210937 0.09863299
v 7.0 4.999999 1.0
v 0.0 4.999999 1.0
v 7.0 4.210937 0.09863299
v 0.0 4.210937 0.09863299
v 0.0 3.999999 0.0
v 7.0 3.999999 0.0
v 8.0 6.0 0.0
v 0.0 6.0 0.0
v 0.0 5.0 0.0
v 8.0 5.0 0.0
v 1.0 12.0 4.0
v 0.0 12.0 4.0
v 0.0 11.0 4.0
v 1.0 11.0 4.0
v 6.0 16.0 4.0
v 0.0 16.0 4.0
v 0.0 15.0 4.0
v 6.0 15.0 4.0
v 1.0 -15.383789 -15.599612
v 1.0 -15.0625 -15.390628
v 1.0625 -15.0 -15.390628
v 1.3837891 -15.0 -15.599612
v 1.0 -15.0 -15.090823
v 1.0 -14.383789 -15.599612
v 1.0 -14.0625 -15.390628
v 1.0625 -14.0 -15.390628
v 1.3837891 -14.0 -15.599612
v 1.0 -14.0 -15.090823
v 1.0 -13.383789 -15.599612
v 1.0 -13.0625 -15.390628
v 1.0625 -13.0 -15.390628
v 1.3837891 -13.0 -15.599612
v 1.0 -13.0 -15.090823
v 1.0 -12.383789 -15.599612
v 1.0 -12.0625 -15.390628
v 1.0625 -12.0 -15.390628
v 1.3837891 -12.0 -15.599612
v 1.0 -12.0 -15.090823
v 1.0 -11.383789 -15.599612
v 1.0 -11.0625 -15.390628
v 1.0625 -11.0 -15.390628
v 1.3837891 -11.0 -15.599612
v 1.0 -11.0 -15.090823
v 1.0 -10.383789 -15.599612
v 1.0 -10.0625 -15.390628
v 1.0625 -10.0 -15.390628
v 1.3837891 -10.0 -15.599612
v 1.0 -10.0 -15.090823
v 1.0 -9.383789 -15.599612
v 1.0 -9.0625 -15.390628
v 1.0625 -9.0 -15.390628
v 1.3837891 -9.0 -15.599612
v 1.0 -9.0 -15.090823
v 1.0 -8.383789 -15.599612
v 1.0 -8.0625 -15.390628
v 1.0625 -8.0 -15.390628
v 1.3837891 -8.0 -15.599612
v 1.0 -8.0 -15.090823
v 1.0 -7.383789 -15.599612
v 1.0 -7.0625 -15.390628
v 1.0625 -7.0 -15.390628
v 1.3837891 -7.0 -15.599612
v 1.0 -7.0 -15.090823
v 1.0 -6.383789 -15.599612
v 1.0 -6.0625 -15.390628
v 1.0625 -6.0 -15.390628
v 1.3837891 -6.0 -15.599612
v 1.0 -6.0 -15.090823
v 1.0 -5.383789 -15.599612
v 1.0 -5.0625 -15.390628
v 1.0625 -5.0 -15.390628
v 1.3837891 -5.0 -15.599612
v 1.0 -5.0 -15.090823
v 1.0 -4.383789 -15.599612
v 1.0 -4.0625 -15.390628
v 1.0625 -4.0 -15.390628
v 1.3837891 -4.0 -15.599612
v 1.0 -4.0 -15.090823
v 1.0 -3.383789 -15.599612
v 1.0 -3.0625 -15.390628
v 1.0625 -3.0 -15.390628
v 1.3837891 -3.0 -15.599612
v 1.0 -3.0 -15.090823
v 1.0 -2.383789 -15.599612
v 1.0 -2.0625 -15.390628
v 1.0625 -2.0 -15.390628
v 1.3837891 -2.0 -15.599612
v 1.0 -2.0 -15.090823
v 4.0 12.0 1.0
v 1.0 12.0 1.0
v 1.0 11.0 1.0
v 4.0 11.0 1.0
v 4.0 15.0 4.0
v 1.0 15.0 4.0
v 1.0 14.0 4.0
v 4.0 14.0 4.0
v 2.0 -15.383789 -15.599612
v 2.0 -15.0625 -15.390628
v 2.0625 -15.0 -15.390628
v 2.383789 -15.0 -15.599612
v 2.0 -15.0 -15.090823
v 2.0 -14.383789 -15.599612
v 2.0 -14.0625 -15.390628
v 2.0625 -14.0 -15.390628
v 2.383789 -14.0 -15.599612
v 2.0 -14.0 -15.090823
v 2.0 -13.383789 -15.599612
v 2.0 -13.0625 -15.390628
v 2.0625 -13.0 -15.390628
v 2.383789 -13.0 -15.599612
v 2.0 -13.0 -15.090823
v 2.0 -12.383789 -15.599612
v 2.0 -12.0625 -15.390628
v 2.0625 -12.0 -15.390628
v 2.383789 -12.0 -15.599612
v 2.0 -12.0 -15.090823
v 2.0 -11.383789 -15.599612
v 2.0 -11.0625 -15.390628
v 2.0625 -11.0 -15.390628
v 2.383789 -11.0 -15.599612
v 2.0 -11.0 -15.090823
v 2.0 -10.383789 -15.599612
v 2.0 -10.0625 -15.390628
v 2.0625 -10.0 -15.390628
v 2.383789 -10.0 -15.599612
v 2.0 -10.0 -15.090823
v 2.0 -9.383789 -15.599612
v 2.0 -9.0625 -15.390628
v 2.0625 -9.0 -15.390628
v 2.383789 -9.0 -15.599612
v 2.0 -9.0 -15.090823
v 2.0 -8.383789 -15.599612
v 2.0 -8.0625 -15.390628
v 2.0625 -8.0 -15.390628
v 2.383789 -8.0 -15.599612
v 2.0 -8.0 -15.090823
v 2.0 -7.383789 -15.599612
v 2.0 -7.0625 -15.390628
v 2.0625 -7.0 -15.390628
v 2.383789 -7.0 -15.599612
v 2.0 -7.0 -15.090823
v 2.0 -6.383789 -15.599612
v 2.0 -6.0625 -15.390628
v 2.0625 -6.0 -15.390628
v 2.383789 -6.0 -15.599612
v 2.0 -6.0 -15.090823
v 2.0 -5.383789 -15.599612
v 2.0 -5.0625 -15.390628
v 2.0625 -5.0 -15.390628
v 2.383789 -5.0 -15.599612
v 2.0 -5.0 -15.090823
v 2.0 -4.383789 -15.599612
v 2.0 -4.0625 -15.390628
v 2.0625 -4.0 -15.390628
v 2.383789 -4.0 -15.599612
v 2.0 -4.0 -15.090823
v 2.0 -3.383789 -15.599612
v 2.0 -3.0625 -15.390628
v 2.0625 -3.0 -15.390628
v 2.383789 -3.0 -15.599612
v 2.0 -3.0 -15.090823
v 2.210938 -2.0 -15.401369
v 2.25 -2.4375 -15.401369
v 2.6699219 -2.0 -14.502931
v 2.5 -2.75 -15.401369
v 3.0 -2.3300781 -14.502931
v 3.0 -2.789063 -15.401369
v 3.0 -2.3300781 -14.502931
v 3.0 -2.0 -14.500002
v 2.6699219 -2.0 -14.502931
v 2.210938 -2.0 -15.401369
v 2.0 -2.0 -15.500002
v 2.25 -2.4375 -15.401369
v 2.0625 -2.625 -15.500002
v 2.5 -2.75 -15.401369
v 2.3125 -2.9375 -15.500002
v 3.0 -2.789063 -15.401369
v 3.0 -3.0 -15.500002
v 1.829102 -2.6875 -15.599611
v 2.375 -3.233398 -15.599611
v 2.150391 -2.6875 -15.390627
v 2.375 -2.912109 -15.390627
v 2.336914 -2.625 -15.090822
v 2.4375 -2.725586 -15.090822
v 3.0 -2.790039 -15.090822
v 2.4375 -2.725586 -15.090822
v 3.0 -2.963867 -15.390627
v 2.375 -2.912109 -15.390627
v 3.0 -3.333008 -15.599611
v 2.375 -3.233398 -15.599611
v 2.336914 -2.625 -15.090822
v 2.211914 -2.0 -15.090822
v 2.150391 -2.6875 -15.390627
v 2.025391 -2.0 -15.390627
v 1.829102 -2.6875 -15.599611
v 1.704102 -2.0 -15.599611
v 2.0 -1.330078 -14.502931
v 2.0 -1.789062 -15.401369
v 2.6699219 -1.330078 -14.502931
v 2.105469 -1.894531 -15.401369
v 2.210938 -2.0 -15.401369
v 2.0 -2.0 -15.500002
v 3.0 -1.0 -14.500002
v 2.0 -1.0 -14.500002
v 2.6699219 -2.0 -14.502931
v 3.0 -2.0 -14.500002
v 2.210938 -2.0 -15.090822
v 2.0 -1.789062 -15.090822
v 2.0 -2.0 -15.391556
v 10.0 2.0 0.0
v 2.0 2.0 0.0
v 2.0 1.0 0.0
v 10.0 1.0 0.0
v 9.0 3.0 0.0
v 2.0 3.0 0.0
v 2.0 2.0 0.0
v 9.0 2.0 0.0
v 6.0 4.0 0.0
v 2.0 4.0 0.0
v 2.0 3.0 0.0
v 6.0 3.0 0.0
v 3.0 7.210937 3.098633
v 3.0 7.669921 3.997071
v 2.0 7.669921 3.997071
v 2.0 7.210937 3.098633
v 3.0 7.999999 4.0
v 2.0 7.999999 4.0
v 3.0 7.210937 3.098633
v 2.0 7.210937 3.098633
v 2.0 6.999999 3.0
v 3.0 6.999999 3.0
v 4.0 9.0 3.0
v 2.0 9.0 3.0
v 2.0 8.0 3.0
v 4.0 8.0 3.0
v 4.0 13.0 1.0
v 2.0 13.0 1.0
v 2.0 12.0 1.0
v 4.0 12.0 1.0
v 3.0 14.0 4.0
v 2.0 14.0 4.0
v 2.0 13.0 4.0
v 3.0 13.0 4.0
v 3.0 -15.383789 -15.599612
v 3.0 -15.0625 -15.390628
v 3.0625 -15.0 -15.390628
v 3.383789 -15.0 -15.599612
v 3.0 -15.0 -15.090823
v 3.0 -14.383789 -15.599612
v 3.0 -14.0625 -15.390628
v 3.0625 -14.0 -15.390628
v 3.383789 -14.0 -15.599612
v 3.0 -14.0 -15.090823
v 3.0 -13.383789 -15.599612
v 3.0 -13.0625 -15.390628
v 3.0625 -13.0 -15.390628
v 3.383789 -13.0 -15.599612
v 3.0 -13.0 -15.090823
v 3.0 -12.383789 -15.599612
v 3.0 -12.0625 -15.390628
v 3.0625 -12.0 -15.390628
v 3.383789 -12.0 -15.599612
v 3.0 -12.0 -15.090823
v 3.0 -11.383789 -15.599612
v 3.0 -11.0625 -15.390628
v 3.0625 -11.0 -15.390628
v 3.383789 -11.0 -15.599612
v 3.0 -11.0 -15.090823
v 3.0 -10.383789 -15.599612
v 3.0 -10.0625 -15.390628
v 3.0625 -10.0 -15.390628
v 3.383789 -10.0 -15.599612
v 3.0 -10.0 -15.090823
v 3.0 -9.383789 -15.599612
v 3.0 -9.0625 -15.390628
v 3.0625 -9.0 -15.390628
v 3.383789 -9.0 -15.599612
v 3.0 -9.0 -15.090823
v 3.0 -8.383789 -15.599612
v 3.0 -8.0625 -15.390628
v 3.0625 -8.0 -15.390628
v 3.383789 -8.0 -15.599612
v 3.0 -8.0 -15.090823
v 3.0 -7.383789 -15.599612
v 3.0 -7.0625 -15.390628
v 3.0625 -7.0 -15.390628
v 3.383789 -7.0 -15.599612
v 3.0 -7.0 -15.090823
v 3.0 -6.383789 -15.599612
v 3.0 -6.0625 -15.390628
v 3.0625 -6.0 -15.390628
v 3.383789 -6.0 -15.599612
v 3.0 -6.0 -15.090823
v 3.0 -5.383789 -15.599612
v 3.0 -5.0625 -15.390628
v 3.0625 -5.0 -15.390628
v 3.383789 -5.0 -15.599612
v 3.0 -5.0 -15.090823
v 3.0 -4.383789 -15.599612
v 3.0 -4.0625 -15.390628
v 3.0625 -4.0 -15.390628
v 3.383789 -4.0 -15.599612
v 3.0 -4.0 -15.090823
v 3.0 -3.383789 -15.599612
v 3.0 -3.0625 -15.390628
v 3.0625 -3.0 -15.390628
v 3.383789 -3.0 -15.599612
v 3.0 -3.0 -15.090823
v 4.0 -2.789062 -15.401369
v 4.0 -2.3300781 -14.502931
v 4.0 -2.0 -14.500001
v 4.0 -3.0 -15.500001
v 4.0 -2.789062 -15.401369
v 4.0 -2.789062 -15.090822
v 4.0 -2.962891 -15.368165
v 4.0 -3.3300781 -15.599611
v 3.0 -2.789062 -15.401369
v 3.0 -2.3300781 -14.502931
v 3.0 -2.0 -14.500001
v 3.0 -2.962891 -15.368165
v 3.0 -3.3300781 -15.599611
v 3.0 -2.789062 -15.090822
v 3.0 -3.0 -15.500001
v 3.0 -2.789062 -15.401369
v 3.0 -1.000001 -1.0
v 3.0 -2.000001 -1.0
v 3.0625 -1.625001 -1.0
v 3.3125 -1.937501 -1.0
v 4.0 -2.000001 -1.0
v 3.3125 -1.937501 -1.0
v 4.0 -2.000001 -1.0
v 4.0 -1.789063 -0.901367
v 3.5 -1.750001 -0.901367
v 3.0 -1.000001 -1.0
v 3.0625 -1.625001 -1.0
v 3.25 -1.437501 -0.901367
v 3.210938 -1.000001 -0.901367
v 3.210938 -1.000001 -0.901367
v 3.25 -1.437501 -0.901367
v 3.6699219 -1.000001 -0.0029289722
v 3.5 -1.750001 -0.901367
v 4.0 -1.3300791 -0.0029289722
v 4.0 -1.789063 -0.901367
v 4.0 -1.3300791 -0.0029289722
v 4.0 -1.000001 0.0
v 3.6699219 -1.000001 -0.0029289722
v 3.6699219 -0.33007896 -0.0029289722
v 3.6699219 -1.000001 -0.0029289722
v 4.0 -1.000001 0.0
v 4.0 -1.013279E-6 0.0
v 3.0 -0.33007896 -0.0029289722
v 3.6699219 -0.33007896 -0.0029289722
v 4.0 -1.013279E-6 0.0
v 3.0 -1.013279E-6 0.0
v 3.0 -0.33007896 -0.0029289722
v 3.0 -0.789063 -0.901367
v 3.6699219 -0.33007896 -0.0029289722
v 3.105469 -0.894532 -0.901367
v 3.210938 -1.000001 -0.901367
v 3.210938 -1.000001 -0.901367
v 3.105469 -0.894532 -0.901367
v 3.0 -1.000001 -1.0
v 3.0 -0.789063 -0.901367
v 3.6699219 -1.000001 -0.0029289722
v 3.6699219 -0.33007896 -0.0029289722
v 3.210938 -1.000001 -0.901367
v 7.0 7.210937 2.098633
v 7.0 7.669921 2.997071
v 3.0 7.669921 2.997071
v 3.0 7.210937 2.098633
v 7.0 7.999999 3.0
v 3.0 7.999999 3.0
v 7.0 7.210937 2.098633
v 3.0 7.210937 2.098633
v 3.0 6.999999 2.0
v 7.0 6.999999 2.0
v 5.0 10.0 3.0
v 3.0 10.0 3.0
v 3.0 9.0 3.0
v 5.0 9.0 3.0
v 4.0 14.0 1.0
v 3.0 14.0 1.0
v 3.0 13.0 1.0
v 4.0 13.0 1.0
v 4.0 -15.383789 -15.599612
v 4.0 -15.0625 -15.390628
v 4.0625 -15.0 -15.390628
v 4.383789 -15.0 -15.599612
v 4.0 -15.0 -15.090823
v 4.0 -14.383789 -15.599612
v 4.0 -14.0625 -15.390628
v 4.0625 -14.0 -15.390628
v 4.383789 -14.0 -15.599612
v 4.0 -14.0 -15.090823
v 4.0 -13.383789 -15.599612
v 4.0 -13.0625 -15.390628
v 4.0625 -13.0 -15.390628
v 4.383789 -13.0 -15.599612
v 4.0 -13.0 -15.090823
v 4.0 -12.383789 -15.599612
v 4.0 -12.0625 -15.390628
v 4.0625 -12.0 -15.390628
v 4.383789 -12.0 -15.599612
v 4.0 -12.0 -15.090823
v 4.0 -11.383789 -15.599612
v 4.0 -11.0625 -15.390628
v 4.0625 -11.0 -15.390628
v 4.383789 -11.0 -15.599612
v 4.0 -11.0 -15.090823
v 4.0 -10.383789 -15.599612
v 4.0 -10.0625 -15.390628
v 4.0625 -10.0 -15.390628
v 4.383789 -10.0 -15.599612
v 4.0 -10.0 -15.090823
v 4.0 -9.383789 -15.599612
v 4.0 -9.0625 -15.390628
v 4.0625 -9.0 -15.390628
v 4.383789 -9.0 -15.599612
v 4.0 -9.0 -15.090823
v 4.0 -8.383789 -15.599612
v 4.0 -8.0625 -15.390628
v 4.0625 -8.0 -15.390628
v 4.383789 -8.0 -15.599612
v 4.0 -8.0 -15.090823
v 4.0 -7.383789 -15.599612
v 4.0 -7.0625 -15.390628
v 4.0625 -7.0 -15.390628
v 4.383789 -7.0 -15.599612
v 4.0 -7.0 -15.090823
v 4.0 -6.383789 -15.599612
v 4.0 -6.0625 -15.390628
v 4.0625 -6.0 -15.390628
v 4.383789 -6.0 -15.599612
v 4.0 -6.0 -15.090823
v 4.0 -5.383789 -15.599612
v 4.0 -5.0625 -15.390628
v 4.0625 -5.0 -15.390628
v 4.383789 -5.0 -15.599612
v 4.0 -5.0 -15.090823
v 4.0 -4.383789 -15.599612
v 4.0 -4.0625 -15.390628
v 4.0625 -4.0 -15.390628
v 4.383789 -4.0 -15.599612
v 4.0 -4.0 -15.090823
v 4.210938 -3.0 -15.401369
v 4.25 -3.4375 -15.401369
v 4.669922 -3.0 -14.502931
v 4.5 -3.75 -15.401369
v 5.0 -3.3300781 -14.502931
v 5.0 -3.789063 -15.401369
v 5.0 -3.3300781 -14.502931
v 5.0 -3.0 -14.500002
v 4.669922 -3.0 -14.502931
v 4.210938 -3.0 -15.401369
v 4.0 -3.0 -15.500002
v 4.25 -3.4375 -15.401369
v 4.0625 -3.625 -15.500002
v 4.5 -3.75 -15.401369
v 4.3125 -3.9375 -15.500002
v 5.0 -3.789063 -15.401369
v 5.0 -4.0 -15.500002
v 3.829102 -3.6875 -15.599611
v 4.375 -4.233398 -15.599611
v 4.150391 -3.6875 -15.390627
v 4.375 -3.912109 -15.390627
v 4.336914 -3.625 -15.090822
v 4.4375 -3.725586 -15.090822
v 5.0 -3.790039 -15.090822
v 4.4375 -3.725586 -15.090822
v 5.0 -3.963867 -15.390627
v 4.375 -3.912109 -15.390627
v 5.0 -4.333008 -15.599611
v 4.375 -4.233398 -15.599611
v 4.336914 -3.625 -15.090822
v 4.211914 -3.0 -15.090822
v 4.150391 -3.6875 -15.390627
v 4.025391 -3.0 -15.390627
v 3.829102 -3.6875 -15.599611
v 3.704102 -3.0 -15.599611
v 4.0 -2.3300781 -14.502931
v 4.0 -2.789062 -15.401369
v 4.669922 -2.3300781 -14.502931
v 4.1054688 -2.894531 -15.401369
v 4.210938 -3.0 -15.401369
v 4.0 -3.0 -15.500002
v 5.0 -2.0 -14.500002
v 4.0 -2.0 -14.500002
v 4.669922 -3.0 -14.502931
v 5.0 -3.0 -14.500002
v 4.210938 -3.0 -15.090822
v 4.0 -2.789062 -15.090822
v 4.0 -3.0 -15.391556
v 5.0 -1.789063 -0.901367
v 5.0 -1.3300791 -0.0029289722
v 4.0 -1.3300791 -0.0029289722
v 4.0 -1.789063 -0.901367
v 5.0 -1.000001 0.0
v 4.0 -1.000001 0.0
v 5.0 -1.789063 -0.901367
v 4.0 -1.789063 -0.901367
v 4.0 -2.000001 -1.0
v 5.0 -2.000001 -1.0
v 12.0 0.0 0.0
v 4.0 0.0 0.0
v 4.0 -1.0 0.0
v 12.0 -1.0 0.0
v 8.0 9.0 2.0
v 4.0 9.0 2.0
v 4.0 8.0 2.0
v 8.0 8.0 2.0
v 5.0 14.0 3.0
v 4.0 14.0 3.0
v 4.0 10.0 3.0
v 5.0 10.0 3.0
v 5.0 15.0 1.0
v 4.0 15.0 1.0
v 4.0 14.0 1.0
v 5.0 14.0 1.0
v 5.0 -15.383789 -15.599612
v 5.0 -15.0625 -15.390628
v 5.0625 -15.0 -15.390628
v 5.383789 -15.0 -15.599612
v 5.0 -15.0 -15.090823
v 5.0 -14.383789 -15.599612
v 5.0 -14.0625 -15.390628
v 5.0625 -14.0 -15.390628
v 5.383789 -14.0 -15.599612
v 5.0 -14.0 -15.090823
v 5.0 -13.383789 -15.599612
v 5.0 -13.0625 -15.390628
v 5.0625 -13.0 -15.390628
v 5.383789 -13.0 -15.599612
v 5.0 -13.0 -15.090823
v 5.0 -12.383789 -15.599612
v 5.0 -12.0625 -15.390628
v 5.0625 -12.0 -15.390628
v 5.383789 -12.0 -15.599612
v 5.0 -12.0 -15.090823
v 5.0 -11.383789 -15.599612
v 5.0 -11.0625 -15.390628
v 5.0625 -11.0 -15.390628
v 5.383789 -11.0 -15.599612
v 5.0 -11.0 -15.090823
v 5.0 -10.383789 -15.599612
v 5.0 -10.0625 -15.390628
v 5.0625 -10.0 -15.390628
v 5.383789 -10.0 -15.599612
v 5.0 -10.0 -15.090823
v 5.0 -9.383789 -15.599612
v 5.0 -9.0625 -15.390628
v 5.0625 -9.0 -15.390628
v 5.383789 -9.0 -15.599612
v 5.0 -9.0 -15.090823
v 5.0 -8.383789 -15.599612
v 5.0 -8.0625 -15.390628
v 5.0625 -8.0 -15.390628
v 5.383789 -8.0 -15.599612
v 5.0 -8.0 -15.090823
v 5.0 -7.383789 -15.599612
v 5.0 -7.0625 -15.390628
v 5.0625 -7.0 -15.390628
v 5.383789 -7.0 -15.599612
v 5.0 -7.0 -15.090823
v 5.0 -6.383789 -15.599612
v 5.0 -6.0625 -15.390628
v 5.0625 -6.0 -15.390628
v 5.383789 -6.0 -15.599612
v 5.0 -6.0 -15.090823
v 5.0 -5.383789 -15.599612
v 5.0 -5.0625 -15.390628
v 5.0625 -5.0 -15.390628
v 5.383789 -5.0 -15.599612
v 5.0 -5.0 -15.090823
v 5.0 -4.383789 -15.599612
v 5.0 -4.0625 -15.390628
v 5.0625 -4.0 -15.390628
v 5.383789 -4.0 -15.599612
v 5.0 -4.0 -15.090823
v 11.0 -3.789062 -15.401369
v 11.0 -3.3300781 -14.502931
v 11.0 -3.0 -14.500001
v 11.0 -4.0 -15.500001
v 11.0 -3.789062 -15.401369
v 11.0 -3.789062 -15.090822
v 11.0 -3.962891 -15.368165
v 11.0 -4.330078 -15.599611
v 5.0 -3.789062 -15.401369
v 5.0 -3.3300781 -14.502931
v 5.0 -3.0 -14.500001
v 5.0 -3.962891 -15.368165
v 5.0 -4.330078 -15.599611
v 5.0 -3.789062 -15.090822
v 5.0 -4.0 -15.500001
v 5.0 -3.789062 -15.401369
v 5.0 -2.000001 -1.0
v 5.0 -3.000001 -1.0
v 5.0625 -2.625001 -1.0
v 5.3125 -2.937501 -1.0
v 6.0 -3.000001 -1.0
v 5.3125 -2.937501 -1.0
v 6.0 -3.000001 -1.0
v 6.0 -2.789063 -0.901367
v 5.5 -2.750001 -0.901367
v 5.0 -2.000001 -1.0
v 5.0625 -2.625001 -1.0
v 5.25 -2.437501 -0.901367
v 5.210938 -2.000001 -0.901367
v 5.210938 -2.000001 -0.901367
v 5.25 -2.437501 -0.901367
v 5.669922 -2.000001 -0.0029289722
v 5.5 -2.750001 -0.901367
v 6.0 -2.330079 -0.0029289722
v 6.0 -2.789063 -0.901367
v 6.0 -2.330079 -0.0029289722
v 6.0 -2.000001 0.0
v 5.669922 -2.000001 -0.0029289722
v 5.669922 -1.330079 -0.0029289722
v 5.669922 -2.000001 -0.0029289722
v 6.0 -2.000001 0.0
v 6.0 -1.000001 0.0
v 5.0 -1.330079 -0.0029289722
v 5.669922 -1.330079 -0.0029289722
v 6.0 -1.000001 0.0
v 5.0 -1.000001 0.0
v 5.0 -1.330079 -0.0029289722
v 5.0 -1.789063 -0.901367
v 5.669922 -1.330079 -0.0029289722
v 5.1054688 -1.894532 -0.901367
v 5.210938 -2.000001 -0.901367
v 5.210938 -2.000001 -0.901367
v 5.1054688 -1.894532 -0.901367
v 5.0 -2.000001 -1.0
v 5.0 -1.789063 -0.901367
v 5.669922 -2.000001 -0.0029289722
v 5.669922 -1.330079 -0.0029289722
v 5.210938 -2.000001 -0.901367
v 9.0 13.0 2.0
v 5.0 13.0 2.0
v 5.0 9.0 2.0
v 9.0 9.0 2.0
v 6.0 15.0 3.0
v 5.0 15.0 3.0
v 5.0 13.0 3.0
v 6.0 13.0 3.0
v 6.0 -15.383789 -15.599612
v 6.0 -15.0625 -15.390628
v 6.0625 -15.0 -15.390628
v 6.383789 -15.0 -15.599612
v 6.0 -15.0 -15.090823
v 6.0 -14.383789 -15.599612
v 6.0 -14.0625 -15.390628
v 6.0625 -14.0 -15.390628
v 6.383789 -14.0 -15.599612
v 6.0 -14.0 -15.090823
v 6.0 -13.383789 -15.599612
v 6.0 -13.0625 -15.390628
v 6.0625 -13.0 -15.390628
v 6.383789 -13.0 -15.599612
v 6.0 -13.0 -15.090823
v 6.0 -12.383789 -15.599612
v 6.0 -12.0625 -15.390628
v 6.0625 -12.0 -15.390628
v 6.383789 -12.0 -15.599612
v 6.0 -12.0 -15.090823
v 6.0 -11.383789 -15.599612
v 6.0 -11.0625 -15.390628
v 6.0625 -11.0 -15.390628
v 6.383789 -11.0 -15.599612
v 6.0 -11.0 -15.090823
v 6.0 -10.383789 -15.599612
v 6.0 -10.0625 -15.390628
v 6.0625 -10.0 -15.390628
v 6.383789 -10.0 -15.599612
v 6.0 -10.0 -15.090823
v 6.0 -9.383789 -15.599612
v 6.0 -9.0625 -15.390628
v 6.0625 -9.0 -15.390628
v 6.383789 -9.0 -15.599612
v 6.0 -9.0 -15.090823
v 6.0 -8.383789 -15.599612
v 6.0 -8.0625 -15.390628
v 6.0625 -8.0 -15.390628
v 6.383789 -8.0 -15.599612
v 6.0 -8.0 -15.090823
v 6.0 -7.383789 -15.599612
v 6.0 -7.0625 -15.390628
v 6.0625 -7.0 -15.390628
v 6.383789 -7.0 -15.599612
v 6.0 -7.0 -15.090823
v 6.0 -6.383789 -15.599612
v 6.0 -6.0625 -15.390628
v 6.0625 -6.0 -15.390628
v 6.383789 -6.0 -15.599612
v 6.0 -6.0 -15.090823
v 6.0 -5.383789 -15.599612
v 6.0 -5.0625 -15.390628
v 6.0625 -5.0 -15.390628
v 6.383789 -5.0 -15.599612
v 6.0 -5.0 -15.090823
v 6.0 -4.383789 -15.599612
v 6.0 -4.0625 -15.390628
v 6.0625 -4.0 -15.390628
v 6.383789 -4.0 -15.599612
v 6.0 -4.0 -15.090823
v 12.0 -2.789063 -0.901367
v 12.0 -2.330079 -0.0029289722
v 6.0 -2.330079 -0.0029289722
v 6.0 -2.789063 -0.901367
v 12.0 -2.000001 0.0
v 6.0 -2.000001 0.0
v 12.0 -2.789063 -0.901367
v 6.0 -2.789063 -0.901367
v 6.0 -3.000001 -1.0
v 12.0 -3.000001 -1.0
v 13.0 -1.0 0.0
v 6.0 -1.0 0.0
v 6.0 -2.0 0.0
v 13.0 -2.0 0.0
v 6.0 3.999999 0.0
v 6.0 2.999999 0.0
v 6.0625 3.374999 0.0
v 6.3125 3.062499 0.0
v 7.0 2.999999 0.0
v 6.3125 3.062499 0.0
v 7.0 2.999999 0.0
v 7.0 3.210937 0.09863299
v 6.5 3.249999 0.09863299
v 6.0 3.999999 0.0
v 6.0625 3.374999 0.0
v 6.25 3.562499 0.09863299
v 6.210938 3.999999 0.09863299
v 6.210938 3.999999 0.09863299
v 6.25 3.562499 0.09863299
v 6.669922 3.999999 0.997071
v 6.5 3.249999 0.09863299
v 7.0 3.669921 0.997071
v 7.0 3.210937 0.09863299
v 7.0 3.669921 0.997071
v 7.0 3.999999 1.0
v 6.669922 3.999999 0.997071
v 12.0 14.0 2.0
v 6.0 14.0 2.0
v 6.0 13.0 2.0
v 12.0 13.0 2.0
v 7.0 16.0 3.0
v 6.0 16.0 3.0
v 6.0 14.0 3.0
v 7.0 14.0 3.0
v 7.0 -15.383789 -15.599612
v 7.0 -15.0625 -15.390628
v 7.0625 -15.0 -15.390628
v 7.383789 -15.0 -15.599612
v 7.0 -15.0 -15.090823
v 7.0 -14.383789 -15.599612
v 7.0 -14.0625 -15.390628
v 7.0625 -14.0 -15.390628
v 7.383789 -14.0 -15.599612
v 7.0 -14.0 -15.090823
v 7.0 -13.383789 -15.599612
v 7.0 -13.0625 -15.390628
v 7.0625 -13.0 -15.390628
v 7.383789 -13.0 -15.599612
v 7.0 -13.0 -15.090823
v 7.0 -12.383789 -15.599612
v 7.0 -12.0625 -15.390628
v 7.0625 -12.0 -15.390628
v 7.383789 -12.0 -15.599612
v 7.0 -12.0 -15.090823
v 7.0 -11.383789 -15.599612
v 7.0 -11.0625 -15.390628
v 7.0625 -11.0 -15.390628
v 7.383789 -11.0 -15.599612
v 7.0 -11.0 -15.090823
v 7.0 -10.383789 -15.599612
v 7.0 -10.0625 -15.390628
v 7.0625 -10.0 -15.390628
v 7.383789 -10.0 -15.599612
v 7.0 -10.0 -15.090823
v 7.0 -9.383789 -15.599612
v 7.0 -9.0625 -15.390628
v 7.0625 -9.0 -15.390628
v 7.383789 -9.0 -15.599612
v 7.0 -9.0 -15.090823
v 7.0 -8.383789 -15.599612
v 7.0 -8.0625 -15.390628
v 7.0625 -8.0 -15.390628
v 7.383789 -8.0 -15.599612
v 7.0 -8.0 -15.090823
v 7.0 -7.383789 -15.599612
v 7.0 -7.0625 -15.390628
v 7.0625 -7.0 -15.390628
v 7.383789 -7.0 -15.599612
v 7.0 -7.0 -15.090823
v 7.0 -6.383789 -15.599612
v 7.0 -6.0625 -15.390628
v 7.0625 -6.0 -15.390628
v 7.383789 -6.0 -15.599612
v 7.0 -6.0 -15.090823
v 7.0 -5.383789 -15.599612
v 7.0 -5.0625 -15.390628
v 7.0625 -5.0 -15.390628
v 7.383789 -5.0 -15.599612
v 7.0 -5.0 -15.090823
v 7.0 -4.383789 -15.599612
v 7.0 -4.0625 -15.390628
v 7.0625 -4.0 -15.390628
v 7.383789 -4.0 -15.599612
v 7.0 -4.0 -15.090823
v 11.0 1.0 0.0
v 7.0 1.0 0.0
v 7.0 0.0 0.0
v 11.0 0.0 0.0
v 10.0 3.210937 0.09863299
v 10.0 3.669921 0.997071
v 7.0 3.669921 0.997071
v 7.0 3.210937 0.09863299
v 10.0 3.999999 1.0
v 7.0 3.999999 1.0
v 10.0 3.210937 0.09863299
v 7.0 3.210937 0.09863299
v 7.0 2.999999 0.0
v 10.0 2.999999 0.0
v 12.0 5.0 0.0
v 7.0 5.0 0.0
v 7.0 4.0 0.0
v 12.0 4.0 0.0
v 7.0 6.999999 0.0
v 7.0 5.999999 0.0
v 7.0625 6.374999 0.0
v 7.3125 6.062499 0.0
v 8.0 5.999999 0.0
v 7.3125 6.062499 0.0
v 8.0 5.999999 0.0
v 8.0 6.210937 0.09863299
v 7.5 6.249999 0.09863299
v 7.0 6.999999 0.0
v 7.0625 6.374999 0.0
v 7.25 6.562499 0.09863299
v 7.210938 6.999999 0.09863299
v 7.210938 6.999999 0.09863299
v 7.25 6.562499 0.09863299
v 7.669922 6.999999 0.997071
v 7.5 6.249999 0.09863299
v 8.0 6.669921 0.997071
v 8.0 6.210937 0.09863299
v 8.0 6.669921 0.997071
v 8.0 6.999999 1.0
v 7.669922 6.999999 0.997071
v 7.0 7.669921 2.997071
v 7.0 7.210937 2.098633
v 7.669922 7.669921 2.997071
v 7.1054688 7.105468 2.098633
v 7.210938 6.999999 2.098633
v 7.210938 6.999999 2.098633
v 7.1054688 7.105468 2.098633
v 7.0 6.999999 2.0
v 7.0 7.210937 2.098633
v 8.0 6.999999 3.0
v 8.0 7.999999 3.0
v 7.669922 7.669921 2.997071
v 7.669922 6.999999 2.997071
v 8.0 7.999999 3.0
v 7.0 7.999999 3.0
v 7.0 7.669921 2.997071
v 7.669922 7.669921 2.997071
v 7.669922 6.999999 2.997071
v 7.669922 7.669921 2.997071
v 7.210938 6.999999 2.098633
v 12.0 15.0 2.0
v 7.0 15.0 2.0
v 7.0 14.0 2.0
v 12.0 14.0 2.0
v 9.0 16.0 3.0
v 7.0 16.0 3.0
v 7.0 15.0 3.0
v 9.0 15.0 3.0
v 8.0 -15.383789 -15.599612
v 8.0 -15.0625 -15.390628
v 8.0625 -15.0 -15.390628
v 8.383789 -15.0 -15.599612
v 8.0 -15.0 -15.090823
v 8.0 -14.383789 -15.599612
v 8.0 -14.0625 -15.390628
v 8.0625 -14.0 -15.390628
v 8.383789 -14.0 -15.599612
v 8.0 -14.0 -15.090823
v 8.0 -13.383789 -15.599612
v 8.0 -13.0625 -15.390628
v 8.0625 -13.0 -15.390628
v 8.383789 -13.0 -15.599612
v 8.0 -13.0 -15.090823
v 8.0 -12.383789 -15.599612
v 8.0 -12.0625 -15.390628
v 8.0625 -12.0 -15.390628
v 8.383789 -12.0 -15.599612
v 8.0 -12.0 -15.090823
v 8.0 -11.383789 -15.599612
v 8.0 -11.0625 -15.390628
v 8.0625 -11.0 -15.390628
v 8.383789 -11.0 -15.599612
v 8.0 -11.0 -15.090823
v 8.0 -10.383789 -15.599612
v 8.0 -10.0625 -15.390628
v 8.0625 -10.0 -15.390628
v 8.383789 -10.0 -15.599612
v 8.0 -10.0 -15.090823
v 8.0 -9.383789 -15.599612
v 8.0 -9.0625 -15.390628
v 8.0625 -9.0 -15.390628
v 8.383789 -9.0 -15.599612
v 8.0 -9.0 -15.090823
v 8.0 -8.383789 -15.599612
v 8.0 -8.0625 -15.390628
v 8.0625 -8.0 -15.390628
v 8.383789 -8.0 -15.599612
v 8.0 -8.0 -15.090823
v 8.0 -7.383789 -15.599612
v 8.0 -7.0625 -15.390628
v 8.0625 -7.0 -15.390628
v 8.383789 -7.0 -15.599612
v 8.0 -7.0 -15.090823
v 8.0 -6.383789 -15.599612
v 8.0 -6.0625 -15.390628
v 8.0625 -6.0 -15.390628
v 8.383789 -6.0 -15.599612
v 8.0 -6.0 -15.090823
v 8.0 -5.383789 -15.599612
v 8.0 -5.0625 -15.390628
v 8.0625 -5.0 -15.390628
v 8.383789 -5.0 -15.599612
v 8.0 -5.0 -15.090823
v 8.0 -4.383789 -15.599612
v 8.0 -4.0625 -15.390628
v 8.0625 -4.0 -15.390628
v 8.383789 -4.0 -15.599612
v 8.0 -4.0 -15.090823
v 10.0 6.0 0.0
v 8.0 6.0 0.0
v 8.0 5.0 0.0
v 10.0 5.0 0.0
v 12.0 6.210937 0.09863299
v 12.0 6.669921 0.997071
v 8.0 6.669921 0.997071
v 8.0 6.210937 0.09863299
v 12.0 6.999999 1.0
v 8.0 6.999999 1.0
v 12.0 6.210937 0.09863299
v 8.0 6.210937 0.09863299
v 8.0 5.999999 0.0
v 12.0 5.999999 0.0
v 10.0 9.0 2.0
v 8.0 9.0 2.0
v 8.0 7.0 2.0
v 10.0 7.0 2.0
v 9.0 -15.383789 -15.599612
v 9.0 -15.0625 -15.390628
v 9.0625 -15.0 -15.390628
v 9.383789 -15.0 -15.599612
v 9.0 -15.0 -15.090823
v 9.0 -14.383789 -15.599612
v 9.0 -14.0625 -15.390628
v 9.0625 -14.0 -15.390628
v 9.383789 -14.0 -15.599612
v 9.0 -14.0 -15.090823
v 9.0 -13.383789 -15.599612
v 9.0 -13.0625 -15.390628
v 9.0625 -13.0 -15.390628
v 9.383789 -13.0 -15.599612
v 9.0 -13.0 -15.090823
v 9.0 -12.383789 -15.599612
v 9.0 -12.0625 -15.390628
v 9.0625 -12.0 -15.390628
v 9.383789 -12.0 -15.599612
v 9.0 -12.0 -15.090823
v 9.0 -11.383789 -15.599612
v 9.0 -11.0625 -15.390628
v 9.0625 -11.0 -15.390628
v 9.383789 -11.0 -15.599612
v 9.0 -11.0 -15.090823
v 9.0 -10.383789 -15.599612
v 9.0 -10.0625 -15.390628
v 9.0625 -10.0 -15.390628
v 9.383789 -10.0 -15.599612
v 9.0 -10.0 -15.090823
v 9.0 -9.383789 -15.599612
v 9.0 -9.0625 -15.390628
v 9.0625 -9.0 -15.390628
v 9.383789 -9.0 -15.599612
v 9.0 -9.0 -15.090823
v 9.0 -8.383789 -15.599612
v 9.0 -8.0625 -15.390628
v 9.0625 -8.0 -15.390628
v 9.383789 -8.0 -15.599612
v 9.0 -8.0 -15.090823
v 9.0 -7.383789 -15.599612
v 9.0 -7.0625 -15.390628
v 9.0625 -7.0 -15.390628
v 9.383789 -7.0 -15.599612
v 9.0 -7.0 -15.090823
v 9.0 -6.383789 -15.599612
v 9.0 -6.0625 -15.390628
v 9.0625 -6.0 -15.390628
v 9.383789 -6.0 -15.599612
v 9.0 -6.0 -15.090823
v 9.0 -5.383789 -15.599612
v 9.0 -5.0625 -15.390628
v 9.0625 -5.0 -15.390628
v 9.383789 -5.0 -15.599612
v 9.0 -5.0 -15.090823
v 9.0 -4.383789 -15.599612
v 9.0 -4.0625 -15.390628
v 9.0625 -4.0 -15.390628
v 9.383789 -4.0 -15.599612
v 9.0 -4.0 -15.090823
v 9.0 2.999999 0.0
v 9.0 1.999999 0.0
v 9.0625 2.374999 0.0
v 9.3125 2.062499 0.0
v 10.0 1.999999 0.0
v 9.3125 2.062499 0.0
v 10.0 1.999999 0.0
v 10.0 2.210937 0.09863299
v 9.5 2.249999 0.09863299
v 9.0 2.999999 0.0
v 9.0625 2.374999 0.0
v 9.25 2.562499 0.09863299
v 9.2109375 2.999999 0.09863299
v 9.2109375 2.999999 0.09863299
v 9.25 2.562499 0.09863299
v 9.669922 2.999999 0.997071
v 9.5 2.249999 0.09863299
v 10.0 2.669921 0.997071
v 10.0 2.210937 0.09863299
v 10.0 2.669921 0.997071
v 10.0 2.999999 1.0
v 9.669922 2.999999 0.997071
v 12.0 11.0 2.0
v 9.0 11.0 2.0
v 9.0 9.0 2.0
v 12.0 9.0 2.0
v 10.0 13.0 2.0
v 9.0 13.0 2.0
v 9.0 11.0 2.0
v 10.0 11.0 2.0
v 12.0 16.0 2.0
v 9.0 16.0 2.0
v 9.0 15.0 2.0
v 12.0 15.0 2.0
v 10.0 -15.383789 -15.599612
v 10.0 -15.0625 -15.390628
v 10.0625 -15.0 -15.390628
v 10.383789 -15.0 -15.599612
v 10.0 -15.0 -15.090823
v 10.0 -14.383789 -15.599612
v 10.0 -14.0625 -15.390628
v 10.0625 -14.0 -15.390628
v 10.383789 -14.0 -15.599612
v 10.0 -14.0 -15.090823
v 10.0 -13.383789 -15.599612
v 10.0 -13.0625 -15.390628
v 10.0625 -13.0 -15.390628
v 10.383789 -13.0 -15.599612
v 10.0 -13.0 -15.090823
v 10.0 -12.383789 -15.599612
v 10.0 -12.0625 -15.390628
v 10.0625 -12.0 -15.390628
v 10.383789 -12.0 -15.599612
v 10.0 -12.0 -15.090823
v 10.0 -11.383789 -15.599612
v 10.0 -11.0625 -15.390628
v 10.0625 -11.0 -15.390628
v 10.383789 -11.0 -15.599612
v 10.0 -11.0 -15.090823
v 10.0 -10.383789 -15.599612
v 10.0 -10.0625 -15.390628
v 10.0625 -10.0 -15.390628
v 10.383789 -10.0 -15.599612
v 10.0 -10.0 -15.090823
v 10.0 -9.383789 -15.599612
v 10.0 -9.0625 -15.390628
v 10.0625 -9.0 -15.390628
v 10.383789 -9.0 -15.599612
v 10.0 -9.0 -15.090823
v 10.0 -8.383789 -15.599612
v 10.0 -8.0625 -15.390628
v 10.0625 -8.0 -15.390628
v 10.383789 -8.0 -15.599612
v 10.0 -8.0 -15.090823
v 10.0 -7.383789 -15.599612
v 10.0 -7.0625 -15.390628
v 10.0625 -7.0 -15.390628
v 10.383789 -7.0 -15.599612
v 10.0 -7.0 -15.090823
v 10.0 -6.383789 -15.599612
v 10.0 -6.0625 -15.390628
v 10.0625 -6.0 -15.390628
v 10.383789 -6.0 -15.599612
v 10.0 -6.0 -15.090823
v 10.0 -5.383789 -15.599612
v 10.0 -5.0625 -15.390628
v 10.0625 -5.0 -15.390628
v 10.383789 -5.0 -15.599612
v 10.0 -5.0 -15.090823
v 10.0 -4.383789 -15.599612
v 10.0 -4.0625 -15.390628
v 10.0625 -4.0 -15.390628
v 10.383789 -4.0 -15.599612
v 10.0 -4.0 -15.090823
v 10.0 1.999999 0.0
v 10.0 0.999999 0.0
v 10.0625 1.374999 0.0
v 10.3125 1.062499 0.0
v 11.0 0.999999 0.0
v 10.3125 1.062499 0.0
v 11.0 0.999999 0.0
v 11.0 1.210937 0.09863299
v 10.5 1.249999 0.09863299
v 10.0 1.999999 0.0
v 10.0625 1.374999 0.0
v 10.25 1.562499 0.09863299
v 10.2109375 1.999999 0.09863299
v 10.2109375 1.999999 0.09863299
v 10.25 1.562499 0.09863299
v 10.669922 1.999999 0.997071
v 10.5 1.249999 0.09863299
v 11.0 1.6699209 0.997071
v 11.0 1.210937 0.09863299
v 11.0 1.6699209 0.997071
v 11.0 1.999999 1.0
v 10.669922 1.999999 0.997071
v 11.0 2.210937 0.09863299
v 11.0 2.669921 0.997071
v 10.0 2.669921 0.997071
v 10.0 2.210937 0.09863299
v 11.0 2.999999 1.0
v 10.0 2.999999 1.0
v 11.0 2.210937 0.09863299
v 10.0 2.210937 0.09863299
v 10.0 1.999999 0.0
v 11.0 1.999999 0.0
v 13.0 4.0 0.0
v 10.0 4.0 0.0
v 10.0 3.0 0.0
v 13.0 3.0 0.0
v 10.0 5.999999 0.0
v 10.0 4.999999 0.0
v 10.0625 5.374999 0.0
v 10.3125 5.062499 0.0
v 11.0 4.999999 0.0
v 10.3125 5.062499 0.0
v 11.0 4.999999 0.0
v 11.0 5.210937 0.09863299
v 10.5 5.249999 0.09863299
v 10.0 5.999999 0.0
v 10.0625 5.374999 0.0
v 10.25 5.562499 0.09863299
v 10.2109375 5.999999 0.09863299
v 10.2109375 5.999999 0.09863299
v 10.25 5.562499 0.09863299
v 10.669922 5.999999 0.997071
v 10.5 5.249999 0.09863299
v 11.0 5.669921 0.997071
v 11.0 5.210937 0.09863299
v 11.0 5.669921 0.997071
v 11.0 5.999999 1.0
v 10.669922 5.999999 0.997071
v 15.0 8.0 3.0
v 10.0 8.0 3.0
v 10.0 7.0 3.0
v 15.0 7.0 3.0
v 11.0 9.0 2.0
v 10.0 9.0 2.0
v 10.0 8.0 2.0
v 11.0 8.0 2.0
v 13.0 12.0 2.0
v 10.0 12.0 2.0
v 10.0 11.0 2.0
v 13.0 11.0 2.0
v 11.0 13.0 2.0
v 10.0 13.0 2.0
v 10.0 12.0 2.0
v 11.0 12.0 2.0
v 11.0 -15.383789 -15.599612
v 11.0 -15.0625 -15.390628
v 11.0625 -15.0 -15.390628
v 11.383789 -15.0 -15.599612
v 11.0 -15.0 -15.090823
v 11.0 -14.383789 -15.599612
v 11.0 -14.0625 -15.390628
v 11.0625 -14.0 -15.390628
v 11.383789 -14.0 -15.599612
v 11.0 -14.0 -15.090823
v 11.0 -13.383789 -15.599612
v 11.0 -13.0625 -15.390628
v 11.0625 -13.0 -15.390628
v 11.383789 -13.0 -15.599612
v 11.0 -13.0 -15.090823
v 11.0 -12.383789 -15.599612
v 11.0 -12.0625 -15.390628
v 11.0625 -12.0 -15.390628
v 11.383789 -12.0 -15.599612
v 11.0 -12.0 -15.090823
v 11.0 -11.383789 -15.599612
v 11.0 -11.0625 -15.390628
v 11.0625 -11.0 -15.390628
v 11.383789 -11.0 -15.599612
v 11.0 -11.0 -15.090823
v 11.0 -10.383789 -15.599612
v 11.0 -10.0625 -15.390628
v 11.0625 -10.0 -15.390628
v 11.383789 -10.0 -15.599612
v 11.0 -10.0 -15.090823
v 11.0 -9.383789 -15.599612
v 11.0 -9.0625 -15.390628
v 11.0625 -9.0 -15.390628
v 11.383789 -9.0 -15.599612
v 11.0 -9.0 -15.090823
v 11.0 -8.383789 -15.599612
v 11.0 -8.0625 -15.390628
v 11.0625 -8.0 -15.390628
v 11.383789 -8.0 -15.599612
v 11.0 -8.0 -15.090823
v 11.0 -7.383789 -15.599612
v 11.0 -7.0625 -15.390628
v 11.0625 -7.0 -15.390628
v 11.383789 -7.0 -15.599612
v 11.0 -7.0 -15.090823
v 11.0 -6.383789 -15.599612
v 11.0 -6.0625 -15.390628
v 11.0625 -6.0 -15.390628
v 11.383789 -6.0 -15.599612
v 11.0 -6.0 -15.090823
v 11.0 -5.383789 -15.599612
v 11.0 -5.0625 -15.390628
v 11.0625 -5.0 -15.390628
v 11.383789 -5.0 -15.599612
v 11.0 -5.0 -15.090823
v 11.2109375 -4.0 -15.401369
v 11.25 -4.4375 -15.401369
v 11.669922 -4.0 -14.502931
v 11.5 -4.75 -15.401369
v 12.0 -4.330078 -14.502931
v 12.0 -4.789063 -15.401369
v 12.0 -4.330078 -14.502931
v 12.0 -4.0 -14.500002
v 11.669922 -4.0 -14.502931
v 11.2109375 -4.0 -15.401369
v 11.0 -4.0 -15.500002
v 11.25 -4.4375 -15.401369
v 11.0625 -4.625 -15.500002
v 11.5 -4.75 -15.401369
v 11.3125 -4.9375 -15.500002
v 12.0 -4.789063 -15.401369
v 12.0 -5.0 -15.500002
v 10.829102 -4.6875 -15.599611
v 11.375 -5.233398 -15.599611
v 11.150391 -4.6875 -15.390627
v 11.375 -4.912109 -15.390627
v 11.336914 -4.625 -15.090822
v 11.4375 -4.725586 -15.090822
v 12.0 -4.790039 -15.090822
v 11.4375 -4.725586 -15.090822
v 12.0 -4.963867 -15.390627
v 11.375 -4.912109 -15.390627
v 12.0 -5.333008 -15.599611
v 11.375 -5.233398 -15.599611
v 11.336914 -4.625 -15.090822
v 11.211914 -4.0 -15.090822
v 11.150391 -4.6875 -15.390627
v 11.025391 -4.0 -15.390627
v 10.829102 -4.6875 -15.599611
v 10.704102 -4.0 -15.599611
v 11.0 -3.3300781 -14.502931
v 11.0 -3.789062 -15.401369
v 11.669922 -3.3300781 -14.502931
v 11.105469 -3.894531 -15.401369
v 11.2109375 -4.0 -15.401369
v 11.0 -4.0 -15.500002
v 12.0 -3.0 -14.500002
v 11.0 -3.0 -14.500002
v 11.669922 -4.0 -14.502931
v 12.0 -4.0 -14.500002
v 11.2109375 -4.0 -15.090822
v 11.0 -3.789062 -15.090822
v 11.0 -4.0 -15.391556
v 11.0 0.999999 0.0
v 11.0 -1.013279E-6 0.0
v 11.0625 0.374999 0.0
v 11.3125 0.062498987 0.0
v 12.0 -1.013279E-6 0.0
v 11.3125 0.062498987 0.0
v 12.0 -1.013279E-6 0.0
v 12.0 0.210937 0.09863299
v 11.5 0.24999899 0.09863299
v 11.0 0.999999 0.0
v 11.0625 0.374999 0.0
v 11.25 0.562499 0.09863299
v 11.2109375 0.999999 0.09863299
v 11.2109375 0.999999 0.09863299
v 11.25 0.562499 0.09863299
v 11.669922 0.999999 0.997071
v 11.5 0.24999899 0.09863299
v 12.0 0.669921 0.997071
v 12.0 0.210937 0.09863299
v 12.0 0.669921 0.997071
v 12.0 0.999999 1.0
v 11.669922 0.999999 0.997071
v 12.0 1.210937 0.09863299
v 12.0 1.6699209 0.997071
v 11.0 1.6699209 0.997071
v 11.0 1.210937 0.09863299
v 12.0 1.999999 1.0
v 11.0 1.999999 1.0
v 12.0 1.210937 0.09863299
v 11.0 1.210937 0.09863299
v 11.0 0.999999 0.0
v 12.0 0.999999 0.0
v 13.0 3.0 0.0
v 11.0 3.0 0.0
v 11.0 2.0 0.0
v 13.0 2.0 0.0
v 13.0 5.210937 0.09863299
v 13.0 5.669921 0.997071
v 11.0 5.669921 0.997071
v 11.0 5.210937 0.09863299
v 13.0 5.999999 1.0
v 11.0 5.999999 1.0
v 13.0 5.210937 0.09863299
v 11.0 5.210937 0.09863299
v 11.0 4.999999 0.0
v 13.0 4.999999 0.0
v 16.0 9.0 3.0
v 11.0 9.0 3.0
v 11.0 8.0 3.0
v 16.0 8.0 3.0
v 14.0 13.0 2.0
v 11.0 13.0 2.0
v 11.0 12.0 2.0
v 14.0 12.0 2.0
v 12.0 -15.383789 -15.599612
v 12.0 -15.0625 -15.390628
v 12.0625 -15.0 -15.390628
v 12.383789 -15.0 -15.599612
v 12.0 -15.0 -15.090823
v 12.0 -14.383789 -15.599612
v 12.0 -14.0625 -15.390628
v 12.0625 -14.0 -15.390628
v 12.383789 -14.0 -15.599612
v 12.0 -14.0 -15.090823
v 12.0 -13.383789 -15.599612
v 12.0 -13.0625 -15.390628
v 12.0625 -13.0 -15.390628
v 12.383789 -13.0 -15.599612
v 12.0 -13.0 -15.090823
v 12.0 -12.383789 -15.599612
v 12.0 -12.0625 -15.390628
v 12.0625 -12.0 -15.390628
v 12.383789 -12.0 -15.599612
v 12.0 -12.0 -15.090823
v 12.0 -11.383789 -15.599612
v 12.0 -11.0625 -15.390628
v 12.0625 -11.0 -15.390628
v 12.383789 -11.0 -15.599612
v 12.0 -11.0 -15.090823
v 12.0 -10.383789 -15.599612
v 12.0 -10.0625 -15.390628
v 12.0625 -10.0 -15.390628
v 12.383789 -10.0 -15.599612
v 12.0 -10.0 -15.090823
v 12.0 -9.383789 -15.599612
v 12.0 -9.0625 -15.390628
v 12.0625 -9.0 -15.390628
v 12.383789 -9.0 -15.599612
v 12.0 -9.0 -15.090823
v 12.0 -8.383789 -15.599612
v 12.0 -8.0625 -15.390628
v 12.0625 -8.0 -15.390628
v 12.383789 -8.0 -15.599612
v 12.0 -8.0 -15.090823
v 12.0 -7.383789 -15.599612
v 12.0 -7.0625 -15.390628
v 12.0625 -7.0 -15.390628
v 12.383789 -7.0 -15.599612
v 12.0 -7.0 -15.090823
v 12.0 -6.383789 -15.599612
v 12.0 -6.0625 -15.390628
v 12.0625 -6.0 -15.390628
v 12.383789 -6.0 -15.599612
v 12.0 -6.0 -15.090823
v 12.0 -5.383789 -15.599612
v 12.0 -5.0625 -15.390628
v 12.0625 -5.0 -15.390628
v 12.383789 -5.0 -15.599612
v 12.0 -5.0 -15.090823
v 13.0 -4.789062 -15.401369
v 13.0 -4.330078 -14.502931
v 13.0 -4.0 -14.500001
v 13.0 -5.0 -15.500001
v 13.0 -4.789062 -15.401369
v 13.0 -4.789062 -15.090822
v 13.0 -4.962891 -15.368165
v 13.0 -5.330078 -15.599611
v 12.0 -4.789062 -15.401369
v 12.0 -4.330078 -14.502931
v 12.0 -4.0 -14.500001
v 12.0 -4.962891 -15.368165
v 12.0 -5.330078 -15.599611
v 12.0 -4.789062 -15.090822
v 12.0 -5.0 -15.500001
v 12.0 -4.789062 -15.401369
v 12.0 -3.000001 -1.0
v 12.0 -4.000001 -1.0
v 12.0625 -3.625001 -1.0
v 12.3125 -3.937501 -1.0
v 13.0 -4.000001 -1.0
v 12.3125 -3.937501 -1.0
v 13.0 -4.000001 -1.0
v 13.0 -3.789063 -0.901367
v 12.5 -3.750001 -0.901367
v 12.0 -3.000001 -1.0
v 12.0625 -3.625001 -1.0
v 12.25 -3.437501 -0.901367
v 12.2109375 -3.000001 -0.901367
v 12.2109375 -3.000001 -0.901367
v 12.25 -3.437501 -0.901367
v 12.669922 -3.000001 -0.0029289722
v 12.5 -3.750001 -0.901367
v 13.0 -3.330079 -0.0029289722
v 13.0 -3.789063 -0.901367
v 13.0 -3.330079 -0.0029289722
v 13.0 -3.000001 0.0
v 12.669922 -3.000001 -0.0029289722
v 12.669922 -2.330079 -0.0029289722
v 12.669922 -3.000001 -0.0029289722
v 13.0 -3.000001 0.0
v 13.0 -2.000001 0.0
v 12.0 -2.330079 -0.0029289722
v 12.669922 -2.330079 -0.0029289722
v 13.0 -2.000001 0.0
v 12.0 -2.000001 0.0
v 12.0 -2.330079 -0.0029289722
v 12.0 -2.789063 -0.901367
v 12.669922 -2.330079 -0.0029289722
v 12.105469 -2.894532 -0.901367
v 12.2109375 -3.000001 -0.901367
v 12.2109375 -3.000001 -0.901367
v 12.105469 -2.894532 -0.901367
v 12.0 -3.000001 -1.0
v 12.0 -2.789063 -0.901367
v 12.669922 -3.000001 -0.0029289722
v 12.669922 -2.330079 -0.0029289722
v 12.2109375 -3.000001 -0.901367
v 12.0 -1.013279E-6 0.0
v 12.0 -1.000001 0.0
v 12.0625 -0.625001 0.0
v 12.3125 -0.937501 0.0
v 13.0 -1.000001 0.0
v 12.3125 -0.937501 0.0
v 13.0 -1.000001 0.0
v 13.0 -0.789063 0.09863299
v 12.5 -0.750001 0.09863299
v 12.0 -1.013279E-6 0.0
v 12.0625 -0.625001 0.0
v 12.25 -0.437501 0.09863299
v 12.2109375 -1.013279E-6 0.09863299
v 12.2109375 -1.013279E-6 0.09863299
v 12.25 -0.437501 0.09863299
v 12.669922 -1.013279E-6 0.997071
v 12.5 -0.750001 0.09863299
v 13.0 -0.33007902 0.997071
v 13.0 -0.789063 0.09863299
v 13.0 -0.33007902 0.997071
v 13.0 -1.013279E-6 1.0
v 12.669922 -1.013279E-6 0.997071
v 13.0 0.210937 0.09863299
v 13.0 0.669921 0.997071
v 12.0 0.669921 0.997071
v 12.0 0.210937 0.09863299
v 13.0 0.999999 1.0
v 12.0 0.999999 1.0
v 13.0 0.210937 0.09863299
v 12.0 0.210937 0.09863299
v 12.0 -1.013279E-6 0.0
v 13.0 -1.013279E-6 0.0
v 13.0 2.0 0.0
v 12.0 2.0 0.0
v 12.0 1.0 0.0
v 13.0 1.0 0.0
v 12.0 4.999999 0.0
v 12.0 3.999999 0.0
v 12.0625 4.374999 0.0
v 12.3125 4.062499 0.0
v 13.0 3.999999 0.0
v 12.3125 4.062499 0.0
v 13.0 3.999999 0.0
v 13.0 4.210937 0.09863299
v 12.5 4.249999 0.09863299
v 12.0 4.999999 0.0
v 12.0625 4.374999 0.0
v 12.25 4.562499 0.09863299
v 12.2109375 4.999999 0.09863299
v 12.2109375 4.999999 0.09863299
v 12.25 4.562499 0.09863299
v 12.669922 4.999999 0.997071
v 12.5 4.249999 0.09863299
v 13.0 4.669921 0.997071
v 13.0 4.210937 0.09863299
v 13.0 4.669921 0.997071
v 13.0 4.999999 1.0
v 12.669922 4.999999 0.997071
v 15.0 7.0 3.0
v 12.0 7.0 3.0
v 12.0 6.0 3.0
v 15.0 6.0 3.0
v 16.0 11.0 3.0
v 12.0 11.0 3.0
v 12.0 9.0 3.0
v 16.0 9.0 3.0
v 15.0 15.0 2.0
v 12.0 15.0 2.0
v 12.0 13.0 2.0
v 15.0 13.0 2.0
v 12.330079 15.0 2.997071
v 12.7890625 15.0 2.098633
v 12.330079 15.669922 2.997071
v 12.894532 15.105469 2.098633
v 13.000001 15.210938 2.098633
v 13.000001 15.210938 2.098633
v 12.894532 15.105469 2.098633
v 13.000001 15.0 2.0
v 12.7890625 15.0 2.098633
v 13.000001 16.0 3.0
v 12.000001 16.0 3.0
v 12.330079 15.669922 2.997071
v 13.000001 15.669922 2.997071
v 12.000001 16.0 3.0
v 12.000001 15.0 3.0
v 12.330079 15.0 2.997071
v 12.330079 15.669922 2.997071
v 13.000001 15.669922 2.997071
v 12.330079 15.669922 2.997071
v 13.000001 15.210938 2.098633
v 13.0 -15.383789 -15.599612
v 13.0 -15.0625 -15.390628
v 13.0625 -15.0 -15.390628
v 13.383789 -15.0 -15.599612
v 13.0 -15.0 -15.090823
v 13.0 -14.383789 -15.599612
v 13.0 -14.0625 -15.390628
v 13.0625 -14.0 -15.390628
v 13.383789 -14.0 -15.599612
v 13.0 -14.0 -15.090823
v 13.0 -13.383789 -15.599612
v 13.0 -13.0625 -15.390628
v 13.0625 -13.0 -15.390628
v 13.383789 -13.0 -15.599612
v 13.0 -13.0 -15.090823
v 13.0 -12.383789 -15.599612
v 13.0 -12.0625 -15.390628
v 13.0625 -12.0 -15.390628
v 13.383789 -12.0 -15.599612
v 13.0 -12.0 -15.090823
v 13.0 -11.383789 -15.599612
v 13.0 -11.0625 -15.390628
v 13.0625 -11.0 -15.390628
v 13.383789 -11.0 -15.599612
v 13.0 -11.0 -15.090823
v 13.0 -10.383789 -15.599612
v 13.0 -10.0625 -15.390628
v 13.0625 -10.0 -15.390628
v 13.383789 -10.0 -15.599612
v 13.0 -10.0 -15.090823
v 13.0 -9.383789 -15.599612
v 13.0 -9.0625 -15.390628
v 13.0625 -9.0 -15.390628
v 13.383789 -9.0 -15.599612
v 13.0 -9.0 -15.090823
v 13.0 -8.383789 -15.599612
v 13.0 -8.0625 -15.390628
v 13.0625 -8.0 -15.390628
v 13.383789 -8.0 -15.599612
v 13.0 -8.0 -15.090823
v 13.0 -7.383789 -15.599612
v 13.0 -7.0625 -15.390628
v 13.0625 -7.0 -15.390628
v 13.383789 -7.0 -15.599612
v 13.0 -7.0 -15.090823
v 13.0 -6.383789 -15.599612
v 13.0 -6.0625 -15.390628
v 13.0625 -6.0 -15.390628
v 13.383789 -6.0 -15.599612
v 13.0 -6.0 -15.090823
v 13.2109375 -5.0 -15.401369
v 13.25 -5.4375 -15.401369
v 13.669922 -5.0 -14.502931
v 13.5 -5.75 -15.401369
v 14.0 -5.330078 -14.502931
v 14.0 -5.789063 -15.401369
v 14.0 -5.330078 -14.502931
v 14.0 -5.0 -14.500002
v 13.669922 -5.0 -14.502931
v 13.2109375 -5.0 -15.401369
v 13.0 -5.0 -15.500002
v 13.25 -5.4375 -15.401369
v 13.0625 -5.625 -15.500002
v 13.5 -5.75 -15.401369
v 13.3125 -5.9375 -15.500002
v 14.0 -5.789063 -15.401369
v 14.0 -6.0 -15.500002
v 12.829102 -5.6875 -15.599611
v 13.375 -6.233398 -15.599611
v 13.150391 -5.6875 -15.390627
v 13.375 -5.912109 -15.390627
v 13.336914 -5.625 -15.090822
v 13.4375 -5.725586 -15.090822
v 14.0 -5.790039 -15.090822
v 13.4375 -5.725586 -15.090822
v 14.0 -5.963867 -15.390627
v 13.375 -5.912109 -15.390627
v 14.0 -6.333008 -15.599611
v 13.375 -6.233398 -15.599611
v 13.336914 -5.625 -15.090822
v 13.211914 -5.0 -15.090822
v 13.150391 -5.6875 -15.390627
v 13.025391 -5.0 -15.390627
v 12.829102 -5.6875 -15.599611
v 12.704102 -5.0 -15.599611
v 13.0 -4.330078 -14.502931
v 13.0 -4.789062 -15.401369
v 13.669922 -4.330078 -14.502931
v 13.105469 -4.8945312 -15.401369
v 13.2109375 -5.0 -15.401369
v 13.0 -5.0 -15.500002
v 14.0 -4.0 -14.500002
v 13.0 -4.0 -14.500002
v 13.669922 -5.0 -14.502931
v 14.0 -5.0 -14.500002
v 13.2109375 -5.0 -15.090822
v 13.0 -4.789062 -15.090822
v 13.0 -5.0 -15.391556
v 14.0 -3.789063 -0.901367
v 14.0 -3.330079 -0.0029289722
v 13.0 -3.330079 -0.0029289722
v 13.0 -3.789063 -0.901367
v 14.0 -3.000001 0.0
v 13.0 -3.000001 0.0
v 14.0 -3.789063 -0.901367
v 13.0 -3.789063 -0.901367
v 13.0 -4.000001 -1.0
v 14.0 -4.000001 -1.0
v 15.0 -2.0 0.0
v 13.0 -2.0 0.0
v 13.0 -3.0 0.0
v 15.0 -3.0 0.0
v 13.0 -1.000001 0.0
v 13.0 -2.000001 0.0
v 13.0625 -1.625001 0.0
v 13.3125 -1.937501 0.0
v 14.0 -2.000001 0.0
v 13.3125 -1.937501 0.0
v 14.0 -2.000001 0.0
v 14.0 -1.789063 0.09863299
v 13.5 -1.750001 0.09863299
v 13.0 -1.000001 0.0
v 13.0625 -1.625001 0.0
v 13.25 -1.437501 0.09863299
v 13.2109375 -1.000001 0.09863299
v 13.2109375 -1.000001 0.09863299
v 13.25 -1.437501 0.09863299
v 13.669922 -1.000001 0.997071
v 13.5 -1.750001 0.09863299
v 14.0 -1.3300791 0.997071
v 14.0 -1.789063 0.09863299
v 14.0 -1.3300791 0.997071
v 14.0 -1.000001 1.0
v 13.669922 -1.000001 0.997071
v 14.0 -0.789063 0.09863299
v 14.0 -0.33007902 0.997071
v 13.0 -0.33007902 0.997071
v 13.0 -0.789063 0.09863299
v 14.0 -1.013279E-6 1.0
v 13.0 -1.013279E-6 1.0
v 14.0 -0.789063 0.09863299
v 13.0 -0.789063 0.09863299
v 13.0 -1.000001 0.0
v 14.0 -1.000001 0.0
v 14.0 1.0 0.0
v 13.0 1.0 0.0
v 13.0 0.0 0.0
v 14.0 0.0 0.0
v 13.0 1.999999 0.0
v 13.0 0.999999 0.0
v 13.0625 1.374999 0.0
v 13.3125 1.062499 0.0
v 14.0 0.999999 0.0
v 13.3125 1.062499 0.0
v 14.0 0.999999 0.0
v 14.0 1.210937 0.09863299
v 13.5 1.249999 0.09863299
v 13.0 1.999999 0.0
v 13.0625 1.374999 0.0
v 13.25 1.562499 0.09863299
v 13.2109375 1.999999 0.09863299
v 13.2109375 1.999999 0.09863299
v 13.25 1.562499 0.09863299
v 13.669922 1.999999 0.997071
v 13.5 1.249999 0.09863299
v 14.0 1.6699209 0.997071
v 14.0 1.210937 0.09863299
v 14.0 1.6699209 0.997071
v 14.0 1.999999 1.0
v 13.669922 1.999999 0.997071
v 14.0 2.210937 0.09863299
v 14.0 2.669921 0.997071
v 13.0 2.669921 0.997071
v 13.0 2.210937 0.09863299
v 14.0 2.999999 1.0
v 13.0 2.999999 1.0
v 14.0 2.210937 0.09863299
v 13.0 2.210937 0.09863299
v 13.0 1.999999 0.0
v 14.0 1.999999 0.0
v 14.0 3.210937 0.09863299
v 14.0 3.669921 0.997071
v 13.0 3.669921 0.997071
v 13.0 3.210937 0.09863299
v 14.0 3.999999 1.0
v 13.0 3.999999 1.0
v 14.0 3.210937 0.09863299
v 13.0 3.210937 0.09863299
v 13.0 2.999999 0.0
v 14.0 2.999999 0.0
v 14.0 4.210937 0.09863299
v 14.0 4.669921 0.997071
v 13.0 4.669921 0.997071
v 13.0 4.210937 0.09863299
v 14.0 4.999999 1.0
v 13.0 4.999999 1.0
v 14.0 4.210937 0.09863299
v 13.0 4.210937 0.09863299
v 13.0 3.999999 0.0
v 14.0 3.999999 0.0
v 15.0 6.0 3.0
v 13.0 6.0 3.0
v 13.0 5.0 3.0
v 15.0 5.0 3.0
v 16.0 12.0 3.0
v 13.0 12.0 3.0
v 13.0 11.0 3.0
v 16.0 11.0 3.0
v 13.000001 15.0 2.0
v 14.000001 15.0 2.0
v 13.625001 15.0625 2.0
v 13.937501 15.3125 2.0
v 14.000001 16.0 2.0
v 13.000001 15.2109375 2.098633
v 13.437501 15.25 2.098633
v 13.000001 15.669922 2.997071
v 13.750001 15.5 2.098633
v 13.330079 16.0 2.997071
v 13.7890625 16.0 2.098633
v 13.330079 16.0 2.997071
v 13.000001 16.0 3.0
v 13.000001 15.669922 2.997071
v 13.937501 15.3125 2.0
v 14.000001 16.0 2.0
v 13.7890625 16.0 2.098633
v 13.750001 15.5 2.098633
v 13.000001 15.0 2.0
v 13.625001 15.0625 2.0
v 13.437501 15.25 2.098633
v 13.000001 15.2109375 2.098633
v 14.0 -15.383789 -15.599612
v 14.0 -15.0625 -15.390628
v 14.0625 -15.0 -15.390628
v 14.383789 -15.0 -15.599612
v 14.0 -15.0 -15.090823
v 14.0 -14.383789 -15.599612
v 14.0 -14.0625 -15.390628
v 14.0625 -14.0 -15.390628
v 14.383789 -14.0 -15.599612
v 14.0 -14.0 -15.090823
v 14.0 -13.383789 -15.599612
v 14.0 -13.0625 -15.390628
v 14.0625 -13.0 -15.390628
v 14.383789 -13.0 -15.599612
v 14.0 -13.0 -15.090823
v 14.0 -12.383789 -15.599612
v 14.0 -12.0625 -15.390628
v 14.0625 -12.0 -15.390628
v 14.383789 -12.0 -15.599612
v 14.0 -12.0 -15.090823
v 14.0 -11.383789 -15.599612
v 14.0 -11.0625 -15.390628
v 14.0625 -11.0 -15.390628
v 14.383789 -11.0 -15.599612
v 14.0 -11.0 -15.090823
v 14.0 -10.383789 -15.599612
v 14.0 -10.0625 -15.390628
v 14.0625 -10.0 -15.390628
v 14.383789 -10.0 -15.599612
v 14.0 -10.0 -15.090823
v 14.0 -9.383789 -15.599612
v 14.0 -9.0625 -15.390628
v 14.0625 -9.0 -15.390628
v 14.383789 -9.0 -15.599612
v 14.0 -9.0 -15.090823
v 14.0 -8.383789 -15.599612
v 14.0 -8.0625 -15.390628
v 14.0625 -8.0 -15.390628
v 14.383789 -8.0 -15.599612
v 14.0 -8.0 -15.090823
v 14.0 -7.383789 -15.599612
v 14.0 -7.0625 -15.390628
v 14.0625 -7.0 -15.390628
v 14.383789 -7.0 -15.599612
v 14.0 -7.0 -15.090823
v 14.0 -6.383789 -15.599612
v 14.0 -6.0625 -15.390628
v 14.0625 -6.0 -15.390628
v 14.383789 -6.0 -15.599612
v 14.0 -6.0 -15.090823
v 16.0 -5.789062 -15.401369
v 16.0 -5.330078 -14.502931
v 16.0 -5.0 -14.500001
v 16.0 -6.0 -15.500001
v 16.0 -5.789062 -15.401369
v 16.0 -5.789062 -15.090822
v 16.0 -5.962891 -15.368165
v 16.0 -6.330078 -15.599611
v 14.0 -5.789062 -15.401369
v 14.0 -5.330078 -14.502931
v 14.0 -5.0 -14.500001
v 14.0 -5.962891 -15.368165
v 14.0 -6.330078 -15.599611
v 14.0 -5.789062 -15.090822
v 14.0 -6.0 -15.500001
v 14.0 -5.789062 -15.401369
v 14.0 -4.000001 -1.0
v 14.0 -5.000001 -1.0
v 14.0625 -4.625001 -1.0
v 14.3125 -4.937501 -1.0
v 15.0 -5.000001 -1.0
v 14.3125 -4.937501 -1.0
v 15.0 -5.000001 -1.0
v 15.0 -4.789063 -0.901367
v 14.5 -4.750001 -0.901367
v 14.0 -4.000001 -1.0
v 14.0625 -4.625001 -1.0
v 14.25 -4.437501 -0.901367
v 14.2109375 -4.000001 -0.901367
v 14.2109375 -4.000001 -0.901367
v 14.25 -4.437501 -0.901367
v 14.669922 -4.000001 -0.0029289722
v 14.5 -4.750001 -0.901367
v 15.0 -4.330079 -0.0029289722
v 15.0 -4.789063 -0.901367
v 15.0 -4.330079 -0.0029289722
v 15.0 -4.000001 0.0
v 14.669922 -4.000001 -0.0029289722
v 14.669922 -3.330079 -0.0029289722
v 14.669922 -4.000001 -0.0029289722
v 15.0 -4.000001 0.0
v 15.0 -3.000001 0.0
v 14.0 -3.330079 -0.0029289722
v 14.669922 -3.330079 -0.0029289722
v 15.0 -3.000001 0.0
v 14.0 -3.000001 0.0
v 14.0 -3.330079 -0.0029289722
v 14.0 -3.789063 -0.901367
v 14.669922 -3.330079 -0.0029289722
v 14.105469 -3.894532 -0.901367
v 14.2109375 -4.000001 -0.901367
v 14.2109375 -4.000001 -0.901367
v 14.105469 -3.894532 -0.901367
v 14.0 -4.000001 -1.0
v 14.0 -3.789063 -0.901367
v 14.669922 -4.000001 -0.0029289722
v 14.669922 -3.330079 -0.0029289722
v 14.2109375 -4.000001 -0.901367
v 16.0 -1.789063 0.09863299
v 16.0 -1.3300791 0.997071
v 14.0 -1.3300791 0.997071
v 14.0 -1.789063 0.09863299
v 16.0 -1.000001 1.0
v 14.0 -1.000001 1.0
v 16.0 -1.789063 0.09863299
v 14.0 -1.789063 0.09863299
v 14.0 -2.000001 0.0
v 16.0 -2.000001 0.0
v 15.0 0.0 0.0
v 14.0 0.0 0.0
v 14.0 -1.0 0.0
v 15.0 -1.0 0.0
v 14.0 0.999999 0.0
v 14.0 -1.013279E-6 0.0
v 14.0625 0.374999 0.0
v 14.3125 0.062498987 0.0
v 15.0 -1.013279E-6 0.0
v 14.3125 0.062498987 0.0
v 15.0 -1.013279E-6 0.0
v 15.0 0.210937 0.09863299
v 14.5 0.24999899 0.09863299
v 14.0 0.999999 0.0
v 14.0625 0.374999 0.0
v 14.25 0.562499 0.09863299
v 14.2109375 0.999999 0.09863299
v 14.2109375 0.999999 0.09863299
v 14.25 0.562499 0.09863299
v 14.669922 0.999999 0.997071
v 14.5 0.24999899 0.09863299
v 15.0 0.669921 0.997071
v 15.0 0.210937 0.09863299
v 15.0 0.669921 0.997071
v 15.0 0.999999 1.0
v 14.669922 0.999999 0.997071
v 15.0 1.210937 0.09863299
v 15.0 1.6699209 0.997071
v 14.0 1.6699209 0.997071
v 14.0 1.210937 0.09863299
v 15.0 1.999999 1.0
v 14.0 1.999999 1.0
v 15.0 1.210937 0.09863299
v 14.0 1.210937 0.09863299
v 14.0 0.999999 0.0
v 15.0 0.999999 0.0
v 16.0 5.0 4.0
v 14.0 5.0 4.0
v 14.0 2.0 4.0
v 16.0 2.0 4.0
v 16.0 13.0 3.0
v 14.0 13.0 3.0
v 14.0 12.0 3.0
v 16.0 12.0 3.0
v 16.0 16.0 2.0
v 14.0 16.0 2.0
v 14.0 15.0 2.0
v 16.0 15.0 2.0
v 15.0 -15.383789 -15.599612
v 15.0 -15.0625 -15.390628
v 15.0625 -15.0 -15.390628
v 15.383789 -15.0 -15.599612
v 15.0 -15.0 -15.090823
v 15.0 -14.383789 -15.599612
v 15.0 -14.0625 -15.390628
v 15.0625 -14.0 -15.390628
v 15.383789 -14.0 -15.599612
v 15.0 -14.0 -15.090823
v 15.0 -13.383789 -15.599612
v 15.0 -13.0625 -15.390628
v 15.0625 -13.0 -15.390628
v 15.383789 -13.0 -15.599612
v 15.0 -13.0 -15.090823
v 15.0 -12.383789 -15.599612
v 15.0 -12.0625 -15.390628
v 15.0625 -12.0 -15.390628
v 15.383789 -12.0 -15.599612
v 15.0 -12.0 -15.090823
v 15.0 -11.383789 -15.599612
v 15.0 -11.0625 -15.390628
v 15.0625 -11.0 -15.390628
v 15.383789 -11.0 -15.599612
v 15.0 -11.0 -15.090823
v 15.0 -10.383789 -15.599612
v 15.0 -10.0625 -15.390628
v 15.0625 -10.0 -15.390628
v 15.383789 -10.0 -15.599612
v 15.0 -10.0 -15.090823
v 15.0 -9.383789 -15.599612
v 15.0 -9.0625 -15.390628
v 15.0625 -9.0 -15.390628
v 15.383789 -9.0 -15.599612
v 15.0 -9.0 -15.090823
v 15.0 -8.383789 -15.599612
v 15.0 -8.0625 -15.390628
v 15.0625 -8.0 -15.390628
v 15.383789 -8.0 -15.599612
v 15.0 -8.0 -15.090823
v 15.0 -7.383789 -15.599612
v 15.0 -7.0625 -15.390628
v 15.0625 -7.0 -15.390628
v 15.383789 -7.0 -15.599612
v 15.0 -7.0 -15.090823
v 15.0 -6.383789 -15.599612
v 15.0 -6.0625 -15.390628
v 15.0625 -6.0 -15.390628
v 15.383789 -6.0 -15.599612
v 15.0 -6.0 -15.090823
v 16.0 -4.789063 -0.901367
v 16.0 -4.330079 -0.0029289722
v 15.0 -4.330079 -0.0029289722
v 15.0 -4.789063 -0.901367
v 16.0 -4.000001 0.0
v 15.0 -4.000001 0.0
v 16.0 -4.789063 -0.901367
v 15.0 -4.789063 -0.901367
v 15.0 -5.000001 -1.0
v 16.0 -5.000001 -1.0
v 16.0 -3.0 0.0
v 15.0 -3.0 0.0
v 15.0 -4.0 0.0
v 16.0 -4.0 0.0
v 15.0 -2.000001 0.0
v 15.0 -3.000001 0.0
v 15.0625 -2.625001 0.0
v 15.3125 -2.937501 0.0
v 16.0 -3.000001 0.0
v 15.3125 -2.937501 0.0
v 16.0 -3.000001 0.0
v 16.0 -2.789063 0.09863299
v 15.5 -2.750001 0.09863299
v 15.0 -2.000001 0.0
v 15.0625 -2.625001 0.0
v 15.25 -2.437501 0.09863299
v 15.2109375 -2.000001 0.09863299
v 15.2109375 -2.000001 0.09863299
v 15.25 -2.437501 0.09863299
v 15.669922 -2.000001 0.997071
v 15.5 -2.750001 0.09863299
v 16.0 -2.330079 0.997071
v 16.0 -2.789063 0.09863299
v 16.0 -2.330079 0.997071
v 16.0 -2.000001 1.0
v 15.669922 -2.000001 0.997071
v 15.0 -1.013279E-6 0.0
v 15.0 -1.000001 0.0
v 15.0625 -0.625001 0.0
v 15.3125 -0.937501 0.0
v 16.0 -1.000001 0.0
v 15.3125 -0.937501 0.0
v 16.0 -1.000001 0.0
v 16.0 -0.789063 0.09863299
v 15.5 -0.750001 0.09863299
v 15.0 -1.013279E-6 0.0
v 15.0625 -0.625001 0.0
v 15.25 -0.437501 0.09863299
v 15.2109375 -1.013279E-6 0.09863299
v 15.2109375 -1.013279E-6 0.09863299
v 15.25 -0.437501 0.09863299
v 15.669922 -1.013279E-6 0.997071
v 15.5 -0.750001 0.09863299
v 16.0 -0.33007902 0.997071
v 16.0 -0.789063 0.09863299
v 16.0 -0.33007902 0.997071
v 16.0 -1.013279E-6 1.0
v 15.669922 -1.013279E-6 0.997071
v 16.0 0.210937 0.09863299
v 16.0 0.669921 0.997071
v 15.0 0.669921 0.997071
v 15.0 0.210937 0.09863299
v 16.0 0.999999 1.0
v 15.0 0.999999 1.0
v 16.0 0.210937 0.09863299
v 15.0 0.210937 0.09863299
v 15.0 -1.013279E-6 0.0
v 16.0 -1.013279E-6 0.0
v 16.0 2.0 4.0
v 15.0 2.0 4.0
v 15.0 1.0 4.0
v 16.0 1.0 4.0
v 16.0 8.0 4.0
v 15.0 8.0 4.0
v 15.0 5.0 4.0
v 16.0 5.0 4.0
v 16.0 14.0 3.0
v 15.0 14.0 3.0
v 15.0 13.0 3.0
v 16.0 13.0 3.0
v 16.0 15.0 2.0
v 15.0 15.0 2.0
v 15.0 14.0 2.0
v 16.0 14.0 2.0
vt -0.081425 0.513672
vt 0.081425 0.513672
vt 0.0 0.75
vt 0.25 0.0
vt -0.25 0.0
vt -0.081425 0.513672
vt 0.081425 0.513672
vt 0.0 0.75
vt 0.25 0.0
vt -0.25 0.0
vt -0.081425 0.513672
vt 0.081425 0.513672
vt 0.0 0.75
vt 0.25 0.0
vt -0.25 0.0
vt -0.081425 0.513672
vt 0.081425 0.513672
vt 0.0 0.75
vt 0.25 0.0
vt -0.25 0.0
vt -0.081425 0.513672
vt 0.081425 0.513672
vt 0.0 0.75
vt 0.25 0.0
vt -0.25 0.0
vt -0.081425 0.513672
vt 0.081425 0.513672
vt 0.0 0.75
vt 0.25 0.0
vt -0.25 0.0
vt -0.081425 0.513672
vt 0.081425 0.513672
vt 0.0 0.75
vt 0.25 0.0
vt -0.25 0.0
vt -0.081425 0.513672
vt 0.081425 0.513672
vt 0.0 0.75
vt 0.25 0.0
vt -0.25 0.0
vt -0.081425 0.513672
vt 0.081425 0.513672
vt 0.0 0.75
vt 0.25 0.0
vt -0.25 0.0
vt -0.081425 0.513672
vt 0.081425 0.513672
vt 0.0 0.75
vt 0.25 0.0
vt -0.25 0.0
vt -0.081425 0.513672
vt 0.081425 0.513672
vt 0.0 0.75
vt 0.25 0.0
vt -0.25 0.0
vt -0.081425 0.513672
vt 0.081425 0.513672
vt 0.0 0.75
vt 0.25 0.0
vt -0.25 0.0
vt -0.081425 0.513672
vt 0.081425 0.513672
vt 0.0 0.75
vt 0.25 0.0
vt -0.25 0.0
vt -0.081425 0.513672
vt 0.081425 0.513672
vt 0.0 0.75
vt 0.25 0.0
vt -0.25 0.0
vt -0.081425 0.513672
vt 0.081425 0.513672
vt 0.0 0.75
vt 0.25 0.0
vt -0.25 0.0
vt 0.0 -0.097656
vt 0.0 -0.015625
vt -1.0 -0.015625
vt -1.0 -0.097656
vt 0.0 -0.394531
vt -1.0 -0.394531
vt 0.0 0.109375
vt -1.0 0.109375
vt -1.0 0.015625
vt 0.0 0.015625
vt -6.0 -1.25
vt -6.0 -1.486328
vt -4.0 -1.486328
vt -4.0 -1.25
vt -6.0 -2.0
vt -4.0 -2.0
vt 1.5 -0.894531
vt 1.5 -0.597656
vt 0.0 -0.597656
vt 0.0 -0.894531
vt 1.5 -0.515625
vt 0.0 -0.515625
vt 1.5 -0.894531
vt 0.0 -0.894531
vt 0.0 -0.988281
vt 1.5 -0.988281
vt 1.0 12.5
vt 0.0 12.5
vt 0.0 8.5
vt 1.0 8.5
vt 0.5 13.0
vt 0.0 13.0
vt 0.0 12.5
vt 0.5 12.5
vt 0.841797 -0.986328
vt 0.998047 -0.986328
vt 0.966797 -0.892578
vt 0.841797 -0.892578
vt 0.498047 -0.986328
vt 0.654297 -0.986328
vt 0.654297 -0.892578
vt 0.529297 -0.892578
vt -0.470703 -1.392578
vt -0.345703 -1.392578
vt -0.345703 -1.105469
vt -0.158203 -1.392578
vt -0.158203 -1.105469
vt -0.033203 -1.392578
vt -0.158203 -0.609375
vt -0.251953 -0.515625
vt -0.345703 -0.609375
vt 1.0 0.5
vt 1.0 0.0
vt 1.03125 0.1875
vt 1.15625 0.03125
vt 1.5 0.0
vt 0.5 -0.894531
vt 0.5 -0.597656
vt 0.0 -0.597656
vt 0.0 -0.894531
vt 0.5 -0.515625
vt 0.0 -0.515625
vt 0.5 -0.894531
vt 0.0 -0.894531
vt 0.0 -0.988281
vt 0.5 -0.988281
vt 0.0 14.0
vt 2.0 14.0
vt 2.0 14.5
vt 0.0 14.5
vt 0.5 15.5
vt 0.0 15.5
vt 0.0 14.5
vt 0.5 14.5
vt 4.0 16.0
vt 0.0 16.0
vt 0.0 15.5
vt 4.0 15.5
vt -0.081425 0.513672
vt 0.081425 0.513672
vt 0.0 0.75
vt 0.25 0.0
vt -0.25 0.0
vt -0.081425 0.513672
vt 0.081425 0.513672
vt 0.0 0.75
vt 0.25 0.0
vt -0.25 0.0
vt -0.081425 0.513672
vt 0.081425 0.513672
vt 0.0 0.75
vt 0.25 0.0
vt -0.25 0.0
vt -0.081425 0.513672
vt 0.081425 0.513672
vt 0.0 0.75
vt 0.25 0.0
vt -0.25 0.0
vt -0.081425 0.513672
vt 0.081425 0.513672
vt 0.0 0.75
vt 0.25 0.0
vt -0.25 0.0
vt -0.081425 0.513672
vt 0.081425 0.513672
vt 0.0 0.75
vt 0.25 0.0
vt -0.25 0.0
vt -0.081425 0.513672
vt 0.081425 0.513672
vt 0.0 0.75
vt 0.25 0.0
vt -0.25 0.0
vt -0.081425 0.513672
vt 0.081425 0.513672
vt 0.0 0.75
vt 0.25 0.0
vt -0.25 0.0
vt -0.081425 0.513672
vt 0.081425 0.513672
vt 0.0 0.75
vt 0.25 0.0
vt -0.25 0.0
vt -0.081425 0.513672
vt 0.081425 0.513672
vt 0.0 0.75
vt 0.25 0.0
vt -0.25 0.0
vt -0.081425 0.513672
vt 0.081425 0.513672
vt 0.0 0.75
vt 0.25 0.0
vt -0.25 0.0
vt -0.081425 0.513672
vt 0.081425 0.513672
vt 0.0 0.75
vt 0.25 0.0
vt -0.25 0.0
vt -0.081425 0.513672
vt 0.081425 0.513672
vt 0.0 0.75
vt 0.25 0.0
vt -0.25 0.0
vt -0.081425 0.513672
vt 0.081425 0.513672
vt 0.0 0.75
vt 0.25 0.0
vt -0.25 0.0
vt -0.081425 0.513672
vt 0.081425 0.513672
vt 0.0 0.75
vt 0.25 0.0
vt -0.25 0.0
vt 0.841797 -0.986328
vt 0.998047 -0.986328
vt 0.966797 -0.892578
vt 0.841797 -0.892578
vt 0.498047 -0.986328
vt 0.654297 -0.986328
vt 0.654297 -0.892578
vt 0.529297 -0.892578
vt -0.470703 -1.392578
vt -0.345703 -1.392578
vt -0.345703 -1.105469
vt -0.158203 -1.392578
vt -0.158203 -1.105469
vt -0.033203 -1.392578
vt -0.158203 -0.609375
vt -0.251953 -0.515625
vt -0.345703 -0.609375
vt 1.0 0.5
vt 1.0 0.0
vt 1.03125 0.1875
vt 1.15625 0.03125
vt 1.5 0.0
vt 0.841797 -0.986328
vt 0.998047 -0.986328
vt 0.966797 -0.892578
vt 0.841797 -0.892578
vt 0.498047 -0.986328
vt 0.654297 -0.986328
vt 0.654297 -0.892578
vt 0.529297 -0.892578
vt -0.470703 -1.392578
vt -0.345703 -1.392578
vt -0.345703 -1.105469
vt -0.158203 -1.392578
vt -0.158203 -1.105469
vt -0.033203 -1.392578
vt -0.158203 -0.609375
vt -0.251953 -0.515625
vt -0.345703 -0.609375
vt 1.0 0.5
vt 1.0 0.0
vt 1.03125 0.1875
vt 1.15625 0.03125
vt 1.5 0.0
vt 0.4375 -0.09375
vt 0.4375 -0.390625
vt 0.285156 -0.09375
vt 0.285156 -0.390625
vt 0.4375 -0.390625
vt 0.4375 0.105469
vt 0.285156 0.105469
vt 0.285156 0.013672
vt 0.4375 0.105469
vt 0.753906 -0.099609
vt 1.0 -0.099609
vt 1.0 -0.013672
vt 0.5 -0.013672
vt 0.4375 -0.09375
vt 0.285156 -0.09375
vt 0.4375 -0.390625
vt 1.0 -0.099609
vt 1.279297 -0.099609
vt 1.5 -0.013672
vt 1.0 -0.013672
vt 1.0 15.0
vt 0.5 15.0
vt 0.5 14.5
vt 1.0 14.5
vt 0.5 15.0
vt 4.5 15.0
vt 4.5 15.5
vt 0.5 15.5
vt -0.081425 0.513672
vt 0.081425 0.513672
vt 0.0 0.75
vt 0.25 0.0
vt -0.25 0.0
vt -0.081425 0.513672
vt 0.081425 0.513672
vt 0.0 0.75
vt 0.25 0.0
vt -0.25 0.0
vt -0.081425 0.513672
vt 0.081425 0.513672
vt 0.0 0.75
vt 0.25 0.0
vt -0.25 0.0
vt -0.081425 0.513672
vt 0.081425 0.513672
vt 0.0 0.75
vt 0.25 0.0
vt -0.25 0.0
vt -0.081425 0.513672
vt 0.081425 0.513672
vt 0.0 0.75
vt 0.25 0.0
vt -0.25 0.0
vt -0.081425 0.513672
vt 0.081425 0.513672
vt 0.0 0.75
vt 0.25 0.0
vt -0.25 0.0
vt -0.081425 0.513672
vt 0.081425 0.513672
vt 0.0 0.75
vt 0.25 0.0
vt -0.25 0.0
vt -0.081425 0.513672
vt 0.081425 0.513672
vt 0.0 0.75
vt 0.25 0.0
vt -0.25 0.0
vt -0.081425 0.513672
vt 0.081425 0.513672
vt 0.0 0.75
vt 0.25 0.0
vt -0.25 0.0
vt -0.081425 0.513672
vt 0.081425 0.513672
vt 0.0 0.75
vt 0.25 0.0
vt -0.25 0.0
vt -0.081425 0.513672
vt 0.081425 0.513672
vt 0.0 0.75
vt 0.25 0.0
vt -0.25 0.0
vt -0.081425 0.513672
vt 0.081425 0.513672
vt 0.0 0.75
vt 0.25 0.0
vt -0.25 0.0
vt -0.081425 0.513672
vt 0.081425 0.513672
vt 0.0 0.75
vt 0.25 0.0
vt -0.25 0.0
vt -0.081425 0.513672
vt 0.081425 0.513672
vt 0.0 0.75
vt 0.25 0.0
vt -0.25 0.0
vt -0.470703 -0.892578
vt -0.345703 -0.892578
vt -0.345703 -0.605469
vt -0.158203 -0.892578
vt -0.158203 -0.605469
vt -0.033203 -0.892578
vt -0.158203 -0.109375
vt -0.251953 -0.015625
vt -0.345703 -0.109375
vt -0.345703 -0.986328
vt -0.158203 -0.986328
vt -0.158203 -0.892578
vt -0.345703 -0.892578
vt -0.001953 -0.986328
vt -0.033203 -0.892578
vt -0.501953 -0.986328
vt -0.470703 -0.892578
vt -2.0 -1.486328
vt -2.0 -2.0
vt -1.0 -2.0
vt -1.0 -1.486328
vt -2.0 -1.486328
vt -2.0 -2.0
vt -1.0 -2.0
vt -1.0 -1.486328
vt -2.0 -1.25
vt -1.0 -1.25
vt 1.207031 -2.001953
vt 0.792969 -1.505859
vt 0.207031 -1.505859
vt -0.207031 -2.001953
vt 0.628906 -1.25
vt 0.371094 -1.25
vt -2.0 -1.25
vt -1.0 -1.25
vt 0.4375 -0.09375
vt 0.4375 -0.390625
vt 0.285156 -0.09375
vt 0.285156 -0.390625
vt 0.4375 -0.390625
vt 0.4375 0.105469
vt 0.285156 0.105469
vt 0.285156 0.013672
vt 0.4375 0.105469
vt 1.0 -0.099609
vt 1.279297 -0.099609
vt 1.5 -0.013672
vt 1.0 -0.013672
vt 0.4375 -0.09375
vt 1.0 -0.013672
vt 0.5 -0.013672
vt 0.753906 -0.099609
vt 1.0 -0.099609
vt 0.15 0.75
vt -0.15 0.75
vt -0.0 0.5
vt 5.0 11.0
vt 1.0 11.0
vt 1.0 8.5
vt 5.0 8.5
vt 1.0 11.0
vt 4.0 11.0
vt 4.0 11.5
vt 1.0 11.5
vt 2.0 12.0
vt 1.0 12.0
vt 1.0 11.5
vt 2.0 11.5
vt 0.841797 -0.986328
vt 0.998047 -0.986328
vt 0.966797 -0.892578
vt 0.841797 -0.892578
vt 0.498047 -0.986328
vt 0.654297 -0.986328
vt 0.654297 -0.892578
vt 0.529297 -0.892578
vt -0.470703 -1.392578
vt -0.345703 -1.392578
vt -0.345703 -1.105469
vt -0.158203 -1.392578
vt -0.158203 -1.105469
vt -0.033203 -1.392578
vt -0.158203 -0.609375
vt -0.251953 -0.515625
vt -0.345703 -0.609375
vt 1.0 0.5
vt 1.0 0.0
vt 1.03125 0.1875
vt 1.15625 0.03125
vt 1.5 0.0
vt 0.4375 -0.09375
vt 0.4375 -0.390625
vt 0.285156 -0.09375
vt 0.285156 -0.390625
vt 0.4375 -0.390625
vt 0.4375 0.105469
vt 0.285156 0.105469
vt 0.285156 0.013672
vt 0.4375 0.105469
vt 0.753906 -0.099609
vt 1.0 -0.099609
vt 1.0 -0.013672
vt 0.5 -0.013672
vt 0.4375 -0.09375
vt 0.285156 -0.09375
vt 0.4375 -0.390625
vt 1.0 -0.099609
vt 1.279297 -0.099609
vt 1.5 -0.013672
vt 1.0 -0.013672
vt 0.5 -0.894531
vt 0.5 -0.597656
vt 0.0 -0.597656
vt 0.0 -0.894531
vt 0.5 -0.515625
vt 0.0 -0.515625
vt 0.5 -0.894531
vt 0.0 -0.894531
vt 0.0 -0.988281
vt 0.5 -0.988281
vt 4.0 14.0
vt 1.0 14.0
vt 1.0 13.5
vt 4.0 13.5
vt 5.0 15.0
vt 1.0 15.0
vt 1.0 14.5
vt 5.0 14.5
vt -0.081425 0.513672
vt 0.081425 0.513672
vt 0.0 0.75
vt 0.25 0.0
vt -0.25 0.0
vt -0.081425 0.513672
vt 0.081425 0.513672
vt 0.0 0.75
vt 0.25 0.0
vt -0.25 0.0
vt -0.081425 0.513672
vt 0.081425 0.513672
vt 0.0 0.75
vt 0.25 0.0
vt -0.25 0.0
vt -0.081425 0.513672
vt 0.081425 0.513672
vt 0.0 0.75
vt 0.25 0.0
vt -0.25 0.0
vt -0.081425 0.513672
vt 0.081425 0.513672
vt 0.0 0.75
vt 0.25 0.0
vt -0.25 0.0
vt -0.081425 0.513672
vt 0.081425 0.513672
vt 0.0 0.75
vt 0.25 0.0
vt -0.25 0.0
vt -0.081425 0.513672
vt 0.081425 0.513672
vt 0.0 0.75
vt 0.25 0.0
vt -0.25 0.0
vt -0.081425 0.513672
vt 0.081425 0.513672
vt 0.0 0.75
vt 0.25 0.0
vt -0.25 0.0
vt -0.081425 0.513672
vt 0.081425 0.513672
vt 0.0 0.75
vt 0.25 0.0
vt -0.25 0.0
vt -0.081425 0.513672
vt 0.081425 0.513672
vt 0.0 0.75
vt 0.25 0.0
vt -0.25 0.0
vt -0.081425 0.513672
vt 0.081425 0.513672
vt 0.0 0.75
vt 0.25 0.0
vt -0.25 0.0
vt -0.081425 0.513672
vt 0.081425 0.513672
vt 0.0 0.75
vt 0.25 0.0
vt -0.25 0.0
vt -0.081425 0.513672
vt 0.081425 0.513672
vt 0.0 0.75
vt 0.25 0.0
vt -0.25 0.0
vt -0.081425 0.513672
vt 0.081425 0.513672
vt 0.0 0.75
vt 0.25 0.0
vt -0.25 0.0
vt 0.0 -0.097656
vt 0.0 -0.015625
vt -2.5 -0.015625
vt -2.5 -0.097656
vt 0.0 -0.394531
vt -2.5 -0.394531
vt 0.0 0.109375
vt -2.5 0.109375
vt -2.5 0.015625
vt 0.0 0.015625
vt -15.0 -1.25
vt -15.0 -1.486328
vt -10.0 -1.486328
vt -10.0 -1.25
vt -15.0 -2.0
vt -10.0 -2.0
vt 0.841797 -0.986328
vt 0.998047 -0.986328
vt 0.966797 -0.892578
vt 0.841797 -0.892578
vt 0.498047 -0.986328
vt 0.654297 -0.986328
vt 0.654297 -0.892578
vt 0.529297 -0.892578
vt -0.470703 -1.392578
vt -0.345703 -1.392578
vt -0.345703 -1.105469
vt -0.158203 -1.392578
vt -0.158203 -1.105469
vt -0.033203 -1.392578
vt -0.158203 -0.609375
vt -0.251953 -0.515625
vt -0.345703 -0.609375
vt 1.0 0.5
vt 1.0 0.0
vt 1.03125 0.1875
vt 1.15625 0.03125
vt 1.5 0.0
vt 0.753906 -0.599609
vt 1.0 -0.599609
vt 1.0 -0.513672
vt 0.5 -0.513672
vt 1.0 -0.599609
vt 1.279297 -0.599609
vt 1.5 -0.513672
vt 1.0 -0.513672
vt 0.4375 -0.59375
vt 0.4375 -0.890625
vt 0.285156 -0.59375
vt 0.285156 -0.890625
vt 0.4375 -0.890625
vt 0.4375 -0.394531
vt 0.285156 -0.394531
vt 0.285156 -0.486328
vt 0.4375 -0.394531
vt 0.4375 -0.59375
vt 0.285156 -0.59375
vt 0.4375 -0.890625
vt 0.5 -0.394531
vt 0.5 -0.097656
vt 0.0 -0.097656
vt 0.0 -0.394531
vt 0.5 -0.015625
vt 0.0 -0.015625
vt 0.5 -0.894531
vt 0.0 -0.894531
vt 0.0 -0.988281
vt 0.5 -0.988281
vt 0.841797 -0.986328
vt 0.998047 -0.986328
vt 0.966797 -0.892578
vt 0.841797 -0.892578
vt 0.498047 -0.986328
vt 0.654297 -0.986328
vt 0.654297 -0.892578
vt 0.529297 -0.892578
vt -0.470703 -1.392578
vt -0.345703 -1.392578
vt -0.345703 -1.105469
vt -0.158203 -1.392578
vt -0.158203 -1.105469
vt -0.033203 -1.392578
vt -0.158203 -0.609375
vt -0.251953 -0.515625
vt -0.345703 -0.609375
vt 1.0 0.5
vt 1.0 0.0
vt 1.03125 0.1875
vt 1.15625 0.03125
vt 1.5 0.0
vt 0.4375 -0.09375
vt 0.4375 -0.390625
vt 0.285156 -0.09375
vt 0.285156 -0.390625
vt 0.4375 -0.390625
vt 0.4375 0.105469
vt 0.285156 0.105469
vt 0.285156 0.013672
vt 0.4375 0.105469
vt 0.753906 -0.099609
vt 1.0 -0.099609
vt 1.0 -0.013672
vt 0.5 -0.013672
vt 0.4375 -0.09375
vt 0.285156 -0.09375
vt 0.4375 -0.390625
vt 1.0 -0.099609
vt 1.279297 -0.099609
vt 1.5 -0.013672
vt 1.0 -0.013672
vt -0.081425 0.513672
vt 0.081425 0.513672
vt 0.0 0.75
vt 0.25 0.0
vt -0.25 0.0
vt -0.081425 0.513672
vt 0.081425 0.513672
vt 0.0 0.75
vt 0.25 0.0
vt -0.25 0.0
vt -0.081425 0.513672
vt 0.081425 0.513672
vt 0.0 0.75
vt 0.25 0.0
vt -0.25 0.0
vt -0.081425 0.513672
vt 0.081425 0.513672
vt 0.0 0.75
vt 0.25 0.0
vt -0.25 0.0
vt -0.081425 0.513672
vt 0.081425 0.513672
vt 0.0 0.75
vt 0.25 0.0
vt -0.25 0.0
vt -0.081425 0.513672
vt 0.081425 0.513672
vt 0.0 0.75
vt 0.25 0.0
vt -0.25 0.0
vt -0.081425 0.513672
vt 0.081425 0.513672
vt 0.0 0.75
vt 0.25 0.0
vt -0.25 0.0
vt -0.081425 0.513672
vt 0.081425 0.513672
vt 0.0 0.75
vt 0.25 0.0
vt -0.25 0.0
vt -0.081425 0.513672
vt 0.081425 0.513672
vt 0.0 0.75
vt 0.25 0.0
vt -0.25 0.0
vt -0.081425 0.513672
vt 0.081425 0.513672
vt 0.0 0.75
vt 0.25 0.0
vt -0.25 0.0
vt -0.081425 0.513672
vt 0.081425 0.513672
vt 0.0 0.75
vt 0.25 0.0
vt -0.25 0.0
vt -0.081425 0.513672
vt 0.081425 0.513672
vt 0.0 0.75
vt 0.25 0.0
vt -0.25 0.0
vt -0.081425 0.513672
vt 0.081425 0.513672
vt 0.0 0.75
vt 0.25 0.0
vt -0.25 0.0
vt -0.081425 0.513672
vt 0.081425 0.513672
vt 0.0 0.75
vt 0.25 0.0
vt -0.25 0.0
vt 1.5 -0.894531
vt 1.5 -0.597656
vt 0.0 -0.597656
vt 0.0 -0.894531
vt 1.5 -0.515625
vt 0.0 -0.515625
vt 1.5 -0.894531
vt 0.0 -0.894531
vt 0.0 -0.988281
vt 1.5 -0.988281
vt 2.0 8.0
vt 3.5 8.0
vt 3.5 8.5
vt 2.0 8.5
vt 0.841797 -0.986328
vt 0.998047 -0.986328
vt 0.966797 -0.892578
vt 0.841797 -0.892578
vt 0.498047 -0.986328
vt 0.654297 -0.986328
vt 0.654297 -0.892578
vt 0.529297 -0.892578
vt -0.470703 -1.392578
vt -0.345703 -1.392578
vt -0.345703 -1.105469
vt -0.158203 -1.392578
vt -0.158203 -1.105469
vt -0.033203 -1.392578
vt -0.158203 -0.609375
vt -0.251953 -0.515625
vt -0.345703 -0.609375
vt 1.0 0.5
vt 1.0 0.0
vt 1.03125 0.1875
vt 1.15625 0.03125
vt 1.5 0.0
vt 0.4375 -0.09375
vt 0.4375 -0.390625
vt 0.285156 -0.09375
vt 0.285156 -0.390625
vt 0.4375 -0.390625
vt 0.4375 0.105469
vt 0.285156 0.105469
vt 0.285156 0.013672
vt 0.4375 0.105469
vt 0.753906 -0.099609
vt 1.0 -0.099609
vt 1.0 -0.013672
vt 0.5 -0.013672
vt 0.4375 -0.09375
vt 0.285156 -0.09375
vt 0.4375 -0.390625
vt 1.0 -0.099609
vt 1.279297 -0.099609
vt 1.5 -0.013672
vt 1.0 -0.013672
vt 0.5 -0.894531
vt 0.5 -0.597656
vt 0.0 -0.597656
vt 0.0 -0.894531
vt 0.5 -0.515625
vt 0.0 -0.515625
vt 0.5 -0.894531
vt 0.0 -0.894531
vt 0.0 -0.988281
vt 0.5 -0.988281
vt 2.0 13.0
vt 5.0 13.0
vt 5.0 13.5
vt 2.0 13.5
vt 2.0 14.0
vt 6.0 14.0
vt 6.0 14.5
vt 2.0 14.5
vt -0.081425 0.513672
vt 0.081425 0.513672
vt 0.0 0.75
vt 0.25 0.0
vt -0.25 0.0
vt -0.081425 0.513672
vt 0.081425 0.513672
vt 0.0 0.75
vt 0.25 0.0
vt -0.25 0.0
vt -0.081425 0.513672
vt 0.081425 0.513672
vt 0.0 0.75
vt 0.25 0.0
vt -0.25 0.0
vt -0.081425 0.513672
vt 0.081425 0.513672
vt 0.0 0.75
vt 0.25 0.0
vt -0.25 0.0
vt -0.081425 0.513672
vt 0.081425 0.513672
vt 0.0 0.75
vt 0.25 0.0
vt -0.25 0.0
vt -0.081425 0.513672
vt 0.081425 0.513672
vt 0.0 0.75
vt 0.25 0.0
vt -0.25 0.0
vt -0.081425 0.513672
vt 0.081425 0.513672
vt 0.0 0.75
vt 0.25 0.0
vt -0.25 0.0
vt -0.081425 0.513672
vt 0.081425 0.513672
vt 0.0 0.75
vt 0.25 0.0
vt -0.25 0.0
vt -0.081425 0.513672
vt 0.081425 0.513672
vt 0.0 0.75
vt 0.25 0.0
vt -0.25 0.0
vt -0.081425 0.513672
vt 0.081425 0.513672
vt 0.0 0.75
vt 0.25 0.0
vt -0.25 0.0
vt -0.081425 0.513672
vt 0.081425 0.513672
vt 0.0 0.75
vt 0.25 0.0
vt -0.25 0.0
vt -0.081425 0.513672
vt 0.081425 0.513672
vt 0.0 0.75
vt 0.25 0.0
vt -0.25 0.0
vt -0.081425 0.513672
vt 0.081425 0.513672
vt 0.0 0.75
vt 0.25 0.0
vt -0.25 0.0
vt -0.081425 0.513672
vt 0.081425 0.513672
vt 0.0 0.75
vt 0.25 0.0
vt -0.25 0.0
vt 1.5 -0.394531
vt 1.5 -0.097656
vt 0.0 -0.097656
vt 0.0 -0.394531
vt 1.5 -0.015625
vt 0.0 -0.015625
vt 1.5 -0.894531
vt 0.0 -0.894531
vt 0.0 -0.988281
vt 1.5 -0.988281
vt 0.841797 -0.986328
vt 0.998047 -0.986328
vt 0.966797 -0.892578
vt 0.841797 -0.892578
vt 0.498047 -0.986328
vt 0.654297 -0.986328
vt 0.654297 -0.892578
vt 0.529297 -0.892578
vt -0.470703 -1.392578
vt -0.345703 -1.392578
vt -0.345703 -1.105469
vt -0.158203 -1.392578
vt -0.158203 -1.105469
vt -0.033203 -1.392578
vt -0.158203 -0.609375
vt -0.251953 -0.515625
vt -0.345703 -0.609375
vt 1.0 0.5
vt 1.0 0.0
vt 1.03125 0.1875
vt 1.15625 0.03125
vt 1.5 0.0
vt 0.4375 -0.09375
vt 0.4375 -0.390625
vt 0.285156 -0.09375
vt 0.285156 -0.390625
vt 0.4375 -0.390625
vt 0.4375 0.105469
vt 0.285156 0.105469
vt 0.285156 0.013672
vt 0.4375 0.105469
vt 0.753906 -0.099609
vt 1.0 -0.099609
vt 1.0 -0.013672
vt 0.5 -0.013672
vt 0.4375 -0.09375
vt 0.285156 -0.09375
vt 0.4375 -0.390625
vt 1.0 -0.099609
vt 1.279297 -0.099609
vt 1.5 -0.013672
vt 1.0 -0.013672
vt -0.081425 0.513672
vt 0.081425 0.513672
vt 0.0 0.75
vt 0.25 0.0
vt -0.25 0.0
vt -0.081425 0.513672
vt 0.081425 0.513672
vt 0.0 0.75
vt 0.25 0.0
vt -0.25 0.0
vt -0.081425 0.513672
vt 0.081425 0.513672
vt 0.0 0.75
vt 0.25 0.0
vt -0.25 0.0
vt -0.081425 0.513672
vt 0.081425 0.513672
vt 0.0 0.75
vt 0.25 0.0
vt -0.25 0.0
vt -0.081425 0.513672
vt 0.081425 0.513672
vt 0.0 0.75
vt 0.25 0.0
vt -0.25 0.0
vt -0.081425 0.513672
vt 0.081425 0.513672
vt 0.0 0.75
vt 0.25 0.0
vt -0.25 0.0
vt -0.081425 0.513672
vt 0.081425 0.513672
vt 0.0 0.75
vt 0.25 0.0
vt -0.25 0.0
vt -0.081425 0.513672
vt 0.081425 0.513672
vt 0.0 0.75
vt 0.25 0.0
vt -0.25 0.0
vt -0.081425 0.513672
vt 0.081425 0.513672
vt 0.0 0.75
vt 0.25 0.0
vt -0.25 0.0
vt -0.081425 0.513672
vt 0.081425 0.513672
vt 0.0 0.75
vt 0.25 0.0
vt -0.25 0.0
vt -0.081425 0.513672
vt 0.081425 0.513672
vt 0.0 0.75
vt 0.25 0.0
vt -0.25 0.0
vt -0.081425 0.513672
vt 0.081425 0.513672
vt 0.0 0.75
vt 0.25 0.0
vt -0.25 0.0
vt -0.081425 0.513672
vt 0.081425 0.513672
vt 0.0 0.75
vt 0.25 0.0
vt -0.25 0.0
vt -0.081425 0.513672
vt 0.081425 0.513672
vt 0.0 0.75
vt 0.25 0.0
vt -0.25 0.0
vt 1.5 -0.894531
vt 1.5 -0.597656
vt 0.0 -0.597656
vt 0.0 -0.894531
vt 1.5 -0.515625
vt 0.0 -0.515625
vt 1.5 -0.894531
vt 0.0 -0.894531
vt 0.0 -0.988281
vt 1.5 -0.988281
vt 7.0 13.0
vt 3.0 13.0
vt 3.0 12.5
vt 7.0 12.5
vt -0.081425 0.513672
vt 0.081425 0.513672
vt 0.0 0.75
vt 0.25 0.0
vt -0.25 0.0
vt -0.081425 0.513672
vt 0.081425 0.513672
vt 0.0 0.75
vt 0.25 0.0
vt -0.25 0.0
vt -0.081425 0.513672
vt 0.081425 0.513672
vt 0.0 0.75
vt 0.25 0.0
vt -0.25 0.0
vt -0.081425 0.513672
vt 0.081425 0.513672
vt 0.0 0.75
vt 0.25 0.0
vt -0.25 0.0
vt -0.081425 0.513672
vt 0.081425 0.513672
vt 0.0 0.75
vt 0.25 0.0
vt -0.25 0.0
vt -0.081425 0.513672
vt 0.081425 0.513672
vt 0.0 0.75
vt 0.25 0.0
vt -0.25 0.0
vt -0.081425 0.513672
vt 0.081425 0.513672
vt 0.0 0.75
vt 0.25 0.0
vt -0.25 0.0
vt -0.081425 0.513672
vt 0.081425 0.513672
vt 0.0 0.75
vt 0.25 0.0
vt -0.25 0.0
vt -0.081425 0.513672
vt 0.081425 0.513672
vt 0.0 0.75
vt 0.25 0.0
vt -0.25 0.0
vt -0.081425 0.513672
vt 0.081425 0.513672
vt 0.0 0.75
vt 0.25 0.0
vt -0.25 0.0
vt -0.081425 0.513672
vt 0.081425 0.513672
vt 0.0 0.75
vt 0.25 0.0
vt -0.25 0.0
vt -0.081425 0.513672
vt 0.081425 0.513672
vt 0.0 0.75
vt 0.25 0.0
vt -0.25 0.0
vt -0.081425 0.513672
vt 0.081425 0.513672
vt 0.0 0.75
vt 0.25 0.0
vt -0.25 0.0
vt -0.081425 0.513672
vt 0.081425 0.513672
vt 0.0 0.75
vt 0.25 0.0
vt -0.25 0.0
vt 0.841797 -0.986328
vt 0.998047 -0.986328
vt 0.966797 -0.892578
vt 0.841797 -0.892578
vt 0.498047 -0.986328
vt 0.654297 -0.986328
vt 0.654297 -0.892578
vt 0.529297 -0.892578
vt -0.470703 -1.392578
vt -0.345703 -1.392578
vt -0.345703 -1.105469
vt -0.158203 -1.392578
vt -0.158203 -1.105469
vt -0.033203 -1.392578
vt -0.158203 -0.609375
vt -0.251953 -0.515625
vt -0.345703 -0.609375
vt 1.0 0.5
vt 1.0 0.0
vt 1.03125 0.1875
vt 1.15625 0.03125
vt 1.5 0.0
vt 0.753906 -0.599609
vt 1.0 -0.599609
vt 1.0 -0.513672
vt 0.5 -0.513672
vt 1.0 -0.599609
vt 1.279297 -0.599609
vt 1.5 -0.513672
vt 1.0 -0.513672
vt 0.4375 -0.59375
vt 0.4375 -0.890625
vt 0.285156 -0.59375
vt 0.285156 -0.890625
vt 0.4375 -0.890625
vt 0.4375 -0.394531
vt 0.285156 -0.394531
vt 0.285156 -0.486328
vt 0.4375 -0.394531
vt 0.4375 -0.59375
vt 0.285156 -0.59375
vt 0.4375 -0.890625
vt -0.081425 0.513672
vt 0.081425 0.513672
vt 0.0 0.75
vt 0.25 0.0
vt -0.25 0.0
vt -0.081425 0.513672
vt 0.081425 0.513672
vt 0.0 0.75
vt 0.25 0.0
vt -0.25 0.0
vt -0.081425 0.513672
vt 0.081425 0.513672
vt 0.0 0.75
vt 0.25 0.0
vt -0.25 0.0
vt -0.081425 0.513672
vt 0.081425 0.513672
vt 0.0 0.75
vt 0.25 0.0
vt -0.25 0.0
vt -0.081425 0.513672
vt 0.081425 0.513672
vt 0.0 0.75
vt 0.25 0.0
vt -0.25 0.0
vt -0.081425 0.513672
vt 0.081425 0.513672
vt 0.0 0.75
vt 0.25 0.0
vt -0.25 0.0
vt -0.081425 0.513672
vt 0.081425 0.513672
vt 0.0 0.75
vt 0.25 0.0
vt -0.25 0.0
vt -0.081425 0.513672
vt 0.081425 0.513672
vt 0.0 0.75
vt 0.25 0.0
vt -0.25 0.0
vt -0.081425 0.513672
vt 0.081425 0.513672
vt 0.0 0.75
vt 0.25 0.0
vt -0.25 0.0
vt -0.081425 0.513672
vt 0.081425 0.513672
vt 0.0 0.75
vt 0.25 0.0
vt -0.25 0.0
vt -0.081425 0.513672
vt 0.081425 0.513672
vt 0.0 0.75
vt 0.25 0.0
vt -0.25 0.0
vt -0.081425 0.513672
vt 0.081425 0.513672
vt 0.0 0.75
vt 0.25 0.0
vt -0.25 0.0
vt -0.081425 0.513672
vt 0.081425 0.513672
vt 0.0 0.75
vt 0.25 0.0
vt -0.25 0.0
vt -0.081425 0.513672
vt 0.081425 0.513672
vt 0.0 0.75
vt 0.25 0.0
vt -0.25 0.0
vt -0.470703 -0.892578
vt -0.345703 -0.892578
vt -0.345703 -0.605469
vt -0.158203 -0.892578
vt -0.158203 -0.605469
vt -0.033203 -0.892578
vt -0.158203 -0.109375
vt -0.251953 -0.015625
vt -0.345703 -0.109375
vt -0.345703 -0.986328
vt -0.158203 -0.986328
vt -0.158203 -0.892578
vt -0.345703 -0.892578
vt -0.001953 -0.986328
vt -0.033203 -0.892578
vt -0.501953 -0.986328
vt -0.470703 -0.892578
vt -2.0 -1.486328
vt -2.0 -2.0
vt -1.0 -2.0
vt -1.0 -1.486328
vt -2.0 -1.486328
vt -2.0 -2.0
vt -1.0 -2.0
vt -1.0 -1.486328
vt -2.0 -1.25
vt -1.0 -1.25
vt 1.207031 -2.001953
vt 0.792969 -1.505859
vt 0.207031 -1.505859
vt -0.207031 -2.001953
vt 0.628906 -1.25
vt 0.371094 -1.25
vt -2.0 -1.25
vt -1.0 -1.25
vt 0.4375 -0.09375
vt 0.4375 -0.390625
vt 0.285156 -0.09375
vt 0.285156 -0.390625
vt 0.4375 -0.390625
vt 0.4375 0.105469
vt 0.285156 0.105469
vt 0.285156 0.013672
vt 0.4375 0.105469
vt 1.0 -0.099609
vt 1.279297 -0.099609
vt 1.5 -0.013672
vt 1.0 -0.013672
vt 0.4375 -0.09375
vt 1.0 -0.013672
vt 0.5 -0.013672
vt 0.753906 -0.099609
vt 1.0 -0.099609
vt 0.15 0.75
vt -0.15 0.75
vt -0.0 0.5
vt 3.0 -0.894531
vt 3.0 -0.597656
vt 0.0 -0.597656
vt 0.0 -0.894531
vt 3.0 -0.515625
vt 0.0 -0.515625
vt 3.0 -0.894531
vt 0.0 -0.894531
vt 0.0 -0.988281
vt 3.0 -0.988281
vt 0.841797 -0.986328
vt 0.998047 -0.986328
vt 0.966797 -0.892578
vt 0.841797 -0.892578
vt 0.498047 -0.986328
vt 0.654297 -0.986328
vt 0.654297 -0.892578
vt 0.529297 -0.892578
vt -0.470703 -1.392578
vt -0.345703 -1.392578
vt -0.345703 -1.105469
vt -0.158203 -1.392578
vt -0.158203 -1.105469
vt -0.033203 -1.392578
vt -0.158203 -0.609375
vt -0.251953 -0.515625
vt -0.345703 -0.609375
vt 1.0 0.5
vt 1.0 0.0
vt 1.03125 0.1875
vt 1.15625 0.03125
vt 1.5 0.0
vt 0.4375 -0.09375
vt 0.4375 -0.390625
vt 0.285156 -0.09375
vt 0.285156 -0.390625
vt 0.4375 -0.390625
vt 0.4375 0.105469
vt 0.285156 0.105469
vt 0.285156 0.013672
vt 0.4375 0.105469
vt 0.753906 -0.099609
vt 1.0 -0.099609
vt 1.0 -0.013672
vt 0.5 -0.013672
vt 0.4375 -0.09375
vt 0.285156 -0.09375
vt 0.4375 -0.390625
vt 1.0 -0.099609
vt 1.279297 -0.099609
vt 1.5 -0.013672
vt 1.0 -0.013672
vt 8.0 14.0
vt 4.0 14.0
vt 4.0 13.5
vt 8.0 13.5
vt 8.0 16.0
vt 4.0 16.0
vt 4.0 15.5
vt 8.0 15.5
vt -0.081425 0.513672
vt 0.081425 0.513672
vt 0.0 0.75
vt 0.25 0.0
vt -0.25 0.0
vt -0.081425 0.513672
vt 0.081425 0.513672
vt 0.0 0.75
vt 0.25 0.0
vt -0.25 0.0
vt -0.081425 0.513672
vt 0.081425 0.513672
vt 0.0 0.75
vt 0.25 0.0
vt -0.25 0.0
vt -0.081425 0.513672
vt 0.081425 0.513672
vt 0.0 0.75
vt 0.25 0.0
vt -0.25 0.0
vt -0.081425 0.513672
vt 0.081425 0.513672
vt 0.0 0.75
vt 0.25 0.0
vt -0.25 0.0
vt -0.081425 0.513672
vt 0.081425 0.513672
vt 0.0 0.75
vt 0.25 0.0
vt -0.25 0.0
vt -0.081425 0.513672
vt 0.081425 0.513672
vt 0.0 0.75
vt 0.25 0.0
vt -0.25 0.0
vt -0.081425 0.513672
vt 0.081425 0.513672
vt 0.0 0.75
vt 0.25 0.0
vt -0.25 0.0
vt -0.081425 0.513672
vt 0.081425 0.513672
vt 0.0 0.75
vt 0.25 0.0
vt -0.25 0.0
vt -0.081425 0.513672
vt 0.081425 0.513672
vt 0.0 0.75
vt 0.25 0.0
vt -0.25 0.0
vt -0.081425 0.513672
vt 0.081425 0.513672
vt 0.0 0.75
vt 0.25 0.0
vt -0.25 0.0
vt -0.081425 0.513672
vt 0.081425 0.513672
vt 0.0 0.75
vt 0.25 0.0
vt -0.25 0.0
vt -0.081425 0.513672
vt 0.081425 0.513672
vt 0.0 0.75
vt 0.25 0.0
vt -0.25 0.0
vt -0.081425 0.513672
vt 0.081425 0.513672
vt 0.0 0.75
vt 0.25 0.0
vt -0.25 0.0
vt -0.081425 0.513672
vt 0.081425 0.513672
vt 0.0 0.75
vt 0.25 0.0
vt -0.25 0.0
vt 0.0 -0.097656
vt 0.0 -0.015625
vt -2.0 -0.015625
vt -2.0 -0.097656
vt 0.0 -0.394531
vt -2.0 -0.394531
vt 0.0 0.109375
vt -2.0 0.109375
vt -2.0 0.015625
vt 0.0 0.015625
vt -12.0 -1.25
vt -12.0 -1.486328
vt -8.0 -1.486328
vt -8.0 -1.25
vt -12.0 -2.0
vt -8.0 -2.0
vt 1.0 -0.394531
vt 1.0 -0.097656
vt 0.0 -0.097656
vt 0.0 -0.394531
vt 1.0 -0.015625
vt 0.0 -0.015625
vt 1.0 -0.894531
vt 0.0 -0.894531
vt 0.0 -0.988281
vt 1.0 -0.988281
vt 0.841797 -0.986328
vt 0.998047 -0.986328
vt 0.966797 -0.892578
vt 0.841797 -0.892578
vt 0.498047 -0.986328
vt 0.654297 -0.986328
vt 0.654297 -0.892578
vt 0.529297 -0.892578
vt -0.470703 -1.392578
vt -0.345703 -1.392578
vt -0.345703 -1.105469
vt -0.158203 -1.392578
vt -0.158203 -1.105469
vt -0.033203 -1.392578
vt -0.158203 -0.609375
vt -0.251953 -0.515625
vt -0.345703 -0.609375
vt 1.0 0.5
vt 1.0 0.0
vt 1.03125 0.1875
vt 1.15625 0.03125
vt 1.5 0.0
vt 0.4375 -0.09375
vt 0.4375 -0.390625
vt 0.285156 -0.09375
vt 0.285156 -0.390625
vt 0.4375 -0.390625
vt 0.4375 0.105469
vt 0.285156 0.105469
vt 0.285156 0.013672
vt 0.4375 0.105469
vt 0.753906 -0.099609
vt 1.0 -0.099609
vt 1.0 -0.013672
vt 0.5 -0.013672
vt 0.4375 -0.09375
vt 0.285156 -0.09375
vt 0.4375 -0.390625
vt 1.0 -0.099609
vt 1.279297 -0.099609
vt 1.5 -0.013672
vt 1.0 -0.013672
vt 8.5 15.5
vt 4.5 15.0
vt 4.5 15.5
vt 8.5 15.0
vt -0.081425 0.513672
vt 0.081425 0.513672
vt 0.0 0.75
vt 0.25 0.0
vt -0.25 0.0
vt -0.081425 0.513672
vt 0.081425 0.513672
vt 0.0 0.75
vt 0.25 0.0
vt -0.25 0.0
vt -0.081425 0.513672
vt 0.081425 0.513672
vt 0.0 0.75
vt 0.25 0.0
vt -0.25 0.0
vt -0.081425 0.513672
vt 0.081425 0.513672
vt 0.0 0.75
vt 0.25 0.0
vt -0.25 0.0
vt -0.081425 0.513672
vt 0.081425 0.513672
vt 0.0 0.75
vt 0.25 0.0
vt -0.25 0.0
vt -0.081425 0.513672
vt 0.081425 0.513672
vt 0.0 0.75
vt 0.25 0.0
vt -0.25 0.0
vt -0.081425 0.513672
vt 0.081425 0.513672
vt 0.0 0.75
vt 0.25 0.0
vt -0.25 0.0
vt -0.081425 0.513672
vt 0.081425 0.513672
vt 0.0 0.75
vt 0.25 0.0
vt -0.25 0.0
vt -0.081425 0.513672
vt 0.081425 0.513672
vt 0.0 0.75
vt 0.25 0.0
vt -0.25 0.0
vt -0.081425 0.513672
vt 0.081425 0.513672
vt 0.0 0.75
vt 0.25 0.0
vt -0.25 0.0
vt -0.081425 0.513672
vt 0.081425 0.513672
vt 0.0 0.75
vt 0.25 0.0
vt -0.25 0.0
vt -0.081425 0.513672
vt 0.081425 0.513672
vt 0.0 0.75
vt 0.25 0.0
vt -0.25 0.0
vt -0.081425 0.513672
vt 0.081425 0.513672
vt 0.0 0.75
vt 0.25 0.0
vt -0.25 0.0
vt -0.081425 0.513672
vt 0.081425 0.513672
vt 0.0 0.75
vt 0.25 0.0
vt -0.25 0.0
vt -0.081425 0.513672
vt 0.081425 0.513672
vt 0.0 0.75
vt 0.25 0.0
vt -0.25 0.0
vt 9.0 10.0
vt 5.0 10.0
vt 5.0 8.5
vt 9.0 8.5
vt 5.0 10.0
vt 7.5 10.0
vt 7.5 10.5
vt 5.0 10.5
vt 7.0 11.0
vt 5.0 11.0
vt 5.0 10.5
vt 7.0 10.5
vt 4.0 -0.894531
vt 4.0 -0.597656
vt 0.0 -0.597656
vt 0.0 -0.894531
vt 4.0 -0.515625
vt 0.0 -0.515625
vt 4.0 -0.894531
vt 0.0 -0.894531
vt 0.0 -0.988281
vt 4.0 -0.988281
vt 5.0 12.0
vt 9.0 12.0
vt 9.0 12.5
vt 5.0 12.5
vt 5.0 13.0
vt 7.5 13.0
vt 7.5 13.5
vt 5.0 13.5
vt 9.0 15.0
vt 5.0 15.0
vt 5.0 14.5
vt 9.0 14.5
vt -0.081425 0.513672
vt 0.081425 0.513672
vt 0.0 0.75
vt 0.25 0.0
vt -0.25 0.0
vt -0.081425 0.513672
vt 0.081425 0.513672
vt 0.0 0.75
vt 0.25 0.0
vt -0.25 0.0
vt -0.081425 0.513672
vt 0.081425 0.513672
vt 0.0 0.75
vt 0.25 0.0
vt -0.25 0.0
vt -0.081425 0.513672
vt 0.081425 0.513672
vt 0.0 0.75
vt 0.25 0.0
vt -0.25 0.0
vt -0.081425 0.513672
vt 0.081425 0.513672
vt 0.0 0.75
vt 0.25 0.0
vt -0.25 0.0
vt -0.081425 0.513672
vt 0.081425 0.513672
vt 0.0 0.75
vt 0.25 0.0
vt -0.25 0.0
vt -0.081425 0.513672
vt 0.081425 0.513672
vt 0.0 0.75
vt 0.25 0.0
vt -0.25 0.0
vt -0.081425 0.513672
vt 0.081425 0.513672
vt 0.0 0.75
vt 0.25 0.0
vt -0.25 0.0
vt -0.081425 0.513672
vt 0.081425 0.513672
vt 0.0 0.75
vt 0.25 0.0
vt -0.25 0.0
vt -0.081425 0.513672
vt 0.081425 0.513672
vt 0.0 0.75
vt 0.25 0.0
vt -0.25 0.0
vt -0.081425 0.513672
vt 0.081425 0.513672
vt 0.0 0.75
vt 0.25 0.0
vt -0.25 0.0
vt -0.081425 0.513672
vt 0.081425 0.513672
vt 0.0 0.75
vt 0.25 0.0
vt -0.25 0.0
vt -0.081425 0.513672
vt 0.081425 0.513672
vt 0.0 0.75
vt 0.25 0.0
vt -0.25 0.0
vt -0.081425 0.513672
vt 0.081425 0.513672
vt 0.0 0.75
vt 0.25 0.0
vt -0.25 0.0
vt -0.081425 0.513672
vt 0.081425 0.513672
vt 0.0 0.75
vt 0.25 0.0
vt -0.25 0.0
vt 2.0 -0.894531
vt 2.0 -0.597656
vt 0.0 -0.597656
vt 0.0 -0.894531
vt 2.0 -0.515625
vt 0.0 -0.515625
vt 2.0 -0.894531
vt 0.0 -0.894531
vt 0.0 -0.988281
vt 2.0 -0.988281
vt -0.081425 0.513672
vt 0.081425 0.513672
vt 0.0 0.75
vt 0.25 0.0
vt -0.25 0.0
vt -0.081425 0.513672
vt 0.081425 0.513672
vt 0.0 0.75
vt 0.25 0.0
vt -0.25 0.0
vt -0.081425 0.513672
vt 0.081425 0.513672
vt 0.0 0.75
vt 0.25 0.0
vt -0.25 0.0
vt -0.081425 0.513672
vt 0.081425 0.513672
vt 0.0 0.75
vt 0.25 0.0
vt -0.25 0.0
vt -0.081425 0.513672
vt 0.081425 0.513672
vt 0.0 0.75
vt 0.25 0.0
vt -0.25 0.0
vt -0.081425 0.513672
vt 0.081425 0.513672
vt 0.0 0.75
vt 0.25 0.0
vt -0.25 0.0
vt -0.081425 0.513672
vt 0.081425 0.513672
vt 0.0 0.75
vt 0.25 0.0
vt -0.25 0.0
vt -0.081425 0.513672
vt 0.081425 0.513672
vt 0.0 0.75
vt 0.25 0.0
vt -0.25 0.0
vt -0.081425 0.513672
vt 0.081425 0.513672
vt 0.0 0.75
vt 0.25 0.0
vt -0.25 0.0
vt -0.081425 0.513672
vt 0.081425 0.513672
vt 0.0 0.75
vt 0.25 0.0
vt -0.25 0.0
vt -0.081425 0.513672
vt 0.081425 0.513672
vt 0.0 0.75
vt 0.25 0.0
vt -0.25 0.0
vt -0.081425 0.513672
vt 0.081425 0.513672
vt 0.0 0.75
vt 0.25 0.0
vt -0.25 0.0
vt -0.081425 0.513672
vt 0.081425 0.513672
vt 0.0 0.75
vt 0.25 0.0
vt -0.25 0.0
vt -0.081425 0.513672
vt 0.081425 0.513672
vt 0.0 0.75
vt 0.25 0.0
vt -0.25 0.0
vt -0.081425 0.513672
vt 0.081425 0.513672
vt 0.0 0.75
vt 0.25 0.0
vt -0.25 0.0
vt 6.0 14.0
vt 9.0 14.0
vt 9.0 14.5
vt 6.0 14.5
vt -0.081425 0.513672
vt 0.081425 0.513672
vt 0.0 0.75
vt 0.25 0.0
vt -0.25 0.0
vt -0.081425 0.513672
vt 0.081425 0.513672
vt 0.0 0.75
vt 0.25 0.0
vt -0.25 0.0
vt -0.081425 0.513672
vt 0.081425 0.513672
vt 0.0 0.75
vt 0.25 0.0
vt -0.25 0.0
vt -0.081425 0.513672
vt 0.081425 0.513672
vt 0.0 0.75
vt 0.25 0.0
vt -0.25 0.0
vt -0.081425 0.513672
vt 0.081425 0.513672
vt 0.0 0.75
vt 0.25 0.0
vt -0.25 0.0
vt -0.081425 0.513672
vt 0.081425 0.513672
vt 0.0 0.75
vt 0.25 0.0
vt -0.25 0.0
vt -0.081425 0.513672
vt 0.081425 0.513672
vt 0.0 0.75
vt 0.25 0.0
vt -0.25 0.0
vt -0.081425 0.513672
vt 0.081425 0.513672
vt 0.0 0.75
vt 0.25 0.0
vt -0.25 0.0
vt -0.081425 0.513672
vt 0.081425 0.513672
vt 0.0 0.75
vt 0.25 0.0
vt -0.25 0.0
vt -0.081425 0.513672
vt 0.081425 0.513672
vt 0.0 0.75
vt 0.25 0.0
vt -0.25 0.0
vt -0.081425 0.513672
vt 0.081425 0.513672
vt 0.0 0.75
vt 0.25 0.0
vt -0.25 0.0
vt -0.081425 0.513672
vt 0.081425 0.513672
vt 0.0 0.75
vt 0.25 0.0
vt -0.25 0.0
vt -0.081425 0.513672
vt 0.081425 0.513672
vt 0.0 0.75
vt 0.25 0.0
vt -0.25 0.0
vt -0.081425 0.513672
vt 0.081425 0.513672
vt 0.0 0.75
vt 0.25 0.0
vt -0.25 0.0
vt -0.470703 -0.892578
vt -0.345703 -0.892578
vt -0.345703 -0.605469
vt -0.158203 -0.892578
vt -0.158203 -0.605469
vt -0.033203 -0.892578
vt -0.158203 -0.109375
vt -0.251953 -0.015625
vt -0.345703 -0.109375
vt -0.345703 -0.986328
vt -0.158203 -0.986328
vt -0.158203 -0.892578
vt -0.345703 -0.892578
vt -0.001953 -0.986328
vt -0.033203 -0.892578
vt -0.501953 -0.986328
vt -0.470703 -0.892578
vt -2.0 -1.486328
vt -2.0 -2.0
vt -1.0 -2.0
vt -1.0 -1.486328
vt -2.0 -1.486328
vt -2.0 -2.0
vt -1.0 -2.0
vt -1.0 -1.486328
vt -2.0 -1.25
vt -1.0 -1.25
vt 1.207031 -2.001953
vt 0.792969 -1.505859
vt 0.207031 -1.505859
vt -0.207031 -2.001953
vt 0.628906 -1.25
vt 0.371094 -1.25
vt -2.0 -1.25
vt -1.0 -1.25
vt 0.4375 -0.09375
vt 0.4375 -0.390625
vt 0.285156 -0.09375
vt 0.285156 -0.390625
vt 0.4375 -0.390625
vt 0.4375 0.105469
vt 0.285156 0.105469
vt 0.285156 0.013672
vt 0.4375 0.105469
vt 1.0 -0.099609
vt 1.279297 -0.099609
vt 1.5 -0.013672
vt 1.0 -0.013672
vt 0.4375 -0.09375
vt 1.0 -0.013672
vt 0.5 -0.013672
vt 0.753906 -0.099609
vt 1.0 -0.099609
vt 0.15 0.75
vt -0.15 0.75
vt -0.0 0.5
vt -0.081425 0.513672
vt 0.081425 0.513672
vt 0.0 0.75
vt 0.25 0.0
vt -0.25 0.0
vt -0.081425 0.513672
vt 0.081425 0.513672
vt 0.0 0.75
vt 0.25 0.0
vt -0.25 0.0
vt -0.081425 0.513672
vt 0.081425 0.513672
vt 0.0 0.75
vt 0.25 0.0
vt -0.25 0.0
vt -0.081425 0.513672
vt 0.081425 0.513672
vt 0.0 0.75
vt 0.25 0.0
vt -0.25 0.0
vt -0.081425 0.513672
vt 0.081425 0.513672
vt 0.0 0.75
vt 0.25 0.0
vt -0.25 0.0
vt -0.081425 0.513672
vt 0.081425 0.513672
vt 0.0 0.75
vt 0.25 0.0
vt -0.25 0.0
vt -0.081425 0.513672
vt 0.081425 0.513672
vt 0.0 0.75
vt 0.25 0.0
vt -0.25 0.0
vt -0.081425 0.513672
vt 0.081425 0.513672
vt 0.0 0.75
vt 0.25 0.0
vt -0.25 0.0
vt -0.081425 0.513672
vt 0.081425 0.513672
vt 0.0 0.75
vt 0.25 0.0
vt -0.25 0.0
vt -0.081425 0.513672
vt 0.081425 0.513672
vt 0.0 0.75
vt 0.25 0.0
vt -0.25 0.0
vt -0.081425 0.513672
vt 0.081425 0.513672
vt 0.0 0.75
vt 0.25 0.0
vt -0.25 0.0
vt -0.081425 0.513672
vt 0.081425 0.513672
vt 0.0 0.75
vt 0.25 0.0
vt -0.25 0.0
vt -0.081425 0.513672
vt 0.081425 0.513672
vt 0.0 0.75
vt 0.25 0.0
vt -0.25 0.0
vt -0.081425 0.513672
vt 0.081425 0.513672
vt 0.0 0.75
vt 0.25 0.0
vt -0.25 0.0
vt 0.0 -0.097656
vt 0.0 -0.015625
vt -2.0 -0.015625
vt -2.0 -0.097656
vt 0.0 -0.394531
vt -2.0 -0.394531
vt 0.0 0.109375
vt -2.0 0.109375
vt -2.0 0.015625
vt 0.0 0.015625
vt -12.0 -1.25
vt -12.0 -1.486328
vt -8.0 -1.486328
vt -8.0 -1.25
vt -12.0 -2.0
vt -8.0 -2.0
vt 0.841797 -0.986328
vt 0.998047 -0.986328
vt 0.966797 -0.892578
vt 0.841797 -0.892578
vt 0.498047 -0.986328
vt 0.654297 -0.986328
vt 0.654297 -0.892578
vt 0.529297 -0.892578
vt -0.470703 -1.392578
vt -0.345703 -1.392578
vt -0.345703 -1.105469
vt -0.158203 -1.392578
vt -0.158203 -1.105469
vt -0.033203 -1.392578
vt -0.158203 -0.609375
vt -0.251953 -0.515625
vt -0.345703 -0.609375
vt 1.0 0.5
vt 1.0 0.0
vt 1.03125 0.1875
vt 1.15625 0.03125
vt 1.5 0.0
vt 0.753906 -0.599609
vt 1.0 -0.599609
vt 1.0 -0.513672
vt 0.5 -0.513672
vt 1.0 -0.599609
vt 1.279297 -0.599609
vt 1.5 -0.513672
vt 1.0 -0.513672
vt 0.4375 -0.59375
vt 0.4375 -0.890625
vt 0.285156 -0.59375
vt 0.285156 -0.890625
vt 0.4375 -0.890625
vt 0.4375 -0.394531
vt 0.285156 -0.394531
vt 0.285156 -0.486328
vt 0.4375 -0.394531
vt 0.4375 -0.59375
vt 0.285156 -0.59375
vt 0.4375 -0.890625
vt 0.841797 -0.986328
vt 0.998047 -0.986328
vt 0.966797 -0.892578
vt 0.841797 -0.892578
vt 0.498047 -0.986328
vt 0.654297 -0.986328
vt 0.654297 -0.892578
vt 0.529297 -0.892578
vt -0.470703 -1.392578
vt -0.345703 -1.392578
vt -0.345703 -1.105469
vt -0.158203 -1.392578
vt -0.158203 -1.105469
vt -0.033203 -1.392578
vt -0.158203 -0.609375
vt -0.251953 -0.515625
vt -0.345703 -0.609375
vt 1.0 0.5
vt 1.0 0.0
vt 1.03125 0.1875
vt 1.15625 0.03125
vt 1.5 0.0
vt 7.0 13.0
vt 9.5 12.5
vt 9.5 13.0
vt 7.0 12.5
vt -0.081425 0.513672
vt 0.081425 0.513672
vt 0.0 0.75
vt 0.25 0.0
vt -0.25 0.0
vt -0.081425 0.513672
vt 0.081425 0.513672
vt 0.0 0.75
vt 0.25 0.0
vt -0.25 0.0
vt -0.081425 0.513672
vt 0.081425 0.513672
vt 0.0 0.75
vt 0.25 0.0
vt -0.25 0.0
vt -0.081425 0.513672
vt 0.081425 0.513672
vt 0.0 0.75
vt 0.25 0.0
vt -0.25 0.0
vt -0.081425 0.513672
vt 0.081425 0.513672
vt 0.0 0.75
vt 0.25 0.0
vt -0.25 0.0
vt -0.081425 0.513672
vt 0.081425 0.513672
vt 0.0 0.75
vt 0.25 0.0
vt -0.25 0.0
vt -0.081425 0.513672
vt 0.081425 0.513672
vt 0.0 0.75
vt 0.25 0.0
vt -0.25 0.0
vt -0.081425 0.513672
vt 0.081425 0.513672
vt 0.0 0.75
vt 0.25 0.0
vt -0.25 0.0
vt -0.081425 0.513672
vt 0.081425 0.513672
vt 0.0 0.75
vt 0.25 0.0
vt -0.25 0.0
vt -0.081425 0.513672
vt 0.081425 0.513672
vt 0.0 0.75
vt 0.25 0.0
vt -0.25 0.0
vt -0.081425 0.513672
vt 0.081425 0.513672
vt 0.0 0.75
vt 0.25 0.0
vt -0.25 0.0
vt -0.081425 0.513672
vt 0.081425 0.513672
vt 0.0 0.75
vt 0.25 0.0
vt -0.25 0.0
vt -0.081425 0.513672
vt 0.081425 0.513672
vt 0.0 0.75
vt 0.25 0.0
vt -0.25 0.0
vt -0.081425 0.513672
vt 0.081425 0.513672
vt 0.0 0.75
vt 0.25 0.0
vt -0.25 0.0
vt 2.0 -0.894531
vt 2.0 -0.597656
vt 0.0 -0.597656
vt 0.0 -0.894531
vt 2.0 -0.515625
vt 0.0 -0.515625
vt 2.0 -0.894531
vt 0.0 -0.894531
vt 0.0 -0.988281
vt 2.0 -0.988281
vt 11.5 8.5
vt 7.5 8.0
vt 7.5 8.5
vt 11.5 8.0
vt 0.841797 -0.986328
vt 0.998047 -0.986328
vt 0.966797 -0.892578
vt 0.841797 -0.892578
vt 0.498047 -0.986328
vt 0.654297 -0.986328
vt 0.654297 -0.892578
vt 0.529297 -0.892578
vt -0.470703 -1.392578
vt -0.345703 -1.392578
vt -0.345703 -1.105469
vt -0.158203 -1.392578
vt -0.158203 -1.105469
vt -0.033203 -1.392578
vt -0.158203 -0.609375
vt -0.251953 -0.515625
vt -0.345703 -0.609375
vt 1.0 0.5
vt 1.0 0.0
vt 1.03125 0.1875
vt 1.15625 0.03125
vt 1.5 0.0
vt 0.5 -0.894531
vt 0.5 -0.597656
vt 0.0 -0.597656
vt 0.0 -0.894531
vt 0.5 -0.515625
vt 0.0 -0.515625
vt 0.5 -0.894531
vt 0.0 -0.894531
vt 0.0 -0.988281
vt 0.5 -0.988281
vt 11.5 11.5
vt 7.5 11.0
vt 7.5 11.5
vt 11.5 11.0
vt 7.5 13.0
vt 10.0 13.0
vt 10.0 13.5
vt 7.5 13.5
vt -0.081425 0.513672
vt 0.081425 0.513672
vt 0.0 0.75
vt 0.25 0.0
vt -0.25 0.0
vt -0.081425 0.513672
vt 0.081425 0.513672
vt 0.0 0.75
vt 0.25 0.0
vt -0.25 0.0
vt -0.081425 0.513672
vt 0.081425 0.513672
vt 0.0 0.75
vt 0.25 0.0
vt -0.25 0.0
vt -0.081425 0.513672
vt 0.081425 0.513672
vt 0.0 0.75
vt 0.25 0.0
vt -0.25 0.0
vt -0.081425 0.513672
vt 0.081425 0.513672
vt 0.0 0.75
vt 0.25 0.0
vt -0.25 0.0
vt -0.081425 0.513672
vt 0.081425 0.513672
vt 0.0 0.75
vt 0.25 0.0
vt -0.25 0.0
vt -0.081425 0.513672
vt 0.081425 0.513672
vt 0.0 0.75
vt 0.25 0.0
vt -0.25 0.0
vt -0.081425 0.513672
vt 0.081425 0.513672
vt 0.0 0.75
vt 0.25 0.0
vt -0.25 0.0
vt -0.081425 0.513672
vt 0.081425 0.513672
vt 0.0 0.75
vt 0.25 0.0
vt -0.25 0.0
vt -0.081425 0.513672
vt 0.081425 0.513672
vt 0.0 0.75
vt 0.25 0.0
vt -0.25 0.0
vt -0.081425 0.513672
vt 0.081425 0.513672
vt 0.0 0.75
vt 0.25 0.0
vt -0.25 0.0
vt -0.081425 0.513672
vt 0.081425 0.513672
vt 0.0 0.75
vt 0.25 0.0
vt -0.25 0.0
vt -0.081425 0.513672
vt 0.081425 0.513672
vt 0.0 0.75
vt 0.25 0.0
vt -0.25 0.0
vt -0.081425 0.513672
vt 0.081425 0.513672
vt 0.0 0.75
vt 0.25 0.0
vt -0.25 0.0
vt 3.5 -0.894531
vt 3.5 -0.597656
vt 0.0 -0.597656
vt 0.0 -0.894531
vt 3.5 -0.515625
vt 0.0 -0.515625
vt 3.5 -0.894531
vt 0.0 -0.894531
vt 0.0 -0.988281
vt 3.5 -0.988281
vt 12.0 11.0
vt 8.0 11.0
vt 8.0 10.5
vt 12.0 10.5
vt 8.0 14.0
vt 8.5 13.5
vt 8.5 14.0
vt 8.0 13.5
vt 11.0 16.0
vt 8.0 16.0
vt 8.0 15.5
vt 11.0 15.5
vt -0.081425 0.513672
vt 0.081425 0.513672
vt 0.0 0.75
vt 0.25 0.0
vt -0.25 0.0
vt -0.081425 0.513672
vt 0.081425 0.513672
vt 0.0 0.75
vt 0.25 0.0
vt -0.25 0.0
vt -0.081425 0.513672
vt 0.081425 0.513672
vt 0.0 0.75
vt 0.25 0.0
vt -0.25 0.0
vt -0.081425 0.513672
vt 0.081425 0.513672
vt 0.0 0.75
vt 0.25 0.0
vt -0.25 0.0
vt -0.081425 0.513672
vt 0.081425 0.513672
vt 0.0 0.75
vt 0.25 0.0
vt -0.25 0.0
vt -0.081425 0.513672
vt 0.081425 0.513672
vt 0.0 0.75
vt 0.25 0.0
vt -0.25 0.0
vt -0.081425 0.513672
vt 0.081425 0.513672
vt 0.0 0.75
vt 0.25 0.0
vt -0.25 0.0
vt -0.081425 0.513672
vt 0.081425 0.513672
vt 0.0 0.75
vt 0.25 0.0
vt -0.25 0.0
vt -0.081425 0.513672
vt 0.081425 0.513672
vt 0.0 0.75
vt 0.25 0.0
vt -0.25 0.0
vt -0.081425 0.513672
vt 0.081425 0.513672
vt 0.0 0.75
vt 0.25 0.0
vt -0.25 0.0
vt -0.081425 0.513672
vt 0.081425 0.513672
vt 0.0 0.75
vt 0.25 0.0
vt -0.25 0.0
vt -0.081425 0.513672
vt 0.081425 0.513672
vt 0.0 0.75
vt 0.25 0.0
vt -0.25 0.0
vt -0.081425 0.513672
vt 0.081425 0.513672
vt 0.0 0.75
vt 0.25 0.0
vt -0.25 0.0
vt -0.081425 0.513672
vt 0.081425 0.513672
vt 0.0 0.75
vt 0.25 0.0
vt -0.25 0.0
vt 10.0 14.0
vt 8.5 13.5
vt 8.5 14.0
vt 10.0 13.5
vt 8.5 15.5
vt 10.0 15.0
vt 10.0 15.5
vt 8.5 15.0
vt -0.081425 0.513672
vt 0.081425 0.513672
vt 0.0 0.75
vt 0.25 0.0
vt -0.25 0.0
vt -0.081425 0.513672
vt 0.081425 0.513672
vt 0.0 0.75
vt 0.25 0.0
vt -0.25 0.0
vt -0.081425 0.513672
vt 0.081425 0.513672
vt 0.0 0.75
vt 0.25 0.0
vt -0.25 0.0
vt -0.081425 0.513672
vt 0.081425 0.513672
vt 0.0 0.75
vt 0.25 0.0
vt -0.25 0.0
vt -0.081425 0.513672
vt 0.081425 0.513672
vt 0.0 0.75
vt 0.25 0.0
vt -0.25 0.0
vt -0.081425 0.513672
vt 0.081425 0.513672
vt 0.0 0.75
vt 0.25 0.0
vt -0.25 0.0
vt -0.081425 0.513672
vt 0.081425 0.513672
vt 0.0 0.75
vt 0.25 0.0
vt -0.25 0.0
vt -0.081425 0.513672
vt 0.081425 0.513672
vt 0.0 0.75
vt 0.25 0.0
vt -0.25 0.0
vt -0.081425 0.513672
vt 0.081425 0.513672
vt 0.0 0.75
vt 0.25 0.0
vt -0.25 0.0
vt -0.081425 0.513672
vt 0.081425 0.513672
vt 0.0 0.75
vt 0.25 0.0
vt -0.25 0.0
vt -0.081425 0.513672
vt 0.081425 0.513672
vt 0.0 0.75
vt 0.25 0.0
vt -0.25 0.0
vt -0.081425 0.513672
vt 0.081425 0.513672
vt 0.0 0.75
vt 0.25 0.0
vt -0.25 0.0
vt -0.081425 0.513672
vt 0.081425 0.513672
vt 0.0 0.75
vt 0.25 0.0
vt -0.25 0.0
vt -0.470703 -0.892578
vt -0.345703 -0.892578
vt -0.345703 -0.605469
vt -0.158203 -0.892578
vt -0.158203 -0.605469
vt -0.033203 -0.892578
vt -0.158203 -0.109375
vt -0.251953 -0.015625
vt -0.345703 -0.109375
vt -0.345703 -0.986328
vt -0.158203 -0.986328
vt -0.158203 -0.892578
vt -0.345703 -0.892578
vt -0.001953 -0.986328
vt -0.033203 -0.892578
vt -0.501953 -0.986328
vt -0.470703 -0.892578
vt -2.0 -1.486328
vt -2.0 -2.0
vt -1.0 -2.0
vt -1.0 -1.486328
vt -2.0 -1.486328
vt -2.0 -2.0
vt -1.0 -2.0
vt -1.0 -1.486328
vt -2.0 -1.25
vt -1.0 -1.25
vt 1.207031 -2.001953
vt 0.792969 -1.505859
vt 0.207031 -1.505859
vt -0.207031 -2.001953
vt 0.628906 -1.25
vt 0.371094 -1.25
vt -2.0 -1.25
vt -1.0 -1.25
vt 0.4375 -0.09375
vt 0.4375 -0.390625
vt 0.285156 -0.09375
vt 0.285156 -0.390625
vt 0.4375 -0.390625
vt 0.4375 0.105469
vt 0.285156 0.105469
vt 0.285156 0.013672
vt 0.4375 0.105469
vt 1.0 -0.099609
vt 1.279297 -0.099609
vt 1.5 -0.013672
vt 1.0 -0.013672
vt 0.4375 -0.09375
vt 1.0 -0.013672
vt 0.5 -0.013672
vt 0.753906 -0.099609
vt 1.0 -0.099609
vt 0.15 0.75
vt -0.15 0.75
vt -0.0 0.5
vt 13.0 9.0
vt 9.0 9.0
vt 9.0 8.5
vt 13.0 8.5
vt 12.5 9.5
vt 9.0 9.0
vt 9.0 9.5
vt 12.5 9.0
vt 11.0 10.0
vt 9.0 10.0
vt 9.0 9.5
vt 11.0 9.5
vt 0.5 -0.894531
vt 0.5 -0.597656
vt 0.0 -0.597656
vt 0.0 -0.894531
vt 0.5 -0.515625
vt 0.0 -0.515625
vt 0.5 -0.894531
vt 0.0 -0.894531
vt 0.0 -0.988281
vt 0.5 -0.988281
vt 9.0 12.0
vt 10.0 12.0
vt 10.0 12.5
vt 9.0 12.5
vt 9.0 14.0
vt 10.0 14.0
vt 10.0 14.5
vt 9.0 14.5
vt 9.0 15.0
vt 9.5 14.5
vt 9.5 15.0
vt 9.0 14.5
vt -0.081425 0.513672
vt 0.081425 0.513672
vt 0.0 0.75
vt 0.25 0.0
vt -0.25 0.0
vt -0.081425 0.513672
vt 0.081425 0.513672
vt 0.0 0.75
vt 0.25 0.0
vt -0.25 0.0
vt -0.081425 0.513672
vt 0.081425 0.513672
vt 0.0 0.75
vt 0.25 0.0
vt -0.25 0.0
vt -0.081425 0.513672
vt 0.081425 0.513672
vt 0.0 0.75
vt 0.25 0.0
vt -0.25 0.0
vt -0.081425 0.513672
vt 0.081425 0.513672
vt 0.0 0.75
vt 0.25 0.0
vt -0.25 0.0
vt -0.081425 0.513672
vt 0.081425 0.513672
vt 0.0 0.75
vt 0.25 0.0
vt -0.25 0.0
vt -0.081425 0.513672
vt 0.081425 0.513672
vt 0.0 0.75
vt 0.25 0.0
vt -0.25 0.0
vt -0.081425 0.513672
vt 0.081425 0.513672
vt 0.0 0.75
vt 0.25 0.0
vt -0.25 0.0
vt -0.081425 0.513672
vt 0.081425 0.513672
vt 0.0 0.75
vt 0.25 0.0
vt -0.25 0.0
vt -0.081425 0.513672
vt 0.081425 0.513672
vt 0.0 0.75
vt 0.25 0.0
vt -0.25 0.0
vt -0.081425 0.513672
vt 0.081425 0.513672
vt 0.0 0.75
vt 0.25 0.0
vt -0.25 0.0
vt -0.081425 0.513672
vt 0.081425 0.513672
vt 0.0 0.75
vt 0.25 0.0
vt -0.25 0.0
vt -0.081425 0.513672
vt 0.081425 0.513672
vt 0.0 0.75
vt 0.25 0.0
vt -0.25 0.0
vt 0.0 -0.097656
vt 0.0 -0.015625
vt -0.5 -0.015625
vt -0.5 -0.097656
vt 0.0 -0.394531
vt -0.5 -0.394531
vt 0.0 0.109375
vt -0.5 0.109375
vt -0.5 0.015625
vt 0.0 0.015625
vt -3.0 -1.25
vt -3.0 -1.486328
vt -2.0 -1.486328
vt -2.0 -1.25
vt -3.0 -2.0
vt -2.0 -2.0
vt 0.841797 -0.986328
vt 0.998047 -0.986328
vt 0.966797 -0.892578
vt 0.841797 -0.892578
vt 0.498047 -0.986328
vt 0.654297 -0.986328
vt 0.654297 -0.892578
vt 0.529297 -0.892578
vt -0.470703 -1.392578
vt -0.345703 -1.392578
vt -0.345703 -1.105469
vt -0.158203 -1.392578
vt -0.158203 -1.105469
vt -0.033203 -1.392578
vt -0.158203 -0.609375
vt -0.251953 -0.515625
vt -0.345703 -0.609375
vt 1.0 0.5
vt 1.0 0.0
vt 1.03125 0.1875
vt 1.15625 0.03125
vt 1.5 0.0
vt 0.753906 -0.599609
vt 1.0 -0.599609
vt 1.0 -0.513672
vt 0.5 -0.513672
vt 1.0 -0.599609
vt 1.279297 -0.599609
vt 1.5 -0.513672
vt 1.0 -0.513672
vt 0.4375 -0.59375
vt 0.4375 -0.890625
vt 0.285156 -0.59375
vt 0.285156 -0.890625
vt 0.4375 -0.890625
vt 0.4375 -0.394531
vt 0.285156 -0.394531
vt 0.285156 -0.486328
vt 0.4375 -0.394531
vt 0.4375 -0.59375
vt 0.285156 -0.59375
vt 0.4375 -0.890625
vt 2.0 -0.894531
vt 2.0 -0.597656
vt 0.0 -0.597656
vt 0.0 -0.894531
vt 2.0 -0.515625
vt 0.0 -0.515625
vt 2.0 -0.894531
vt 0.0 -0.894531
vt 0.0 -0.988281
vt 2.0 -0.988281
vt 9.5 12.5
vt 10.5 12.5
vt 10.5 13.0
vt 9.5 13.0
vt 10.0 15.0
vt 9.5 14.5
vt 9.5 15.0
vt 10.0 14.5
vt -0.081425 0.513672
vt 0.081425 0.513672
vt 0.0 0.75
vt 0.25 0.0
vt -0.25 0.0
vt -0.081425 0.513672
vt 0.081425 0.513672
vt 0.0 0.75
vt 0.25 0.0
vt -0.25 0.0
vt -0.081425 0.513672
vt 0.081425 0.513672
vt 0.0 0.75
vt 0.25 0.0
vt -0.25 0.0
vt -0.081425 0.513672
vt 0.081425 0.513672
vt 0.0 0.75
vt 0.25 0.0
vt -0.25 0.0
vt -0.081425 0.513672
vt 0.081425 0.513672
vt 0.0 0.75
vt 0.25 0.0
vt -0.25 0.0
vt -0.081425 0.513672
vt 0.081425 0.513672
vt 0.0 0.75
vt 0.25 0.0
vt -0.25 0.0
vt -0.081425 0.513672
vt 0.081425 0.513672
vt 0.0 0.75
vt 0.25 0.0
vt -0.25 0.0
vt -0.081425 0.513672
vt 0.081425 0.513672
vt 0.0 0.75
vt 0.25 0.0
vt -0.25 0.0
vt -0.081425 0.513672
vt 0.081425 0.513672
vt 0.0 0.75
vt 0.25 0.0
vt -0.25 0.0
vt -0.081425 0.513672
vt 0.081425 0.513672
vt 0.0 0.75
vt 0.25 0.0
vt -0.25 0.0
vt -0.081425 0.513672
vt 0.081425 0.513672
vt 0.0 0.75
vt 0.25 0.0
vt -0.25 0.0
vt -0.081425 0.513672
vt 0.081425 0.513672
vt 0.0 0.75
vt 0.25 0.0
vt -0.25 0.0
vt -0.470703 -0.892578
vt -0.345703 -0.892578
vt -0.345703 -0.605469
vt -0.158203 -0.892578
vt -0.158203 -0.605469
vt -0.033203 -0.892578
vt -0.158203 -0.109375
vt -0.251953 -0.015625
vt -0.345703 -0.109375
vt -0.345703 -0.986328
vt -0.158203 -0.986328
vt -0.158203 -0.892578
vt -0.345703 -0.892578
vt -0.001953 -0.986328
vt -0.033203 -0.892578
vt -0.501953 -0.986328
vt -0.470703 -0.892578
vt -2.0 -1.486328
vt -2.0 -2.0
vt -1.0 -2.0
vt -1.0 -1.486328
vt -2.0 -1.486328
vt -2.0 -2.0
vt -1.0 -2.0
vt -1.0 -1.486328
vt -2.0 -1.25
vt -1.0 -1.25
vt 1.207031 -2.001953
vt 0.792969 -1.505859
vt 0.207031 -1.505859
vt -0.207031 -2.001953
vt 0.628906 -1.25
vt 0.371094 -1.25
vt -2.0 -1.25
vt -1.0 -1.25
vt 0.4375 -0.09375
vt 0.4375 -0.390625
vt 0.285156 -0.09375
vt 0.285156 -0.390625
vt 0.4375 -0.390625
vt 0.4375 0.105469
vt 0.285156 0.105469
vt 0.285156 0.013672
vt 0.4375 0.105469
vt 1.0 -0.099609
vt 1.279297 -0.099609
vt 1.5 -0.013672
vt 1.0 -0.013672
vt 0.4375 -0.09375
vt 1.0 -0.013672
vt 0.5 -0.013672
vt 0.753906 -0.099609
vt 1.0 -0.099609
vt 0.15 0.75
vt -0.15 0.75
vt -0.0 0.5
vt 0.5 -0.894531
vt 0.5 -0.597656
vt 0.0 -0.597656
vt 0.0 -0.894531
vt 0.5 -0.515625
vt 0.0 -0.515625
vt 0.5 -0.894531
vt 0.0 -0.894531
vt 0.0 -0.988281
vt 0.5 -0.988281
vt 14.0 8.0
vt 10.0 8.0
vt 10.0 7.5
vt 14.0 7.5
vt 10.0 12.0
vt 12.0 12.0
vt 12.0 12.5
vt 10.0 12.5
vt 10.0 15.0
vt 10.0 13.0
vt 10.5 15.0
vt 10.5 13.0
vt 10.5 15.5
vt 10.0 15.0
vt 10.0 15.5
vt 10.5 15.0
vt -0.081425 0.513672
vt 0.081425 0.513672
vt 0.0 0.75
vt 0.25 0.0
vt -0.25 0.0
vt -0.081425 0.513672
vt 0.081425 0.513672
vt 0.0 0.75
vt 0.25 0.0
vt -0.25 0.0
vt -0.081425 0.513672
vt 0.081425 0.513672
vt 0.0 0.75
vt 0.25 0.0
vt -0.25 0.0
vt -0.081425 0.513672
vt 0.081425 0.513672
vt 0.0 0.75
vt 0.25 0.0
vt -0.25 0.0
vt -0.081425 0.513672
vt 0.081425 0.513672
vt 0.0 0.75
vt 0.25 0.0
vt -0.25 0.0
vt -0.081425 0.513672
vt 0.081425 0.513672
vt 0.0 0.75
vt 0.25 0.0
vt -0.25 0.0
vt -0.081425 0.513672
vt 0.081425 0.513672
vt 0.0 0.75
vt 0.25 0.0
vt -0.25 0.0
vt -0.081425 0.513672
vt 0.081425 0.513672
vt 0.0 0.75
vt 0.25 0.0
vt -0.25 0.0
vt -0.081425 0.513672
vt 0.081425 0.513672
vt 0.0 0.75
vt 0.25 0.0
vt -0.25 0.0
vt -0.081425 0.513672
vt 0.081425 0.513672
vt 0.0 0.75
vt 0.25 0.0
vt -0.25 0.0
vt -0.081425 0.513672
vt 0.081425 0.513672
vt 0.0 0.75
vt 0.25 0.0
vt -0.25 0.0
vt -0.081425 0.513672
vt 0.081425 0.513672
vt 0.0 0.75
vt 0.25 0.0
vt -0.25 0.0
vt 0.0 -0.097656
vt 0.0 -0.015625
vt -3.0 -0.015625
vt -3.0 -0.097656
vt 0.0 -0.394531
vt -3.0 -0.394531
vt 0.0 0.109375
vt -3.0 0.109375
vt -3.0 0.015625
vt 0.0 0.015625
vt -18.0 -1.25
vt -18.0 -1.486328
vt -12.0 -1.486328
vt -12.0 -1.25
vt -18.0 -2.0
vt -12.0 -2.0
vt 0.841797 -0.986328
vt 0.998047 -0.986328
vt 0.966797 -0.892578
vt 0.841797 -0.892578
vt 0.498047 -0.986328
vt 0.654297 -0.986328
vt 0.654297 -0.892578
vt 0.529297 -0.892578
vt -0.470703 -1.392578
vt -0.345703 -1.392578
vt -0.345703 -1.105469
vt -0.158203 -1.392578
vt -0.158203 -1.105469
vt -0.033203 -1.392578
vt -0.158203 -0.609375
vt -0.251953 -0.515625
vt -0.345703 -0.609375
vt 1.0 0.5
vt 1.0 0.0
vt 1.03125 0.1875
vt 1.15625 0.03125
vt 1.5 0.0
vt 0.753906 -0.599609
vt 1.0 -0.599609
vt 1.0 -0.513672
vt 0.5 -0.513672
vt 1.0 -0.599609
vt 1.279297 -0.599609
vt 1.5 -0.513672
vt 1.0 -0.513672
vt 0.4375 -0.59375
vt 0.4375 -0.890625
vt 0.285156 -0.59375
vt 0.285156 -0.890625
vt 0.4375 -0.890625
vt 0.4375 -0.394531
vt 0.285156 -0.394531
vt 0.285156 -0.486328
vt 0.4375 -0.394531
vt 0.4375 -0.59375
vt 0.285156 -0.59375
vt 0.4375 -0.890625
vt 12.5 14.5
vt 10.5 14.5
vt 10.5 12.5
vt 12.5 12.5
vt 10.5 15.5
vt 10.5 14.5
vt 11.0 15.5
vt 11.0 14.5
vt -0.081425 0.513672
vt 0.081425 0.513672
vt 0.0 0.75
vt 0.25 0.0
vt -0.25 0.0
vt -0.081425 0.513672
vt 0.081425 0.513672
vt 0.0 0.75
vt 0.25 0.0
vt -0.25 0.0
vt -0.081425 0.513672
vt 0.081425 0.513672
vt 0.0 0.75
vt 0.25 0.0
vt -0.25 0.0
vt -0.081425 0.513672
vt 0.081425 0.513672
vt 0.0 0.75
vt 0.25 0.0
vt -0.25 0.0
vt -0.081425 0.513672
vt 0.081425 0.513672
vt 0.0 0.75
vt 0.25 0.0
vt -0.25 0.0
vt -0.081425 0.513672
vt 0.081425 0.513672
vt 0.0 0.75
vt 0.25 0.0
vt -0.25 0.0
vt -0.081425 0.513672
vt 0.081425 0.513672
vt 0.0 0.75
vt 0.25 0.0
vt -0.25 0.0
vt -0.081425 0.513672
vt 0.081425 0.513672
vt 0.0 0.75
vt 0.25 0.0
vt -0.25 0.0
vt -0.081425 0.513672
vt 0.081425 0.513672
vt 0.0 0.75
vt 0.25 0.0
vt -0.25 0.0
vt -0.081425 0.513672
vt 0.081425 0.513672
vt 0.0 0.75
vt 0.25 0.0
vt -0.25 0.0
vt -0.081425 0.513672
vt 0.081425 0.513672
vt 0.0 0.75
vt 0.25 0.0
vt -0.25 0.0
vt -0.081425 0.513672
vt 0.081425 0.513672
vt 0.0 0.75
vt 0.25 0.0
vt -0.25 0.0
vt 3.0 -0.894531
vt 3.0 -0.597656
vt 0.0 -0.597656
vt 0.0 -0.894531
vt 3.0 -0.515625
vt 0.0 -0.515625
vt 3.0 -0.894531
vt 0.0 -0.894531
vt 0.0 -0.988281
vt 3.0 -0.988281
vt 11.0 7.5
vt 11.0 7.0
vt 14.5 7.5
vt 14.5 7.0
vt 0.841797 -0.986328
vt 0.998047 -0.986328
vt 0.966797 -0.892578
vt 0.841797 -0.892578
vt 0.498047 -0.986328
vt 0.654297 -0.986328
vt 0.654297 -0.892578
vt 0.529297 -0.892578
vt -0.470703 -1.392578
vt -0.345703 -1.392578
vt -0.345703 -1.105469
vt -0.158203 -1.392578
vt -0.158203 -1.105469
vt -0.033203 -1.392578
vt -0.158203 -0.609375
vt -0.251953 -0.515625
vt -0.345703 -0.609375
vt 1.0 0.5
vt 1.0 0.0
vt 1.03125 0.1875
vt 1.15625 0.03125
vt 1.5 0.0
vt 14.0 15.0
vt 11.0 15.0
vt 11.0 14.5
vt 14.0 14.5
vt 11.0 16.0
vt 11.0 15.0
vt 11.5 16.0
vt 11.5 15.0
vt -0.081425 0.513672
vt 0.081425 0.513672
vt 0.0 0.75
vt 0.25 0.0
vt -0.25 0.0
vt -0.081425 0.513672
vt 0.081425 0.513672
vt 0.0 0.75
vt 0.25 0.0
vt -0.25 0.0
vt -0.081425 0.513672
vt 0.081425 0.513672
vt 0.0 0.75
vt 0.25 0.0
vt -0.25 0.0
vt -0.081425 0.513672
vt 0.081425 0.513672
vt 0.0 0.75
vt 0.25 0.0
vt -0.25 0.0
vt -0.081425 0.513672
vt 0.081425 0.513672
vt 0.0 0.75
vt 0.25 0.0
vt -0.25 0.0
vt -0.081425 0.513672
vt 0.081425 0.513672
vt 0.0 0.75
vt 0.25 0.0
vt -0.25 0.0
vt -0.081425 0.513672
vt 0.081425 0.513672
vt 0.0 0.75
vt 0.25 0.0
vt -0.25 0.0
vt -0.081425 0.513672
vt 0.081425 0.513672
vt 0.0 0.75
vt 0.25 0.0
vt -0.25 0.0
vt -0.081425 0.513672
vt 0.081425 0.513672
vt 0.0 0.75
vt 0.25 0.0
vt -0.25 0.0
vt -0.081425 0.513672
vt 0.081425 0.513672
vt 0.0 0.75
vt 0.25 0.0
vt -0.25 0.0
vt -0.081425 0.513672
vt 0.081425 0.513672
vt 0.0 0.75
vt 0.25 0.0
vt -0.25 0.0
vt -0.081425 0.513672
vt 0.081425 0.513672
vt 0.0 0.75
vt 0.25 0.0
vt -0.25 0.0
vt 13.5 8.5
vt 11.5 8.5
vt 11.5 8.0
vt 13.5 8.0
vt 1.5 -0.894531
vt 1.5 -0.597656
vt 0.0 -0.597656
vt 0.0 -0.894531
vt 1.5 -0.515625
vt 0.0 -0.515625
vt 1.5 -0.894531
vt 0.0 -0.894531
vt 0.0 -0.988281
vt 1.5 -0.988281
vt 11.5 10.5
vt 14.0 10.0
vt 14.0 10.5
vt 11.5 10.0
vt 0.841797 -0.986328
vt 0.998047 -0.986328
vt 0.966797 -0.892578
vt 0.841797 -0.892578
vt 0.498047 -0.986328
vt 0.654297 -0.986328
vt 0.654297 -0.892578
vt 0.529297 -0.892578
vt -0.470703 -1.392578
vt -0.345703 -1.392578
vt -0.345703 -1.105469
vt -0.158203 -1.392578
vt -0.158203 -1.105469
vt -0.033203 -1.392578
vt -0.158203 -0.609375
vt -0.251953 -0.515625
vt -0.345703 -0.609375
vt 1.0 0.5
vt 1.0 0.0
vt 1.03125 0.1875
vt 1.15625 0.03125
vt 1.5 0.0
vt 0.4375 -0.09375
vt 0.4375 -0.390625
vt 0.285156 -0.09375
vt 0.285156 -0.390625
vt 0.4375 -0.390625
vt 0.4375 0.105469
vt 0.285156 0.105469
vt 0.285156 0.013672
vt 0.4375 0.105469
vt 0.753906 -0.099609
vt 1.0 -0.099609
vt 1.0 -0.013672
vt 0.5 -0.013672
vt 0.4375 -0.09375
vt 0.285156 -0.09375
vt 0.4375 -0.390625
vt 1.0 -0.099609
vt 1.279297 -0.099609
vt 1.5 -0.013672
vt 1.0 -0.013672
vt 11.5 15.5
vt 14.0 15.0
vt 14.0 15.5
vt 11.5 15.0
vt 11.5 15.5
vt 12.5 15.5
vt 12.5 16.0
vt 11.5 16.0
vt -0.081425 0.513672
vt 0.081425 0.513672
vt 0.0 0.75
vt 0.25 0.0
vt -0.25 0.0
vt -0.081425 0.513672
vt 0.081425 0.513672
vt 0.0 0.75
vt 0.25 0.0
vt -0.25 0.0
vt -0.081425 0.513672
vt 0.081425 0.513672
vt 0.0 0.75
vt 0.25 0.0
vt -0.25 0.0
vt -0.081425 0.513672
vt 0.081425 0.513672
vt 0.0 0.75
vt 0.25 0.0
vt -0.25 0.0
vt -0.081425 0.513672
vt 0.081425 0.513672
vt 0.0 0.75
vt 0.25 0.0
vt -0.25 0.0
vt -0.081425 0.513672
vt 0.081425 0.513672
vt 0.0 0.75
vt 0.25 0.0
vt -0.25 0.0
vt -0.081425 0.513672
vt 0.081425 0.513672
vt 0.0 0.75
vt 0.25 0.0
vt -0.25 0.0
vt -0.081425 0.513672
vt 0.081425 0.513672
vt 0.0 0.75
vt 0.25 0.0
vt -0.25 0.0
vt -0.081425 0.513672
vt 0.081425 0.513672
vt 0.0 0.75
vt 0.25 0.0
vt -0.25 0.0
vt -0.081425 0.513672
vt 0.081425 0.513672
vt 0.0 0.75
vt 0.25 0.0
vt -0.25 0.0
vt -0.081425 0.513672
vt 0.081425 0.513672
vt 0.0 0.75
vt 0.25 0.0
vt -0.25 0.0
vt -0.081425 0.513672
vt 0.081425 0.513672
vt 0.0 0.75
vt 0.25 0.0
vt -0.25 0.0
vt 13.0 11.0
vt 12.0 11.0
vt 12.0 10.5
vt 13.0 10.5
vt 2.0 -0.894531
vt 2.0 -0.597656
vt 0.0 -0.597656
vt 0.0 -0.894531
vt 2.0 -0.515625
vt 0.0 -0.515625
vt 2.0 -0.894531
vt 0.0 -0.894531
vt 0.0 -0.988281
vt 2.0 -0.988281
vt 13.0 12.5
vt 12.0 12.5
vt 12.0 11.5
vt 13.0 11.5
vt -0.081425 0.513672
vt 0.081425 0.513672
vt 0.0 0.75
vt 0.25 0.0
vt -0.25 0.0
vt -0.081425 0.513672
vt 0.081425 0.513672
vt 0.0 0.75
vt 0.25 0.0
vt -0.25 0.0
vt -0.081425 0.513672
vt 0.081425 0.513672
vt 0.0 0.75
vt 0.25 0.0
vt -0.25 0.0
vt -0.081425 0.513672
vt 0.081425 0.513672
vt 0.0 0.75
vt 0.25 0.0
vt -0.25 0.0
vt -0.081425 0.513672
vt 0.081425 0.513672
vt 0.0 0.75
vt 0.25 0.0
vt -0.25 0.0
vt -0.081425 0.513672
vt 0.081425 0.513672
vt 0.0 0.75
vt 0.25 0.0
vt -0.25 0.0
vt -0.081425 0.513672
vt 0.081425 0.513672
vt 0.0 0.75
vt 0.25 0.0
vt -0.25 0.0
vt -0.081425 0.513672
vt 0.081425 0.513672
vt 0.0 0.75
vt 0.25 0.0
vt -0.25 0.0
vt -0.081425 0.513672
vt 0.081425 0.513672
vt 0.0 0.75
vt 0.25 0.0
vt -0.25 0.0
vt -0.081425 0.513672
vt 0.081425 0.513672
vt 0.0 0.75
vt 0.25 0.0
vt -0.25 0.0
vt -0.081425 0.513672
vt 0.081425 0.513672
vt 0.0 0.75
vt 0.25 0.0
vt -0.25 0.0
vt -0.081425 0.513672
vt 0.081425 0.513672
vt 0.0 0.75
vt 0.25 0.0
vt -0.25 0.0
vt 0.841797 -0.986328
vt 0.998047 -0.986328
vt 0.966797 -0.892578
vt 0.841797 -0.892578
vt 0.498047 -0.986328
vt 0.654297 -0.986328
vt 0.654297 -0.892578
vt 0.529297 -0.892578
vt -0.470703 -1.392578
vt -0.345703 -1.392578
vt -0.345703 -1.105469
vt -0.158203 -1.392578
vt -0.158203 -1.105469
vt -0.033203 -1.392578
vt -0.158203 -0.609375
vt -0.251953 -0.515625
vt -0.345703 -0.609375
vt 1.0 0.5
vt 1.0 0.0
vt 1.03125 0.1875
vt 1.15625 0.03125
vt 1.5 0.0
vt 12.5 13.5
vt 12.5 12.5
vt 14.0 13.5
vt 14.0 12.5
vt 12.5 14.5
vt 12.5 13.5
vt 13.0 14.5
vt 13.0 13.5
vt 14.0 16.0
vt 12.5 15.5
vt 12.5 16.0
vt 14.0 15.5
vt -0.081425 0.513672
vt 0.081425 0.513672
vt 0.0 0.75
vt 0.25 0.0
vt -0.25 0.0
vt -0.081425 0.513672
vt 0.081425 0.513672
vt 0.0 0.75
vt 0.25 0.0
vt -0.25 0.0
vt -0.081425 0.513672
vt 0.081425 0.513672
vt 0.0 0.75
vt 0.25 0.0
vt -0.25 0.0
vt -0.081425 0.513672
vt 0.081425 0.513672
vt 0.0 0.75
vt 0.25 0.0
vt -0.25 0.0
vt -0.081425 0.513672
vt 0.081425 0.513672
vt 0.0 0.75
vt 0.25 0.0
vt -0.25 0.0
vt -0.081425 0.513672
vt 0.081425 0.513672
vt 0.0 0.75
vt 0.25 0.0
vt -0.25 0.0
vt -0.081425 0.513672
vt 0.081425 0.513672
vt 0.0 0.75
vt 0.25 0.0
vt -0.25 0.0
vt -0.081425 0.513672
vt 0.081425 0.513672
vt 0.0 0.75
vt 0.25 0.0
vt -0.25 0.0
vt -0.081425 0.513672
vt 0.081425 0.513672
vt 0.0 0.75
vt 0.25 0.0
vt -0.25 0.0
vt -0.081425 0.513672
vt 0.081425 0.513672
vt 0.0 0.75
vt 0.25 0.0
vt -0.25 0.0
vt -0.081425 0.513672
vt 0.081425 0.513672
vt 0.0 0.75
vt 0.25 0.0
vt -0.25 0.0
vt -0.081425 0.513672
vt 0.081425 0.513672
vt 0.0 0.75
vt 0.25 0.0
vt -0.25 0.0
vt 0.841797 -0.986328
vt 0.998047 -0.986328
vt 0.966797 -0.892578
vt 0.841797 -0.892578
vt 0.498047 -0.986328
vt 0.654297 -0.986328
vt 0.654297 -0.892578
vt 0.529297 -0.892578
vt -0.470703 -1.392578
vt -0.345703 -1.392578
vt -0.345703 -1.105469
vt -0.158203 -1.392578
vt -0.158203 -1.105469
vt -0.033203 -1.392578
vt -0.158203 -0.609375
vt -0.251953 -0.515625
vt -0.345703 -0.609375
vt 1.0 0.5
vt 1.0 0.0
vt 1.03125 0.1875
vt 1.15625 0.03125
vt 1.5 0.0
vt 0.5 -0.894531
vt 0.5 -0.597656
vt 0.0 -0.597656
vt 0.0 -0.894531
vt 0.5 -0.515625
vt 0.0 -0.515625
vt 0.5 -0.894531
vt 0.0 -0.894531
vt 0.0 -0.988281
vt 0.5 -0.988281
vt 13.0 10.0
vt 14.5 9.5
vt 14.5 10.0
vt 13.0 9.5
vt 0.841797 -0.986328
vt 0.998047 -0.986328
vt 0.966797 -0.892578
vt 0.841797 -0.892578
vt 0.498047 -0.986328
vt 0.654297 -0.986328
vt 0.654297 -0.892578
vt 0.529297 -0.892578
vt -0.470703 -1.392578
vt -0.345703 -1.392578
vt -0.345703 -1.105469
vt -0.158203 -1.392578
vt -0.158203 -1.105469
vt -0.033203 -1.392578
vt -0.158203 -0.609375
vt -0.251953 -0.515625
vt -0.345703 -0.609375
vt 1.0 0.5
vt 1.0 0.0
vt 1.03125 0.1875
vt 1.15625 0.03125
vt 1.5 0.0
vt 13.0 12.0
vt 15.5 11.5
vt 15.5 12.0
vt 13.0 11.5
vt 13.5 12.5
vt 13.0 12.0
vt 13.0 12.5
vt 13.5 12.0
vt 13.0 14.0
vt 14.5 13.5
vt 14.5 14.0
vt 13.0 13.5
vt 13.5 14.5
vt 13.0 14.0
vt 13.0 14.5
vt 13.5 14.0
vt -0.081425 0.513672
vt 0.081425 0.513672
vt 0.0 0.75
vt 0.25 0.0
vt -0.25 0.0
vt -0.081425 0.513672
vt 0.081425 0.513672
vt 0.0 0.75
vt 0.25 0.0
vt -0.25 0.0
vt -0.081425 0.513672
vt 0.081425 0.513672
vt 0.0 0.75
vt 0.25 0.0
vt -0.25 0.0
vt -0.081425 0.513672
vt 0.081425 0.513672
vt 0.0 0.75
vt 0.25 0.0
vt -0.25 0.0
vt -0.081425 0.513672
vt 0.081425 0.513672
vt 0.0 0.75
vt 0.25 0.0
vt -0.25 0.0
vt -0.081425 0.513672
vt 0.081425 0.513672
vt 0.0 0.75
vt 0.25 0.0
vt -0.25 0.0
vt -0.081425 0.513672
vt 0.081425 0.513672
vt 0.0 0.75
vt 0.25 0.0
vt -0.25 0.0
vt -0.081425 0.513672
vt 0.081425 0.513672
vt 0.0 0.75
vt 0.25 0.0
vt -0.25 0.0
vt -0.081425 0.513672
vt 0.081425 0.513672
vt 0.0 0.75
vt 0.25 0.0
vt -0.25 0.0
vt -0.081425 0.513672
vt 0.081425 0.513672
vt 0.0 0.75
vt 0.25 0.0
vt -0.25 0.0
vt -0.081425 0.513672
vt 0.081425 0.513672
vt 0.0 0.75
vt 0.25 0.0
vt -0.25 0.0
vt -0.470703 -0.892578
vt -0.345703 -0.892578
vt -0.345703 -0.605469
vt -0.158203 -0.892578
vt -0.158203 -0.605469
vt -0.033203 -0.892578
vt -0.158203 -0.109375
vt -0.251953 -0.015625
vt -0.345703 -0.109375
vt -0.345703 -0.986328
vt -0.158203 -0.986328
vt -0.158203 -0.892578
vt -0.345703 -0.892578
vt -0.001953 -0.986328
vt -0.033203 -0.892578
vt -0.501953 -0.986328
vt -0.470703 -0.892578
vt -2.0 -1.486328
vt -2.0 -2.0
vt -1.0 -2.0
vt -1.0 -1.486328
vt -2.0 -1.486328
vt -2.0 -2.0
vt -1.0 -2.0
vt -1.0 -1.486328
vt -2.0 -1.25
vt -1.0 -1.25
vt 1.207031 -2.001953
vt 0.792969 -1.505859
vt 0.207031 -1.505859
vt -0.207031 -2.001953
vt 0.628906 -1.25
vt 0.371094 -1.25
vt -2.0 -1.25
vt -1.0 -1.25
vt 0.4375 -0.09375
vt 0.4375 -0.390625
vt 0.285156 -0.09375
vt 0.285156 -0.390625
vt 0.4375 -0.390625
vt 0.4375 0.105469
vt 0.285156 0.105469
vt 0.285156 0.013672
vt 0.4375 0.105469
vt 1.0 -0.099609
vt 1.279297 -0.099609
vt 1.5 -0.013672
vt 1.0 -0.013672
vt 0.4375 -0.09375
vt 1.0 -0.013672
vt 0.5 -0.013672
vt 0.753906 -0.099609
vt 1.0 -0.099609
vt 0.15 0.75
vt -0.15 0.75
vt -0.0 0.5
vt 0.841797 -0.986328
vt 0.998047 -0.986328
vt 0.966797 -0.892578
vt 0.841797 -0.892578
vt 0.498047 -0.986328
vt 0.654297 -0.986328
vt 0.654297 -0.892578
vt 0.529297 -0.892578
vt -0.470703 -1.392578
vt -0.345703 -1.392578
vt -0.345703 -1.105469
vt -0.158203 -1.392578
vt -0.158203 -1.105469
vt -0.033203 -1.392578
vt -0.158203 -0.609375
vt -0.251953 -0.515625
vt -0.345703 -0.609375
vt 1.0 0.5
vt 1.0 0.0
vt 1.03125 0.1875
vt 1.15625 0.03125
vt 1.5 0.0
vt 0.5 -0.894531
vt 0.5 -0.597656
vt 0.0 -0.597656
vt 0.0 -0.894531
vt 0.5 -0.515625
vt 0.0 -0.515625
vt 0.5 -0.894531
vt 0.0 -0.894531
vt 0.0 -0.988281
vt 0.5 -0.988281
vt 14.5 9.5
vt 13.5 9.5
vt 13.5 9.0
vt 14.5 9.0
vt 1.0 -0.894531
vt 1.0 -0.597656
vt 0.0 -0.597656
vt 0.0 -0.894531
vt 1.0 -0.515625
vt 0.0 -0.515625
vt 1.0 -0.894531
vt 0.0 -0.894531
vt 0.0 -0.988281
vt 1.0 -0.988281
vt 13.5 12.5
vt 16.0 12.0
vt 16.0 12.5
vt 13.5 12.0
vt 13.5 14.5
vt 15.0 14.0
vt 15.0 14.5
vt 13.5 14.0
vt -0.081425 0.513672
vt 0.081425 0.513672
vt 0.0 0.75
vt 0.25 0.0
vt -0.25 0.0
vt -0.081425 0.513672
vt 0.081425 0.513672
vt 0.0 0.75
vt 0.25 0.0
vt -0.25 0.0
vt -0.081425 0.513672
vt 0.081425 0.513672
vt 0.0 0.75
vt 0.25 0.0
vt -0.25 0.0
vt -0.081425 0.513672
vt 0.081425 0.513672
vt 0.0 0.75
vt 0.25 0.0
vt -0.25 0.0
vt -0.081425 0.513672
vt 0.081425 0.513672
vt 0.0 0.75
vt 0.25 0.0
vt -0.25 0.0
vt -0.081425 0.513672
vt 0.081425 0.513672
vt 0.0 0.75
vt 0.25 0.0
vt -0.25 0.0
vt -0.081425 0.513672
vt 0.081425 0.513672
vt 0.0 0.75
vt 0.25 0.0
vt -0.25 0.0
vt -0.081425 0.513672
vt 0.081425 0.513672
vt 0.0 0.75
vt 0.25 0.0
vt -0.25 0.0
vt -0.081425 0.513672
vt 0.081425 0.513672
vt 0.0 0.75
vt 0.25 0.0
vt -0.25 0.0
vt -0.081425 0.513672
vt 0.081425 0.513672
vt 0.0 0.75
vt 0.25 0.0
vt -0.25 0.0
vt -0.081425 0.513672
vt 0.081425 0.513672
vt 0.0 0.75
vt 0.25 0.0
vt -0.25 0.0
vt 0.0 -0.097656
vt 0.0 -0.015625
vt -0.5 -0.015625
vt -0.5 -0.097656
vt 0.0 -0.394531
vt -0.5 -0.394531
vt 0.0 0.109375
vt -0.5 0.109375
vt -0.5 0.015625
vt 0.0 0.015625
vt -3.0 -1.25
vt -3.0 -1.486328
vt -2.0 -1.486328
vt -2.0 -1.25
vt -3.0 -2.0
vt -2.0 -2.0
vt 0.841797 -0.986328
vt 0.998047 -0.986328
vt 0.966797 -0.892578
vt 0.841797 -0.892578
vt 0.498047 -0.986328
vt 0.654297 -0.986328
vt 0.654297 -0.892578
vt 0.529297 -0.892578
vt -0.470703 -1.392578
vt -0.345703 -1.392578
vt -0.345703 -1.105469
vt -0.158203 -1.392578
vt -0.158203 -1.105469
vt -0.033203 -1.392578
vt -0.158203 -0.609375
vt -0.251953 -0.515625
vt -0.345703 -0.609375
vt 1.0 0.5
vt 1.0 0.0
vt 1.03125 0.1875
vt 1.15625 0.03125
vt 1.5 0.0
vt 0.753906 -0.599609
vt 1.0 -0.599609
vt 1.0 -0.513672
vt 0.5 -0.513672
vt 1.0 -0.599609
vt 1.279297 -0.599609
vt 1.5 -0.513672
vt 1.0 -0.513672
vt 0.4375 -0.59375
vt 0.4375 -0.890625
vt 0.285156 -0.59375
vt 0.285156 -0.890625
vt 0.4375 -0.890625
vt 0.4375 -0.394531
vt 0.285156 -0.394531
vt 0.285156 -0.486328
vt 0.4375 -0.394531
vt 0.4375 -0.59375
vt 0.285156 -0.59375
vt 0.4375 -0.890625
vt 0.841797 -0.986328
vt 0.998047 -0.986328
vt 0.966797 -0.892578
vt 0.841797 -0.892578
vt 0.498047 -0.986328
vt 0.654297 -0.986328
vt 0.654297 -0.892578
vt 0.529297 -0.892578
vt -0.470703 -1.392578
vt -0.345703 -1.392578
vt -0.345703 -1.105469
vt -0.158203 -1.392578
vt -0.158203 -1.105469
vt -0.033203 -1.392578
vt -0.158203 -0.609375
vt -0.251953 -0.515625
vt -0.345703 -0.609375
vt 1.0 0.5
vt 1.0 0.0
vt 1.03125 0.1875
vt 1.15625 0.03125
vt 1.5 0.0
vt 0.5 -0.894531
vt 0.5 -0.597656
vt 0.0 -0.597656
vt 0.0 -0.894531
vt 0.5 -0.515625
vt 0.0 -0.515625
vt 0.5 -0.894531
vt 0.0 -0.894531
vt 0.0 -0.988281
vt 0.5 -0.988281
vt 14.0 9.0
vt 14.5 8.5
vt 14.5 9.0
vt 14.0 8.5
vt 0.841797 -0.986328
vt 0.998047 -0.986328
vt 0.966797 -0.892578
vt 0.841797 -0.892578
vt 0.498047 -0.986328
vt 0.654297 -0.986328
vt 0.654297 -0.892578
vt 0.529297 -0.892578
vt -0.470703 -1.392578
vt -0.345703 -1.392578
vt -0.345703 -1.105469
vt -0.158203 -1.392578
vt -0.158203 -1.105469
vt -0.033203 -1.392578
vt -0.158203 -0.609375
vt -0.251953 -0.515625
vt -0.345703 -0.609375
vt 1.0 0.5
vt 1.0 0.0
vt 1.03125 0.1875
vt 1.15625 0.03125
vt 1.5 0.0
vt 15.5 11.5
vt 14.0 11.0
vt 14.0 11.5
vt 15.5 11.0
vt 16.0 13.5
vt 14.0 13.5
vt 14.0 12.5
vt 16.0 12.5
vt 15.5 15.5
vt 15.5 14.5
vt 14.0 15.5
vt 14.0 14.5
vt 0.4375 -0.09375
vt 0.4375 -0.390625
vt 0.285156 -0.09375
vt 0.285156 -0.390625
vt 0.4375 -0.390625
vt 0.4375 0.105469
vt 0.285156 0.105469
vt 0.285156 0.013672
vt 0.4375 0.105469
vt 0.753906 -0.099609
vt 1.0 -0.099609
vt 1.0 -0.013672
vt 0.5 -0.013672
vt 0.4375 -0.09375
vt 0.285156 -0.09375
vt 0.4375 -0.390625
vt 1.0 -0.099609
vt 1.279297 -0.099609
vt 1.5 -0.013672
vt 1.0 -0.013672
vt -0.081425 0.513672
vt 0.081425 0.513672
vt 0.0 0.75
vt 0.25 0.0
vt -0.25 0.0
vt -0.081425 0.513672
vt 0.081425 0.513672
vt 0.0 0.75
vt 0.25 0.0
vt -0.25 0.0
vt -0.081425 0.513672
vt 0.081425 0.513672
vt 0.0 0.75
vt 0.25 0.0
vt -0.25 0.0
vt -0.081425 0.513672
vt 0.081425 0.513672
vt 0.0 0.75
vt 0.25 0.0
vt -0.25 0.0
vt -0.081425 0.513672
vt 0.081425 0.513672
vt 0.0 0.75
vt 0.25 0.0
vt -0.25 0.0
vt -0.081425 0.513672
vt 0.081425 0.513672
vt 0.0 0.75
vt 0.25 0.0
vt -0.25 0.0
vt -0.081425 0.513672
vt 0.081425 0.513672
vt 0.0 0.75
vt 0.25 0.0
vt -0.25 0.0
vt -0.081425 0.513672
vt 0.081425 0.513672
vt 0.0 0.75
vt 0.25 0.0
vt -0.25 0.0
vt -0.081425 0.513672
vt 0.081425 0.513672
vt 0.0 0.75
vt 0.25 0.0
vt -0.25 0.0
vt -0.081425 0.513672
vt 0.081425 0.513672
vt 0.0 0.75
vt 0.25 0.0
vt -0.25 0.0
vt -0.470703 -0.892578
vt -0.345703 -0.892578
vt -0.345703 -0.605469
vt -0.158203 -0.892578
vt -0.158203 -0.605469
vt -0.033203 -0.892578
vt -0.158203 -0.109375
vt -0.251953 -0.015625
vt -0.345703 -0.109375
vt -0.345703 -0.986328
vt -0.158203 -0.986328
vt -0.158203 -0.892578
vt -0.345703 -0.892578
vt -0.001953 -0.986328
vt -0.033203 -0.892578
vt -0.501953 -0.986328
vt -0.470703 -0.892578
vt -2.0 -1.486328
vt -2.0 -2.0
vt -1.0 -2.0
vt -1.0 -1.486328
vt -2.0 -1.486328
vt -2.0 -2.0
vt -1.0 -2.0
vt -1.0 -1.486328
vt -2.0 -1.25
vt -1.0 -1.25
vt 1.207031 -2.001953
vt 0.792969 -1.505859
vt 0.207031 -1.505859
vt -0.207031 -2.001953
vt 0.628906 -1.25
vt 0.371094 -1.25
vt -2.0 -1.25
vt -1.0 -1.25
vt 0.4375 -0.09375
vt 0.4375 -0.390625
vt 0.285156 -0.09375
vt 0.285156 -0.390625
vt 0.4375 -0.390625
vt 0.4375 0.105469
vt 0.285156 0.105469
vt 0.285156 0.013672
vt 0.4375 0.105469
vt 1.0 -0.099609
vt 1.279297 -0.099609
vt 1.5 -0.013672
vt 1.0 -0.013672
vt 0.4375 -0.09375
vt 1.0 -0.013672
vt 0.5 -0.013672
vt 0.753906 -0.099609
vt 1.0 -0.099609
vt 0.15 0.75
vt -0.15 0.75
vt -0.0 0.5
vt 0.5 -0.894531
vt 0.5 -0.597656
vt 0.0 -0.597656
vt 0.0 -0.894531
vt 0.5 -0.515625
vt 0.0 -0.515625
vt 0.5 -0.894531
vt 0.0 -0.894531
vt 0.0 -0.988281
vt 0.5 -0.988281
vt 15.5 7.0
vt 14.5 7.0
vt 14.5 6.5
vt 15.5 6.5
vt 0.841797 -0.986328
vt 0.998047 -0.986328
vt 0.966797 -0.892578
vt 0.841797 -0.892578
vt 0.498047 -0.986328
vt 0.654297 -0.986328
vt 0.654297 -0.892578
vt 0.529297 -0.892578
vt -0.470703 -1.392578
vt -0.345703 -1.392578
vt -0.345703 -1.105469
vt -0.158203 -1.392578
vt -0.158203 -1.105469
vt -0.033203 -1.392578
vt -0.158203 -0.609375
vt -0.251953 -0.515625
vt -0.345703 -0.609375
vt 1.0 0.5
vt 1.0 0.0
vt 1.03125 0.1875
vt 1.15625 0.03125
vt 1.5 0.0
vt 0.5 -0.894531
vt 0.5 -0.597656
vt 0.0 -0.597656
vt 0.0 -0.894531
vt 0.5 -0.515625
vt 0.0 -0.515625
vt 0.5 -0.894531
vt 0.0 -0.894531
vt 0.0 -0.988281
vt 0.5 -0.988281
vt 14.5 8.5
vt 15.0 8.0
vt 15.0 8.5
vt 14.5 8.0
vt 0.841797 -0.986328
vt 0.998047 -0.986328
vt 0.966797 -0.892578
vt 0.841797 -0.892578
vt 0.498047 -0.986328
vt 0.654297 -0.986328
vt 0.654297 -0.892578
vt 0.529297 -0.892578
vt -0.470703 -1.392578
vt -0.345703 -1.392578
vt -0.345703 -1.105469
vt -0.158203 -1.392578
vt -0.158203 -1.105469
vt -0.033203 -1.392578
vt -0.158203 -0.609375
vt -0.251953 -0.515625
vt -0.345703 -0.609375
vt 1.0 0.5
vt 1.0 0.0
vt 1.03125 0.1875
vt 1.15625 0.03125
vt 1.5 0.0
vt 0.5 -0.894531
vt 0.5 -0.597656
vt 0.0 -0.597656
vt 0.0 -0.894531
vt 0.5 -0.515625
vt 0.0 -0.515625
vt 0.5 -0.894531
vt 0.0 -0.894531
vt 0.0 -0.988281
vt 0.5 -0.988281
vt 0.5 -0.894531
vt 0.5 -0.597656
vt 0.0 -0.597656
vt 0.0 -0.894531
vt 0.5 -0.515625
vt 0.0 -0.515625
vt 0.5 -0.894531
vt 0.0 -0.894531
vt 0.0 -0.988281
vt 0.5 -0.988281
vt 0.5 -0.894531
vt 0.5 -0.597656
vt 0.0 -0.597656
vt 0.0 -0.894531
vt 0.5 -0.515625
vt 0.0 -0.515625
vt 0.5 -0.894531
vt 0.0 -0.894531
vt 0.0 -0.988281
vt 0.5 -0.988281
vt 14.5 10.5
vt 15.5 10.5
vt 15.5 11.0
vt 14.5 11.0
vt 16.0 14.0
vt 14.5 13.5
vt 14.5 14.0
vt 16.0 13.5
vt -0.470703 -0.892578
vt -0.345703 -0.892578
vt -0.345703 -0.605469
vt -0.158203 -0.892578
vt -0.158203 -0.605469
vt -0.033203 -0.892578
vt -0.158203 -0.109375
vt -0.251953 -0.015625
vt -0.345703 -0.109375
vt 1.0 0.5
vt 1.0 0.0
vt 1.03125 0.1875
vt 1.15625 0.03125
vt 1.5 0.0
vt 0.841797 -0.986328
vt 0.998047 -0.986328
vt 0.966797 -0.892578
vt 0.841797 -0.892578
vt 0.498047 -0.986328
vt 0.654297 -0.986328
vt 0.654297 -0.892578
vt 0.529297 -0.892578
vt -0.081425 0.513672
vt 0.081425 0.513672
vt 0.0 0.75
vt 0.25 0.0
vt -0.25 0.0
vt -0.081425 0.513672
vt 0.081425 0.513672
vt 0.0 0.75
vt 0.25 0.0
vt -0.25 0.0
vt -0.081425 0.513672
vt 0.081425 0.513672
vt 0.0 0.75
vt 0.25 0.0
vt -0.25 0.0
vt -0.081425 0.513672
vt 0.081425 0.513672
vt 0.0 0.75
vt 0.25 0.0
vt -0.25 0.0
vt -0.081425 0.513672
vt 0.081425 0.513672
vt 0.0 0.75
vt 0.25 0.0
vt -0.25 0.0
vt -0.081425 0.513672
vt 0.081425 0.513672
vt 0.0 0.75
vt 0.25 0.0
vt -0.25 0.0
vt -0.081425 0.513672
vt 0.081425 0.513672
vt 0.0 0.75
vt 0.25 0.0
vt -0.25 0.0
vt -0.081425 0.513672
vt 0.081425 0.513672
vt 0.0 0.75
vt 0.25 0.0
vt -0.25 0.0
vt -0.081425 0.513672
vt 0.081425 0.513672
vt 0.0 0.75
vt 0.25 0.0
vt -0.25 0.0
vt -0.081425 0.513672
vt 0.081425 0.513672
vt 0.0 0.75
vt 0.25 0.0
vt -0.25 0.0
vt 0.0 -0.097656
vt 0.0 -0.015625
vt -1.0 -0.015625
vt -1.0 -0.097656
vt 0.0 -0.394531
vt -1.0 -0.394531
vt 0.0 0.109375
vt -1.0 0.109375
vt -1.0 0.015625
vt 0.0 0.015625
vt -6.0 -1.25
vt -6.0 -1.486328
vt -4.0 -1.486328
vt -4.0 -1.25
vt -6.0 -2.0
vt -4.0 -2.0
vt 0.841797 -0.986328
vt 0.998047 -0.986328
vt 0.966797 -0.892578
vt 0.841797 -0.892578
vt 0.498047 -0.986328
vt 0.654297 -0.986328
vt 0.654297 -0.892578
vt 0.529297 -0.892578
vt -0.470703 -1.392578
vt -0.345703 -1.392578
vt -0.345703 -1.105469
vt -0.158203 -1.392578
vt -0.158203 -1.105469
vt -0.033203 -1.392578
vt -0.158203 -0.609375
vt -0.251953 -0.515625
vt -0.345703 -0.609375
vt 1.0 0.5
vt 1.0 0.0
vt 1.03125 0.1875
vt 1.15625 0.03125
vt 1.5 0.0
vt 0.753906 -0.599609
vt 1.0 -0.599609
vt 1.0 -0.513672
vt 0.5 -0.513672
vt 1.0 -0.599609
vt 1.279297 -0.599609
vt 1.5 -0.513672
vt 1.0 -0.513672
vt 0.4375 -0.59375
vt 0.4375 -0.890625
vt 0.285156 -0.59375
vt 0.285156 -0.890625
vt 0.4375 -0.890625
vt 0.4375 -0.394531
vt 0.285156 -0.394531
vt 0.285156 -0.486328
vt 0.4375 -0.394531
vt 0.4375 -0.59375
vt 0.285156 -0.59375
vt 0.4375 -0.890625
vt 1.0 -0.894531
vt 1.0 -0.597656
vt 0.0 -0.597656
vt 0.0 -0.894531
vt 1.0 -0.515625
vt 0.0 -0.515625
vt 1.0 -0.894531
vt 0.0 -0.894531
vt 0.0 -0.988281
vt 1.0 -0.988281
vt 15.0 8.0
vt 15.0 7.5
vt 15.5 8.0
vt 15.5 7.5
vt 0.841797 -0.986328
vt 0.998047 -0.986328
vt 0.966797 -0.892578
vt 0.841797 -0.892578
vt 0.498047 -0.986328
vt 0.654297 -0.986328
vt 0.654297 -0.892578
vt 0.529297 -0.892578
vt -0.470703 -1.392578
vt -0.345703 -1.392578
vt -0.345703 -1.105469
vt -0.158203 -1.392578
vt -0.158203 -1.105469
vt -0.033203 -1.392578
vt -0.158203 -0.609375
vt -0.251953 -0.515625
vt -0.345703 -0.609375
vt 1.0 0.5
vt 1.0 0.0
vt 1.03125 0.1875
vt 1.15625 0.03125
vt 1.5 0.0
vt 0.5 -0.894531
vt 0.5 -0.597656
vt 0.0 -0.597656
vt 0.0 -0.894531
vt 0.5 -0.515625
vt 0.0 -0.515625
vt 0.5 -0.894531
vt 0.0 -0.894531
vt 0.0 -0.988281
vt 0.5 -0.988281
vt 15.0 9.0
vt 16.0 9.0
vt 16.0 10.5
vt 15.0 10.5
vt 15.0 14.0
vt 16.0 14.0
vt 16.0 14.5
vt 15.0 14.5
vt 16.0 16.0
vt 15.0 16.0
vt 15.0 15.5
vt 16.0 15.5
vt -0.081425 0.513672
vt 0.081425 0.513672
vt 0.0 0.75
vt 0.25 0.0
vt -0.25 0.0
vt -0.081425 0.513672
vt 0.081425 0.513672
vt 0.0 0.75
vt 0.25 0.0
vt -0.25 0.0
vt -0.081425 0.513672
vt 0.081425 0.513672
vt 0.0 0.75
vt 0.25 0.0
vt -0.25 0.0
vt -0.081425 0.513672
vt 0.081425 0.513672
vt 0.0 0.75
vt 0.25 0.0
vt -0.25 0.0
vt -0.081425 0.513672
vt 0.081425 0.513672
vt 0.0 0.75
vt 0.25 0.0
vt -0.25 0.0
vt -0.081425 0.513672
vt 0.081425 0.513672
vt 0.0 0.75
vt 0.25 0.0
vt -0.25 0.0
vt -0.081425 0.513672
vt 0.081425 0.513672
vt 0.0 0.75
vt 0.25 0.0
vt -0.25 0.0
vt -0.081425 0.513672
vt 0.081425 0.513672
vt 0.0 0.75
vt 0.25 0.0
vt -0.25 0.0
vt -0.081425 0.513672
vt 0.081425 0.513672
vt 0.0 0.75
vt 0.25 0.0
vt -0.25 0.0
vt -0.081425 0.513672
vt 0.081425 0.513672
vt 0.0 0.75
vt 0.25 0.0
vt -0.25 0.0
vt 0.5 -0.894531
vt 0.5 -0.597656
vt 0.0 -0.597656
vt 0.0 -0.894531
vt 0.5 -0.515625
vt 0.0 -0.515625
vt 0.5 -0.894531
vt 0.0 -0.894531
vt 0.0 -0.988281
vt 0.5 -0.988281
vt 16.0 6.5
vt 16.0 6.0
vt 15.5 6.5
vt 15.5 6.0
vt 0.841797 -0.986328
vt 0.998047 -0.986328
vt 0.966797 -0.892578
vt 0.841797 -0.892578
vt 0.498047 -0.986328
vt 0.654297 -0.986328
vt 0.654297 -0.892578
vt 0.529297 -0.892578
vt -0.470703 -1.392578
vt -0.345703 -1.392578
vt -0.345703 -1.105469
vt -0.158203 -1.392578
vt -0.158203 -1.105469
vt -0.033203 -1.392578
vt -0.158203 -0.609375
vt -0.251953 -0.515625
vt -0.345703 -0.609375
vt 1.0 0.5
vt 1.0 0.0
vt 1.03125 0.1875
vt 1.15625 0.03125
vt 1.5 0.0
vt 0.841797 -0.986328
vt 0.998047 -0.986328
vt 0.966797 -0.892578
vt 0.841797 -0.892578
vt 0.498047 -0.986328
vt 0.654297 -0.986328
vt 0.654297 -0.892578
vt 0.529297 -0.892578
vt -0.470703 -1.392578
vt -0.345703 -1.392578
vt -0.345703 -1.105469
vt -0.158203 -1.392578
vt -0.158203 -1.105469
vt -0.033203 -1.392578
vt -0.158203 -0.609375
vt -0.251953 -0.515625
vt -0.345703 -0.609375
vt 1.0 0.5
vt 1.0 0.0
vt 1.03125 0.1875
vt 1.15625 0.03125
vt 1.5 0.0
vt 0.5 -0.894531
vt 0.5 -0.597656
vt 0.0 -0.597656
vt 0.0 -0.894531
vt 0.5 -0.515625
vt 0.0 -0.515625
vt 0.5 -0.894531
vt 0.0 -0.894531
vt 0.0 -0.988281
vt 0.5 -0.988281
vt 16.0 9.0
vt 15.5 8.5
vt 15.5 9.0
vt 16.0 8.5
vt 16.0 12.0
vt 15.5 10.5
vt 15.5 12.0
vt 16.0 10.5
vt 16.0 15.0
vt 15.5 14.5
vt 15.5 15.0
vt 16.0 14.5
vt 15.5 15.5
vt 16.0 15.0
vt 16.0 15.5
vt 15.5 15.0
vn 0.2274 -0.9385 -0.2598
vn 0.9386 -0.2269 -0.2599
vn -0.4859 -0.6759 0.5542
vn 0.0241 -0.7836 0.6208
vn 0.7836 -0.0241 0.6208
vn 0.2274 -0.9385 -0.2598
vn 0.9386 -0.2269 -0.2599
vn -0.4859 -0.6759 0.5542
vn 0.0241 -0.7836 0.6208
vn 0.7836 -0.0241 0.6208
vn 0.2274 -0.9385 -0.2598
vn 0.9386 -0.2269 -0.2599
vn -0.4859 -0.6759 0.5542
vn 0.0241 -0.7836 0.6208
vn 0.7836 -0.0241 0.6208
vn 0.2274 -0.9385 -0.2598
vn 0.9386 -0.2269 -0.2599
vn -0.4859 -0.6759 0.5542
vn 0.0241 -0.7836 0.6208
vn 0.7836 -0.0241 0.6208
vn 0.2274 -0.9385 -0.2598
vn 0.9386 -0.2269 -0.2599
vn -0.4859 -0.6759 0.5542
vn 0.0241 -0.7836 0.6208
vn 0.7836 -0.0241 0.6208
vn 0.2274 -0.9385 -0.2598
vn 0.9386 -0.2269 -0.2599
vn -0.4859 -0.6759 0.5542
vn 0.0241 -0.7836 0.6208
vn 0.7836 -0.0241 0.6208
vn 0.2274 -0.9385 -0.2598
vn 0.9386 -0.2269 -0.2599
vn -0.4859 -0.6759 0.5542
vn 0.0241 -0.7836 0.6208
vn 0.7836 -0.0241 0.6208
vn 0.2274 -0.9385 -0.2598
vn 0.9386 -0.2269 -0.2599
vn -0.4859 -0.6759 0.5542
vn 0.0241 -0.7836 0.6208
vn 0.7836 -0.0241 0.6208
vn 0.2274 -0.9385 -0.2598
vn 0.9386 -0.2269 -0.2599
vn -0.4859 -0.6759 0.5542
vn 0.0241 -0.7836 0.6208
vn 0.7836 -0.0241 0.6208
vn 0.2274 -0.9385 -0.2598
vn 0.9386 -0.2269 -0.2599
vn -0.4859 -0.6759 0.5542
vn 0.0241 -0.7836 0.6208
vn 0.7836 -0.0241 0.6208
vn 0.2274 -0.9385 -0.2598
vn 0.9386 -0.2269 -0.2599
vn -0.4859 -0.6759 0.5542
vn 0.0241 -0.7836 0.6208
vn 0.7836 -0.0241 0.6208
vn 0.2274 -0.9385 -0.2598
vn 0.9386 -0.2269 -0.2599
vn -0.4859 -0.6759 0.5542
vn 0.0241 -0.7836 0.6208
vn 0.7836 -0.0241 0.6208
vn 0.2274 -0.9385 -0.2598
vn 0.9386 -0.2269 -0.2599
vn -0.4859 -0.6759 0.5542
vn 0.0241 -0.7836 0.6208
vn 0.7836 -0.0241 0.6208
vn 0.2274 -0.9385 -0.2598
vn 0.9386 -0.2269 -0.2599
vn -0.4859 -0.6759 0.5542
vn 0.0241 -0.7836 0.6208
vn 0.7836 -0.0241 0.6208
vn 0.2274 -0.9385 -0.2598
vn 0.9386 -0.2269 -0.2599
vn -0.4859 -0.6759 0.5542
vn 0.0241 -0.7836 0.6208
vn 0.7836 -0.0241 0.6208
vn -0.0 -0.5258 0.8506
vn -0.0 0.0098 1.0
vn -0.0186 -0.0089 0.9998
vn -0.0 -0.6953 0.7187
vn 0.3254 -0.4005 0.8566
vn 0.0 -0.426 0.9047
vn 4.0E-4 -0.0 1.0
vn 2.0E-4 -0.0 1.0
vn -0.0 -0.0058 1.0
vn 0.0 -0.7071 0.7071
vn 0.0 -0.5258 0.8506
vn -0.0 -0.0 1.0
vn 0.0 -0.426 0.9047
vn -0.0 -0.0 1.0
vn -0.0 -0.0 1.0
vn -0.0808 -0.1651 0.983
vn -0.0178 -0.2269 0.9738
vn -0.0558 -0.6983 0.7136
vn -0.3474 -0.5641 0.7491
vn -0.1819 -0.0679 0.981
vn -0.1788 -0.0657 0.9817
vn -0.5999 -0.2295 0.7665
vn -0.6978 -0.0672 0.7132
vn -0.6948 -0.0644 0.7163
vn -0.6012 -0.2303 0.7652
vn -0.6426 -0.3262 0.6933
vn -0.3477 -0.5703 0.7442
vn -0.25 -0.5665 0.7852
vn -0.0567 -0.6961 0.7157
vn 0.0 0.0 1.0
vn -0.6425 -0.3262 0.6933
vn 0.0 -0.7071 0.7071
vn 0.0 -0.5258 0.8506
vn -0.0 -0.0 1.0
vn 0.0 -0.426 0.9047
vn -0.0 -0.0 1.0
vn -0.0 -0.0 1.0
vn -0.0 -0.0 1.0
vn 0.2274 -0.9385 -0.2598
vn 0.9386 -0.2269 -0.2599
vn -0.4859 -0.6759 0.5542
vn 0.0241 -0.7836 0.6208
vn 0.7836 -0.0241 0.6208
vn 0.2274 -0.9385 -0.2598
vn 0.9386 -0.2269 -0.2599
vn -0.4859 -0.6759 0.5542
vn 0.0241 -0.7836 0.6208
vn 0.7836 -0.0241 0.6208
vn 0.2274 -0.9385 -0.2598
vn 0.9386 -0.2269 -0.2599
vn -0.4859 -0.6759 0.5542
vn 0.0241 -0.7836 0.6208
vn 0.7836 -0.0241 0.6208
vn 0.2274 -0.9385 -0.2598
vn 0.9386 -0.2269 -0.2599
vn -0.4859 -0.6759 0.5542
vn 0.0241 -0.7836 0.6208
vn 0.7836 -0.0241 0.6208
vn 0.2274 -0.9385 -0.2598
vn 0.9386 -0.2269 -0.2599
vn -0.4859 -0.6759 0.5542
vn 0.0241 -0.7836 0.6208
vn 0.7836 -0.0241 0.6208
vn 0.2274 -0.9385 -0.2598
vn 0.9386 -0.2269 -0.2599
vn -0.4859 -0.6759 0.5542
vn 0.0241 -0.7836 0.6208
vn 0.7836 -0.0241 0.6208
vn 0.2274 -0.9385 -0.2598
vn 0.9386 -0.2269 -0.2599
vn -0.4859 -0.6759 0.5542
vn 0.0241 -0.7836 0.6208
vn 0.7836 -0.0241 0.6208
vn 0.2274 -0.9385 -0.2598
vn 0.9386 -0.2269 -0.2599
vn -0.4859 -0.6759 0.5542
vn 0.0241 -0.7836 0.6208
vn 0.7836 -0.0241 0.6208
vn 0.2274 -0.9385 -0.2598
vn 0.9386 -0.2269 -0.2599
vn -0.4859 -0.6759 0.5542
vn 0.0241 -0.7836 0.6208
vn 0.7836 -0.0241 0.6208
vn 0.2274 -0.9385 -0.2598
vn 0.9386 -0.2269 -0.2599
vn -0.4859 -0.6759 0.5542
vn 0.0241 -0.7836 0.6208
vn 0.7836 -0.0241 0.6208
vn 0.2274 -0.9385 -0.2598
vn 0.9386 -0.2269 -0.2599
vn -0.4859 -0.6759 0.5542
vn 0.0241 -0.7836 0.6208
vn 0.7836 -0.0241 0.6208
vn 0.2274 -0.9385 -0.2598
vn 0.9386 -0.2269 -0.2599
vn -0.4859 -0.6759 0.5542
vn 0.0241 -0.7836 0.6208
vn 0.7836 -0.0241 0.6208
vn 0.2274 -0.9385 -0.2598
vn 0.9386 -0.2269 -0.2599
vn -0.4859 -0.6759 0.5542
vn 0.0241 -0.7836 0.6208
vn 0.7836 -0.0241 0.6208
vn 0.2274 -0.9385 -0.2598
vn 0.9386 -0.2269 -0.2599
vn -0.4859 -0.6759 0.5542
vn 0.0241 -0.7836 0.6208
vn 0.7836 -0.0241 0.6208
vn 0.2274 -0.9385 -0.2598
vn 0.9386 -0.2269 -0.2599
vn -0.4859 -0.6759 0.5542
vn 0.0241 -0.7836 0.6208
vn 0.7836 -0.0241 0.6208
vn -0.0808 -0.1651 0.983
vn -0.0178 -0.2269 0.9738
vn -0.0558 -0.6983 0.7136
vn -0.3474 -0.5641 0.7491
vn -0.1819 -0.0679 0.981
vn -0.1788 -0.0657 0.9817
vn -0.5999 -0.2295 0.7665
vn -0.6978 -0.0672 0.7132
vn -0.6948 -0.0644 0.7163
vn -0.6012 -0.2303 0.7652
vn -0.6426 -0.3262 0.6933
vn -0.3477 -0.5703 0.7442
vn -0.25 -0.5665 0.7852
vn -0.0567 -0.6961 0.7157
vn 0.0 0.0 1.0
vn -0.6425 -0.3262 0.6933
vn -0.0808 -0.1651 0.983
vn -0.0178 -0.2269 0.9738
vn -0.0558 -0.6983 0.7136
vn -0.3474 -0.5641 0.7491
vn -0.1819 -0.0679 0.981
vn -0.1788 -0.0657 0.9817
vn -0.5999 -0.2295 0.7665
vn -0.6978 -0.0672 0.7132
vn -0.6948 -0.0644 0.7163
vn -0.6012 -0.2303 0.7652
vn -0.6426 -0.3262 0.6933
vn -0.3477 -0.5703 0.7442
vn -0.25 -0.5665 0.7852
vn -0.0567 -0.6961 0.7157
vn 0.0 0.0 1.0
vn -0.6425 -0.3262 0.6933
vn 2.0E-4 -0.5259 0.8505
vn -0.3262 -0.6426 0.6934
vn -0.3865 -0.3865 0.8374
vn -0.4629 -0.4629 0.7559
vn -0.6426 -0.3262 0.6933
vn -0.6426 -0.3262 0.6934
vn -0.526 0.0 0.8505
vn -0.0 0.0 1.0
vn -0.5259 0.0 0.8505
vn 0.0 -0.526 0.8505
vn -0.0 -0.0 1.0
vn -0.0 -0.0 1.0
vn 0.2274 -0.9385 -0.2598
vn 0.9386 -0.2269 -0.2599
vn -0.4859 -0.6759 0.5542
vn 0.0241 -0.7836 0.6208
vn 0.7836 -0.0241 0.6208
vn 0.2274 -0.9385 -0.2598
vn 0.9386 -0.2269 -0.2599
vn -0.4859 -0.6759 0.5542
vn 0.0241 -0.7836 0.6208
vn 0.7836 -0.0241 0.6208
vn 0.2274 -0.9385 -0.2598
vn 0.9386 -0.2269 -0.2599
vn -0.4859 -0.6759 0.5542
vn 0.0241 -0.7836 0.6208
vn 0.7836 -0.0241 0.6208
vn 0.2274 -0.9385 -0.2598
vn 0.9386 -0.2269 -0.2599
vn -0.4859 -0.6759 0.5542
vn 0.0241 -0.7836 0.6208
vn 0.7836 -0.0241 0.6208
vn 0.2274 -0.9385 -0.2598
vn 0.9386 -0.2269 -0.2599
vn -0.4859 -0.6759 0.5542
vn 0.0241 -0.7836 0.6208
vn 0.7836 -0.0241 0.6208
vn 0.2274 -0.9385 -0.2598
vn 0.9386 -0.2269 -0.2599
vn -0.4859 -0.6759 0.5542
vn 0.0241 -0.7836 0.6208
vn 0.7836 -0.0241 0.6208
vn 0.2274 -0.9385 -0.2598
vn 0.9386 -0.2269 -0.2599
vn -0.4859 -0.6759 0.5542
vn 0.0241 -0.7836 0.6208
vn 0.7836 -0.0241 0.6208
vn 0.2274 -0.9385 -0.2598
vn 0.9386 -0.2269 -0.2599
vn -0.4859 -0.6759 0.5542
vn 0.0241 -0.7836 0.6208
vn 0.7836 -0.0241 0.6208
vn 0.2274 -0.9385 -0.2598
vn 0.9386 -0.2269 -0.2599
vn -0.4859 -0.6759 0.5542
vn 0.0241 -0.7836 0.6208
vn 0.7836 -0.0241 0.6208
vn 0.2274 -0.9385 -0.2598
vn 0.9386 -0.2269 -0.2599
vn -0.4859 -0.6759 0.5542
vn 0.0241 -0.7836 0.6208
vn 0.7836 -0.0241 0.6208
vn 0.2274 -0.9385 -0.2598
vn 0.9386 -0.2269 -0.2599
vn -0.4859 -0.6759 0.5542
vn 0.0241 -0.7836 0.6208
vn 0.7836 -0.0241 0.6208
vn 0.2274 -0.9385 -0.2598
vn 0.9386 -0.2269 -0.2599
vn -0.4859 -0.6759 0.5542
vn 0.0241 -0.7836 0.6208
vn 0.7836 -0.0241 0.6208
vn 0.2274 -0.9385 -0.2598
vn 0.9386 -0.2269 -0.2599
vn -0.4859 -0.6759 0.5542
vn 0.0241 -0.7836 0.6208
vn 0.7836 -0.0241 0.6208
vn 0.2274 -0.9385 -0.2598
vn 0.9386 -0.2269 -0.2599
vn -0.4859 -0.6759 0.5542
vn 0.0241 -0.7836 0.6208
vn 0.7836 -0.0241 0.6208
vn -0.6948 -0.0644 0.7163
vn -0.6012 -0.2303 0.7652
vn -0.5961 -0.3322 0.7309
vn -0.3477 -0.5703 0.7442
vn -0.25 -0.5665 0.7852
vn -0.0567 -0.6961 0.7157
vn -0.0 -0.0098 1.0
vn -0.3525 -0.1302 0.9267
vn -0.1585 -0.3283 0.9312
vn -0.3474 -0.5641 0.7491
vn -0.5999 -0.2295 0.7665
vn 0.0019 -0.4322 0.9018
vn -0.0558 -0.6984 0.7136
vn -0.4281 -0.0014 0.9037
vn -0.6978 -0.0672 0.7132
vn -0.0026 -0.0154 0.9999
vn 0.02 0.0132 0.9997
vn -0.0048 -0.0142 0.9999
vn -0.0062 -0.0294 0.9995
vn 1.0E-4 -0.0116 0.9999
vn -0.0079 -0.0104 0.9999
vn 0.0082 -0.0097 0.9999
vn -0.0217 -0.0096 0.9997
vn 0.0067 -0.0032 1.0
vn -0.0036 -0.0133 0.9999
vn -0.0034 -0.0209 0.9998
vn 0.0109 0.0255 0.9996
vn -0.0 -0.5258 0.8506
vn -0.3985 -0.5864 0.7052
vn -0.1727 -0.1727 0.9697
vn -0.4632 -0.4632 0.7555
vn -0.5864 -0.3985 0.7052
vn -0.39 -0.39 0.8341
vn -0.0044 -0.0044 1.0
vn -0.0 -0.0089 1.0
vn -0.5258 0.0 0.8506
vn -0.0089 0.0 1.0
vn -0.6335 -0.6335 0.4443
vn -0.0 -0.0 1.0
vn -0.0 -0.0 1.0
vn -0.0 -0.0 1.0
vn -0.0808 -0.1651 0.983
vn -0.0178 -0.2269 0.9738
vn -0.0558 -0.6983 0.7136
vn -0.3474 -0.5641 0.7491
vn -0.1819 -0.0679 0.981
vn -0.1788 -0.0657 0.9817
vn -0.5999 -0.2295 0.7665
vn -0.6978 -0.0672 0.7132
vn -0.6948 -0.0644 0.7163
vn -0.6012 -0.2303 0.7652
vn -0.6426 -0.3262 0.6933
vn -0.3477 -0.5703 0.7442
vn -0.25 -0.5665 0.7852
vn -0.0567 -0.6961 0.7157
vn 0.0 0.0 1.0
vn -0.6425 -0.3262 0.6933
vn 2.0E-4 -0.5259 0.8505
vn -0.3262 -0.6426 0.6934
vn -0.3865 -0.3865 0.8374
vn -0.4629 -0.4629 0.7559
vn -0.6426 -0.3262 0.6933
vn -0.6426 -0.3262 0.6934
vn -0.526 0.0 0.8505
vn -0.0 0.0 1.0
vn -0.5259 0.0 0.8505
vn 0.0 -0.526 0.8505
vn 0.0 -0.7071 0.7071
vn 0.0 -0.5258 0.8506
vn -0.0 -0.0 1.0
vn 0.0 -0.426 0.9047
vn -0.0 -0.0 1.0
vn -0.0 -0.0 1.0
vn 0.2274 -0.9385 -0.2598
vn 0.9386 -0.2269 -0.2599
vn -0.4859 -0.6759 0.5542
vn 0.0241 -0.7836 0.6208
vn 0.7836 -0.0241 0.6208
vn 0.2274 -0.9385 -0.2598
vn 0.9386 -0.2269 -0.2599
vn -0.4859 -0.6759 0.5542
vn 0.0241 -0.7836 0.6208
vn 0.7836 -0.0241 0.6208
vn 0.2274 -0.9385 -0.2598
vn 0.9386 -0.2269 -0.2599
vn -0.4859 -0.6759 0.5542
vn 0.0241 -0.7836 0.6208
vn 0.7836 -0.0241 0.6208
vn 0.2274 -0.9385 -0.2598
vn 0.9386 -0.2269 -0.2599
vn -0.4859 -0.6759 0.5542
vn 0.0241 -0.7836 0.6208
vn 0.7836 -0.0241 0.6208
vn 0.2274 -0.9385 -0.2598
vn 0.9386 -0.2269 -0.2599
vn -0.4859 -0.6759 0.5542
vn 0.0241 -0.7836 0.6208
vn 0.7836 -0.0241 0.6208
vn 0.2274 -0.9385 -0.2598
vn 0.9386 -0.2269 -0.2599
vn -0.4859 -0.6759 0.5542
vn 0.0241 -0.7836 0.6208
vn 0.7836 -0.0241 0.6208
vn 0.2274 -0.9385 -0.2598
vn 0.9386 -0.2269 -0.2599
vn -0.4859 -0.6759 0.5542
vn 0.0241 -0.7836 0.6208
vn 0.7836 -0.0241 0.6208
vn 0.2274 -0.9385 -0.2598
vn 0.9386 -0.2269 -0.2599
vn -0.4859 -0.6759 0.5542
vn 0.0241 -0.7836 0.6208
vn 0.7836 -0.0241 0.6208
vn 0.2274 -0.9385 -0.2598
vn 0.9386 -0.2269 -0.2599
vn -0.4859 -0.6759 0.5542
vn 0.0241 -0.7836 0.6208
vn 0.7836 -0.0241 0.6208
vn 0.2274 -0.9385 -0.2598
vn 0.9386 -0.2269 -0.2599
vn -0.4859 -0.6759 0.5542
vn 0.0241 -0.7836 0.6208
vn 0.7836 -0.0241 0.6208
vn 0.2274 -0.9385 -0.2598
vn 0.9386 -0.2269 -0.2599
vn -0.4859 -0.6759 0.5542
vn 0.0241 -0.7836 0.6208
vn 0.7836 -0.0241 0.6208
vn 0.2274 -0.9385 -0.2598
vn 0.9386 -0.2269 -0.2599
vn -0.4859 -0.6759 0.5542
vn 0.0241 -0.7836 0.6208
vn 0.7836 -0.0241 0.6208
vn 0.2274 -0.9385 -0.2598
vn 0.9386 -0.2269 -0.2599
vn -0.4859 -0.6759 0.5542
vn 0.0241 -0.7836 0.6208
vn 0.7836 -0.0241 0.6208
vn 0.2274 -0.9385 -0.2598
vn 0.9386 -0.2269 -0.2599
vn -0.4859 -0.6759 0.5542
vn 0.0241 -0.7836 0.6208
vn 0.7836 -0.0241 0.6208
vn -0.0 -0.5258 0.8506
vn -0.0 0.0098 1.0
vn -0.0186 -0.0089 0.9998
vn -0.0 -0.6953 0.7187
vn 0.3254 -0.4005 0.8566
vn 0.0 -0.426 0.9047
vn 4.0E-4 -0.0 1.0
vn 2.0E-4 -0.0 1.0
vn -0.0 -0.0058 1.0
vn -0.0808 -0.1651 0.983
vn -0.0178 -0.2269 0.9738
vn -0.0558 -0.6983 0.7136
vn -0.3474 -0.5641 0.7491
vn -0.1819 -0.0679 0.981
vn -0.1788 -0.0657 0.9817
vn -0.5999 -0.2295 0.7665
vn -0.6978 -0.0672 0.7132
vn -0.6948 -0.0644 0.7163
vn -0.6012 -0.2303 0.7652
vn -0.6426 -0.3262 0.6933
vn -0.3477 -0.5703 0.7442
vn -0.25 -0.5665 0.7852
vn -0.0567 -0.6961 0.7157
vn 0.0 0.0 1.0
vn -0.6425 -0.3262 0.6933
vn -0.3865 -0.3865 0.8374
vn -0.526 0.0 0.8505
vn -0.0 0.0 1.0
vn 0.0 -0.526 0.8505
vn 0.0 -0.5259 0.8505
vn -0.3262 -0.6425 0.6934
vn -0.4629 -0.4629 0.7559
vn -0.6426 -0.3262 0.6933
vn -0.6426 -0.3262 0.6934
vn -0.3262 -0.6426 0.6934
vn -0.5259 0.0 0.8505
vn 0.0 -0.7071 0.7071
vn 0.0 -0.5258 0.8506
vn -0.0 -0.0 1.0
vn 0.0 -0.426 0.9047
vn -0.0808 -0.1651 0.983
vn -0.0178 -0.2269 0.9738
vn -0.0558 -0.6983 0.7136
vn -0.3474 -0.5641 0.7491
vn -0.1819 -0.0679 0.981
vn -0.1788 -0.0657 0.9817
vn -0.5999 -0.2295 0.7665
vn -0.6978 -0.0672 0.7132
vn -0.6948 -0.0644 0.7163
vn -0.6012 -0.2303 0.7652
vn -0.6426 -0.3262 0.6933
vn -0.3477 -0.5703 0.7442
vn -0.25 -0.5665 0.7852
vn -0.0567 -0.6961 0.7157
vn 0.0 0.0 1.0
vn -0.6425 -0.3262 0.6933
vn 2.0E-4 -0.5259 0.8505
vn -0.3262 -0.6426 0.6934
vn -0.3865 -0.3865 0.8374
vn -0.4629 -0.4629 0.7559
vn -0.6426 -0.3262 0.6933
vn -0.6426 -0.3262 0.6934
vn -0.526 0.0 0.8505
vn -0.0 0.0 1.0
vn -0.5259 0.0 0.8505
vn 0.0 -0.526 0.8505
vn 0.2274 -0.9385 -0.2598
vn 0.9386 -0.2269 -0.2599
vn -0.4859 -0.6759 0.5542
vn 0.0241 -0.7836 0.6208
vn 0.7836 -0.0241 0.6208
vn 0.2274 -0.9385 -0.2598
vn 0.9386 -0.2269 -0.2599
vn -0.4859 -0.6759 0.5542
vn 0.0241 -0.7836 0.6208
vn 0.7836 -0.0241 0.6208
vn 0.2274 -0.9385 -0.2598
vn 0.9386 -0.2269 -0.2599
vn -0.4859 -0.6759 0.5542
vn 0.0241 -0.7836 0.6208
vn 0.7836 -0.0241 0.6208
vn 0.2274 -0.9385 -0.2598
vn 0.9386 -0.2269 -0.2599
vn -0.4859 -0.6759 0.5542
vn 0.0241 -0.7836 0.6208
vn 0.7836 -0.0241 0.6208
vn 0.2274 -0.9385 -0.2598
vn 0.9386 -0.2269 -0.2599
vn -0.4859 -0.6759 0.5542
vn 0.0241 -0.7836 0.6208
vn 0.7836 -0.0241 0.6208
vn 0.2274 -0.9385 -0.2598
vn 0.9386 -0.2269 -0.2599
vn -0.4859 -0.6759 0.5542
vn 0.0241 -0.7836 0.6208
vn 0.7836 -0.0241 0.6208
vn 0.2274 -0.9385 -0.2598
vn 0.9386 -0.2269 -0.2599
vn -0.4859 -0.6759 0.5542
vn 0.0241 -0.7836 0.6208
vn 0.7836 -0.0241 0.6208
vn 0.2274 -0.9385 -0.2598
vn 0.9386 -0.2269 -0.2599
vn -0.4859 -0.6759 0.5542
vn 0.0241 -0.7836 0.6208
vn 0.7836 -0.0241 0.6208
vn 0.2274 -0.9385 -0.2598
vn 0.9386 -0.2269 -0.2599
vn -0.4859 -0.6759 0.5542
vn 0.0241 -0.7836 0.6208
vn 0.7836 -0.0241 0.6208
vn 0.2274 -0.9385 -0.2598
vn 0.9386 -0.2269 -0.2599
vn -0.4859 -0.6759 0.5542
vn 0.0241 -0.7836 0.6208
vn 0.7836 -0.0241 0.6208
vn 0.2274 -0.9385 -0.2598
vn 0.9386 -0.2269 -0.2599
vn -0.4859 -0.6759 0.5542
vn 0.0241 -0.7836 0.6208
vn 0.7836 -0.0241 0.6208
vn 0.2274 -0.9385 -0.2598
vn 0.9386 -0.2269 -0.2599
vn -0.4859 -0.6759 0.5542
vn 0.0241 -0.7836 0.6208
vn 0.7836 -0.0241 0.6208
vn 0.2274 -0.9385 -0.2598
vn 0.9386 -0.2269 -0.2599
vn -0.4859 -0.6759 0.5542
vn 0.0241 -0.7836 0.6208
vn 0.7836 -0.0241 0.6208
vn 0.2274 -0.9385 -0.2598
vn 0.9386 -0.2269 -0.2599
vn -0.4859 -0.6759 0.5542
vn 0.0241 -0.7836 0.6208
vn 0.7836 -0.0241 0.6208
vn 0.0 -0.7071 0.7071
vn 0.0 -0.5258 0.8506
vn -0.0 -0.0 1.0
vn 0.0 -0.426 0.9047
vn -0.0 -0.0 1.0
vn -0.0808 -0.1651 0.983
vn -0.0178 -0.2269 0.9738
vn -0.0558 -0.6983 0.7136
vn -0.3474 -0.5641 0.7491
vn -0.1819 -0.0679 0.981
vn -0.1788 -0.0657 0.9817
vn -0.5999 -0.2295 0.7665
vn -0.6978 -0.0672 0.7132
vn -0.6948 -0.0644 0.7163
vn -0.6012 -0.2303 0.7652
vn -0.6426 -0.3262 0.6933
vn -0.3477 -0.5703 0.7442
vn -0.25 -0.5665 0.7852
vn -0.0567 -0.6961 0.7157
vn 0.0 0.0 1.0
vn -0.6425 -0.3262 0.6933
vn 2.0E-4 -0.5259 0.8505
vn -0.3262 -0.6426 0.6934
vn -0.3865 -0.3865 0.8374
vn -0.4629 -0.4629 0.7559
vn -0.6426 -0.3262 0.6933
vn -0.6426 -0.3262 0.6934
vn -0.526 0.0 0.8505
vn -0.0 0.0 1.0
vn -0.5259 0.0 0.8505
vn 0.0 -0.526 0.8505
vn 0.0 -0.7071 0.7071
vn 0.0 -0.5258 0.8506
vn -0.0 -0.0 1.0
vn 0.0 -0.426 0.9047
vn -0.0 -0.0 1.0
vn -0.0 -0.0 1.0
vn 0.2274 -0.9385 -0.2598
vn 0.9386 -0.2269 -0.2599
vn -0.4859 -0.6759 0.5542
vn 0.0241 -0.7836 0.6208
vn 0.7836 -0.0241 0.6208
vn 0.2274 -0.9385 -0.2598
vn 0.9386 -0.2269 -0.2599
vn -0.4859 -0.6759 0.5542
vn 0.0241 -0.7836 0.6208
vn 0.7836 -0.0241 0.6208
vn 0.2274 -0.9385 -0.2598
vn 0.9386 -0.2269 -0.2599
vn -0.4859 -0.6759 0.5542
vn 0.0241 -0.7836 0.6208
vn 0.7836 -0.0241 0.6208
vn 0.2274 -0.9385 -0.2598
vn 0.9386 -0.2269 -0.2599
vn -0.4859 -0.6759 0.5542
vn 0.0241 -0.7836 0.6208
vn 0.7836 -0.0241 0.6208
vn 0.2274 -0.9385 -0.2598
vn 0.9386 -0.2269 -0.2599
vn -0.4859 -0.6759 0.5542
vn 0.0241 -0.7836 0.6208
vn 0.7836 -0.0241 0.6208
vn 0.2274 -0.9385 -0.2598
vn 0.9386 -0.2269 -0.2599
vn -0.4859 -0.6759 0.5542
vn 0.0241 -0.7836 0.6208
vn 0.7836 -0.0241 0.6208
vn 0.2274 -0.9385 -0.2598
vn 0.9386 -0.2269 -0.2599
vn -0.4859 -0.6759 0.5542
vn 0.0241 -0.7836 0.6208
vn 0.7836 -0.0241 0.6208
vn 0.2274 -0.9385 -0.2598
vn 0.9386 -0.2269 -0.2599
vn -0.4859 -0.6759 0.5542
vn 0.0241 -0.7836 0.6208
vn 0.7836 -0.0241 0.6208
vn 0.2274 -0.9385 -0.2598
vn 0.9386 -0.2269 -0.2599
vn -0.4859 -0.6759 0.5542
vn 0.0241 -0.7836 0.6208
vn 0.7836 -0.0241 0.6208
vn 0.2274 -0.9385 -0.2598
vn 0.9386 -0.2269 -0.2599
vn -0.4859 -0.6759 0.5542
vn 0.0241 -0.7836 0.6208
vn 0.7836 -0.0241 0.6208
vn 0.2274 -0.9385 -0.2598
vn 0.9386 -0.2269 -0.2599
vn -0.4859 -0.6759 0.5542
vn 0.0241 -0.7836 0.6208
vn 0.7836 -0.0241 0.6208
vn 0.2274 -0.9385 -0.2598
vn 0.9386 -0.2269 -0.2599
vn -0.4859 -0.6759 0.5542
vn 0.0241 -0.7836 0.6208
vn 0.7836 -0.0241 0.6208
vn 0.2274 -0.9385 -0.2598
vn 0.9386 -0.2269 -0.2599
vn -0.4859 -0.6759 0.5542
vn 0.0241 -0.7836 0.6208
vn 0.7836 -0.0241 0.6208
vn 0.2274 -0.9385 -0.2598
vn 0.9386 -0.2269 -0.2599
vn -0.4859 -0.6759 0.5542
vn 0.0241 -0.7836 0.6208
vn 0.7836 -0.0241 0.6208
vn 0.0 -0.7071 0.7071
vn 0.0 -0.5258 0.8506
vn -0.0 -0.0 1.0
vn 0.0 -0.426 0.9047
vn -0.0808 -0.1651 0.983
vn -0.0178 -0.2269 0.9738
vn -0.0558 -0.6983 0.7136
vn -0.3474 -0.5641 0.7491
vn -0.1819 -0.0679 0.981
vn -0.1788 -0.0657 0.9817
vn -0.5999 -0.2295 0.7665
vn -0.6978 -0.0672 0.7132
vn -0.6948 -0.0644 0.7163
vn -0.6012 -0.2303 0.7652
vn -0.6426 -0.3262 0.6933
vn -0.3477 -0.5703 0.7442
vn -0.25 -0.5665 0.7852
vn -0.0567 -0.6961 0.7157
vn 0.0 0.0 1.0
vn -0.6425 -0.3262 0.6933
vn 2.0E-4 -0.5259 0.8505
vn -0.3262 -0.6426 0.6934
vn -0.3865 -0.3865 0.8374
vn -0.4629 -0.4629 0.7559
vn -0.6426 -0.3262 0.6933
vn -0.6426 -0.3262 0.6934
vn -0.526 0.0 0.8505
vn -0.0 0.0 1.0
vn -0.5259 0.0 0.8505
vn 0.0 -0.526 0.8505
vn 0.2274 -0.9385 -0.2598
vn 0.9386 -0.2269 -0.2599
vn -0.4859 -0.6759 0.5542
vn 0.0241 -0.7836 0.6208
vn 0.7836 -0.0241 0.6208
vn 0.2274 -0.9385 -0.2598
vn 0.9386 -0.2269 -0.2599
vn -0.4859 -0.6759 0.5542
vn 0.0241 -0.7836 0.6208
vn 0.7836 -0.0241 0.6208
vn 0.2274 -0.9385 -0.2598
vn 0.9386 -0.2269 -0.2599
vn -0.4859 -0.6759 0.5542
vn 0.0241 -0.7836 0.6208
vn 0.7836 -0.0241 0.6208
vn 0.2274 -0.9385 -0.2598
vn 0.9386 -0.2269 -0.2599
vn -0.4859 -0.6759 0.5542
vn 0.0241 -0.7836 0.6208
vn 0.7836 -0.0241 0.6208
vn 0.2274 -0.9385 -0.2598
vn 0.9386 -0.2269 -0.2599
vn -0.4859 -0.6759 0.5542
vn 0.0241 -0.7836 0.6208
vn 0.7836 -0.0241 0.6208
vn 0.2274 -0.9385 -0.2598
vn 0.9386 -0.2269 -0.2599
vn -0.4859 -0.6759 0.5542
vn 0.0241 -0.7836 0.6208
vn 0.7836 -0.0241 0.6208
vn 0.2274 -0.9385 -0.2598
vn 0.9386 -0.2269 -0.2599
vn -0.4859 -0.6759 0.5542
vn 0.0241 -0.7836 0.6208
vn 0.7836 -0.0241 0.6208
vn 0.2274 -0.9385 -0.2598
vn 0.9386 -0.2269 -0.2599
vn -0.4859 -0.6759 0.5542
vn 0.0241 -0.7836 0.6208
vn 0.7836 -0.0241 0.6208
vn 0.2274 -0.9385 -0.2598
vn 0.9386 -0.2269 -0.2599
vn -0.4859 -0.6759 0.5542
vn 0.0241 -0.7836 0.6208
vn 0.7836 -0.0241 0.6208
vn 0.2274 -0.9385 -0.2598
vn 0.9386 -0.2269 -0.2599
vn -0.4859 -0.6759 0.5542
vn 0.0241 -0.7836 0.6208
vn 0.7836 -0.0241 0.6208
vn 0.2274 -0.9385 -0.2598
vn 0.9386 -0.2269 -0.2599
vn -0.4859 -0.6759 0.5542
vn 0.0241 -0.7836 0.6208
vn 0.7836 -0.0241 0.6208
vn 0.2274 -0.9385 -0.2598
vn 0.9386 -0.2269 -0.2599
vn -0.4859 -0.6759 0.5542
vn 0.0241 -0.7836 0.6208
vn 0.7836 -0.0241 0.6208
vn 0.2274 -0.9385 -0.2598
vn 0.9386 -0.2269 -0.2599
vn -0.4859 -0.6759 0.5542
vn 0.0241 -0.7836 0.6208
vn 0.7836 -0.0241 0.6208
vn 0.2274 -0.9385 -0.2598
vn 0.9386 -0.2269 -0.2599
vn -0.4859 -0.6759 0.5542
vn 0.0241 -0.7836 0.6208
vn 0.7836 -0.0241 0.6208
vn 0.0 -0.7071 0.7071
vn 0.0 -0.5258 0.8506
vn -0.0 -0.0 1.0
vn 0.0 -0.426 0.9047
vn -0.0 -0.0 1.0
vn 0.2274 -0.9385 -0.2598
vn 0.9386 -0.2269 -0.2599
vn -0.4859 -0.6759 0.5542
vn 0.0241 -0.7836 0.6208
vn 0.7836 -0.0241 0.6208
vn 0.2274 -0.9385 -0.2598
vn 0.9386 -0.2269 -0.2599
vn -0.4859 -0.6759 0.5542
vn 0.0241 -0.7836 0.6208
vn 0.7836 -0.0241 0.6208
vn 0.2274 -0.9385 -0.2598
vn 0.9386 -0.2269 -0.2599
vn -0.4859 -0.6759 0.5542
vn 0.0241 -0.7836 0.6208
vn 0.7836 -0.0241 0.6208
vn 0.2274 -0.9385 -0.2598
vn 0.9386 -0.2269 -0.2599
vn -0.4859 -0.6759 0.5542
vn 0.0241 -0.7836 0.6208
vn 0.7836 -0.0241 0.6208
vn 0.2274 -0.9385 -0.2598
vn 0.9386 -0.2269 -0.2599
vn -0.4859 -0.6759 0.5542
vn 0.0241 -0.7836 0.6208
vn 0.7836 -0.0241 0.6208
vn 0.2274 -0.9385 -0.2598
vn 0.9386 -0.2269 -0.2599
vn -0.4859 -0.6759 0.5542
vn 0.0241 -0.7836 0.6208
vn 0.7836 -0.0241 0.6208
vn 0.2274 -0.9385 -0.2598
vn 0.9386 -0.2269 -0.2599
vn -0.4859 -0.6759 0.5542
vn 0.0241 -0.7836 0.6208
vn 0.7836 -0.0241 0.6208
vn 0.2274 -0.9385 -0.2598
vn 0.9386 -0.2269 -0.2599
vn -0.4859 -0.6759 0.5542
vn 0.0241 -0.7836 0.6208
vn 0.7836 -0.0241 0.6208
vn 0.2274 -0.9385 -0.2598
vn 0.9386 -0.2269 -0.2599
vn -0.4859 -0.6759 0.5542
vn 0.0241 -0.7836 0.6208
vn 0.7836 -0.0241 0.6208
vn 0.2274 -0.9385 -0.2598
vn 0.9386 -0.2269 -0.2599
vn -0.4859 -0.6759 0.5542
vn 0.0241 -0.7836 0.6208
vn 0.7836 -0.0241 0.6208
vn 0.2274 -0.9385 -0.2598
vn 0.9386 -0.2269 -0.2599
vn -0.4859 -0.6759 0.5542
vn 0.0241 -0.7836 0.6208
vn 0.7836 -0.0241 0.6208
vn 0.2274 -0.9385 -0.2598
vn 0.9386 -0.2269 -0.2599
vn -0.4859 -0.6759 0.5542
vn 0.0241 -0.7836 0.6208
vn 0.7836 -0.0241 0.6208
vn 0.2274 -0.9385 -0.2598
vn 0.9386 -0.2269 -0.2599
vn -0.4859 -0.6759 0.5542
vn 0.0241 -0.7836 0.6208
vn 0.7836 -0.0241 0.6208
vn 0.2274 -0.9385 -0.2598
vn 0.9386 -0.2269 -0.2599
vn -0.4859 -0.6759 0.5542
vn 0.0241 -0.7836 0.6208
vn 0.7836 -0.0241 0.6208
vn 0.1651 -0.0808 0.983
vn 0.2269 -0.0178 0.9738
vn 0.6983 -0.0558 0.7136
vn 0.5641 -0.3474 0.7491
vn 0.0679 -0.1819 0.981
vn 0.0657 -0.1788 0.9817
vn 0.2295 -0.5999 0.7665
vn 0.0672 -0.6978 0.7132
vn 0.0644 -0.6948 0.7163
vn 0.2303 -0.6012 0.7652
vn 0.3262 -0.6426 0.6933
vn 0.5703 -0.3477 0.7442
vn 0.5665 -0.25 0.7852
vn 0.6961 -0.0567 0.7157
vn -0.0 0.0 1.0
vn 0.3262 -0.6425 0.6933
vn 0.3865 -0.3865 0.8374
vn -0.0 -0.526 0.8505
vn -0.0 -0.0 1.0
vn 0.526 0.0 0.8505
vn 0.5259 0.0 0.8505
vn 0.6425 -0.3262 0.6934
vn 0.4629 -0.4629 0.7559
vn 0.3262 -0.6426 0.6933
vn 0.3262 -0.6426 0.6934
vn 0.6426 -0.3262 0.6934
vn -0.0 -0.5259 0.8505
vn 0.2274 -0.9385 -0.2598
vn 0.9386 -0.2269 -0.2599
vn -0.4859 -0.6759 0.5542
vn 0.0241 -0.7836 0.6208
vn 0.7836 -0.0241 0.6208
vn 0.2274 -0.9385 -0.2598
vn 0.9386 -0.2269 -0.2599
vn -0.4859 -0.6759 0.5542
vn 0.0241 -0.7836 0.6208
vn 0.7836 -0.0241 0.6208
vn 0.2274 -0.9385 -0.2598
vn 0.9386 -0.2269 -0.2599
vn -0.4859 -0.6759 0.5542
vn 0.0241 -0.7836 0.6208
vn 0.7836 -0.0241 0.6208
vn 0.2274 -0.9385 -0.2598
vn 0.9386 -0.2269 -0.2599
vn -0.4859 -0.6759 0.5542
vn 0.0241 -0.7836 0.6208
vn 0.7836 -0.0241 0.6208
vn 0.2274 -0.9385 -0.2598
vn 0.9386 -0.2269 -0.2599
vn -0.4859 -0.6759 0.5542
vn 0.0241 -0.7836 0.6208
vn 0.7836 -0.0241 0.6208
vn 0.2274 -0.9385 -0.2598
vn 0.9386 -0.2269 -0.2599
vn -0.4859 -0.6759 0.5542
vn 0.0241 -0.7836 0.6208
vn 0.7836 -0.0241 0.6208
vn 0.2274 -0.9385 -0.2598
vn 0.9386 -0.2269 -0.2599
vn -0.4859 -0.6759 0.5542
vn 0.0241 -0.7836 0.6208
vn 0.7836 -0.0241 0.6208
vn 0.2274 -0.9385 -0.2598
vn 0.9386 -0.2269 -0.2599
vn -0.4859 -0.6759 0.5542
vn 0.0241 -0.7836 0.6208
vn 0.7836 -0.0241 0.6208
vn 0.2274 -0.9385 -0.2598
vn 0.9386 -0.2269 -0.2599
vn -0.4859 -0.6759 0.5542
vn 0.0241 -0.7836 0.6208
vn 0.7836 -0.0241 0.6208
vn 0.2274 -0.9385 -0.2598
vn 0.9386 -0.2269 -0.2599
vn -0.4859 -0.6759 0.5542
vn 0.0241 -0.7836 0.6208
vn 0.7836 -0.0241 0.6208
vn 0.2274 -0.9385 -0.2598
vn 0.9386 -0.2269 -0.2599
vn -0.4859 -0.6759 0.5542
vn 0.0241 -0.7836 0.6208
vn 0.7836 -0.0241 0.6208
vn 0.2274 -0.9385 -0.2598
vn 0.9386 -0.2269 -0.2599
vn -0.4859 -0.6759 0.5542
vn 0.0241 -0.7836 0.6208
vn 0.7836 -0.0241 0.6208
vn 0.2274 -0.9385 -0.2598
vn 0.9386 -0.2269 -0.2599
vn -0.4859 -0.6759 0.5542
vn 0.0241 -0.7836 0.6208
vn 0.7836 -0.0241 0.6208
vn 0.2274 -0.9385 -0.2598
vn 0.9386 -0.2269 -0.2599
vn -0.4859 -0.6759 0.5542
vn 0.0241 -0.7836 0.6208
vn 0.7836 -0.0241 0.6208
vn 0.0644 -0.6948 0.7163
vn 0.2303 -0.6012 0.7652
vn 0.3322 -0.5961 0.7309
vn 0.5703 -0.3477 0.7442
vn 0.5665 -0.25 0.7852
vn 0.6961 -0.0567 0.7157
vn 0.0098 -0.0 1.0
vn 0.1302 -0.3525 0.9267
vn 0.3283 -0.1585 0.9312
vn 0.5641 -0.3474 0.7491
vn 0.2295 -0.5999 0.7665
vn 0.4322 0.0019 0.9018
vn 0.6984 -0.0558 0.7136
vn 0.0014 -0.4281 0.9037
vn 0.0672 -0.6978 0.7132
vn 0.0154 -0.0026 0.9999
vn -0.0132 0.02 0.9997
vn 0.0142 -0.0048 0.9999
vn 0.0294 -0.0062 0.9995
vn 0.0116 1.0E-4 0.9999
vn 0.0104 -0.0079 0.9999
vn 0.0097 0.0082 0.9999
vn 0.0096 -0.0217 0.9997
vn 0.0032 0.0067 1.0
vn 0.0133 -0.0036 0.9999
vn 0.0209 -0.0034 0.9998
vn -0.0255 0.0109 0.9996
vn 0.5258 -0.0 0.8506
vn 0.5864 -0.3985 0.7052
vn 0.1727 -0.1727 0.9697
vn 0.4632 -0.4632 0.7555
vn 0.3985 -0.5864 0.7052
vn 0.39 -0.39 0.8341
vn 0.0044 -0.0044 1.0
vn 0.0089 -0.0 1.0
vn -0.0 -0.5258 0.8506
vn -0.0 -0.0089 1.0
vn 0.6335 -0.6335 0.4443
vn 0.0 -0.7071 0.7071
vn 0.0 -0.5258 0.8506
vn -0.0 -0.0 1.0
vn 0.0 -0.426 0.9047
vn -0.0808 -0.1651 0.983
vn -0.0178 -0.2269 0.9738
vn -0.0558 -0.6983 0.7136
vn -0.3474 -0.5641 0.7491
vn -0.1819 -0.0679 0.981
vn -0.1788 -0.0657 0.9817
vn -0.5999 -0.2295 0.7665
vn -0.6978 -0.0672 0.7132
vn -0.6948 -0.0644 0.7163
vn -0.6012 -0.2303 0.7652
vn -0.6426 -0.3262 0.6933
vn -0.3477 -0.5703 0.7442
vn -0.25 -0.5665 0.7852
vn -0.0567 -0.6961 0.7157
vn 0.0 0.0 1.0
vn -0.6425 -0.3262 0.6933
vn 2.0E-4 -0.5259 0.8505
vn -0.3262 -0.6426 0.6934
vn -0.3865 -0.3865 0.8374
vn -0.4629 -0.4629 0.7559
vn -0.6426 -0.3262 0.6933
vn -0.6426 -0.3262 0.6934
vn -0.526 0.0 0.8505
vn -0.0 0.0 1.0
vn -0.5259 0.0 0.8505
vn 0.0 -0.526 0.8505
vn -0.0 -0.0 1.0
vn -0.0 -0.0 1.0
vn 0.2274 -0.9385 -0.2598
vn 0.9386 -0.2269 -0.2599
vn -0.4859 -0.6759 0.5542
vn 0.0241 -0.7836 0.6208
vn 0.7836 -0.0241 0.6208
vn 0.2274 -0.9385 -0.2598
vn 0.9386 -0.2269 -0.2599
vn -0.4859 -0.6759 0.5542
vn 0.0241 -0.7836 0.6208
vn 0.7836 -0.0241 0.6208
vn 0.2274 -0.9385 -0.2598
vn 0.9386 -0.2269 -0.2599
vn -0.4859 -0.6759 0.5542
vn 0.0241 -0.7836 0.6208
vn 0.7836 -0.0241 0.6208
vn 0.2274 -0.9385 -0.2598
vn 0.9386 -0.2269 -0.2599
vn -0.4859 -0.6759 0.5542
vn 0.0241 -0.7836 0.6208
vn 0.7836 -0.0241 0.6208
vn 0.2274 -0.9385 -0.2598
vn 0.9386 -0.2269 -0.2599
vn -0.4859 -0.6759 0.5542
vn 0.0241 -0.7836 0.6208
vn 0.7836 -0.0241 0.6208
vn 0.2274 -0.9385 -0.2598
vn 0.9386 -0.2269 -0.2599
vn -0.4859 -0.6759 0.5542
vn 0.0241 -0.7836 0.6208
vn 0.7836 -0.0241 0.6208
vn 0.2274 -0.9385 -0.2598
vn 0.9386 -0.2269 -0.2599
vn -0.4859 -0.6759 0.5542
vn 0.0241 -0.7836 0.6208
vn 0.7836 -0.0241 0.6208
vn 0.2274 -0.9385 -0.2598
vn 0.9386 -0.2269 -0.2599
vn -0.4859 -0.6759 0.5542
vn 0.0241 -0.7836 0.6208
vn 0.7836 -0.0241 0.6208
vn 0.2274 -0.9385 -0.2598
vn 0.9386 -0.2269 -0.2599
vn -0.4859 -0.6759 0.5542
vn 0.0241 -0.7836 0.6208
vn 0.7836 -0.0241 0.6208
vn 0.2274 -0.9385 -0.2598
vn 0.9386 -0.2269 -0.2599
vn -0.4859 -0.6759 0.5542
vn 0.0241 -0.7836 0.6208
vn 0.7836 -0.0241 0.6208
vn 0.2274 -0.9385 -0.2598
vn 0.9386 -0.2269 -0.2599
vn -0.4859 -0.6759 0.5542
vn 0.0241 -0.7836 0.6208
vn 0.7836 -0.0241 0.6208
vn 0.2274 -0.9385 -0.2598
vn 0.9386 -0.2269 -0.2599
vn -0.4859 -0.6759 0.5542
vn 0.0241 -0.7836 0.6208
vn 0.7836 -0.0241 0.6208
vn 0.2274 -0.9385 -0.2598
vn 0.9386 -0.2269 -0.2599
vn -0.4859 -0.6759 0.5542
vn 0.0241 -0.7836 0.6208
vn 0.7836 -0.0241 0.6208
vn 0.2274 -0.9385 -0.2598
vn 0.9386 -0.2269 -0.2599
vn -0.4859 -0.6759 0.5542
vn 0.0241 -0.7836 0.6208
vn 0.7836 -0.0241 0.6208
vn 0.2274 -0.9385 -0.2598
vn 0.9386 -0.2269 -0.2599
vn -0.4859 -0.6759 0.5542
vn 0.0241 -0.7836 0.6208
vn 0.7836 -0.0241 0.6208
vn -0.0 -0.5258 0.8506
vn -0.0 0.0098 1.0
vn -0.0186 -0.0089 0.9998
vn -0.0 -0.6953 0.7187
vn 0.3254 -0.4005 0.8566
vn 0.0 -0.426 0.9047
vn 4.0E-4 -0.0 1.0
vn 2.0E-4 -0.0 1.0
vn -0.0 -0.0058 1.0
vn 0.0 -0.7071 0.7071
vn 0.0 -0.5258 0.8506
vn -0.0 -0.0 1.0
vn 0.0 -0.426 0.9047
vn -0.0808 -0.1651 0.983
vn -0.0178 -0.2269 0.9738
vn -0.0558 -0.6983 0.7136
vn -0.3474 -0.5641 0.7491
vn -0.1819 -0.0679 0.981
vn -0.1788 -0.0657 0.9817
vn -0.5999 -0.2295 0.7665
vn -0.6978 -0.0672 0.7132
vn -0.6948 -0.0644 0.7163
vn -0.6012 -0.2303 0.7652
vn -0.6426 -0.3262 0.6933
vn -0.3477 -0.5703 0.7442
vn -0.25 -0.5665 0.7852
vn -0.0567 -0.6961 0.7157
vn 0.0 0.0 1.0
vn -0.6425 -0.3262 0.6933
vn 2.0E-4 -0.5259 0.8505
vn -0.3262 -0.6426 0.6934
vn -0.3865 -0.3865 0.8374
vn -0.4629 -0.4629 0.7559
vn -0.6426 -0.3262 0.6933
vn -0.6426 -0.3262 0.6934
vn -0.526 0.0 0.8505
vn -0.0 0.0 1.0
vn -0.5259 0.0 0.8505
vn 0.0 -0.526 0.8505
vn -0.0 -0.0 1.0
vn 0.2274 -0.9385 -0.2598
vn 0.9386 -0.2269 -0.2599
vn -0.4859 -0.6759 0.5542
vn 0.0241 -0.7836 0.6208
vn 0.7836 -0.0241 0.6208
vn 0.2274 -0.9385 -0.2598
vn 0.9386 -0.2269 -0.2599
vn -0.4859 -0.6759 0.5542
vn 0.0241 -0.7836 0.6208
vn 0.7836 -0.0241 0.6208
vn 0.2274 -0.9385 -0.2598
vn 0.9386 -0.2269 -0.2599
vn -0.4859 -0.6759 0.5542
vn 0.0241 -0.7836 0.6208
vn 0.7836 -0.0241 0.6208
vn 0.2274 -0.9385 -0.2598
vn 0.9386 -0.2269 -0.2599
vn -0.4859 -0.6759 0.5542
vn 0.0241 -0.7836 0.6208
vn 0.7836 -0.0241 0.6208
vn 0.2274 -0.9385 -0.2598
vn 0.9386 -0.2269 -0.2599
vn -0.4859 -0.6759 0.5542
vn 0.0241 -0.7836 0.6208
vn 0.7836 -0.0241 0.6208
vn 0.2274 -0.9385 -0.2598
vn 0.9386 -0.2269 -0.2599
vn -0.4859 -0.6759 0.5542
vn 0.0241 -0.7836 0.6208
vn 0.7836 -0.0241 0.6208
vn 0.2274 -0.9385 -0.2598
vn 0.9386 -0.2269 -0.2599
vn -0.4859 -0.6759 0.5542
vn 0.0241 -0.7836 0.6208
vn 0.7836 -0.0241 0.6208
vn 0.2274 -0.9385 -0.2598
vn 0.9386 -0.2269 -0.2599
vn -0.4859 -0.6759 0.5542
vn 0.0241 -0.7836 0.6208
vn 0.7836 -0.0241 0.6208
vn 0.2274 -0.9385 -0.2598
vn 0.9386 -0.2269 -0.2599
vn -0.4859 -0.6759 0.5542
vn 0.0241 -0.7836 0.6208
vn 0.7836 -0.0241 0.6208
vn 0.2274 -0.9385 -0.2598
vn 0.9386 -0.2269 -0.2599
vn -0.4859 -0.6759 0.5542
vn 0.0241 -0.7836 0.6208
vn 0.7836 -0.0241 0.6208
vn 0.2274 -0.9385 -0.2598
vn 0.9386 -0.2269 -0.2599
vn -0.4859 -0.6759 0.5542
vn 0.0241 -0.7836 0.6208
vn 0.7836 -0.0241 0.6208
vn 0.2274 -0.9385 -0.2598
vn 0.9386 -0.2269 -0.2599
vn -0.4859 -0.6759 0.5542
vn 0.0241 -0.7836 0.6208
vn 0.7836 -0.0241 0.6208
vn 0.2274 -0.9385 -0.2598
vn 0.9386 -0.2269 -0.2599
vn -0.4859 -0.6759 0.5542
vn 0.0241 -0.7836 0.6208
vn 0.7836 -0.0241 0.6208
vn 0.2274 -0.9385 -0.2598
vn 0.9386 -0.2269 -0.2599
vn -0.4859 -0.6759 0.5542
vn 0.0241 -0.7836 0.6208
vn 0.7836 -0.0241 0.6208
vn 0.2274 -0.9385 -0.2598
vn 0.9386 -0.2269 -0.2599
vn -0.4859 -0.6759 0.5542
vn 0.0241 -0.7836 0.6208
vn 0.7836 -0.0241 0.6208
vn -0.0 -0.0 1.0
vn -0.0 -0.0 1.0
vn -0.0 -0.0 1.0
vn 0.0 -0.7071 0.7071
vn 0.0 -0.5258 0.8506
vn -0.0 -0.0 1.0
vn 0.0 -0.426 0.9047
vn -0.0 -0.0 1.0
vn -0.0 -0.0 1.0
vn -0.0 -0.0 1.0
vn 0.2274 -0.9385 -0.2598
vn 0.9386 -0.2269 -0.2599
vn -0.4859 -0.6759 0.5542
vn 0.0241 -0.7836 0.6208
vn 0.7836 -0.0241 0.6208
vn 0.2274 -0.9385 -0.2598
vn 0.9386 -0.2269 -0.2599
vn -0.4859 -0.6759 0.5542
vn 0.0241 -0.7836 0.6208
vn 0.7836 -0.0241 0.6208
vn 0.2274 -0.9385 -0.2598
vn 0.9386 -0.2269 -0.2599
vn -0.4859 -0.6759 0.5542
vn 0.0241 -0.7836 0.6208
vn 0.7836 -0.0241 0.6208
vn 0.2274 -0.9385 -0.2598
vn 0.9386 -0.2269 -0.2599
vn -0.4859 -0.6759 0.5542
vn 0.0241 -0.7836 0.6208
vn 0.7836 -0.0241 0.6208
vn 0.2274 -0.9385 -0.2598
vn 0.9386 -0.2269 -0.2599
vn -0.4859 -0.6759 0.5542
vn 0.0241 -0.7836 0.6208
vn 0.7836 -0.0241 0.6208
vn 0.2274 -0.9385 -0.2598
vn 0.9386 -0.2269 -0.2599
vn -0.4859 -0.6759 0.5542
vn 0.0241 -0.7836 0.6208
vn 0.7836 -0.0241 0.6208
vn 0.2274 -0.9385 -0.2598
vn 0.9386 -0.2269 -0.2599
vn -0.4859 -0.6759 0.5542
vn 0.0241 -0.7836 0.6208
vn 0.7836 -0.0241 0.6208
vn 0.2274 -0.9385 -0.2598
vn 0.9386 -0.2269 -0.2599
vn -0.4859 -0.6759 0.5542
vn 0.0241 -0.7836 0.6208
vn 0.7836 -0.0241 0.6208
vn 0.2274 -0.9385 -0.2598
vn 0.9386 -0.2269 -0.2599
vn -0.4859 -0.6759 0.5542
vn 0.0241 -0.7836 0.6208
vn 0.7836 -0.0241 0.6208
vn 0.2274 -0.9385 -0.2598
vn 0.9386 -0.2269 -0.2599
vn -0.4859 -0.6759 0.5542
vn 0.0241 -0.7836 0.6208
vn 0.7836 -0.0241 0.6208
vn 0.2274 -0.9385 -0.2598
vn 0.9386 -0.2269 -0.2599
vn -0.4859 -0.6759 0.5542
vn 0.0241 -0.7836 0.6208
vn 0.7836 -0.0241 0.6208
vn 0.2274 -0.9385 -0.2598
vn 0.9386 -0.2269 -0.2599
vn -0.4859 -0.6759 0.5542
vn 0.0241 -0.7836 0.6208
vn 0.7836 -0.0241 0.6208
vn 0.2274 -0.9385 -0.2598
vn 0.9386 -0.2269 -0.2599
vn -0.4859 -0.6759 0.5542
vn 0.0241 -0.7836 0.6208
vn 0.7836 -0.0241 0.6208
vn 0.2274 -0.9385 -0.2598
vn 0.9386 -0.2269 -0.2599
vn -0.4859 -0.6759 0.5542
vn 0.0241 -0.7836 0.6208
vn 0.7836 -0.0241 0.6208
vn 0.2274 -0.9385 -0.2598
vn 0.9386 -0.2269 -0.2599
vn -0.4859 -0.6759 0.5542
vn 0.0241 -0.7836 0.6208
vn 0.7836 -0.0241 0.6208
vn 0.0 -0.7071 0.7071
vn 0.0 -0.5258 0.8506
vn -0.0 -0.0 1.0
vn 0.0 -0.426 0.9047
vn 0.2274 -0.9385 -0.2598
vn 0.9386 -0.2269 -0.2599
vn -0.4859 -0.6759 0.5542
vn 0.0241 -0.7836 0.6208
vn 0.7836 -0.0241 0.6208
vn 0.2274 -0.9385 -0.2598
vn 0.9386 -0.2269 -0.2599
vn -0.4859 -0.6759 0.5542
vn 0.0241 -0.7836 0.6208
vn 0.7836 -0.0241 0.6208
vn 0.2274 -0.9385 -0.2598
vn 0.9386 -0.2269 -0.2599
vn -0.4859 -0.6759 0.5542
vn 0.0241 -0.7836 0.6208
vn 0.7836 -0.0241 0.6208
vn 0.2274 -0.9385 -0.2598
vn 0.9386 -0.2269 -0.2599
vn -0.4859 -0.6759 0.5542
vn 0.0241 -0.7836 0.6208
vn 0.7836 -0.0241 0.6208
vn 0.2274 -0.9385 -0.2598
vn 0.9386 -0.2269 -0.2599
vn -0.4859 -0.6759 0.5542
vn 0.0241 -0.7836 0.6208
vn 0.7836 -0.0241 0.6208
vn 0.2274 -0.9385 -0.2598
vn 0.9386 -0.2269 -0.2599
vn -0.4859 -0.6759 0.5542
vn 0.0241 -0.7836 0.6208
vn 0.7836 -0.0241 0.6208
vn 0.2274 -0.9385 -0.2598
vn 0.9386 -0.2269 -0.2599
vn -0.4859 -0.6759 0.5542
vn 0.0241 -0.7836 0.6208
vn 0.7836 -0.0241 0.6208
vn 0.2274 -0.9385 -0.2598
vn 0.9386 -0.2269 -0.2599
vn -0.4859 -0.6759 0.5542
vn 0.0241 -0.7836 0.6208
vn 0.7836 -0.0241 0.6208
vn 0.2274 -0.9385 -0.2598
vn 0.9386 -0.2269 -0.2599
vn -0.4859 -0.6759 0.5542
vn 0.0241 -0.7836 0.6208
vn 0.7836 -0.0241 0.6208
vn 0.2274 -0.9385 -0.2598
vn 0.9386 -0.2269 -0.2599
vn -0.4859 -0.6759 0.5542
vn 0.0241 -0.7836 0.6208
vn 0.7836 -0.0241 0.6208
vn 0.2274 -0.9385 -0.2598
vn 0.9386 -0.2269 -0.2599
vn -0.4859 -0.6759 0.5542
vn 0.0241 -0.7836 0.6208
vn 0.7836 -0.0241 0.6208
vn 0.2274 -0.9385 -0.2598
vn 0.9386 -0.2269 -0.2599
vn -0.4859 -0.6759 0.5542
vn 0.0241 -0.7836 0.6208
vn 0.7836 -0.0241 0.6208
vn 0.2274 -0.9385 -0.2598
vn 0.9386 -0.2269 -0.2599
vn -0.4859 -0.6759 0.5542
vn 0.0241 -0.7836 0.6208
vn 0.7836 -0.0241 0.6208
vn 0.2274 -0.9385 -0.2598
vn 0.9386 -0.2269 -0.2599
vn -0.4859 -0.6759 0.5542
vn 0.0241 -0.7836 0.6208
vn 0.7836 -0.0241 0.6208
vn 0.2274 -0.9385 -0.2598
vn 0.9386 -0.2269 -0.2599
vn -0.4859 -0.6759 0.5542
vn 0.0241 -0.7836 0.6208
vn 0.7836 -0.0241 0.6208
vn -0.0 -0.0 1.0
vn 0.2274 -0.9385 -0.2598
vn 0.9386 -0.2269 -0.2599
vn -0.4859 -0.6759 0.5542
vn 0.0241 -0.7836 0.6208
vn 0.7836 -0.0241 0.6208
vn 0.2274 -0.9385 -0.2598
vn 0.9386 -0.2269 -0.2599
vn -0.4859 -0.6759 0.5542
vn 0.0241 -0.7836 0.6208
vn 0.7836 -0.0241 0.6208
vn 0.2274 -0.9385 -0.2598
vn 0.9386 -0.2269 -0.2599
vn -0.4859 -0.6759 0.5542
vn 0.0241 -0.7836 0.6208
vn 0.7836 -0.0241 0.6208
vn 0.2274 -0.9385 -0.2598
vn 0.9386 -0.2269 -0.2599
vn -0.4859 -0.6759 0.5542
vn 0.0241 -0.7836 0.6208
vn 0.7836 -0.0241 0.6208
vn 0.2274 -0.9385 -0.2598
vn 0.9386 -0.2269 -0.2599
vn -0.4859 -0.6759 0.5542
vn 0.0241 -0.7836 0.6208
vn 0.7836 -0.0241 0.6208
vn 0.2274 -0.9385 -0.2598
vn 0.9386 -0.2269 -0.2599
vn -0.4859 -0.6759 0.5542
vn 0.0241 -0.7836 0.6208
vn 0.7836 -0.0241 0.6208
vn 0.2274 -0.9385 -0.2598
vn 0.9386 -0.2269 -0.2599
vn -0.4859 -0.6759 0.5542
vn 0.0241 -0.7836 0.6208
vn 0.7836 -0.0241 0.6208
vn 0.2274 -0.9385 -0.2598
vn 0.9386 -0.2269 -0.2599
vn -0.4859 -0.6759 0.5542
vn 0.0241 -0.7836 0.6208
vn 0.7836 -0.0241 0.6208
vn 0.2274 -0.9385 -0.2598
vn 0.9386 -0.2269 -0.2599
vn -0.4859 -0.6759 0.5542
vn 0.0241 -0.7836 0.6208
vn 0.7836 -0.0241 0.6208
vn 0.2274 -0.9385 -0.2598
vn 0.9386 -0.2269 -0.2599
vn -0.4859 -0.6759 0.5542
vn 0.0241 -0.7836 0.6208
vn 0.7836 -0.0241 0.6208
vn 0.2274 -0.9385 -0.2598
vn 0.9386 -0.2269 -0.2599
vn -0.4859 -0.6759 0.5542
vn 0.0241 -0.7836 0.6208
vn 0.7836 -0.0241 0.6208
vn 0.2274 -0.9385 -0.2598
vn 0.9386 -0.2269 -0.2599
vn -0.4859 -0.6759 0.5542
vn 0.0241 -0.7836 0.6208
vn 0.7836 -0.0241 0.6208
vn 0.2274 -0.9385 -0.2598
vn 0.9386 -0.2269 -0.2599
vn -0.4859 -0.6759 0.5542
vn 0.0241 -0.7836 0.6208
vn 0.7836 -0.0241 0.6208
vn 0.2274 -0.9385 -0.2598
vn 0.9386 -0.2269 -0.2599
vn -0.4859 -0.6759 0.5542
vn 0.0241 -0.7836 0.6208
vn 0.7836 -0.0241 0.6208
vn -0.6948 -0.0644 0.7163
vn -0.6012 -0.2303 0.7652
vn -0.5961 -0.3322 0.7309
vn -0.3477 -0.5703 0.7442
vn -0.25 -0.5665 0.7852
vn -0.0567 -0.6961 0.7157
vn -0.0 -0.0098 1.0
vn -0.3525 -0.1302 0.9267
vn -0.1585 -0.3283 0.9312
vn -0.3474 -0.5641 0.7491
vn -0.5999 -0.2295 0.7665
vn 0.0019 -0.4322 0.9018
vn -0.0558 -0.6984 0.7136
vn -0.4281 -0.0014 0.9037
vn -0.6978 -0.0672 0.7132
vn -0.0026 -0.0154 0.9999
vn 0.02 0.0132 0.9997
vn -0.0048 -0.0142 0.9999
vn -0.0062 -0.0294 0.9995
vn 1.0E-4 -0.0116 0.9999
vn -0.0079 -0.0104 0.9999
vn 0.0082 -0.0097 0.9999
vn -0.0217 -0.0096 0.9997
vn 0.0067 -0.0032 1.0
vn -0.0036 -0.0133 0.9999
vn -0.0034 -0.0209 0.9998
vn 0.0109 0.0255 0.9996
vn -0.0 -0.5258 0.8506
vn -0.3985 -0.5864 0.7052
vn -0.1727 -0.1727 0.9697
vn -0.4632 -0.4632 0.7555
vn -0.5864 -0.3985 0.7052
vn -0.39 -0.39 0.8341
vn -0.0044 -0.0044 1.0
vn -0.0 -0.0089 1.0
vn -0.5258 0.0 0.8506
vn -0.0089 0.0 1.0
vn -0.6335 -0.6335 0.4443
vn 0.2274 -0.9385 -0.2598
vn 0.9386 -0.2269 -0.2599
vn -0.4859 -0.6759 0.5542
vn 0.0241 -0.7836 0.6208
vn 0.7836 -0.0241 0.6208
vn 0.2274 -0.9385 -0.2598
vn 0.9386 -0.2269 -0.2599
vn -0.4859 -0.6759 0.5542
vn 0.0241 -0.7836 0.6208
vn 0.7836 -0.0241 0.6208
vn 0.2274 -0.9385 -0.2598
vn 0.9386 -0.2269 -0.2599
vn -0.4859 -0.6759 0.5542
vn 0.0241 -0.7836 0.6208
vn 0.7836 -0.0241 0.6208
vn 0.2274 -0.9385 -0.2598
vn 0.9386 -0.2269 -0.2599
vn -0.4859 -0.6759 0.5542
vn 0.0241 -0.7836 0.6208
vn 0.7836 -0.0241 0.6208
vn 0.2274 -0.9385 -0.2598
vn 0.9386 -0.2269 -0.2599
vn -0.4859 -0.6759 0.5542
vn 0.0241 -0.7836 0.6208
vn 0.7836 -0.0241 0.6208
vn 0.2274 -0.9385 -0.2598
vn 0.9386 -0.2269 -0.2599
vn -0.4859 -0.6759 0.5542
vn 0.0241 -0.7836 0.6208
vn 0.7836 -0.0241 0.6208
vn 0.2274 -0.9385 -0.2598
vn 0.9386 -0.2269 -0.2599
vn -0.4859 -0.6759 0.5542
vn 0.0241 -0.7836 0.6208
vn 0.7836 -0.0241 0.6208
vn 0.2274 -0.9385 -0.2598
vn 0.9386 -0.2269 -0.2599
vn -0.4859 -0.6759 0.5542
vn 0.0241 -0.7836 0.6208
vn 0.7836 -0.0241 0.6208
vn 0.2274 -0.9385 -0.2598
vn 0.9386 -0.2269 -0.2599
vn -0.4859 -0.6759 0.5542
vn 0.0241 -0.7836 0.6208
vn 0.7836 -0.0241 0.6208
vn 0.2274 -0.9385 -0.2598
vn 0.9386 -0.2269 -0.2599
vn -0.4859 -0.6759 0.5542
vn 0.0241 -0.7836 0.6208
vn 0.7836 -0.0241 0.6208
vn 0.2274 -0.9385 -0.2598
vn 0.9386 -0.2269 -0.2599
vn -0.4859 -0.6759 0.5542
vn 0.0241 -0.7836 0.6208
vn 0.7836 -0.0241 0.6208
vn 0.2274 -0.9385 -0.2598
vn 0.9386 -0.2269 -0.2599
vn -0.4859 -0.6759 0.5542
vn 0.0241 -0.7836 0.6208
vn 0.7836 -0.0241 0.6208
vn 0.2274 -0.9385 -0.2598
vn 0.9386 -0.2269 -0.2599
vn -0.4859 -0.6759 0.5542
vn 0.0241 -0.7836 0.6208
vn 0.7836 -0.0241 0.6208
vn 0.2274 -0.9385 -0.2598
vn 0.9386 -0.2269 -0.2599
vn -0.4859 -0.6759 0.5542
vn 0.0241 -0.7836 0.6208
vn 0.7836 -0.0241 0.6208
vn -0.0 -0.5258 0.8506
vn -0.0 0.0098 1.0
vn -0.0186 -0.0089 0.9998
vn -0.0 -0.6953 0.7187
vn 0.3254 -0.4005 0.8566
vn 0.0 -0.426 0.9047
vn 4.0E-4 -0.0 1.0
vn 2.0E-4 -0.0 1.0
vn -0.0 -0.0058 1.0
vn -0.0808 -0.1651 0.983
vn -0.0178 -0.2269 0.9738
vn -0.0558 -0.6983 0.7136
vn -0.3474 -0.5641 0.7491
vn -0.1819 -0.0679 0.981
vn -0.1788 -0.0657 0.9817
vn -0.5999 -0.2295 0.7665
vn -0.6978 -0.0672 0.7132
vn -0.6948 -0.0644 0.7163
vn -0.6012 -0.2303 0.7652
vn -0.6426 -0.3262 0.6933
vn -0.3477 -0.5703 0.7442
vn -0.25 -0.5665 0.7852
vn -0.0567 -0.6961 0.7157
vn 0.0 0.0 1.0
vn -0.6425 -0.3262 0.6933
vn -0.3865 -0.3865 0.8374
vn -0.526 0.0 0.8505
vn -0.0 0.0 1.0
vn 0.0 -0.526 0.8505
vn 0.0 -0.5259 0.8505
vn -0.3262 -0.6425 0.6934
vn -0.4629 -0.4629 0.7559
vn -0.6426 -0.3262 0.6933
vn -0.6426 -0.3262 0.6934
vn -0.3262 -0.6426 0.6934
vn -0.5259 0.0 0.8505
vn -0.0808 -0.1651 0.983
vn -0.0178 -0.2269 0.9738
vn -0.0558 -0.6983 0.7136
vn -0.3474 -0.5641 0.7491
vn -0.1819 -0.0679 0.981
vn -0.1788 -0.0657 0.9817
vn -0.5999 -0.2295 0.7665
vn -0.6978 -0.0672 0.7132
vn -0.6948 -0.0644 0.7163
vn -0.6012 -0.2303 0.7652
vn -0.6426 -0.3262 0.6933
vn -0.3477 -0.5703 0.7442
vn -0.25 -0.5665 0.7852
vn -0.0567 -0.6961 0.7157
vn 0.0 0.0 1.0
vn -0.6425 -0.3262 0.6933
vn -0.0 -0.0 1.0
vn 0.2274 -0.9385 -0.2598
vn 0.9386 -0.2269 -0.2599
vn -0.4859 -0.6759 0.5542
vn 0.0241 -0.7836 0.6208
vn 0.7836 -0.0241 0.6208
vn 0.2274 -0.9385 -0.2598
vn 0.9386 -0.2269 -0.2599
vn -0.4859 -0.6759 0.5542
vn 0.0241 -0.7836 0.6208
vn 0.7836 -0.0241 0.6208
vn 0.2274 -0.9385 -0.2598
vn 0.9386 -0.2269 -0.2599
vn -0.4859 -0.6759 0.5542
vn 0.0241 -0.7836 0.6208
vn 0.7836 -0.0241 0.6208
vn 0.2274 -0.9385 -0.2598
vn 0.9386 -0.2269 -0.2599
vn -0.4859 -0.6759 0.5542
vn 0.0241 -0.7836 0.6208
vn 0.7836 -0.0241 0.6208
vn 0.2274 -0.9385 -0.2598
vn 0.9386 -0.2269 -0.2599
vn -0.4859 -0.6759 0.5542
vn 0.0241 -0.7836 0.6208
vn 0.7836 -0.0241 0.6208
vn 0.2274 -0.9385 -0.2598
vn 0.9386 -0.2269 -0.2599
vn -0.4859 -0.6759 0.5542
vn 0.0241 -0.7836 0.6208
vn 0.7836 -0.0241 0.6208
vn 0.2274 -0.9385 -0.2598
vn 0.9386 -0.2269 -0.2599
vn -0.4859 -0.6759 0.5542
vn 0.0241 -0.7836 0.6208
vn 0.7836 -0.0241 0.6208
vn 0.2274 -0.9385 -0.2598
vn 0.9386 -0.2269 -0.2599
vn -0.4859 -0.6759 0.5542
vn 0.0241 -0.7836 0.6208
vn 0.7836 -0.0241 0.6208
vn 0.2274 -0.9385 -0.2598
vn 0.9386 -0.2269 -0.2599
vn -0.4859 -0.6759 0.5542
vn 0.0241 -0.7836 0.6208
vn 0.7836 -0.0241 0.6208
vn 0.2274 -0.9385 -0.2598
vn 0.9386 -0.2269 -0.2599
vn -0.4859 -0.6759 0.5542
vn 0.0241 -0.7836 0.6208
vn 0.7836 -0.0241 0.6208
vn 0.2274 -0.9385 -0.2598
vn 0.9386 -0.2269 -0.2599
vn -0.4859 -0.6759 0.5542
vn 0.0241 -0.7836 0.6208
vn 0.7836 -0.0241 0.6208
vn 0.2274 -0.9385 -0.2598
vn 0.9386 -0.2269 -0.2599
vn -0.4859 -0.6759 0.5542
vn 0.0241 -0.7836 0.6208
vn 0.7836 -0.0241 0.6208
vn 0.2274 -0.9385 -0.2598
vn 0.9386 -0.2269 -0.2599
vn -0.4859 -0.6759 0.5542
vn 0.0241 -0.7836 0.6208
vn 0.7836 -0.0241 0.6208
vn 0.2274 -0.9385 -0.2598
vn 0.9386 -0.2269 -0.2599
vn -0.4859 -0.6759 0.5542
vn 0.0241 -0.7836 0.6208
vn 0.7836 -0.0241 0.6208
vn 0.0 -0.7071 0.7071
vn 0.0 -0.5258 0.8506
vn -0.0 -0.0 1.0
vn 0.0 -0.426 0.9047
vn -0.0 -0.0 1.0
vn -0.0808 -0.1651 0.983
vn -0.0178 -0.2269 0.9738
vn -0.0558 -0.6983 0.7136
vn -0.3474 -0.5641 0.7491
vn -0.1819 -0.0679 0.981
vn -0.1788 -0.0657 0.9817
vn -0.5999 -0.2295 0.7665
vn -0.6978 -0.0672 0.7132
vn -0.6948 -0.0644 0.7163
vn -0.6012 -0.2303 0.7652
vn -0.6426 -0.3262 0.6933
vn -0.3477 -0.5703 0.7442
vn -0.25 -0.5665 0.7852
vn -0.0567 -0.6961 0.7157
vn 0.0 0.0 1.0
vn -0.6425 -0.3262 0.6933
vn 0.0 -0.7071 0.7071
vn 0.0 -0.5258 0.8506
vn -0.0 -0.0 1.0
vn 0.0 -0.426 0.9047
vn -0.0 -0.0 1.0
vn -0.0 -0.0 1.0
vn 0.2274 -0.9385 -0.2598
vn 0.9386 -0.2269 -0.2599
vn -0.4859 -0.6759 0.5542
vn 0.0241 -0.7836 0.6208
vn 0.7836 -0.0241 0.6208
vn 0.2274 -0.9385 -0.2598
vn 0.9386 -0.2269 -0.2599
vn -0.4859 -0.6759 0.5542
vn 0.0241 -0.7836 0.6208
vn 0.7836 -0.0241 0.6208
vn 0.2274 -0.9385 -0.2598
vn 0.9386 -0.2269 -0.2599
vn -0.4859 -0.6759 0.5542
vn 0.0241 -0.7836 0.6208
vn 0.7836 -0.0241 0.6208
vn 0.2274 -0.9385 -0.2598
vn 0.9386 -0.2269 -0.2599
vn -0.4859 -0.6759 0.5542
vn 0.0241 -0.7836 0.6208
vn 0.7836 -0.0241 0.6208
vn 0.2274 -0.9385 -0.2598
vn 0.9386 -0.2269 -0.2599
vn -0.4859 -0.6759 0.5542
vn 0.0241 -0.7836 0.6208
vn 0.7836 -0.0241 0.6208
vn 0.2274 -0.9385 -0.2598
vn 0.9386 -0.2269 -0.2599
vn -0.4859 -0.6759 0.5542
vn 0.0241 -0.7836 0.6208
vn 0.7836 -0.0241 0.6208
vn 0.2274 -0.9385 -0.2598
vn 0.9386 -0.2269 -0.2599
vn -0.4859 -0.6759 0.5542
vn 0.0241 -0.7836 0.6208
vn 0.7836 -0.0241 0.6208
vn 0.2274 -0.9385 -0.2598
vn 0.9386 -0.2269 -0.2599
vn -0.4859 -0.6759 0.5542
vn 0.0241 -0.7836 0.6208
vn 0.7836 -0.0241 0.6208
vn 0.2274 -0.9385 -0.2598
vn 0.9386 -0.2269 -0.2599
vn -0.4859 -0.6759 0.5542
vn 0.0241 -0.7836 0.6208
vn 0.7836 -0.0241 0.6208
vn 0.2274 -0.9385 -0.2598
vn 0.9386 -0.2269 -0.2599
vn -0.4859 -0.6759 0.5542
vn 0.0241 -0.7836 0.6208
vn 0.7836 -0.0241 0.6208
vn 0.2274 -0.9385 -0.2598
vn 0.9386 -0.2269 -0.2599
vn -0.4859 -0.6759 0.5542
vn 0.0241 -0.7836 0.6208
vn 0.7836 -0.0241 0.6208
vn 0.2274 -0.9385 -0.2598
vn 0.9386 -0.2269 -0.2599
vn -0.4859 -0.6759 0.5542
vn 0.0241 -0.7836 0.6208
vn 0.7836 -0.0241 0.6208
vn 0.2274 -0.9385 -0.2598
vn 0.9386 -0.2269 -0.2599
vn -0.4859 -0.6759 0.5542
vn 0.0241 -0.7836 0.6208
vn 0.7836 -0.0241 0.6208
vn 0.2274 -0.9385 -0.2598
vn 0.9386 -0.2269 -0.2599
vn -0.4859 -0.6759 0.5542
vn 0.0241 -0.7836 0.6208
vn 0.7836 -0.0241 0.6208
vn 0.0 -0.7071 0.7071
vn 0.0 -0.5258 0.8506
vn -0.0 -0.0 1.0
vn 0.0 -0.426 0.9047
vn -0.0 -0.0 1.0
vn -0.0 -0.0 1.0
vn -0.0 -0.0 1.0
vn 0.2274 -0.9385 -0.2598
vn 0.9386 -0.2269 -0.2599
vn -0.4859 -0.6759 0.5542
vn 0.0241 -0.7836 0.6208
vn 0.7836 -0.0241 0.6208
vn 0.2274 -0.9385 -0.2598
vn 0.9386 -0.2269 -0.2599
vn -0.4859 -0.6759 0.5542
vn 0.0241 -0.7836 0.6208
vn 0.7836 -0.0241 0.6208
vn 0.2274 -0.9385 -0.2598
vn 0.9386 -0.2269 -0.2599
vn -0.4859 -0.6759 0.5542
vn 0.0241 -0.7836 0.6208
vn 0.7836 -0.0241 0.6208
vn 0.2274 -0.9385 -0.2598
vn 0.9386 -0.2269 -0.2599
vn -0.4859 -0.6759 0.5542
vn 0.0241 -0.7836 0.6208
vn 0.7836 -0.0241 0.6208
vn 0.2274 -0.9385 -0.2598
vn 0.9386 -0.2269 -0.2599
vn -0.4859 -0.6759 0.5542
vn 0.0241 -0.7836 0.6208
vn 0.7836 -0.0241 0.6208
vn 0.2274 -0.9385 -0.2598
vn 0.9386 -0.2269 -0.2599
vn -0.4859 -0.6759 0.5542
vn 0.0241 -0.7836 0.6208
vn 0.7836 -0.0241 0.6208
vn 0.2274 -0.9385 -0.2598
vn 0.9386 -0.2269 -0.2599
vn -0.4859 -0.6759 0.5542
vn 0.0241 -0.7836 0.6208
vn 0.7836 -0.0241 0.6208
vn 0.2274 -0.9385 -0.2598
vn 0.9386 -0.2269 -0.2599
vn -0.4859 -0.6759 0.5542
vn 0.0241 -0.7836 0.6208
vn 0.7836 -0.0241 0.6208
vn 0.2274 -0.9385 -0.2598
vn 0.9386 -0.2269 -0.2599
vn -0.4859 -0.6759 0.5542
vn 0.0241 -0.7836 0.6208
vn 0.7836 -0.0241 0.6208
vn 0.2274 -0.9385 -0.2598
vn 0.9386 -0.2269 -0.2599
vn -0.4859 -0.6759 0.5542
vn 0.0241 -0.7836 0.6208
vn 0.7836 -0.0241 0.6208
vn 0.2274 -0.9385 -0.2598
vn 0.9386 -0.2269 -0.2599
vn -0.4859 -0.6759 0.5542
vn 0.0241 -0.7836 0.6208
vn 0.7836 -0.0241 0.6208
vn 0.2274 -0.9385 -0.2598
vn 0.9386 -0.2269 -0.2599
vn -0.4859 -0.6759 0.5542
vn 0.0241 -0.7836 0.6208
vn 0.7836 -0.0241 0.6208
vn 0.2274 -0.9385 -0.2598
vn 0.9386 -0.2269 -0.2599
vn -0.4859 -0.6759 0.5542
vn 0.0241 -0.7836 0.6208
vn 0.7836 -0.0241 0.6208
vn 0.2274 -0.9385 -0.2598
vn 0.9386 -0.2269 -0.2599
vn -0.4859 -0.6759 0.5542
vn 0.0241 -0.7836 0.6208
vn 0.7836 -0.0241 0.6208
vn -0.0 -0.0 1.0
vn -0.0 -0.0 1.0
vn 0.2274 -0.9385 -0.2598
vn 0.9386 -0.2269 -0.2599
vn -0.4859 -0.6759 0.5542
vn 0.0241 -0.7836 0.6208
vn 0.7836 -0.0241 0.6208
vn 0.2274 -0.9385 -0.2598
vn 0.9386 -0.2269 -0.2599
vn -0.4859 -0.6759 0.5542
vn 0.0241 -0.7836 0.6208
vn 0.7836 -0.0241 0.6208
vn 0.2274 -0.9385 -0.2598
vn 0.9386 -0.2269 -0.2599
vn -0.4859 -0.6759 0.5542
vn 0.0241 -0.7836 0.6208
vn 0.7836 -0.0241 0.6208
vn 0.2274 -0.9385 -0.2598
vn 0.9386 -0.2269 -0.2599
vn -0.4859 -0.6759 0.5542
vn 0.0241 -0.7836 0.6208
vn 0.7836 -0.0241 0.6208
vn 0.2274 -0.9385 -0.2598
vn 0.9386 -0.2269 -0.2599
vn -0.4859 -0.6759 0.5542
vn 0.0241 -0.7836 0.6208
vn 0.7836 -0.0241 0.6208
vn 0.2274 -0.9385 -0.2598
vn 0.9386 -0.2269 -0.2599
vn -0.4859 -0.6759 0.5542
vn 0.0241 -0.7836 0.6208
vn 0.7836 -0.0241 0.6208
vn 0.2274 -0.9385 -0.2598
vn 0.9386 -0.2269 -0.2599
vn -0.4859 -0.6759 0.5542
vn 0.0241 -0.7836 0.6208
vn 0.7836 -0.0241 0.6208
vn 0.2274 -0.9385 -0.2598
vn 0.9386 -0.2269 -0.2599
vn -0.4859 -0.6759 0.5542
vn 0.0241 -0.7836 0.6208
vn 0.7836 -0.0241 0.6208
vn 0.2274 -0.9385 -0.2598
vn 0.9386 -0.2269 -0.2599
vn -0.4859 -0.6759 0.5542
vn 0.0241 -0.7836 0.6208
vn 0.7836 -0.0241 0.6208
vn 0.2274 -0.9385 -0.2598
vn 0.9386 -0.2269 -0.2599
vn -0.4859 -0.6759 0.5542
vn 0.0241 -0.7836 0.6208
vn 0.7836 -0.0241 0.6208
vn 0.2274 -0.9385 -0.2598
vn 0.9386 -0.2269 -0.2599
vn -0.4859 -0.6759 0.5542
vn 0.0241 -0.7836 0.6208
vn 0.7836 -0.0241 0.6208
vn 0.2274 -0.9385 -0.2598
vn 0.9386 -0.2269 -0.2599
vn -0.4859 -0.6759 0.5542
vn 0.0241 -0.7836 0.6208
vn 0.7836 -0.0241 0.6208
vn 0.2274 -0.9385 -0.2598
vn 0.9386 -0.2269 -0.2599
vn -0.4859 -0.6759 0.5542
vn 0.0241 -0.7836 0.6208
vn 0.7836 -0.0241 0.6208
vn -0.6948 -0.0644 0.7163
vn -0.6012 -0.2303 0.7652
vn -0.5961 -0.3322 0.7309
vn -0.3477 -0.5703 0.7442
vn -0.25 -0.5665 0.7852
vn -0.0567 -0.6961 0.7157
vn -0.0 -0.0098 1.0
vn -0.3525 -0.1302 0.9267
vn -0.1585 -0.3283 0.9312
vn -0.3474 -0.5641 0.7491
vn -0.5999 -0.2295 0.7665
vn 0.0019 -0.4322 0.9018
vn -0.0558 -0.6984 0.7136
vn -0.4281 -0.0014 0.9037
vn -0.6978 -0.0672 0.7132
vn -0.0026 -0.0154 0.9999
vn 0.02 0.0132 0.9997
vn -0.0048 -0.0142 0.9999
vn -0.0062 -0.0294 0.9995
vn 1.0E-4 -0.0116 0.9999
vn -0.0079 -0.0104 0.9999
vn 0.0082 -0.0097 0.9999
vn -0.0217 -0.0096 0.9997
vn 0.0067 -0.0032 1.0
vn -0.0036 -0.0133 0.9999
vn -0.0034 -0.0209 0.9998
vn 0.0109 0.0255 0.9996
vn -0.0 -0.5258 0.8506
vn -0.3985 -0.5864 0.7052
vn -0.1727 -0.1727 0.9697
vn -0.4632 -0.4632 0.7555
vn -0.5864 -0.3985 0.7052
vn -0.39 -0.39 0.8341
vn -0.0044 -0.0044 1.0
vn -0.0 -0.0089 1.0
vn -0.5258 0.0 0.8506
vn -0.0089 0.0 1.0
vn -0.6335 -0.6335 0.4443
vn -0.0 -0.0 1.0
vn -0.0 -0.0 1.0
vn -0.0 -0.0 1.0
vn 0.0 -0.7071 0.7071
vn 0.0 -0.5258 0.8506
vn -0.0 -0.0 1.0
vn 0.0 -0.426 0.9047
vn -0.0 -0.0 1.0
vn -0.0 -0.0 1.0
vn -0.0 -0.0 1.0
vn 0.2274 -0.9385 -0.2598
vn 0.9386 -0.2269 -0.2599
vn -0.4859 -0.6759 0.5542
vn 0.0241 -0.7836 0.6208
vn 0.7836 -0.0241 0.6208
vn 0.2274 -0.9385 -0.2598
vn 0.9386 -0.2269 -0.2599
vn -0.4859 -0.6759 0.5542
vn 0.0241 -0.7836 0.6208
vn 0.7836 -0.0241 0.6208
vn 0.2274 -0.9385 -0.2598
vn 0.9386 -0.2269 -0.2599
vn -0.4859 -0.6759 0.5542
vn 0.0241 -0.7836 0.6208
vn 0.7836 -0.0241 0.6208
vn 0.2274 -0.9385 -0.2598
vn 0.9386 -0.2269 -0.2599
vn -0.4859 -0.6759 0.5542
vn 0.0241 -0.7836 0.6208
vn 0.7836 -0.0241 0.6208
vn 0.2274 -0.9385 -0.2598
vn 0.9386 -0.2269 -0.2599
vn -0.4859 -0.6759 0.5542
vn 0.0241 -0.7836 0.6208
vn 0.7836 -0.0241 0.6208
vn 0.2274 -0.9385 -0.2598
vn 0.9386 -0.2269 -0.2599
vn -0.4859 -0.6759 0.5542
vn 0.0241 -0.7836 0.6208
vn 0.7836 -0.0241 0.6208
vn 0.2274 -0.9385 -0.2598
vn 0.9386 -0.2269 -0.2599
vn -0.4859 -0.6759 0.5542
vn 0.0241 -0.7836 0.6208
vn 0.7836 -0.0241 0.6208
vn 0.2274 -0.9385 -0.2598
vn 0.9386 -0.2269 -0.2599
vn -0.4859 -0.6759 0.5542
vn 0.0241 -0.7836 0.6208
vn 0.7836 -0.0241 0.6208
vn 0.2274 -0.9385 -0.2598
vn 0.9386 -0.2269 -0.2599
vn -0.4859 -0.6759 0.5542
vn 0.0241 -0.7836 0.6208
vn 0.7836 -0.0241 0.6208
vn 0.2274 -0.9385 -0.2598
vn 0.9386 -0.2269 -0.2599
vn -0.4859 -0.6759 0.5542
vn 0.0241 -0.7836 0.6208
vn 0.7836 -0.0241 0.6208
vn 0.2274 -0.9385 -0.2598
vn 0.9386 -0.2269 -0.2599
vn -0.4859 -0.6759 0.5542
vn 0.0241 -0.7836 0.6208
vn 0.7836 -0.0241 0.6208
vn 0.2274 -0.9385 -0.2598
vn 0.9386 -0.2269 -0.2599
vn -0.4859 -0.6759 0.5542
vn 0.0241 -0.7836 0.6208
vn 0.7836 -0.0241 0.6208
vn 0.2274 -0.9385 -0.2598
vn 0.9386 -0.2269 -0.2599
vn -0.4859 -0.6759 0.5542
vn 0.0241 -0.7836 0.6208
vn 0.7836 -0.0241 0.6208
vn -0.0 -0.5258 0.8506
vn -0.0 0.0098 1.0
vn -0.0186 -0.0089 0.9998
vn -0.0 -0.6953 0.7187
vn 0.3254 -0.4005 0.8566
vn 0.0 -0.426 0.9047
vn 4.0E-4 -0.0 1.0
vn 2.0E-4 -0.0 1.0
vn -0.0 -0.0058 1.0
vn -0.0808 -0.1651 0.983
vn -0.0178 -0.2269 0.9738
vn -0.0558 -0.6983 0.7136
vn -0.3474 -0.5641 0.7491
vn -0.1819 -0.0679 0.981
vn -0.1788 -0.0657 0.9817
vn -0.5999 -0.2295 0.7665
vn -0.6978 -0.0672 0.7132
vn -0.6948 -0.0644 0.7163
vn -0.6012 -0.2303 0.7652
vn -0.6426 -0.3262 0.6933
vn -0.3477 -0.5703 0.7442
vn -0.25 -0.5665 0.7852
vn -0.0567 -0.6961 0.7157
vn 0.0 0.0 1.0
vn -0.6425 -0.3262 0.6933
vn -0.3865 -0.3865 0.8374
vn -0.526 0.0 0.8505
vn -0.0 0.0 1.0
vn 0.0 -0.526 0.8505
vn 0.0 -0.5259 0.8505
vn -0.3262 -0.6425 0.6934
vn -0.4629 -0.4629 0.7559
vn -0.6426 -0.3262 0.6933
vn -0.6426 -0.3262 0.6934
vn -0.3262 -0.6426 0.6934
vn -0.5259 0.0 0.8505
vn 0.0 -0.7071 0.7071
vn 0.0 -0.5258 0.8506
vn -0.0 -0.0 1.0
vn 0.0 -0.426 0.9047
vn -0.0 -0.0 1.0
vn -0.0 -0.0 1.0
vn 0.2274 -0.9385 -0.2598
vn 0.9386 -0.2269 -0.2599
vn -0.4859 -0.6759 0.5542
vn 0.0241 -0.7836 0.6208
vn 0.7836 -0.0241 0.6208
vn 0.2274 -0.9385 -0.2598
vn 0.9386 -0.2269 -0.2599
vn -0.4859 -0.6759 0.5542
vn 0.0241 -0.7836 0.6208
vn 0.7836 -0.0241 0.6208
vn 0.2274 -0.9385 -0.2598
vn 0.9386 -0.2269 -0.2599
vn -0.4859 -0.6759 0.5542
vn 0.0241 -0.7836 0.6208
vn 0.7836 -0.0241 0.6208
vn 0.2274 -0.9385 -0.2598
vn 0.9386 -0.2269 -0.2599
vn -0.4859 -0.6759 0.5542
vn 0.0241 -0.7836 0.6208
vn 0.7836 -0.0241 0.6208
vn 0.2274 -0.9385 -0.2598
vn 0.9386 -0.2269 -0.2599
vn -0.4859 -0.6759 0.5542
vn 0.0241 -0.7836 0.6208
vn 0.7836 -0.0241 0.6208
vn 0.2274 -0.9385 -0.2598
vn 0.9386 -0.2269 -0.2599
vn -0.4859 -0.6759 0.5542
vn 0.0241 -0.7836 0.6208
vn 0.7836 -0.0241 0.6208
vn 0.2274 -0.9385 -0.2598
vn 0.9386 -0.2269 -0.2599
vn -0.4859 -0.6759 0.5542
vn 0.0241 -0.7836 0.6208
vn 0.7836 -0.0241 0.6208
vn 0.2274 -0.9385 -0.2598
vn 0.9386 -0.2269 -0.2599
vn -0.4859 -0.6759 0.5542
vn 0.0241 -0.7836 0.6208
vn 0.7836 -0.0241 0.6208
vn 0.2274 -0.9385 -0.2598
vn 0.9386 -0.2269 -0.2599
vn -0.4859 -0.6759 0.5542
vn 0.0241 -0.7836 0.6208
vn 0.7836 -0.0241 0.6208
vn 0.2274 -0.9385 -0.2598
vn 0.9386 -0.2269 -0.2599
vn -0.4859 -0.6759 0.5542
vn 0.0241 -0.7836 0.6208
vn 0.7836 -0.0241 0.6208
vn 0.2274 -0.9385 -0.2598
vn 0.9386 -0.2269 -0.2599
vn -0.4859 -0.6759 0.5542
vn 0.0241 -0.7836 0.6208
vn 0.7836 -0.0241 0.6208
vn 0.2274 -0.9385 -0.2598
vn 0.9386 -0.2269 -0.2599
vn -0.4859 -0.6759 0.5542
vn 0.0241 -0.7836 0.6208
vn 0.7836 -0.0241 0.6208
vn -0.6948 -0.0644 0.7163
vn -0.6012 -0.2303 0.7652
vn -0.5961 -0.3322 0.7309
vn -0.3477 -0.5703 0.7442
vn -0.25 -0.5665 0.7852
vn -0.0567 -0.6961 0.7157
vn -0.0 -0.0098 1.0
vn -0.3525 -0.1302 0.9267
vn -0.1585 -0.3283 0.9312
vn -0.3474 -0.5641 0.7491
vn -0.5999 -0.2295 0.7665
vn 0.0019 -0.4322 0.9018
vn -0.0558 -0.6984 0.7136
vn -0.4281 -0.0014 0.9037
vn -0.6978 -0.0672 0.7132
vn -0.0026 -0.0154 0.9999
vn 0.02 0.0132 0.9997
vn -0.0048 -0.0142 0.9999
vn -0.0062 -0.0294 0.9995
vn 1.0E-4 -0.0116 0.9999
vn -0.0079 -0.0104 0.9999
vn 0.0082 -0.0097 0.9999
vn -0.0217 -0.0096 0.9997
vn 0.0067 -0.0032 1.0
vn -0.0036 -0.0133 0.9999
vn -0.0034 -0.0209 0.9998
vn 0.0109 0.0255 0.9996
vn -0.0 -0.5258 0.8506
vn -0.3985 -0.5864 0.7052
vn -0.1727 -0.1727 0.9697
vn -0.4632 -0.4632 0.7555
vn -0.5864 -0.3985 0.7052
vn -0.39 -0.39 0.8341
vn -0.0044 -0.0044 1.0
vn -0.0 -0.0089 1.0
vn -0.5258 0.0 0.8506
vn -0.0089 0.0 1.0
vn -0.6335 -0.6335 0.4443
vn 0.0 -0.7071 0.7071
vn 0.0 -0.5258 0.8506
vn -0.0 -0.0 1.0
vn 0.0 -0.426 0.9047
vn -0.0 -0.0 1.0
vn -0.0 -0.0 1.0
vn -0.0 -0.0 1.0
vn -0.0 -0.0 1.0
vn 0.2274 -0.9385 -0.2598
vn 0.9386 -0.2269 -0.2599
vn -0.4859 -0.6759 0.5542
vn 0.0241 -0.7836 0.6208
vn 0.7836 -0.0241 0.6208
vn 0.2274 -0.9385 -0.2598
vn 0.9386 -0.2269 -0.2599
vn -0.4859 -0.6759 0.5542
vn 0.0241 -0.7836 0.6208
vn 0.7836 -0.0241 0.6208
vn 0.2274 -0.9385 -0.2598
vn 0.9386 -0.2269 -0.2599
vn -0.4859 -0.6759 0.5542
vn 0.0241 -0.7836 0.6208
vn 0.7836 -0.0241 0.6208
vn 0.2274 -0.9385 -0.2598
vn 0.9386 -0.2269 -0.2599
vn -0.4859 -0.6759 0.5542
vn 0.0241 -0.7836 0.6208
vn 0.7836 -0.0241 0.6208
vn 0.2274 -0.9385 -0.2598
vn 0.9386 -0.2269 -0.2599
vn -0.4859 -0.6759 0.5542
vn 0.0241 -0.7836 0.6208
vn 0.7836 -0.0241 0.6208
vn 0.2274 -0.9385 -0.2598
vn 0.9386 -0.2269 -0.2599
vn -0.4859 -0.6759 0.5542
vn 0.0241 -0.7836 0.6208
vn 0.7836 -0.0241 0.6208
vn 0.2274 -0.9385 -0.2598
vn 0.9386 -0.2269 -0.2599
vn -0.4859 -0.6759 0.5542
vn 0.0241 -0.7836 0.6208
vn 0.7836 -0.0241 0.6208
vn 0.2274 -0.9385 -0.2598
vn 0.9386 -0.2269 -0.2599
vn -0.4859 -0.6759 0.5542
vn 0.0241 -0.7836 0.6208
vn 0.7836 -0.0241 0.6208
vn 0.2274 -0.9385 -0.2598
vn 0.9386 -0.2269 -0.2599
vn -0.4859 -0.6759 0.5542
vn 0.0241 -0.7836 0.6208
vn 0.7836 -0.0241 0.6208
vn 0.2274 -0.9385 -0.2598
vn 0.9386 -0.2269 -0.2599
vn -0.4859 -0.6759 0.5542
vn 0.0241 -0.7836 0.6208
vn 0.7836 -0.0241 0.6208
vn 0.2274 -0.9385 -0.2598
vn 0.9386 -0.2269 -0.2599
vn -0.4859 -0.6759 0.5542
vn 0.0241 -0.7836 0.6208
vn 0.7836 -0.0241 0.6208
vn 0.2274 -0.9385 -0.2598
vn 0.9386 -0.2269 -0.2599
vn -0.4859 -0.6759 0.5542
vn 0.0241 -0.7836 0.6208
vn 0.7836 -0.0241 0.6208
vn -0.0 -0.5258 0.8506
vn -0.0 0.0098 1.0
vn -0.0186 -0.0089 0.9998
vn -0.0 -0.6953 0.7187
vn 0.3254 -0.4005 0.8566
vn 0.0 -0.426 0.9047
vn 4.0E-4 -0.0 1.0
vn 2.0E-4 -0.0 1.0
vn -0.0 -0.0058 1.0
vn -0.0808 -0.1651 0.983
vn -0.0178 -0.2269 0.9738
vn -0.0558 -0.6983 0.7136
vn -0.3474 -0.5641 0.7491
vn -0.1819 -0.0679 0.981
vn -0.1788 -0.0657 0.9817
vn -0.5999 -0.2295 0.7665
vn -0.6978 -0.0672 0.7132
vn -0.6948 -0.0644 0.7163
vn -0.6012 -0.2303 0.7652
vn -0.6426 -0.3262 0.6933
vn -0.3477 -0.5703 0.7442
vn -0.25 -0.5665 0.7852
vn -0.0567 -0.6961 0.7157
vn 0.0 0.0 1.0
vn -0.6425 -0.3262 0.6933
vn -0.3865 -0.3865 0.8374
vn -0.526 0.0 0.8505
vn -0.0 0.0 1.0
vn 0.0 -0.526 0.8505
vn 0.0 -0.5259 0.8505
vn -0.3262 -0.6425 0.6934
vn -0.4629 -0.4629 0.7559
vn -0.6426 -0.3262 0.6933
vn -0.6426 -0.3262 0.6934
vn -0.3262 -0.6426 0.6934
vn -0.5259 0.0 0.8505
vn -0.0 -0.0 1.0
vn -0.0 -0.0 1.0
vn 0.2274 -0.9385 -0.2598
vn 0.9386 -0.2269 -0.2599
vn -0.4859 -0.6759 0.5542
vn 0.0241 -0.7836 0.6208
vn 0.7836 -0.0241 0.6208
vn 0.2274 -0.9385 -0.2598
vn 0.9386 -0.2269 -0.2599
vn -0.4859 -0.6759 0.5542
vn 0.0241 -0.7836 0.6208
vn 0.7836 -0.0241 0.6208
vn 0.2274 -0.9385 -0.2598
vn 0.9386 -0.2269 -0.2599
vn -0.4859 -0.6759 0.5542
vn 0.0241 -0.7836 0.6208
vn 0.7836 -0.0241 0.6208
vn 0.2274 -0.9385 -0.2598
vn 0.9386 -0.2269 -0.2599
vn -0.4859 -0.6759 0.5542
vn 0.0241 -0.7836 0.6208
vn 0.7836 -0.0241 0.6208
vn 0.2274 -0.9385 -0.2598
vn 0.9386 -0.2269 -0.2599
vn -0.4859 -0.6759 0.5542
vn 0.0241 -0.7836 0.6208
vn 0.7836 -0.0241 0.6208
vn 0.2274 -0.9385 -0.2598
vn 0.9386 -0.2269 -0.2599
vn -0.4859 -0.6759 0.5542
vn 0.0241 -0.7836 0.6208
vn 0.7836 -0.0241 0.6208
vn 0.2274 -0.9385 -0.2598
vn 0.9386 -0.2269 -0.2599
vn -0.4859 -0.6759 0.5542
vn 0.0241 -0.7836 0.6208
vn 0.7836 -0.0241 0.6208
vn 0.2274 -0.9385 -0.2598
vn 0.9386 -0.2269 -0.2599
vn -0.4859 -0.6759 0.5542
vn 0.0241 -0.7836 0.6208
vn 0.7836 -0.0241 0.6208
vn 0.2274 -0.9385 -0.2598
vn 0.9386 -0.2269 -0.2599
vn -0.4859 -0.6759 0.5542
vn 0.0241 -0.7836 0.6208
vn 0.7836 -0.0241 0.6208
vn 0.2274 -0.9385 -0.2598
vn 0.9386 -0.2269 -0.2599
vn -0.4859 -0.6759 0.5542
vn 0.0241 -0.7836 0.6208
vn 0.7836 -0.0241 0.6208
vn 0.2274 -0.9385 -0.2598
vn 0.9386 -0.2269 -0.2599
vn -0.4859 -0.6759 0.5542
vn 0.0241 -0.7836 0.6208
vn 0.7836 -0.0241 0.6208
vn 0.2274 -0.9385 -0.2598
vn 0.9386 -0.2269 -0.2599
vn -0.4859 -0.6759 0.5542
vn 0.0241 -0.7836 0.6208
vn 0.7836 -0.0241 0.6208
vn 0.0 -0.7071 0.7071
vn 0.0 -0.5258 0.8506
vn -0.0 -0.0 1.0
vn 0.0 -0.426 0.9047
vn -0.0 -0.0 1.0
vn -0.0808 -0.1651 0.983
vn -0.0178 -0.2269 0.9738
vn -0.0558 -0.6983 0.7136
vn -0.3474 -0.5641 0.7491
vn -0.1819 -0.0679 0.981
vn -0.1788 -0.0657 0.9817
vn -0.5999 -0.2295 0.7665
vn -0.6978 -0.0672 0.7132
vn -0.6948 -0.0644 0.7163
vn -0.6012 -0.2303 0.7652
vn -0.6426 -0.3262 0.6933
vn -0.3477 -0.5703 0.7442
vn -0.25 -0.5665 0.7852
vn -0.0567 -0.6961 0.7157
vn 0.0 0.0 1.0
vn -0.6425 -0.3262 0.6933
vn -0.0 -0.0 1.0
vn -0.0 -0.0 1.0
vn 0.2274 -0.9385 -0.2598
vn 0.9386 -0.2269 -0.2599
vn -0.4859 -0.6759 0.5542
vn 0.0241 -0.7836 0.6208
vn 0.7836 -0.0241 0.6208
vn 0.2274 -0.9385 -0.2598
vn 0.9386 -0.2269 -0.2599
vn -0.4859 -0.6759 0.5542
vn 0.0241 -0.7836 0.6208
vn 0.7836 -0.0241 0.6208
vn 0.2274 -0.9385 -0.2598
vn 0.9386 -0.2269 -0.2599
vn -0.4859 -0.6759 0.5542
vn 0.0241 -0.7836 0.6208
vn 0.7836 -0.0241 0.6208
vn 0.2274 -0.9385 -0.2598
vn 0.9386 -0.2269 -0.2599
vn -0.4859 -0.6759 0.5542
vn 0.0241 -0.7836 0.6208
vn 0.7836 -0.0241 0.6208
vn 0.2274 -0.9385 -0.2598
vn 0.9386 -0.2269 -0.2599
vn -0.4859 -0.6759 0.5542
vn 0.0241 -0.7836 0.6208
vn 0.7836 -0.0241 0.6208
vn 0.2274 -0.9385 -0.2598
vn 0.9386 -0.2269 -0.2599
vn -0.4859 -0.6759 0.5542
vn 0.0241 -0.7836 0.6208
vn 0.7836 -0.0241 0.6208
vn 0.2274 -0.9385 -0.2598
vn 0.9386 -0.2269 -0.2599
vn -0.4859 -0.6759 0.5542
vn 0.0241 -0.7836 0.6208
vn 0.7836 -0.0241 0.6208
vn 0.2274 -0.9385 -0.2598
vn 0.9386 -0.2269 -0.2599
vn -0.4859 -0.6759 0.5542
vn 0.0241 -0.7836 0.6208
vn 0.7836 -0.0241 0.6208
vn 0.2274 -0.9385 -0.2598
vn 0.9386 -0.2269 -0.2599
vn -0.4859 -0.6759 0.5542
vn 0.0241 -0.7836 0.6208
vn 0.7836 -0.0241 0.6208
vn 0.2274 -0.9385 -0.2598
vn 0.9386 -0.2269 -0.2599
vn -0.4859 -0.6759 0.5542
vn 0.0241 -0.7836 0.6208
vn 0.7836 -0.0241 0.6208
vn 0.2274 -0.9385 -0.2598
vn 0.9386 -0.2269 -0.2599
vn -0.4859 -0.6759 0.5542
vn 0.0241 -0.7836 0.6208
vn 0.7836 -0.0241 0.6208
vn 0.2274 -0.9385 -0.2598
vn 0.9386 -0.2269 -0.2599
vn -0.4859 -0.6759 0.5542
vn 0.0241 -0.7836 0.6208
vn 0.7836 -0.0241 0.6208
vn -0.0 -0.0 1.0
vn 0.0 -0.7071 0.7071
vn 0.0 -0.5258 0.8506
vn -0.0 -0.0 1.0
vn 0.0 -0.426 0.9047
vn -0.0 -0.0 1.0
vn -0.0808 -0.1651 0.983
vn -0.0178 -0.2269 0.9738
vn -0.0558 -0.6983 0.7136
vn -0.3474 -0.5641 0.7491
vn -0.1819 -0.0679 0.981
vn -0.1788 -0.0657 0.9817
vn -0.5999 -0.2295 0.7665
vn -0.6978 -0.0672 0.7132
vn -0.6948 -0.0644 0.7163
vn -0.6012 -0.2303 0.7652
vn -0.6426 -0.3262 0.6933
vn -0.3477 -0.5703 0.7442
vn -0.25 -0.5665 0.7852
vn -0.0567 -0.6961 0.7157
vn 0.0 0.0 1.0
vn -0.6425 -0.3262 0.6933
vn 2.0E-4 -0.5259 0.8505
vn -0.3262 -0.6426 0.6934
vn -0.3865 -0.3865 0.8374
vn -0.4629 -0.4629 0.7559
vn -0.6426 -0.3262 0.6933
vn -0.6426 -0.3262 0.6934
vn -0.526 0.0 0.8505
vn -0.0 0.0 1.0
vn -0.5259 0.0 0.8505
vn 0.0 -0.526 0.8505
vn -0.0 -0.0 1.0
vn -0.0 -0.0 1.0
vn 0.2274 -0.9385 -0.2598
vn 0.9386 -0.2269 -0.2599
vn -0.4859 -0.6759 0.5542
vn 0.0241 -0.7836 0.6208
vn 0.7836 -0.0241 0.6208
vn 0.2274 -0.9385 -0.2598
vn 0.9386 -0.2269 -0.2599
vn -0.4859 -0.6759 0.5542
vn 0.0241 -0.7836 0.6208
vn 0.7836 -0.0241 0.6208
vn 0.2274 -0.9385 -0.2598
vn 0.9386 -0.2269 -0.2599
vn -0.4859 -0.6759 0.5542
vn 0.0241 -0.7836 0.6208
vn 0.7836 -0.0241 0.6208
vn 0.2274 -0.9385 -0.2598
vn 0.9386 -0.2269 -0.2599
vn -0.4859 -0.6759 0.5542
vn 0.0241 -0.7836 0.6208
vn 0.7836 -0.0241 0.6208
vn 0.2274 -0.9385 -0.2598
vn 0.9386 -0.2269 -0.2599
vn -0.4859 -0.6759 0.5542
vn 0.0241 -0.7836 0.6208
vn 0.7836 -0.0241 0.6208
vn 0.2274 -0.9385 -0.2598
vn 0.9386 -0.2269 -0.2599
vn -0.4859 -0.6759 0.5542
vn 0.0241 -0.7836 0.6208
vn 0.7836 -0.0241 0.6208
vn 0.2274 -0.9385 -0.2598
vn 0.9386 -0.2269 -0.2599
vn -0.4859 -0.6759 0.5542
vn 0.0241 -0.7836 0.6208
vn 0.7836 -0.0241 0.6208
vn 0.2274 -0.9385 -0.2598
vn 0.9386 -0.2269 -0.2599
vn -0.4859 -0.6759 0.5542
vn 0.0241 -0.7836 0.6208
vn 0.7836 -0.0241 0.6208
vn 0.2274 -0.9385 -0.2598
vn 0.9386 -0.2269 -0.2599
vn -0.4859 -0.6759 0.5542
vn 0.0241 -0.7836 0.6208
vn 0.7836 -0.0241 0.6208
vn 0.2274 -0.9385 -0.2598
vn 0.9386 -0.2269 -0.2599
vn -0.4859 -0.6759 0.5542
vn 0.0241 -0.7836 0.6208
vn 0.7836 -0.0241 0.6208
vn 0.2274 -0.9385 -0.2598
vn 0.9386 -0.2269 -0.2599
vn -0.4859 -0.6759 0.5542
vn 0.0241 -0.7836 0.6208
vn 0.7836 -0.0241 0.6208
vn 0.2274 -0.9385 -0.2598
vn 0.9386 -0.2269 -0.2599
vn -0.4859 -0.6759 0.5542
vn 0.0241 -0.7836 0.6208
vn 0.7836 -0.0241 0.6208
vn -0.0 -0.0 1.0
vn 0.0 -0.7071 0.7071
vn 0.0 -0.5258 0.8506
vn -0.0 -0.0 1.0
vn 0.0 -0.426 0.9047
vn -0.0 -0.0 1.0
vn 0.2274 -0.9385 -0.2598
vn 0.9386 -0.2269 -0.2599
vn -0.4859 -0.6759 0.5542
vn 0.0241 -0.7836 0.6208
vn 0.7836 -0.0241 0.6208
vn 0.2274 -0.9385 -0.2598
vn 0.9386 -0.2269 -0.2599
vn -0.4859 -0.6759 0.5542
vn 0.0241 -0.7836 0.6208
vn 0.7836 -0.0241 0.6208
vn 0.2274 -0.9385 -0.2598
vn 0.9386 -0.2269 -0.2599
vn -0.4859 -0.6759 0.5542
vn 0.0241 -0.7836 0.6208
vn 0.7836 -0.0241 0.6208
vn 0.2274 -0.9385 -0.2598
vn 0.9386 -0.2269 -0.2599
vn -0.4859 -0.6759 0.5542
vn 0.0241 -0.7836 0.6208
vn 0.7836 -0.0241 0.6208
vn 0.2274 -0.9385 -0.2598
vn 0.9386 -0.2269 -0.2599
vn -0.4859 -0.6759 0.5542
vn 0.0241 -0.7836 0.6208
vn 0.7836 -0.0241 0.6208
vn 0.2274 -0.9385 -0.2598
vn 0.9386 -0.2269 -0.2599
vn -0.4859 -0.6759 0.5542
vn 0.0241 -0.7836 0.6208
vn 0.7836 -0.0241 0.6208
vn 0.2274 -0.9385 -0.2598
vn 0.9386 -0.2269 -0.2599
vn -0.4859 -0.6759 0.5542
vn 0.0241 -0.7836 0.6208
vn 0.7836 -0.0241 0.6208
vn 0.2274 -0.9385 -0.2598
vn 0.9386 -0.2269 -0.2599
vn -0.4859 -0.6759 0.5542
vn 0.0241 -0.7836 0.6208
vn 0.7836 -0.0241 0.6208
vn 0.2274 -0.9385 -0.2598
vn 0.9386 -0.2269 -0.2599
vn -0.4859 -0.6759 0.5542
vn 0.0241 -0.7836 0.6208
vn 0.7836 -0.0241 0.6208
vn 0.2274 -0.9385 -0.2598
vn 0.9386 -0.2269 -0.2599
vn -0.4859 -0.6759 0.5542
vn 0.0241 -0.7836 0.6208
vn 0.7836 -0.0241 0.6208
vn 0.2274 -0.9385 -0.2598
vn 0.9386 -0.2269 -0.2599
vn -0.4859 -0.6759 0.5542
vn 0.0241 -0.7836 0.6208
vn 0.7836 -0.0241 0.6208
vn 0.2274 -0.9385 -0.2598
vn 0.9386 -0.2269 -0.2599
vn -0.4859 -0.6759 0.5542
vn 0.0241 -0.7836 0.6208
vn 0.7836 -0.0241 0.6208
vn -0.0808 -0.1651 0.983
vn -0.0178 -0.2269 0.9738
vn -0.0558 -0.6983 0.7136
vn -0.3474 -0.5641 0.7491
vn -0.1819 -0.0679 0.981
vn -0.1788 -0.0657 0.9817
vn -0.5999 -0.2295 0.7665
vn -0.6978 -0.0672 0.7132
vn -0.6948 -0.0644 0.7163
vn -0.6012 -0.2303 0.7652
vn -0.6426 -0.3262 0.6933
vn -0.3477 -0.5703 0.7442
vn -0.25 -0.5665 0.7852
vn -0.0567 -0.6961 0.7157
vn 0.0 0.0 1.0
vn -0.6425 -0.3262 0.6933
vn -0.0 -0.0 1.0
vn -0.0 -0.0 1.0
vn -0.0 -0.0 1.0
vn 0.2274 -0.9385 -0.2598
vn 0.9386 -0.2269 -0.2599
vn -0.4859 -0.6759 0.5542
vn 0.0241 -0.7836 0.6208
vn 0.7836 -0.0241 0.6208
vn 0.2274 -0.9385 -0.2598
vn 0.9386 -0.2269 -0.2599
vn -0.4859 -0.6759 0.5542
vn 0.0241 -0.7836 0.6208
vn 0.7836 -0.0241 0.6208
vn 0.2274 -0.9385 -0.2598
vn 0.9386 -0.2269 -0.2599
vn -0.4859 -0.6759 0.5542
vn 0.0241 -0.7836 0.6208
vn 0.7836 -0.0241 0.6208
vn 0.2274 -0.9385 -0.2598
vn 0.9386 -0.2269 -0.2599
vn -0.4859 -0.6759 0.5542
vn 0.0241 -0.7836 0.6208
vn 0.7836 -0.0241 0.6208
vn 0.2274 -0.9385 -0.2598
vn 0.9386 -0.2269 -0.2599
vn -0.4859 -0.6759 0.5542
vn 0.0241 -0.7836 0.6208
vn 0.7836 -0.0241 0.6208
vn 0.2274 -0.9385 -0.2598
vn 0.9386 -0.2269 -0.2599
vn -0.4859 -0.6759 0.5542
vn 0.0241 -0.7836 0.6208
vn 0.7836 -0.0241 0.6208
vn 0.2274 -0.9385 -0.2598
vn 0.9386 -0.2269 -0.2599
vn -0.4859 -0.6759 0.5542
vn 0.0241 -0.7836 0.6208
vn 0.7836 -0.0241 0.6208
vn 0.2274 -0.9385 -0.2598
vn 0.9386 -0.2269 -0.2599
vn -0.4859 -0.6759 0.5542
vn 0.0241 -0.7836 0.6208
vn 0.7836 -0.0241 0.6208
vn 0.2274 -0.9385 -0.2598
vn 0.9386 -0.2269 -0.2599
vn -0.4859 -0.6759 0.5542
vn 0.0241 -0.7836 0.6208
vn 0.7836 -0.0241 0.6208
vn 0.2274 -0.9385 -0.2598
vn 0.9386 -0.2269 -0.2599
vn -0.4859 -0.6759 0.5542
vn 0.0241 -0.7836 0.6208
vn 0.7836 -0.0241 0.6208
vn 0.2274 -0.9385 -0.2598
vn 0.9386 -0.2269 -0.2599
vn -0.4859 -0.6759 0.5542
vn 0.0241 -0.7836 0.6208
vn 0.7836 -0.0241 0.6208
vn 0.2274 -0.9385 -0.2598
vn 0.9386 -0.2269 -0.2599
vn -0.4859 -0.6759 0.5542
vn 0.0241 -0.7836 0.6208
vn 0.7836 -0.0241 0.6208
vn -0.0808 -0.1651 0.983
vn -0.0178 -0.2269 0.9738
vn -0.0558 -0.6983 0.7136
vn -0.3474 -0.5641 0.7491
vn -0.1819 -0.0679 0.981
vn -0.1788 -0.0657 0.9817
vn -0.5999 -0.2295 0.7665
vn -0.6978 -0.0672 0.7132
vn -0.6948 -0.0644 0.7163
vn -0.6012 -0.2303 0.7652
vn -0.6426 -0.3262 0.6933
vn -0.3477 -0.5703 0.7442
vn -0.25 -0.5665 0.7852
vn -0.0567 -0.6961 0.7157
vn 0.0 0.0 1.0
vn -0.6425 -0.3262 0.6933
vn 0.0 -0.7071 0.7071
vn 0.0 -0.5258 0.8506
vn -0.0 -0.0 1.0
vn 0.0 -0.426 0.9047
vn -0.0 -0.0 1.0
vn -0.0808 -0.1651 0.983
vn -0.0178 -0.2269 0.9738
vn -0.0558 -0.6983 0.7136
vn -0.3474 -0.5641 0.7491
vn -0.1819 -0.0679 0.981
vn -0.1788 -0.0657 0.9817
vn -0.5999 -0.2295 0.7665
vn -0.6978 -0.0672 0.7132
vn -0.6948 -0.0644 0.7163
vn -0.6012 -0.2303 0.7652
vn -0.6426 -0.3262 0.6933
vn -0.3477 -0.5703 0.7442
vn -0.25 -0.5665 0.7852
vn -0.0567 -0.6961 0.7157
vn 0.0 0.0 1.0
vn -0.6425 -0.3262 0.6933
vn -0.0 -0.0 1.0
vn -0.0 -0.0 1.0
vn -0.0 -0.0 1.0
vn -0.0 -0.0 1.0
vn 0.2274 -0.9385 -0.2598
vn 0.9386 -0.2269 -0.2599
vn -0.4859 -0.6759 0.5542
vn 0.0241 -0.7836 0.6208
vn 0.7836 -0.0241 0.6208
vn 0.2274 -0.9385 -0.2598
vn 0.9386 -0.2269 -0.2599
vn -0.4859 -0.6759 0.5542
vn 0.0241 -0.7836 0.6208
vn 0.7836 -0.0241 0.6208
vn 0.2274 -0.9385 -0.2598
vn 0.9386 -0.2269 -0.2599
vn -0.4859 -0.6759 0.5542
vn 0.0241 -0.7836 0.6208
vn 0.7836 -0.0241 0.6208
vn 0.2274 -0.9385 -0.2598
vn 0.9386 -0.2269 -0.2599
vn -0.4859 -0.6759 0.5542
vn 0.0241 -0.7836 0.6208
vn 0.7836 -0.0241 0.6208
vn 0.2274 -0.9385 -0.2598
vn 0.9386 -0.2269 -0.2599
vn -0.4859 -0.6759 0.5542
vn 0.0241 -0.7836 0.6208
vn 0.7836 -0.0241 0.6208
vn 0.2274 -0.9385 -0.2598
vn 0.9386 -0.2269 -0.2599
vn -0.4859 -0.6759 0.5542
vn 0.0241 -0.7836 0.6208
vn 0.7836 -0.0241 0.6208
vn 0.2274 -0.9385 -0.2598
vn 0.9386 -0.2269 -0.2599
vn -0.4859 -0.6759 0.5542
vn 0.0241 -0.7836 0.6208
vn 0.7836 -0.0241 0.6208
vn 0.2274 -0.9385 -0.2598
vn 0.9386 -0.2269 -0.2599
vn -0.4859 -0.6759 0.5542
vn 0.0241 -0.7836 0.6208
vn 0.7836 -0.0241 0.6208
vn 0.2274 -0.9385 -0.2598
vn 0.9386 -0.2269 -0.2599
vn -0.4859 -0.6759 0.5542
vn 0.0241 -0.7836 0.6208
vn 0.7836 -0.0241 0.6208
vn 0.2274 -0.9385 -0.2598
vn 0.9386 -0.2269 -0.2599
vn -0.4859 -0.6759 0.5542
vn 0.0241 -0.7836 0.6208
vn 0.7836 -0.0241 0.6208
vn 0.2274 -0.9385 -0.2598
vn 0.9386 -0.2269 -0.2599
vn -0.4859 -0.6759 0.5542
vn 0.0241 -0.7836 0.6208
vn 0.7836 -0.0241 0.6208
vn -0.6948 -0.0644 0.7163
vn -0.6012 -0.2303 0.7652
vn -0.5961 -0.3322 0.7309
vn -0.3477 -0.5703 0.7442
vn -0.25 -0.5665 0.7852
vn -0.0567 -0.6961 0.7157
vn -0.0 -0.0098 1.0
vn -0.3525 -0.1302 0.9267
vn -0.1585 -0.3283 0.9312
vn -0.3474 -0.5641 0.7491
vn -0.5999 -0.2295 0.7665
vn 0.0019 -0.4322 0.9018
vn -0.0558 -0.6984 0.7136
vn -0.4281 -0.0014 0.9037
vn -0.6978 -0.0672 0.7132
vn -0.0026 -0.0154 0.9999
vn 0.02 0.0132 0.9997
vn -0.0048 -0.0142 0.9999
vn -0.0062 -0.0294 0.9995
vn 1.0E-4 -0.0116 0.9999
vn -0.0079 -0.0104 0.9999
vn 0.0082 -0.0097 0.9999
vn -0.0217 -0.0096 0.9997
vn 0.0067 -0.0032 1.0
vn -0.0036 -0.0133 0.9999
vn -0.0034 -0.0209 0.9998
vn 0.0109 0.0255 0.9996
vn -0.0 -0.5258 0.8506
vn -0.3985 -0.5864 0.7052
vn -0.1727 -0.1727 0.9697
vn -0.4632 -0.4632 0.7555
vn -0.5864 -0.3985 0.7052
vn -0.39 -0.39 0.8341
vn -0.0044 -0.0044 1.0
vn -0.0 -0.0089 1.0
vn -0.5258 0.0 0.8506
vn -0.0089 0.0 1.0
vn -0.6335 -0.6335 0.4443
vn -0.0808 -0.1651 0.983
vn -0.0178 -0.2269 0.9738
vn -0.0558 -0.6983 0.7136
vn -0.3474 -0.5641 0.7491
vn -0.1819 -0.0679 0.981
vn -0.1788 -0.0657 0.9817
vn -0.5999 -0.2295 0.7665
vn -0.6978 -0.0672 0.7132
vn -0.6948 -0.0644 0.7163
vn -0.6012 -0.2303 0.7652
vn -0.6426 -0.3262 0.6933
vn -0.3477 -0.5703 0.7442
vn -0.25 -0.5665 0.7852
vn -0.0567 -0.6961 0.7157
vn 0.0 0.0 1.0
vn -0.6425 -0.3262 0.6933
vn 0.0 -0.7071 0.7071
vn 0.0 -0.5258 0.8506
vn -0.0 -0.0 1.0
vn 0.0 -0.426 0.9047
vn -0.0 -0.0 1.0
vn 0.0 -0.7071 0.7071
vn 0.0 -0.5258 0.8506
vn -0.0 -0.0 1.0
vn 0.0 -0.426 0.9047
vn -0.0 -0.0 1.0
vn -0.0 -0.0 1.0
vn 0.2274 -0.9385 -0.2598
vn 0.9386 -0.2269 -0.2599
vn -0.4859 -0.6759 0.5542
vn 0.0241 -0.7836 0.6208
vn 0.7836 -0.0241 0.6208
vn 0.2274 -0.9385 -0.2598
vn 0.9386 -0.2269 -0.2599
vn -0.4859 -0.6759 0.5542
vn 0.0241 -0.7836 0.6208
vn 0.7836 -0.0241 0.6208
vn 0.2274 -0.9385 -0.2598
vn 0.9386 -0.2269 -0.2599
vn -0.4859 -0.6759 0.5542
vn 0.0241 -0.7836 0.6208
vn 0.7836 -0.0241 0.6208
vn 0.2274 -0.9385 -0.2598
vn 0.9386 -0.2269 -0.2599
vn -0.4859 -0.6759 0.5542
vn 0.0241 -0.7836 0.6208
vn 0.7836 -0.0241 0.6208
vn 0.2274 -0.9385 -0.2598
vn 0.9386 -0.2269 -0.2599
vn -0.4859 -0.6759 0.5542
vn 0.0241 -0.7836 0.6208
vn 0.7836 -0.0241 0.6208
vn 0.2274 -0.9385 -0.2598
vn 0.9386 -0.2269 -0.2599
vn -0.4859 -0.6759 0.5542
vn 0.0241 -0.7836 0.6208
vn 0.7836 -0.0241 0.6208
vn 0.2274 -0.9385 -0.2598
vn 0.9386 -0.2269 -0.2599
vn -0.4859 -0.6759 0.5542
vn 0.0241 -0.7836 0.6208
vn 0.7836 -0.0241 0.6208
vn 0.2274 -0.9385 -0.2598
vn 0.9386 -0.2269 -0.2599
vn -0.4859 -0.6759 0.5542
vn 0.0241 -0.7836 0.6208
vn 0.7836 -0.0241 0.6208
vn 0.2274 -0.9385 -0.2598
vn 0.9386 -0.2269 -0.2599
vn -0.4859 -0.6759 0.5542
vn 0.0241 -0.7836 0.6208
vn 0.7836 -0.0241 0.6208
vn 0.2274 -0.9385 -0.2598
vn 0.9386 -0.2269 -0.2599
vn -0.4859 -0.6759 0.5542
vn 0.0241 -0.7836 0.6208
vn 0.7836 -0.0241 0.6208
vn 0.2274 -0.9385 -0.2598
vn 0.9386 -0.2269 -0.2599
vn -0.4859 -0.6759 0.5542
vn 0.0241 -0.7836 0.6208
vn 0.7836 -0.0241 0.6208
vn -0.0 -0.5258 0.8506
vn -0.0 0.0098 1.0
vn -0.0186 -0.0089 0.9998
vn -0.0 -0.6953 0.7187
vn 0.3254 -0.4005 0.8566
vn 0.0 -0.426 0.9047
vn 4.0E-4 -0.0 1.0
vn 2.0E-4 -0.0 1.0
vn -0.0 -0.0058 1.0
vn -0.0808 -0.1651 0.983
vn -0.0178 -0.2269 0.9738
vn -0.0558 -0.6983 0.7136
vn -0.3474 -0.5641 0.7491
vn -0.1819 -0.0679 0.981
vn -0.1788 -0.0657 0.9817
vn -0.5999 -0.2295 0.7665
vn -0.6978 -0.0672 0.7132
vn -0.6948 -0.0644 0.7163
vn -0.6012 -0.2303 0.7652
vn -0.6426 -0.3262 0.6933
vn -0.3477 -0.5703 0.7442
vn -0.25 -0.5665 0.7852
vn -0.0567 -0.6961 0.7157
vn 0.0 0.0 1.0
vn -0.6425 -0.3262 0.6933
vn -0.3865 -0.3865 0.8374
vn -0.526 0.0 0.8505
vn -0.0 0.0 1.0
vn 0.0 -0.526 0.8505
vn 0.0 -0.5259 0.8505
vn -0.3262 -0.6425 0.6934
vn -0.4629 -0.4629 0.7559
vn -0.6426 -0.3262 0.6933
vn -0.6426 -0.3262 0.6934
vn -0.3262 -0.6426 0.6934
vn -0.5259 0.0 0.8505
vn -0.0808 -0.1651 0.983
vn -0.0178 -0.2269 0.9738
vn -0.0558 -0.6983 0.7136
vn -0.3474 -0.5641 0.7491
vn -0.1819 -0.0679 0.981
vn -0.1788 -0.0657 0.9817
vn -0.5999 -0.2295 0.7665
vn -0.6978 -0.0672 0.7132
vn -0.6948 -0.0644 0.7163
vn -0.6012 -0.2303 0.7652
vn -0.6426 -0.3262 0.6933
vn -0.3477 -0.5703 0.7442
vn -0.25 -0.5665 0.7852
vn -0.0567 -0.6961 0.7157
vn 0.0 0.0 1.0
vn -0.6425 -0.3262 0.6933
vn 0.0 -0.7071 0.7071
vn 0.0 -0.5258 0.8506
vn -0.0 -0.0 1.0
vn 0.0 -0.426 0.9047
vn -0.0 -0.0 1.0
vn -0.0808 -0.1651 0.983
vn -0.0178 -0.2269 0.9738
vn -0.0558 -0.6983 0.7136
vn -0.3474 -0.5641 0.7491
vn -0.1819 -0.0679 0.981
vn -0.1788 -0.0657 0.9817
vn -0.5999 -0.2295 0.7665
vn -0.6978 -0.0672 0.7132
vn -0.6948 -0.0644 0.7163
vn -0.6012 -0.2303 0.7652
vn -0.6426 -0.3262 0.6933
vn -0.3477 -0.5703 0.7442
vn -0.25 -0.5665 0.7852
vn -0.0567 -0.6961 0.7157
vn 0.0 0.0 1.0
vn -0.6425 -0.3262 0.6933
vn -0.0 -0.0 1.0
vn -0.0 -0.0 1.0
vn -0.0 -0.0 1.0
vn 0.5259 2.0E-4 0.8505
vn 0.6426 -0.3262 0.6934
vn 0.3865 -0.3865 0.8374
vn 0.4629 -0.4629 0.7559
vn 0.3262 -0.6426 0.6933
vn 0.3262 -0.6426 0.6934
vn -0.0 -0.526 0.8505
vn -0.0 -0.0 1.0
vn -0.0 -0.5259 0.8505
vn 0.526 0.0 0.8505
vn 0.2274 -0.9385 -0.2598
vn 0.9386 -0.2269 -0.2599
vn -0.4859 -0.6759 0.5542
vn 0.0241 -0.7836 0.6208
vn 0.7836 -0.0241 0.6208
vn 0.2274 -0.9385 -0.2598
vn 0.9386 -0.2269 -0.2599
vn -0.4859 -0.6759 0.5542
vn 0.0241 -0.7836 0.6208
vn 0.7836 -0.0241 0.6208
vn 0.2274 -0.9385 -0.2598
vn 0.9386 -0.2269 -0.2599
vn -0.4859 -0.6759 0.5542
vn 0.0241 -0.7836 0.6208
vn 0.7836 -0.0241 0.6208
vn 0.2274 -0.9385 -0.2598
vn 0.9386 -0.2269 -0.2599
vn -0.4859 -0.6759 0.5542
vn 0.0241 -0.7836 0.6208
vn 0.7836 -0.0241 0.6208
vn 0.2274 -0.9385 -0.2598
vn 0.9386 -0.2269 -0.2599
vn -0.4859 -0.6759 0.5542
vn 0.0241 -0.7836 0.6208
vn 0.7836 -0.0241 0.6208
vn 0.2274 -0.9385 -0.2598
vn 0.9386 -0.2269 -0.2599
vn -0.4859 -0.6759 0.5542
vn 0.0241 -0.7836 0.6208
vn 0.7836 -0.0241 0.6208
vn 0.2274 -0.9385 -0.2598
vn 0.9386 -0.2269 -0.2599
vn -0.4859 -0.6759 0.5542
vn 0.0241 -0.7836 0.6208
vn 0.7836 -0.0241 0.6208
vn 0.2274 -0.9385 -0.2598
vn 0.9386 -0.2269 -0.2599
vn -0.4859 -0.6759 0.5542
vn 0.0241 -0.7836 0.6208
vn 0.7836 -0.0241 0.6208
vn 0.2274 -0.9385 -0.2598
vn 0.9386 -0.2269 -0.2599
vn -0.4859 -0.6759 0.5542
vn 0.0241 -0.7836 0.6208
vn 0.7836 -0.0241 0.6208
vn 0.2274 -0.9385 -0.2598
vn 0.9386 -0.2269 -0.2599
vn -0.4859 -0.6759 0.5542
vn 0.0241 -0.7836 0.6208
vn 0.7836 -0.0241 0.6208
vn -0.6948 -0.0644 0.7163
vn -0.6012 -0.2303 0.7652
vn -0.5961 -0.3322 0.7309
vn -0.3477 -0.5703 0.7442
vn -0.25 -0.5665 0.7852
vn -0.0567 -0.6961 0.7157
vn -0.0 -0.0098 1.0
vn -0.3525 -0.1302 0.9267
vn -0.1585 -0.3283 0.9312
vn -0.3474 -0.5641 0.7491
vn -0.5999 -0.2295 0.7665
vn 0.0019 -0.4322 0.9018
vn -0.0558 -0.6984 0.7136
vn -0.4281 -0.0014 0.9037
vn -0.6978 -0.0672 0.7132
vn -0.0026 -0.0154 0.9999
vn 0.02 0.0132 0.9997
vn -0.0048 -0.0142 0.9999
vn -0.0062 -0.0294 0.9995
vn 1.0E-4 -0.0116 0.9999
vn -0.0079 -0.0104 0.9999
vn 0.0082 -0.0097 0.9999
vn -0.0217 -0.0096 0.9997
vn 0.0067 -0.0032 1.0
vn -0.0036 -0.0133 0.9999
vn -0.0034 -0.0209 0.9998
vn 0.0109 0.0255 0.9996
vn -0.0 -0.5258 0.8506
vn -0.3985 -0.5864 0.7052
vn -0.1727 -0.1727 0.9697
vn -0.4632 -0.4632 0.7555
vn -0.5864 -0.3985 0.7052
vn -0.39 -0.39 0.8341
vn -0.0044 -0.0044 1.0
vn -0.0 -0.0089 1.0
vn -0.5258 0.0 0.8506
vn -0.0089 0.0 1.0
vn -0.6335 -0.6335 0.4443
vn 0.0 -0.7071 0.7071
vn 0.0 -0.5258 0.8506
vn -0.0 -0.0 1.0
vn 0.0 -0.426 0.9047
vn -0.0 -0.0 1.0
vn -0.0808 -0.1651 0.983
vn -0.0178 -0.2269 0.9738
vn -0.0558 -0.6983 0.7136
vn -0.3474 -0.5641 0.7491
vn -0.1819 -0.0679 0.981
vn -0.1788 -0.0657 0.9817
vn -0.5999 -0.2295 0.7665
vn -0.6978 -0.0672 0.7132
vn -0.6948 -0.0644 0.7163
vn -0.6012 -0.2303 0.7652
vn -0.6426 -0.3262 0.6933
vn -0.3477 -0.5703 0.7442
vn -0.25 -0.5665 0.7852
vn -0.0567 -0.6961 0.7157
vn 0.0 0.0 1.0
vn -0.6425 -0.3262 0.6933
vn 0.0 -0.7071 0.7071
vn 0.0 -0.5258 0.8506
vn -0.0 -0.0 1.0
vn 0.0 -0.426 0.9047
vn -0.0 -0.0 1.0
vn -0.0808 -0.1651 0.983
vn -0.0178 -0.2269 0.9738
vn -0.0558 -0.6983 0.7136
vn -0.3474 -0.5641 0.7491
vn -0.1819 -0.0679 0.981
vn -0.1788 -0.0657 0.9817
vn -0.5999 -0.2295 0.7665
vn -0.6978 -0.0672 0.7132
vn -0.6948 -0.0644 0.7163
vn -0.6012 -0.2303 0.7652
vn -0.6426 -0.3262 0.6933
vn -0.3477 -0.5703 0.7442
vn -0.25 -0.5665 0.7852
vn -0.0567 -0.6961 0.7157
vn 0.0 0.0 1.0
vn -0.6425 -0.3262 0.6933
vn 0.0 -0.7071 0.7071
vn 0.0 -0.5258 0.8506
vn -0.0 -0.0 1.0
vn 0.0 -0.426 0.9047
vn 0.0 -0.7071 0.7071
vn 0.0 -0.5258 0.8506
vn -0.0 -0.0 1.0
vn 0.0 -0.426 0.9047
vn 0.0 -0.7071 0.7071
vn 0.0 -0.5258 0.8506
vn -0.0 -0.0 1.0
vn 0.0 -0.426 0.9047
vn -0.0 -0.0 1.0
vn -0.0 -0.0 1.0
vn 0.0644 -0.6948 0.7163
vn 0.2303 -0.6012 0.7652
vn 0.3262 -0.6426 0.6933
vn 0.5703 -0.3477 0.7442
vn 0.5665 -0.25 0.7852
vn 0.6961 -0.0567 0.7157
vn -0.0 0.0 1.0
vn 0.3262 -0.6425 0.6933
vn 0.1651 -0.0808 0.983
vn 0.2269 -0.0178 0.9738
vn 0.6983 -0.0558 0.7136
vn 0.5641 -0.3474 0.7491
vn 0.0679 -0.1819 0.981
vn 0.0657 -0.1788 0.9817
vn 0.2295 -0.5999 0.7665
vn 0.0672 -0.6978 0.7132
vn 0.2274 -0.9385 -0.2598
vn 0.9386 -0.2269 -0.2599
vn -0.4859 -0.6759 0.5542
vn 0.0241 -0.7836 0.6208
vn 0.7836 -0.0241 0.6208
vn 0.2274 -0.9385 -0.2598
vn 0.9386 -0.2269 -0.2599
vn -0.4859 -0.6759 0.5542
vn 0.0241 -0.7836 0.6208
vn 0.7836 -0.0241 0.6208
vn 0.2274 -0.9385 -0.2598
vn 0.9386 -0.2269 -0.2599
vn -0.4859 -0.6759 0.5542
vn 0.0241 -0.7836 0.6208
vn 0.7836 -0.0241 0.6208
vn 0.2274 -0.9385 -0.2598
vn 0.9386 -0.2269 -0.2599
vn -0.4859 -0.6759 0.5542
vn 0.0241 -0.7836 0.6208
vn 0.7836 -0.0241 0.6208
vn 0.2274 -0.9385 -0.2598
vn 0.9386 -0.2269 -0.2599
vn -0.4859 -0.6759 0.5542
vn 0.0241 -0.7836 0.6208
vn 0.7836 -0.0241 0.6208
vn 0.2274 -0.9385 -0.2598
vn 0.9386 -0.2269 -0.2599
vn -0.4859 -0.6759 0.5542
vn 0.0241 -0.7836 0.6208
vn 0.7836 -0.0241 0.6208
vn 0.2274 -0.9385 -0.2598
vn 0.9386 -0.2269 -0.2599
vn -0.4859 -0.6759 0.5542
vn 0.0241 -0.7836 0.6208
vn 0.7836 -0.0241 0.6208
vn 0.2274 -0.9385 -0.2598
vn 0.9386 -0.2269 -0.2599
vn -0.4859 -0.6759 0.5542
vn 0.0241 -0.7836 0.6208
vn 0.7836 -0.0241 0.6208
vn 0.2274 -0.9385 -0.2598
vn 0.9386 -0.2269 -0.2599
vn -0.4859 -0.6759 0.5542
vn 0.0241 -0.7836 0.6208
vn 0.7836 -0.0241 0.6208
vn 0.2274 -0.9385 -0.2598
vn 0.9386 -0.2269 -0.2599
vn -0.4859 -0.6759 0.5542
vn 0.0241 -0.7836 0.6208
vn 0.7836 -0.0241 0.6208
vn -0.0 -0.5258 0.8506
vn -0.0 0.0098 1.0
vn -0.0186 -0.0089 0.9998
vn -0.0 -0.6953 0.7187
vn 0.3254 -0.4005 0.8566
vn 0.0 -0.426 0.9047
vn 4.0E-4 -0.0 1.0
vn 2.0E-4 -0.0 1.0
vn -0.0 -0.0058 1.0
vn -0.0808 -0.1651 0.983
vn -0.0178 -0.2269 0.9738
vn -0.0558 -0.6983 0.7136
vn -0.3474 -0.5641 0.7491
vn -0.1819 -0.0679 0.981
vn -0.1788 -0.0657 0.9817
vn -0.5999 -0.2295 0.7665
vn -0.6978 -0.0672 0.7132
vn -0.6948 -0.0644 0.7163
vn -0.6012 -0.2303 0.7652
vn -0.6426 -0.3262 0.6933
vn -0.3477 -0.5703 0.7442
vn -0.25 -0.5665 0.7852
vn -0.0567 -0.6961 0.7157
vn 0.0 0.0 1.0
vn -0.6425 -0.3262 0.6933
vn -0.3865 -0.3865 0.8374
vn -0.526 0.0 0.8505
vn -0.0 0.0 1.0
vn 0.0 -0.526 0.8505
vn 0.0 -0.5259 0.8505
vn -0.3262 -0.6425 0.6934
vn -0.4629 -0.4629 0.7559
vn -0.6426 -0.3262 0.6933
vn -0.6426 -0.3262 0.6934
vn -0.3262 -0.6426 0.6934
vn -0.5259 0.0 0.8505
vn 0.0 -0.7071 0.7071
vn 0.0 -0.5258 0.8506
vn -0.0 -0.0 1.0
vn 0.0 -0.426 0.9047
vn -0.0 -0.0 1.0
vn -0.0808 -0.1651 0.983
vn -0.0178 -0.2269 0.9738
vn -0.0558 -0.6983 0.7136
vn -0.3474 -0.5641 0.7491
vn -0.1819 -0.0679 0.981
vn -0.1788 -0.0657 0.9817
vn -0.5999 -0.2295 0.7665
vn -0.6978 -0.0672 0.7132
vn -0.6948 -0.0644 0.7163
vn -0.6012 -0.2303 0.7652
vn -0.6426 -0.3262 0.6933
vn -0.3477 -0.5703 0.7442
vn -0.25 -0.5665 0.7852
vn -0.0567 -0.6961 0.7157
vn 0.0 0.0 1.0
vn -0.6425 -0.3262 0.6933
vn 0.0 -0.7071 0.7071
vn 0.0 -0.5258 0.8506
vn -0.0 -0.0 1.0
vn 0.0 -0.426 0.9047
vn -0.0 -0.0 1.0
vn -0.0 -0.0 1.0
vn -0.0 -0.0 1.0
vn 0.2274 -0.9385 -0.2598
vn 0.9386 -0.2269 -0.2599
vn -0.4859 -0.6759 0.5542
vn 0.0241 -0.7836 0.6208
vn 0.7836 -0.0241 0.6208
vn 0.2274 -0.9385 -0.2598
vn 0.9386 -0.2269 -0.2599
vn -0.4859 -0.6759 0.5542
vn 0.0241 -0.7836 0.6208
vn 0.7836 -0.0241 0.6208
vn 0.2274 -0.9385 -0.2598
vn 0.9386 -0.2269 -0.2599
vn -0.4859 -0.6759 0.5542
vn 0.0241 -0.7836 0.6208
vn 0.7836 -0.0241 0.6208
vn 0.2274 -0.9385 -0.2598
vn 0.9386 -0.2269 -0.2599
vn -0.4859 -0.6759 0.5542
vn 0.0241 -0.7836 0.6208
vn 0.7836 -0.0241 0.6208
vn 0.2274 -0.9385 -0.2598
vn 0.9386 -0.2269 -0.2599
vn -0.4859 -0.6759 0.5542
vn 0.0241 -0.7836 0.6208
vn 0.7836 -0.0241 0.6208
vn 0.2274 -0.9385 -0.2598
vn 0.9386 -0.2269 -0.2599
vn -0.4859 -0.6759 0.5542
vn 0.0241 -0.7836 0.6208
vn 0.7836 -0.0241 0.6208
vn 0.2274 -0.9385 -0.2598
vn 0.9386 -0.2269 -0.2599
vn -0.4859 -0.6759 0.5542
vn 0.0241 -0.7836 0.6208
vn 0.7836 -0.0241 0.6208
vn 0.2274 -0.9385 -0.2598
vn 0.9386 -0.2269 -0.2599
vn -0.4859 -0.6759 0.5542
vn 0.0241 -0.7836 0.6208
vn 0.7836 -0.0241 0.6208
vn 0.2274 -0.9385 -0.2598
vn 0.9386 -0.2269 -0.2599
vn -0.4859 -0.6759 0.5542
vn 0.0241 -0.7836 0.6208
vn 0.7836 -0.0241 0.6208
vn 0.2274 -0.9385 -0.2598
vn 0.9386 -0.2269 -0.2599
vn -0.4859 -0.6759 0.5542
vn 0.0241 -0.7836 0.6208
vn 0.7836 -0.0241 0.6208
vn 0.0 -0.7071 0.7071
vn 0.0 -0.5258 0.8506
vn -0.0 -0.0 1.0
vn 0.0 -0.426 0.9047
vn -0.0 -0.0 1.0
vn -0.0808 -0.1651 0.983
vn -0.0178 -0.2269 0.9738
vn -0.0558 -0.6983 0.7136
vn -0.3474 -0.5641 0.7491
vn -0.1819 -0.0679 0.981
vn -0.1788 -0.0657 0.9817
vn -0.5999 -0.2295 0.7665
vn -0.6978 -0.0672 0.7132
vn -0.6948 -0.0644 0.7163
vn -0.6012 -0.2303 0.7652
vn -0.6426 -0.3262 0.6933
vn -0.3477 -0.5703 0.7442
vn -0.25 -0.5665 0.7852
vn -0.0567 -0.6961 0.7157
vn 0.0 0.0 1.0
vn -0.6425 -0.3262 0.6933
vn -0.0808 -0.1651 0.983
vn -0.0178 -0.2269 0.9738
vn -0.0558 -0.6983 0.7136
vn -0.3474 -0.5641 0.7491
vn -0.1819 -0.0679 0.981
vn -0.1788 -0.0657 0.9817
vn -0.5999 -0.2295 0.7665
vn -0.6978 -0.0672 0.7132
vn -0.6948 -0.0644 0.7163
vn -0.6012 -0.2303 0.7652
vn -0.6426 -0.3262 0.6933
vn -0.3477 -0.5703 0.7442
vn -0.25 -0.5665 0.7852
vn -0.0567 -0.6961 0.7157
vn 0.0 0.0 1.0
vn -0.6425 -0.3262 0.6933
vn 0.0 -0.7071 0.7071
vn 0.0 -0.5258 0.8506
vn -0.0 -0.0 1.0
vn 0.0 -0.426 0.9047
vn -0.0 -0.0 1.0
vn -0.0 -0.0 1.0
vn -0.0 -0.0 1.0
vn -0.0 -0.0 1.0
c 1.0 1.0 1.0
c 1.0 1.0 1.0
c 1.0 1.0 1.0
c 1.0 1.0 1.0
c 1.0 1.0 1.0
c 1.0 1.0 1.0
c 1.0 1.0 1.0
c 1.0 1.0 1.0
c 1.0 1.0 1.0
c 1.0 1.0 1.0
c 1.0 1.0 1.0
c 1.0 1.0 1.0
c 1.0 1.0 1.0
c 1.0 1.0 1.0
c 1.0 1.0 1.0
c 1.0 1.0 1.0
c 1.0 1.0 1.0
c 1.0 1.0 1.0
c 1.0 1.0 1.0
c 1.0 1.0 1.0
c 1.0 1.0 1.0
c 1.0 1.0 1.0
c 1.0 1.0 1.0
c 1.0 1.0 1.0
c 1.0 1.0 1.0
c 1.0 1.0 1.0
c 1.0 1.0 1.0
c 1.0 1.0 1.0
c 1.0 1.0 1.0
c 1.0 1.0 1.0
c 1.0 1.0 1.0
c 1.0 1.0 1.0
c 1.0 1.0 1.0
c 1.0 1.0 1.0
c 1.0 1.0 1.0
c 1.0 1.0 1.0
c 1.0 1.0 1.0
c 1.0 1.0 1.0
c 1.0 1.0 1.0
c 1.0 1.0 1.0
c 1.0 1.0 1.0
c 1.0 1.0 1.0
c 1.0 1.0 1.0
c 1.0 1.0 1.0
c 1.0 1.0 1.0
c 1.0 1.0 1.0
c 1.0 1.0 1.0
c 1.0 1.0 1.0
c 1.0 1.0 1.0
c 1.0 1.0 1.0
c 1.0 1.0 1.0
c 1.0 1.0 1.0
c 1.0 1.0 1.0
c 1.0 1.0 1.0
c 1.0 1.0 1.0
c 1.0 1.0 1.0
c 1.0 1.0 1.0
c 1.0 1.0 1.0
c 1.0 1.0 1.0
c 1.0 1.0 1.0
c 1.0 1.0 1.0
c 1.0 1.0 1.0
c 1.0 1.0 1.0
c 1.0 1.0 1.0
c 1.0 1.0 1.0
c 1.0 1.0 1.0
c 1.0 1.0 1.0
c 1.0 1.0 1.0
c 1.0 1.0 1.0
c 1.0 1.0 1.0
c 1.0 1.0 1.0
c 1.0 1.0 1.0
c 1.0 1.0 1.0
c 1.0 1.0 1.0
c 1.0 1.0 1.0
c 1.0 1.0 1.0
c 1.0 1.0 1.0
c 1.0 1.0 1.0
c 1.0 1.0 1.0
c 1.0 1.0 1.0
c 1.0 1.0 1.0
c 1.0 1.0 1.0
c 1.0 1.0 1.0
c 1.0 1.0 1.0
c 1.0 1.0 1.0
c 1.0 1.0 1.0
c 1.0 1.0 1.0
c 1.0 1.0 1.0
c 1.0 1.0 1.0
c 1.0 1.0 1.0
c 1.0 1.0 1.0
c 1.0 1.0 1.0
c 1.0 1.0 1.0
c 1.0 1.0 1.0
c 1.0 1.0 1.0
c 1.0 1.0 1.0
c 1.0 1.0 1.0
c 1.0 1.0 1.0
c 1.0 1.0 1.0
c 1.0 1.0 1.0
c 1.0 1.0 1.0
c 1.0 1.0 1.0
c 1.0 1.0 1.0
c 1.0 1.0 1.0
c 1.0 1.0 1.0
c 1.0 1.0 1.0
c 1.0 1.0 1.0
c 1.0 1.0 1.0
c 1.0 1.0 1.0
c 1.0 1.0 1.0
c 1.0 1.0 1.0
c 1.0 1.0 1.0
c 1.0 1.0 1.0
c 1.0 1.0 1.0
c 1.0 1.0 1.0
c 1.0 1.0 1.0
c 1.0 1.0 1.0
c 1.0 1.0 1.0
c 1.0 1.0 1.0
c 1.0 1.0 1.0
c 1.0 1.0 1.0
c 1.0 1.0 1.0
c 1.0 1.0 1.0
c 1.0 1.0 1.0
c 1.0 1.0 1.0
c 1.0 1.0 1.0
c 1.0 1.0 1.0
c 1.0 1.0 1.0
c 1.0 1.0 1.0
c 1.0 1.0 1.0
c 1.0 1.0 1.0
c 1.0 1.0 1.0
c 1.0 1.0 1.0
c 1.0 1.0 1.0
c 1.0 1.0 1.0
c 1.0 1.0 1.0
c 1.0 1.0 1.0
c 1.0 1.0 1.0
c 1.0 1.0 1.0
c 1.0 1.0 1.0
c 1.0 1.0 1.0
c 1.0 1.0 1.0
c 1.0 1.0 1.0
c 1.0 1.0 1.0
c 1.0 1.0 1.0
c 1.0 1.0 1.0
c 1.0 1.0 1.0
c 1.0 1.0 1.0
c 1.0 1.0 1.0
c 1.0 1.0 1.0
c 1.0 1.0 1.0
c 1.0 1.0 1.0
c 1.0 1.0 1.0
c 1.0 1.0 1.0
c 1.0 1.0 1.0
c 1.0 1.0 1.0
c 1.0 1.0 1.0
c 1.0 1.0 1.0
c 1.0 1.0 1.0
c 1.0 1.0 1.0
c 1.0 1.0 1.0
c 1.0 1.0 1.0
c 1.0 1.0 1.0
c 1.0 1.0 1.0
c 1.0 1.0 1.0
c 1.0 1.0 1.0
c 1.0 1.0 1.0
c 1.0 1.0 1.0
c 1.0 1.0 1.0
c 1.0 1.0 1.0
c 1.0 1.0 1.0
c 1.0 1.0 1.0
c 1.0 1.0 1.0
c 1.0 1.0 1.0
c 1.0 1.0 1.0
c 1.0 1.0 1.0
c 1.0 1.0 1.0
c 1.0 1.0 1.0
c 1.0 1.0 1.0
c 1.0 1.0 1.0
c 1.0 1.0 1.0
c 1.0 1.0 1.0
c 1.0 1.0 1.0
c 1.0 1.0 1.0
c 1.0 1.0 1.0
c 1.0 1.0 1.0
c 1.0 1.0 1.0
c 1.0 1.0 1.0
c 1.0 1.0 1.0
c 1.0 1.0 1.0
c 1.0 1.0 1.0
c 1.0 1.0 1.0
c 1.0 1.0 1.0
c 1.0 1.0 1.0
c 1.0 1.0 1.0
c 1.0 1.0 1.0
c 1.0 1.0 1.0
c 1.0 1.0 1.0
c 1.0 1.0 1.0
c 1.0 1.0 1.0
c 1.0 1.0 1.0
c 1.0 1.0 1.0
c 1.0 1.0 1.0
c 1.0 1.0 1.0
c 1.0 1.0 1.0
c 1.0 1.0 1.0
c 1.0 1.0 1.0
c 1.0 1.0 1.0
c 1.0 1.0 1.0
c 1.0 1.0 1.0
c 1.0 1.0 1.0
c 1.0 1.0 1.0
c 1.0 1.0 1.0
c 1.0 1.0 1.0
c 1.0 1.0 1.0
c 1.0 1.0 1.0
c 1.0 1.0 1.0
c 1.0 1.0 1.0
c 1.0 1.0 1.0
c 1.0 1.0 1.0
c 1.0 1.0 1.0
c 1.0 1.0 1.0
c 1.0 1.0 1.0
c 1.0 1.0 1.0
c 1.0 1.0 1.0
c 1.0 1.0 1.0
c 1.0 1.0 1.0
c 1.0 1.0 1.0
c 1.0 1.0 1.0
c 1.0 1.0 1.0
c 1.0 1.0 1.0
c 1.0 1.0 1.0
c 1.0 1.0 1.0
c 1.0 1.0 1.0
c 1.0 1.0 1.0
c 1.0 1.0 1.0
c 1.0 1.0 1.0
c 1.0 1.0 1.0
c 1.0 1.0 1.0
c 1.0 1.0 1.0
c 1.0 1.0 1.0
c 1.0 1.0 1.0
c 1.0 1.0 1.0
c 1.0 1.0 1.0
c 1.0 1.0 1.0
c 1.0 1.0 1.0
c 1.0 1.0 1.0
c 1.0 1.0 1.0
c 1.0 1.0 1.0
c 1.0 1.0 1.0
c 1.0 1.0 1.0
c 1.0 1.0 1.0
c 1.0 1.0 1.0
c 1.0 1.0 1.0
c 1.0 1.0 1.0
c 1.0 1.0 1.0
c 1.0 1.0 1.0
c 1.0 1.0 1.0
c 1.0 1.0 1.0
c 1.0 1.0 1.0
c 1.0 1.0 1.0
c 1.0 1.0 1.0
c 1.0 1.0 1.0
c 1.0 1.0 1.0
c 1.0 1.0 1.0
c 1.0 1.0 1.0
c 1.0 1.0 1.0
c 1.0 1.0 1.0
c 1.0 1.0 1.0
c 1.0 1.0 1.0
c 1.0 1.0 1.0
c 1.0 1.0 1.0
c 1.0 1.0 1.0
c 1.0 1.0 1.0
c 1.0 1.0 1.0
c 1.0 1.0 1.0
c 1.0 1.0 1.0
c 1.0 1.0 1.0
c 1.0 1.0 1.0
c 1.0 1.0 1.0
c 1.0 1.0 1.0
c 1.0 1.0 1.0
c 1.0 1.0 1.0
c 1.0 1.0 1.0
c 1.0 1.0 1.0
c 1.0 1.0 1.0
c 1.0 1.0 1.0
c 1.0 1.0 1.0
c 1.0 1.0 1.0
c 1.0 1.0 1.0
c 1.0 1.0 1.0
c 1.0 1.0 1.0
c 1.0 1.0 1.0
c 1.0 1.0 1.0
c 1.0 1.0 1.0
c 1.0 1.0 1.0
c 1.0 1.0 1.0
c 1.0 1.0 1.0
c 1.0 1.0 1.0
c 1.0 1.0 1.0
c 1.0 1.0 1.0
c 1.0 1.0 1.0
c 1.0 1.0 1.0
c 1.0 1.0 1.0
c 1.0 1.0 1.0
c 1.0 1.0 1.0
c 1.0 1.0 1.0
c 1.0 1.0 1.0
c 1.0 1.0 1.0
c 1.0 1.0 1.0
c 1.0 1.0 1.0
c 1.0 1.0 1.0
c 1.0 1.0 1.0
c 1.0 1.0 1.0
c 1.0 1.0 1.0
c 1.0 1.0 1.0
c 1.0 1.0 1.0
c 1.0 1.0 1.0
c 1.0 1.0 1.0
c 1.0 1.0 1.0
c 1.0 1.0 1.0
c 1.0 1.0 1.0
c 1.0 1.0 1.0
c 1.0 1.0 1.0
c 1.0 1.0 1.0
c 1.0 1.0 1.0
c 1.0 1.0 1.0
c 1.0 1.0 1.0
c 1.0 1.0 1.0
c 1.0 1.0 1.0
c 1.0 1.0 1.0
c 1.0 1.0 1.0
c 1.0 1.0 1.0
c 1.0 1.0 1.0
c 1.0 1.0 1.0
c 1.0 1.0 1.0
c 1.0 1.0 1.0
c 1.0 1.0 1.0
c 1.0 1.0 1.0
c 1.0 1.0 1.0
c 1.0 1.0 1.0
c 1.0 1.0 1.0
c 1.0 1.0 1.0
c 1.0 1.0 1.0
c 1.0 1.0 1.0
c 1.0 1.0 1.0
c 1.0 1.0 1.0
c 1.0 1.0 1.0
c 1.0 1.0 1.0
c 1.0 1.0 1.0
c 1.0 1.0 1.0
c 1.0 1.0 1.0
c 1.0 1.0 1.0
c 1.0 1.0 1.0
c 1.0 1.0 1.0
c 1.0 1.0 1.0
c 1.0 1.0 1.0
c 1.0 1.0 1.0
c 1.0 1.0 1.0
c 1.0 1.0 1.0
c 1.0 1.0 1.0
c 1.0 1.0 1.0
c 1.0 1.0 1.0
c 1.0 1.0 1.0
c 1.0 1.0 1.0
c 1.0 1.0 1.0
c 1.0 1.0 1.0
c 1.0 1.0 1.0
c 1.0 1.0 1.0
c 1.0 1.0 1.0
c 1.0 1.0 1.0
c 1.0 1.0 1.0
c 1.0 1.0 1.0
c 1.0 1.0 1.0
c 1.0 1.0 1.0
c 1.0 1.0 1.0
c 1.0 1.0 1.0
c 1.0 1.0 1.0
c 1.0 1.0 1.0
c 1.0 1.0 1.0
c 1.0 1.0 1.0
c 1.0 1.0 1.0
c 1.0 1.0 1.0
c 1.0 1.0 1.0
c 1.0 1.0 1.0
c 1.0 1.0 1.0
c 1.0 1.0 1.0
c 1.0 1.0 1.0
c 1.0 1.0 1.0
c 1.0 1.0 1.0
c 1.0 1.0 1.0
c 1.0 1.0 1.0
c 1.0 1.0 1.0
c 1.0 1.0 1.0
c 1.0 1.0 1.0
c 1.0 1.0 1.0
c 1.0 1.0 1.0
c 1.0 1.0 1.0
c 1.0 1.0 1.0
c 1.0 1.0 1.0
c 1.0 1.0 1.0
c 1.0 1.0 1.0
c 1.0 1.0 1.0
c 1.0 1.0 1.0
c 1.0 1.0 1.0
c 1.0 1.0 1.0
c 1.0 1.0 1.0
c 1.0 1.0 1.0
c 1.0 1.0 1.0
c 1.0 1.0 1.0
c 1.0 1.0 1.0
c 1.0 1.0 1.0
c 1.0 1.0 1.0
c 1.0 1.0 1.0
c 1.0 1.0 1.0
c 1.0 1.0 1.0
c 1.0 1.0 1.0
c 1.0 1.0 1.0
c 1.0 1.0 1.0
c 1.0 1.0 1.0
c 1.0 1.0 1.0
c 1.0 1.0 1.0
c 1.0 1.0 1.0
c 1.0 1.0 1.0
c 1.0 1.0 1.0
c 1.0 1.0 1.0
c 1.0 1.0 1.0
c 1.0 1.0 1.0
c 1.0 1.0 1.0
c 1.0 1.0 1.0
c 1.0 1.0 1.0
c 1.0 1.0 1.0
c 1.0 1.0 1.0
c 1.0 1.0 1.0
c 1.0 1.0 1.0
c 1.0 1.0 1.0
c 1.0 1.0 1.0
c 1.0 1.0 1.0
c 1.0 1.0 1.0
c 1.0 1.0 1.0
c 1.0 1.0 1.0
c 1.0 1.0 1.0
c 1.0 1.0 1.0
c 1.0 1.0 1.0
c 1.0 1.0 1.0
c 1.0 1.0 1.0
c 1.0 1.0 1.0
c 1.0 1.0 1.0
c 1.0 1.0 1.0
c 1.0 1.0 1.0
c 1.0 1.0 1.0
c 1.0 1.0 1.0
c 1.0 1.0 1.0
c 1.0 1.0 1.0
c 1.0 1.0 1.0
c 1.0 1.0 1.0
c 1.0 1.0 1.0
c 1.0 1.0 1.0
c 1.0 1.0 1.0
c 1.0 1.0 1.0
c 1.0 1.0 1.0
c 1.0 1.0 1.0
c 1.0 1.0 1.0
c 1.0 1.0 1.0
c 1.0 1.0 1.0
c 1.0 1.0 1.0
c 1.0 1.0 1.0
c 1.0 1.0 1.0
c 1.0 1.0 1.0
c 1.0 1.0 1.0
c 1.0 1.0 1.0
c 1.0 1.0 1.0
c 1.0 1.0 1.0
c 1.0 1.0 1.0
c 1.0 1.0 1.0
c 1.0 1.0 1.0
c 1.0 1.0 1.0
c 1.0 1.0 1.0
c 1.0 1.0 1.0
c 1.0 1.0 1.0
c 1.0 1.0 1.0
c 1.0 1.0 1.0
c 1.0 1.0 1.0
c 1.0 1.0 1.0
c 1.0 1.0 1.0
c 1.0 1.0 1.0
c 1.0 1.0 1.0
c 1.0 1.0 1.0
c 1.0 1.0 1.0
c 1.0 1.0 1.0
c 1.0 1.0 1.0
c 1.0 1.0 1.0
c 1.0 1.0 1.0
c 1.0 1.0 1.0
c 1.0 1.0 1.0
c 1.0 1.0 1.0
c 1.0 1.0 1.0
c 1.0 1.0 1.0
c 1.0 1.0 1.0
c 1.0 1.0 1.0
c 1.0 1.0 1.0
c 1.0 1.0 1.0
c 1.0 1.0 1.0
c 1.0 1.0 1.0
c 1.0 1.0 1.0
c 1.0 1.0 1.0
c 1.0 1.0 1.0
c 1.0 1.0 1.0
c 1.0 1.0 1.0
c 1.0 1.0 1.0
c 1.0 1.0 1.0
c 1.0 1.0 1.0
c 1.0 1.0 1.0
c 1.0 1.0 1.0
c 1.0 1.0 1.0
c 1.0 1.0 1.0
c 1.0 1.0 1.0
c 1.0 1.0 1.0
c 1.0 1.0 1.0
c 1.0 1.0 1.0
c 1.0 1.0 1.0
c 1.0 1.0 1.0
c 1.0 1.0 1.0
c 1.0 1.0 1.0
c 1.0 1.0 1.0
c 1.0 1.0 1.0
c 1.0 1.0 1.0
c 1.0 1.0 1.0
c 1.0 1.0 1.0
c 1.0 1.0 1.0
c 1.0 1.0 1.0
c 1.0 1.0 1.0
c 1.0 1.0 1.0
c 1.0 1.0 1.0
c 1.0 1.0 1.0
c 1.0 1.0 1.0
c 1.0 1.0 1.0
c 1.0 1.0 1.0
c 1.0 1.0 1.0
c 1.0 1.0 1.0
c 1.0 1.0 1.0
c 1.0 1.0 1.0
c 1.0 1.0 1.0
c 1.0 1.0 1.0
c 1.0 1.0 1.0
c 1.0 1.0 1.0
c 1.0 1.0 1.0
c 1.0 1.0 1.0
c 1.0 1.0 1.0
c 1.0 1.0 1.0
c 1.0 1.0 1.0
c 1.0 1.0 1.0
c 1.0 1.0 1.0
c 1.0 1.0 1.0
c 1.0 1.0 1.0
c 1.0 1.0 1.0
c 1.0 1.0 1.0
c 1.0 1.0 1.0
c 1.0 1.0 1.0
c 1.0 1.0 1.0
c 1.0 1.0 1.0
c 1.0 1.0 1.0
c 1.0 1.0 1.0
c 1.0 1.0 1.0
c 1.0 1.0 1.0
c 1.0 1.0 1.0
c 1.0 1.0 1.0
c 1.0 1.0 1.0
c 1.0 1.0 1.0
c 1.0 1.0 1.0
c 1.0 1.0 1.0
c 1.0 1.0 1.0
c 1.0 1.0 1.0
c 1.0 1.0 1.0
c 1.0 1.0 1.0
c 1.0 1.0 1.0
c 1.0 1.0 1.0
c 1.0 1.0 1.0
c 1.0 1.0 1.0
c 1.0 1.0 1.0
c 1.0 1.0 1.0
c 1.0 1.0 1.0
c 1.0 1.0 1.0
c 1.0 1.0 1.0
c 1.0 1.0 1.0
c 1.0 1.0 1.0
c 1.0 1.0 1.0
c 1.0 1.0 1.0
c 1.0 1.0 1.0
c 1.0 1.0 1.0
c 1.0 1.0 1.0
c 1.0 1.0 1.0
c 1.0 1.0 1.0
c 1.0 1.0 1.0
c 1.0 1.0 1.0
c 1.0 1.0 1.0
c 1.0 1.0 1.0
c 1.0 1.0 1.0
c 1.0 1.0 1.0
c 1.0 1.0 1.0
c 1.0 1.0 1.0
c 1.0 1.0 1.0
c 1.0 1.0 1.0
c 1.0 1.0 1.0
c 1.0 1.0 1.0
c 1.0 1.0 1.0
c 1.0 1.0 1.0
c 1.0 1.0 1.0
c 1.0 1.0 1.0
c 1.0 1.0 1.0
usemtl sea_line02
s off
f 89/86/82/16 87/87/83/16 82/88/84/16 81/89/77/16
f 87/87/83/16 88/90/77/16 83/91/77/16 82/88/84/16
f 397/388/318/59 399/389/319/59 398/390/320/59 396/391/321/59
f 403/392/322/59 405/393/309/59 404/394/309/59 402/395/323/59
f 401/396/324/59 403/392/322/59 402/395/323/59 400/397/325/59
f 389/398/309/59 391/399/326/59 390/400/327/59 388/401/309/59
f 391/399/326/59 393/402/309/59 392/403/309/59 390/400/327/59
f 395/404/328/59 397/388/318/59 396/391/321/59 394/405/329/59
f 574/579/452/83 572/580/453/83 567/581/454/83 566/582/447/83
f 572/580/453/83 573/583/447/83 568/584/447/83 567/581/454/83
f 1229/1228/976/173 1231/1229/977/173 1230/1230/978/173 1228/1231/979/173
f 1235/1232/980/173 1237/1233/967/173 1236/1234/967/173 1234/1235/981/173
f 1233/1236/982/173 1235/1232/980/173 1234/1235/981/173 1232/1237/983/173
f 1221/1238/967/173 1223/1239/984/173 1222/1240/985/173 1220/1241/967/173
f 1223/1239/984/173 1225/1242/967/173 1224/1243/967/173 1222/1240/985/173
f 1227/1244/986/173 1229/1228/976/173 1228/1231/979/173 1226/1245/987/173
f 1399/1412/1112/195 1397/1413/1113/195 1392/1414/1114/195 1391/1415/1107/195
f 1397/1413/1113/195 1398/1416/1107/195 1393/1417/1107/195 1392/1414/1114/195
f 1827/1834/1471/268 1829/1835/1472/268 1828/1836/1473/268 1826/1837/1474/268
f 1833/1838/1475/268 1835/1839/1462/268 1834/1840/1462/268 1832/1841/1476/268
f 1831/1842/1477/268 1833/1838/1475/268 1832/1841/1476/268 1830/1843/1478/268
f 1819/1844/1462/268 1821/1845/1479/268 1820/1846/1480/268 1818/1847/1462/268
f 1821/1845/1479/268 1823/1848/1462/268 1822/1849/1462/268 1820/1846/1480/268
f 1825/1850/1481/268 1827/1834/1471/268 1826/1837/1474/268 1824/1851/1482/268
f 1932/1953/1570/284 1930/1954/1571/284 1925/1955/1572/284 1924/1956/1565/284
f 1930/1954/1571/284 1931/1957/1565/284 1926/1958/1565/284 1925/1955/1572/284
f 2388/2403/1943/356 2390/2404/1944/356 2389/2405/1945/356 2387/2406/1946/356
f 2394/2407/1947/356 2396/2408/1934/356 2395/2409/1934/356 2393/2410/1948/356
f 2392/2411/1949/356 2394/2407/1947/356 2393/2410/1948/356 2391/2412/1950/356
f 2380/2413/1934/356 2382/2414/1951/356 2381/2415/1952/356 2379/2416/1934/356
f 2382/2414/1951/356 2384/2417/1934/356 2383/2418/1934/356 2381/2415/1952/356
f 2386/2419/1953/356 2388/2403/1943/356 2387/2406/1946/356 2385/2420/1954/356
f 2522/2551/2047/378 2520/2552/2048/378 2515/2553/2049/378 2514/2554/2042/378
f 2520/2552/2048/378 2521/2555/2042/378 2516/2556/2042/378 2515/2553/2049/378
f 2671/2694/2158/396 2673/2695/2159/396 2672/2696/2160/396 2670/2697/2161/396
f 2677/2698/2162/396 2679/2699/2149/396 2678/2700/2149/396 2676/2701/2163/396
f 2675/2702/2164/396 2677/2698/2162/396 2676/2701/2163/396 2674/2703/2165/396
f 2663/2704/2149/396 2665/2705/2166/396 2664/2706/2167/396 2662/2707/2149/396
f 2665/2705/2166/396 2667/2708/2149/396 2666/2709/2149/396 2664/2706/2167/396
f 2669/2710/2168/396 2671/2694/2158/396 2670/2697/2161/396 2668/2711/2169/396
f 2792/2829/2255/415 2790/2830/2256/415 2785/2831/2257/415 2784/2832/2250/415
f 2790/2830/2256/415 2791/2833/2250/415 2786/2834/2250/415 2785/2831/2257/415
f 3464/3495/2780/518 3466/3496/2781/518 3465/3497/2782/518 3463/3498/2783/518
f 3470/3499/2784/518 3472/3500/2771/518 3471/3501/2771/518 3469/3502/2785/518
f 3468/3503/2786/518 3470/3499/2784/518 3469/3502/2785/518 3467/3504/2787/518
f 3456/3505/2771/518 3458/3506/2788/518 3457/3507/2789/518 3455/3508/2771/518
f 3458/3506/2788/518 3460/3509/2771/518 3459/3510/2771/518 3457/3507/2789/518
f 3462/3511/2790/518 3464/3495/2780/518 3463/3498/2783/518 3461/3512/2791/518
f 3608/3653/2891/537 3606/3654/2892/537 3601/3655/2893/537 3600/3656/2886/537
f 3606/3654/2892/537 3607/3657/2886/537 3602/3658/2886/537 3601/3655/2893/537
f 3819/3858/3036/558 3821/3859/3037/558 3820/3860/3038/558 3818/3861/3039/558
f 3825/3862/3040/558 3827/3863/3027/558 3826/3864/3027/558 3824/3865/3041/558
f 3823/3866/3042/558 3825/3862/3040/558 3824/3865/3041/558 3822/3867/3043/558
f 3811/3868/3027/558 3813/3869/3044/558 3812/3870/3045/558 3810/3871/3027/558
f 3813/3869/3044/558 3815/3872/3027/558 3814/3873/3027/558 3812/3870/3045/558
f 3817/3874/3046/558 3819/3858/3036/558 3818/3861/3039/558 3816/3875/3047/558
f 4036/4089/3187/582 4034/4090/3188/582 4029/4091/3189/582 4028/4092/3182/582
f 4034/4090/3188/582 4035/4093/3182/582 4030/4094/3182/582 4029/4091/3189/582
f 2/1/1/1 3/2/2/1 5/3/3/1
f 4/4/4/1 2/1/1/1 1/5/5/1
f 4/4/4/1 3/2/2/1 2/1/1/1
f 7/6/6/2 8/7/7/2 10/8/8/2
f 9/9/9/2 7/6/6/2 6/10/10/2
f 9/9/9/2 8/7/7/2 7/6/6/2
f 12/11/11/3 13/12/12/3 15/13/13/3
f 14/14/14/3 12/11/11/3 11/15/15/3
f 14/14/14/3 13/12/12/3 12/11/11/3
f 17/16/16/4 18/17/17/4 20/18/18/4
f 19/19/19/4 17/16/16/4 16/20/20/4
f 19/19/19/4 18/17/17/4 17/16/16/4
f 22/21/21/5 23/22/22/5 25/23/23/5
f 24/24/24/5 22/21/21/5 21/25/25/5
f 24/24/24/5 23/22/22/5 22/21/21/5
f 27/26/26/6 28/27/27/6 30/28/28/6
f 29/29/29/6 27/26/26/6 26/30/30/6
f 29/29/29/6 28/27/27/6 27/26/26/6
f 32/31/31/7 33/32/32/7 35/33/33/7
f 34/34/34/7 32/31/31/7 31/35/35/7
f 34/34/34/7 33/32/32/7 32/31/31/7
f 37/36/36/8 38/37/37/8 40/38/38/8
f 39/39/39/8 37/36/36/8 36/40/40/8
f 39/39/39/8 38/37/37/8 37/36/36/8
f 42/41/41/9 43/42/42/9 45/43/43/9
f 44/44/44/9 42/41/41/9 41/45/45/9
f 44/44/44/9 43/42/42/9 42/41/41/9
f 47/46/46/10 48/47/47/10 50/48/48/10
f 49/49/49/10 47/46/46/10 46/50/50/10
f 49/49/49/10 48/47/47/10 47/46/46/10
f 52/51/51/11 53/52/52/11 55/53/53/11
f 54/54/54/11 52/51/51/11 51/55/55/11
f 54/54/54/11 53/52/52/11 52/51/51/11
f 57/56/56/12 58/57/57/12 60/58/58/12
f 59/59/59/12 57/56/56/12 56/60/60/12
f 59/59/59/12 58/57/57/12 57/56/56/12
f 62/61/61/13 63/62/62/13 65/63/63/13
f 64/64/64/13 62/61/61/13 61/65/65/13
f 64/64/64/13 63/62/62/13 62/61/61/13
f 67/66/66/14 68/67/67/14 70/68/68/14
f 69/69/69/14 67/66/66/14 66/70/70/14
f 69/69/69/14 68/67/67/14 67/66/66/14
f 72/71/71/15 73/72/72/15 75/73/73/15
f 74/74/74/15 72/71/71/15 71/75/75/15
f 74/74/74/15 73/72/72/15 72/71/71/15
f 155/154/114/25 156/155/115/25 158/156/116/25
f 157/157/117/25 155/154/114/25 154/158/118/25
f 157/157/117/25 156/155/115/25 155/154/114/25
f 160/159/119/26 161/160/120/26 163/161/121/26
f 162/162/122/26 160/159/119/26 159/163/123/26
f 162/162/122/26 161/160/120/26 160/159/119/26
f 165/164/124/27 166/165/125/27 168/166/126/27
f 167/167/127/27 165/164/124/27 164/168/128/27
f 167/167/127/27 166/165/125/27 165/164/124/27
f 170/169/129/28 171/170/130/28 173/171/131/28
f 172/172/132/28 170/169/129/28 169/173/133/28
f 172/172/132/28 171/170/130/28 170/169/129/28
f 175/174/134/29 176/175/135/29 178/176/136/29
f 177/177/137/29 175/174/134/29 174/178/138/29
f 177/177/137/29 176/175/135/29 175/174/134/29
f 180/179/139/30 181/180/140/30 183/181/141/30
f 182/182/142/30 180/179/139/30 179/183/143/30
f 182/182/142/30 181/180/140/30 180/179/139/30
f 185/184/144/31 186/185/145/31 188/186/146/31
f 187/187/147/31 185/184/144/31 184/188/148/31
f 187/187/147/31 186/185/145/31 185/184/144/31
f 190/189/149/32 191/190/150/32 193/191/151/32
f 192/192/152/32 190/189/149/32 189/193/153/32
f 192/192/152/32 191/190/150/32 190/189/149/32
f 195/194/154/33 196/195/155/33 198/196/156/33
f 197/197/157/33 195/194/154/33 194/198/158/33
f 197/197/157/33 196/195/155/33 195/194/154/33
f 200/199/159/34 201/200/160/34 203/201/161/34
f 202/202/162/34 200/199/159/34 199/203/163/34
f 202/202/162/34 201/200/160/34 200/199/159/34
f 205/204/164/35 206/205/165/35 208/206/166/35
f 207/207/167/35 205/204/164/35 204/208/168/35
f 207/207/167/35 206/205/165/35 205/204/164/35
f 210/209/169/36 211/210/170/36 213/211/171/36
f 212/212/172/36 210/209/169/36 209/213/173/36
f 212/212/172/36 211/210/170/36 210/209/169/36
f 215/214/174/37 216/215/175/37 218/216/176/37
f 217/217/177/37 215/214/174/37 214/218/178/37
f 217/217/177/37 216/215/175/37 215/214/174/37
f 220/219/179/38 221/220/180/38 223/221/181/38
f 222/222/182/38 220/219/179/38 219/223/183/38
f 222/222/182/38 221/220/180/38 220/219/179/38
f 225/224/184/39 226/225/185/39 228/226/186/39
f 227/227/187/39 225/224/184/39 224/228/188/39
f 227/227/187/39 226/225/185/39 225/224/184/39
f 302/301/233/45 303/302/234/45 305/303/235/45
f 304/304/236/45 302/301/233/45 301/305/237/45
f 304/304/236/45 303/302/234/45 302/301/233/45
f 307/306/238/46 308/307/239/46 310/308/240/46
f 309/309/241/46 307/306/238/46 306/310/242/46
f 309/309/241/46 308/307/239/46 307/306/238/46
f 312/311/243/47 313/312/244/47 315/313/245/47
f 314/314/246/47 312/311/243/47 311/315/247/47
f 314/314/246/47 313/312/244/47 312/311/243/47
f 317/316/248/48 318/317/249/48 320/318/250/48
f 319/319/251/48 317/316/248/48 316/320/252/48
f 319/319/251/48 318/317/249/48 317/316/248/48
f 322/321/253/49 323/322/254/49 325/323/255/49
f 324/324/256/49 322/321/253/49 321/325/257/49
f 324/324/256/49 323/322/254/49 322/321/253/49
f 327/326/258/50 328/327/259/50 330/328/260/50
f 329/329/261/50 327/326/258/50 326/330/262/50
f 329/329/261/50 328/327/259/50 327/326/258/50
f 332/331/263/51 333/332/264/51 335/333/265/51
f 334/334/266/51 332/331/263/51 331/335/267/51
f 334/334/266/51 333/332/264/51 332/331/263/51
f 337/336/268/52 338/337/269/52 340/338/270/52
f 339/339/271/52 337/336/268/52 336/340/272/52
f 339/339/271/52 338/337/269/52 337/336/268/52
f 342/341/273/53 343/342/274/53 345/343/275/53
f 344/344/276/53 342/341/273/53 341/345/277/53
f 344/344/276/53 343/342/274/53 342/341/273/53
f 347/346/278/54 348/347/279/54 350/348/280/54
f 349/349/281/54 347/346/278/54 346/350/282/54
f 349/349/281/54 348/347/279/54 347/346/278/54
f 352/351/283/55 353/352/284/55 355/353/285/55
f 354/354/286/55 352/351/283/55 351/355/287/55
f 354/354/286/55 353/352/284/55 352/351/283/55
f 357/356/288/56 358/357/289/56 360/358/290/56
f 359/359/291/56 357/356/288/56 356/360/292/56
f 359/359/291/56 358/357/289/56 357/356/288/56
f 362/361/293/57 363/362/294/57 365/363/295/57
f 364/364/296/57 362/361/293/57 361/365/297/57
f 364/364/296/57 363/362/294/57 362/361/293/57
f 367/366/298/58 368/367/299/58 370/368/300/58
f 369/369/301/58 367/366/298/58 366/370/302/58
f 369/369/301/58 368/367/299/58 367/366/298/58
f 416/424/340/60 417/425/340/60 418/426/340/60
f 492/499/376/69 493/500/377/69 495/501/378/69
f 494/502/379/69 492/499/376/69 491/503/380/69
f 494/502/379/69 493/500/377/69 492/499/376/69
f 497/504/381/70 498/505/382/70 500/506/383/70
f 499/507/384/70 497/504/381/70 496/508/385/70
f 499/507/384/70 498/505/382/70 497/504/381/70
f 502/509/386/71 503/510/387/71 505/511/388/71
f 504/512/389/71 502/509/386/71 501/513/390/71
f 504/512/389/71 503/510/387/71 502/509/386/71
f 507/514/391/72 508/515/392/72 510/516/393/72
f 509/517/394/72 507/514/391/72 506/518/395/72
f 509/517/394/72 508/515/392/72 507/514/391/72
f 512/519/396/73 513/520/397/73 515/521/398/73
f 514/522/399/73 512/519/396/73 511/523/400/73
f 514/522/399/73 513/520/397/73 512/519/396/73
f 517/524/401/74 518/525/402/74 520/526/403/74
f 519/527/404/74 517/524/401/74 516/528/405/74
f 519/527/404/74 518/525/402/74 517/524/401/74
f 522/529/406/75 523/530/407/75 525/531/408/75
f 524/532/409/75 522/529/406/75 521/533/410/75
f 524/532/409/75 523/530/407/75 522/529/406/75
f 527/534/411/76 528/535/412/76 530/536/413/76
f 529/537/414/76 527/534/411/76 526/538/415/76
f 529/537/414/76 528/535/412/76 527/534/411/76
f 532/539/416/77 533/540/417/77 535/541/418/77
f 534/542/419/77 532/539/416/77 531/543/420/77
f 534/542/419/77 533/540/417/77 532/539/416/77
f 537/544/421/78 538/545/422/78 540/546/423/78
f 539/547/424/78 537/544/421/78 536/548/425/78
f 539/547/424/78 538/545/422/78 537/544/421/78
f 542/549/426/79 543/550/427/79 545/551/428/79
f 544/552/429/79 542/549/426/79 541/553/430/79
f 544/552/429/79 543/550/427/79 542/549/426/79
f 547/554/431/80 548/555/432/80 550/556/433/80
f 549/557/434/80 547/554/431/80 546/558/435/80
f 549/557/434/80 548/555/432/80 547/554/431/80
f 552/559/436/81 553/560/437/81 555/561/438/81
f 554/562/439/81 552/559/436/81 551/563/440/81
f 554/562/439/81 553/560/437/81 552/559/436/81
f 557/564/441/82 558/565/442/82 560/566/443/82
f 559/567/444/82 557/564/441/82 556/568/445/82
f 559/567/444/82 558/565/442/82 557/564/441/82
f 672/679/512/89 673/680/513/89 675/681/514/89
f 674/682/515/89 672/679/512/89 671/683/516/89
f 674/682/515/89 673/680/513/89 672/679/512/89
f 677/684/517/90 678/685/518/90 680/686/519/90
f 679/687/520/90 677/684/517/90 676/688/521/90
f 679/687/520/90 678/685/518/90 677/684/517/90
f 682/689/522/91 683/690/523/91 685/691/524/91
f 684/692/525/91 682/689/522/91 681/693/526/91
f 684/692/525/91 683/690/523/91 682/689/522/91
f 687/694/527/92 688/695/528/92 690/696/529/92
f 689/697/530/92 687/694/527/92 686/698/531/92
f 689/697/530/92 688/695/528/92 687/694/527/92
f 692/699/532/93 693/700/533/93 695/701/534/93
f 694/702/535/93 692/699/532/93 691/703/536/93
f 694/702/535/93 693/700/533/93 692/699/532/93
f 697/704/537/94 698/705/538/94 700/706/539/94
f 699/707/540/94 697/704/537/94 696/708/541/94
f 699/707/540/94 698/705/538/94 697/704/537/94
f 702/709/542/95 703/710/543/95 705/711/544/95
f 704/712/545/95 702/709/542/95 701/713/546/95
f 704/712/545/95 703/710/543/95 702/709/542/95
f 707/714/547/96 708/715/548/96 710/716/549/96
f 709/717/550/96 707/714/547/96 706/718/551/96
f 709/717/550/96 708/715/548/96 707/714/547/96
f 712/719/552/97 713/720/553/97 715/721/554/97
f 714/722/555/97 712/719/552/97 711/723/556/97
f 714/722/555/97 713/720/553/97 712/719/552/97
f 717/724/557/98 718/725/558/98 720/726/559/98
f 719/727/560/98 717/724/557/98 716/728/561/98
f 719/727/560/98 718/725/558/98 717/724/557/98
f 722/729/562/99 723/730/563/99 725/731/564/99
f 724/732/565/99 722/729/562/99 721/733/566/99
f 724/732/565/99 723/730/563/99 722/729/562/99
f 727/734/567/100 728/735/568/100 730/736/569/100
f 729/737/570/100 727/734/567/100 726/738/571/100
f 729/737/570/100 728/735/568/100 727/734/567/100
f 732/739/572/101 733/740/573/101 735/741/574/101
f 734/742/575/101 732/739/572/101 731/743/576/101
f 734/742/575/101 733/740/573/101 732/739/572/101
f 737/744/577/102 738/745/578/102 740/746/579/102
f 739/747/580/102 737/744/577/102 736/748/581/102
f 739/747/580/102 738/745/578/102 737/744/577/102
f 816/823/619/110 817/824/620/110 819/825/621/110
f 818/826/622/110 816/823/619/110 815/827/623/110
f 818/826/622/110 817/824/620/110 816/823/619/110
f 821/828/624/111 822/829/625/111 824/830/626/111
f 823/831/627/111 821/828/624/111 820/832/628/111
f 823/831/627/111 822/829/625/111 821/828/624/111
f 826/833/629/112 827/834/630/112 829/835/631/112
f 828/836/632/112 826/833/629/112 825/837/633/112
f 828/836/632/112 827/834/630/112 826/833/629/112
f 831/838/634/113 832/839/635/113 834/840/636/113
f 833/841/637/113 831/838/634/113 830/842/638/113
f 833/841/637/113 832/839/635/113 831/838/634/113
f 836/843/639/114 837/844/640/114 839/845/641/114
f 838/846/642/114 836/843/639/114 835/847/643/114
f 838/846/642/114 837/844/640/114 836/843/639/114
f 841/848/644/115 842/849/645/115 844/850/646/115
f 843/851/647/115 841/848/644/115 840/852/648/115
f 843/851/647/115 842/849/645/115 841/848/644/115
f 846/853/649/116 847/854/650/116 849/855/651/116
f 848/856/652/116 846/853/649/116 845/857/653/116
f 848/856/652/116 847/854/650/116 846/853/649/116
f 851/858/654/117 852/859/655/117 854/860/656/117
f 853/861/657/117 851/858/654/117 850/862/658/117
f 853/861/657/117 852/859/655/117 851/858/654/117
f 856/863/659/118 857/864/660/118 859/865/661/118
f 858/866/662/118 856/863/659/118 855/867/663/118
f 858/866/662/118 857/864/660/118 856/863/659/118
f 861/868/664/119 862/869/665/119 864/870/666/119
f 863/871/667/119 861/868/664/119 860/872/668/119
f 863/871/667/119 862/869/665/119 861/868/664/119
f 866/873/669/120 867/874/670/120 869/875/671/120
f 868/876/672/120 866/873/669/120 865/877/673/120
f 868/876/672/120 867/874/670/120 866/873/669/120
f 871/878/674/121 872/879/675/121 874/880/676/121
f 873/881/677/121 871/878/674/121 870/882/678/121
f 873/881/677/121 872/879/675/121 871/878/674/121
f 876/883/679/122 877/884/680/122 879/885/681/122
f 878/886/682/122 876/883/679/122 875/887/683/122
f 878/886/682/122 877/884/680/122 876/883/679/122
f 881/888/684/123 882/889/685/123 884/890/686/123
f 883/891/687/123 881/888/684/123 880/892/688/123
f 883/891/687/123 882/889/685/123 881/888/684/123
f 938/945/719/127 939/946/720/127 941/947/721/127
f 940/948/722/127 938/945/719/127 937/949/723/127
f 940/948/722/127 939/946/720/127 938/945/719/127
f 943/950/724/128 944/951/725/128 946/952/726/128
f 945/953/727/128 943/950/724/128 942/954/728/128
f 945/953/727/128 944/951/725/128 943/950/724/128
f 948/955/729/129 949/956/730/129 951/957/731/129
f 950/958/732/129 948/955/729/129 947/959/733/129
f 950/958/732/129 949/956/730/129 948/955/729/129
f 953/960/734/130 954/961/735/130 956/962/736/130
f 955/963/737/130 953/960/734/130 952/964/738/130
f 955/963/737/130 954/961/735/130 953/960/734/130
f 958/965/739/131 959/966/740/131 961/967/741/131
f 960/968/742/131 958/965/739/131 957/969/743/131
f 960/968/742/131 959/966/740/131 958/965/739/131
f 963/970/744/132 964/971/745/132 966/972/746/132
f 965/973/747/132 963/970/744/132 962/974/748/132
f 965/973/747/132 964/971/745/132 963/970/744/132
f 968/975/749/133 969/976/750/133 971/977/751/133
f 970/978/752/133 968/975/749/133 967/979/753/133
f 970/978/752/133 969/976/750/133 968/975/749/133
f 973/980/754/134 974/981/755/134 976/982/756/134
f 975/983/757/134 973/980/754/134 972/984/758/134
f 975/983/757/134 974/981/755/134 973/980/754/134
f 978/985/759/135 979/986/760/135 981/987/761/135
f 980/988/762/135 978/985/759/135 977/989/763/135
f 980/988/762/135 979/986/760/135 978/985/759/135
f 983/990/764/136 984/991/765/136 986/992/766/136
f 985/993/767/136 983/990/764/136 982/994/768/136
f 985/993/767/136 984/991/765/136 983/990/764/136
f 988/995/769/137 989/996/770/137 991/997/771/137
f 990/998/772/137 988/995/769/137 987/999/773/137
f 990/998/772/137 989/996/770/137 988/995/769/137
f 993/1000/774/138 994/1001/775/138 996/1002/776/138
f 995/1003/777/138 993/1000/774/138 992/1004/778/138
f 995/1003/777/138 994/1001/775/138 993/1000/774/138
f 998/1005/779/139 999/1006/780/139 1001/1007/781/139
f 1000/1008/782/139 998/1005/779/139 997/1009/783/139
f 1000/1008/782/139 999/1006/780/139 998/1005/779/139
f 1003/1010/784/140 1004/1011/785/140 1006/1012/786/140
f 1005/1013/787/140 1003/1010/784/140 1002/1014/788/140
f 1005/1013/787/140 1004/1011/785/140 1003/1010/784/140
f 1022/1029/794/143 1023/1030/795/143 1025/1031/796/143
f 1024/1032/797/143 1022/1029/794/143 1021/1033/798/143
f 1024/1032/797/143 1023/1030/795/143 1022/1029/794/143
f 1027/1034/799/144 1028/1035/800/144 1030/1036/801/144
f 1029/1037/802/144 1027/1034/799/144 1026/1038/803/144
f 1029/1037/802/144 1028/1035/800/144 1027/1034/799/144
f 1032/1039/804/145 1033/1040/805/145 1035/1041/806/145
f 1034/1042/807/145 1032/1039/804/145 1031/1043/808/145
f 1034/1042/807/145 1033/1040/805/145 1032/1039/804/145
f 1037/1044/809/146 1038/1045/810/146 1040/1046/811/146
f 1039/1047/812/146 1037/1044/809/146 1036/1048/813/146
f 1039/1047/812/146 1038/1045/810/146 1037/1044/809/146
f 1042/1049/814/147 1043/1050/815/147 1045/1051/816/147
f 1044/1052/817/147 1042/1049/814/147 1041/1053/818/147
f 1044/1052/817/147 1043/1050/815/147 1042/1049/814/147
f 1047/1054/819/148 1048/1055/820/148 1050/1056/821/148
f 1049/1057/822/148 1047/1054/819/148 1046/1058/823/148
f 1049/1057/822/148 1048/1055/820/148 1047/1054/819/148
f 1052/1059/824/149 1053/1060/825/149 1055/1061/826/149
f 1054/1062/827/149 1052/1059/824/149 1051/1063/828/149
f 1054/1062/827/149 1053/1060/825/149 1052/1059/824/149
f 1057/1064/829/150 1058/1065/830/150 1060/1066/831/150
f 1059/1067/832/150 1057/1064/829/150 1056/1068/833/150
f 1059/1067/832/150 1058/1065/830/150 1057/1064/829/150
f 1062/1069/834/151 1063/1070/835/151 1065/1071/836/151
f 1064/1072/837/151 1062/1069/834/151 1061/1073/838/151
f 1064/1072/837/151 1063/1070/835/151 1062/1069/834/151
f 1067/1074/839/152 1068/1075/840/152 1070/1076/841/152
f 1069/1077/842/152 1067/1074/839/152 1066/1078/843/152
f 1069/1077/842/152 1068/1075/840/152 1067/1074/839/152
f 1072/1079/844/153 1073/1080/845/153 1075/1081/846/153
f 1074/1082/847/153 1072/1079/844/153 1071/1083/848/153
f 1074/1082/847/153 1073/1080/845/153 1072/1079/844/153
f 1077/1084/849/154 1078/1085/850/154 1080/1086/851/154
f 1079/1087/852/154 1077/1084/849/154 1076/1088/853/154
f 1079/1087/852/154 1078/1085/850/154 1077/1084/849/154
f 1082/1089/854/155 1083/1090/855/155 1085/1091/856/155
f 1084/1092/857/155 1082/1089/854/155 1081/1093/858/155
f 1084/1092/857/155 1083/1090/855/155 1082/1089/854/155
f 1087/1094/859/156 1088/1095/860/156 1090/1096/861/156
f 1089/1097/862/156 1087/1094/859/156 1086/1098/863/156
f 1089/1097/862/156 1088/1095/860/156 1087/1094/859/156
f 1134/1141/891/159 1135/1142/892/159 1137/1143/893/159
f 1136/1144/894/159 1134/1141/891/159 1133/1145/895/159
f 1136/1144/894/159 1135/1142/892/159 1134/1141/891/159
f 1139/1146/896/160 1140/1147/897/160 1142/1148/898/160
f 1141/1149/899/160 1139/1146/896/160 1138/1150/900/160
f 1141/1149/899/160 1140/1147/897/160 1139/1146/896/160
f 1144/1151/901/161 1145/1152/902/161 1147/1153/903/161
f 1146/1154/904/161 1144/1151/901/161 1143/1155/905/161
f 1146/1154/904/161 1145/1152/902/161 1144/1151/901/161
f 1149/1156/906/162 1150/1157/907/162 1152/1158/908/162
f 1151/1159/909/162 1149/1156/906/162 1148/1160/910/162
f 1151/1159/909/162 1150/1157/907/162 1149/1156/906/162
f 1154/1161/911/163 1155/1162/912/163 1157/1163/913/163
f 1156/1164/914/163 1154/1161/911/163 1153/1165/915/163
f 1156/1164/914/163 1155/1162/912/163 1154/1161/911/163
f 1159/1166/916/164 1160/1167/917/164 1162/1168/918/164
f 1161/1169/919/164 1159/1166/916/164 1158/1170/920/164
f 1161/1169/919/164 1160/1167/917/164 1159/1166/916/164
f 1164/1171/921/165 1165/1172/922/165 1167/1173/923/165
f 1166/1174/924/165 1164/1171/921/165 1163/1175/925/165
f 1166/1174/924/165 1165/1172/922/165 1164/1171/921/165
f 1169/1176/926/166 1170/1177/927/166 1172/1178/928/166
f 1171/1179/929/166 1169/1176/926/166 1168/1180/930/166
f 1171/1179/929/166 1170/1177/927/166 1169/1176/926/166
f 1174/1181/931/167 1175/1182/932/167 1177/1183/933/167
f 1176/1184/934/167 1174/1181/931/167 1173/1185/935/167
f 1176/1184/934/167 1175/1182/932/167 1174/1181/931/167
f 1179/1186/936/168 1180/1187/937/168 1182/1188/938/168
f 1181/1189/939/168 1179/1186/936/168 1178/1190/940/168
f 1181/1189/939/168 1180/1187/937/168 1179/1186/936/168
f 1184/1191/941/169 1185/1192/942/169 1187/1193/943/169
f 1186/1194/944/169 1184/1191/941/169 1183/1195/945/169
f 1186/1194/944/169 1185/1192/942/169 1184/1191/941/169
f 1189/1196/946/170 1190/1197/947/170 1192/1198/948/170
f 1191/1199/949/170 1189/1196/946/170 1188/1200/950/170
f 1191/1199/949/170 1190/1197/947/170 1189/1196/946/170
f 1194/1201/951/171 1195/1202/952/171 1197/1203/953/171
f 1196/1204/954/171 1194/1201/951/171 1193/1205/955/171
f 1196/1204/954/171 1195/1202/952/171 1194/1201/951/171
f 1199/1206/956/172 1200/1207/957/172 1202/1208/958/172
f 1201/1209/959/172 1199/1206/956/172 1198/1210/960/172
f 1201/1209/959/172 1200/1207/957/172 1199/1206/956/172
f 1248/1264/998/174 1249/1265/998/174 1250/1266/998/174
f 1312/1327/1031/180 1313/1328/1032/180 1315/1329/1033/180
f 1314/1330/1034/180 1312/1327/1031/180 1311/1331/1035/180
f 1314/1330/1034/180 1313/1328/1032/180 1312/1327/1031/180
f 1317/1332/1036/181 1318/1333/1037/181 1320/1334/1038/181
f 1319/1335/1039/181 1317/1332/1036/181 1316/1336/1040/181
f 1319/1335/1039/181 1318/1333/1037/181 1317/1332/1036/181
f 1322/1337/1041/182 1323/1338/1042/182 1325/1339/1043/182
f 1324/1340/1044/182 1322/1337/1041/182 1321/1341/1045/182
f 1324/1340/1044/182 1323/1338/1042/182 1322/1337/1041/182
f 1327/1342/1046/183 1328/1343/1047/183 1330/1344/1048/183
f 1329/1345/1049/183 1327/1342/1046/183 1326/1346/1050/183
f 1329/1345/1049/183 1328/1343/1047/183 1327/1342/1046/183
f 1332/1347/1051/184 1333/1348/1052/184 1335/1349/1053/184
f 1334/1350/1054/184 1332/1347/1051/184 1331/1351/1055/184
f 1334/1350/1054/184 1333/1348/1052/184 1332/1347/1051/184
f 1337/1352/1056/185 1338/1353/1057/185 1340/1354/1058/185
f 1339/1355/1059/185 1337/1352/1056/185 1336/1356/1060/185
f 1339/1355/1059/185 1338/1353/1057/185 1337/1352/1056/185
f 1342/1357/1061/186 1343/1358/1062/186 1345/1359/1063/186
f 1344/1360/1064/186 1342/1357/1061/186 1341/1361/1065/186
f 1344/1360/1064/186 1343/1358/1062/186 1342/1357/1061/186
f 1347/1362/1066/187 1348/1363/1067/187 1350/1364/1068/187
f 1349/1365/1069/187 1347/1362/1066/187 1346/1366/1070/187
f 1349/1365/1069/187 1348/1363/1067/187 1347/1362/1066/187
f 1352/1367/1071/188 1353/1368/1072/188 1355/1369/1073/188
f 1354/1370/1074/188 1352/1367/1071/188 1351/1371/1075/188
f 1354/1370/1074/188 1353/1368/1072/188 1352/1367/1071/188
f 1357/1372/1076/189 1358/1373/1077/189 1360/1374/1078/189
f 1359/1375/1079/189 1357/1372/1076/189 1356/1376/1080/189
f 1359/1375/1079/189 1358/1373/1077/189 1357/1372/1076/189
f 1362/1377/1081/190 1363/1378/1082/190 1365/1379/1083/190
f 1364/1380/1084/190 1362/1377/1081/190 1361/1381/1085/190
f 1364/1380/1084/190 1363/1378/1082/190 1362/1377/1081/190
f 1367/1382/1086/191 1368/1383/1087/191 1370/1384/1088/191
f 1369/1385/1089/191 1367/1382/1086/191 1366/1386/1090/191
f 1369/1385/1089/191 1368/1383/1087/191 1367/1382/1086/191
f 1372/1387/1091/192 1373/1388/1092/192 1375/1389/1093/192
f 1374/1390/1094/192 1372/1387/1091/192 1371/1391/1095/192
f 1374/1390/1094/192 1373/1388/1092/192 1372/1387/1091/192
f 1377/1392/1096/193 1378/1393/1097/193 1380/1394/1098/193
f 1379/1395/1099/193 1377/1392/1096/193 1376/1396/1100/193
f 1379/1395/1099/193 1378/1393/1097/193 1377/1392/1096/193
f 1382/1397/1101/194 1383/1398/1102/194 1385/1399/1103/194
f 1384/1400/1104/194 1382/1397/1101/194 1381/1401/1105/194
f 1384/1400/1104/194 1383/1398/1102/194 1382/1397/1101/194
f 1459/1474/1146/200 1460/1475/1147/200 1462/1476/1148/200
f 1461/1477/1149/200 1459/1474/1146/200 1458/1478/1150/200
f 1461/1477/1149/200 1460/1475/1147/200 1459/1474/1146/200
f 1464/1479/1151/201 1465/1480/1152/201 1467/1481/1153/201
f 1466/1482/1154/201 1464/1479/1151/201 1463/1483/1155/201
f 1466/1482/1154/201 1465/1480/1152/201 1464/1479/1151/201
f 1469/1484/1156/202 1470/1485/1157/202 1472/1486/1158/202
f 1471/1487/1159/202 1469/1484/1156/202 1468/1488/1160/202
f 1471/1487/1159/202 1470/1485/1157/202 1469/1484/1156/202
f 1474/1489/1161/203 1475/1490/1162/203 1477/1491/1163/203
f 1476/1492/1164/203 1474/1489/1161/203 1473/1493/1165/203
f 1476/1492/1164/203 1475/1490/1162/203 1474/1489/1161/203
f 1479/1494/1166/204 1480/1495/1167/204 1482/1496/1168/204
f 1481/1497/1169/204 1479/1494/1166/204 1478/1498/1170/204
f 1481/1497/1169/204 1480/1495/1167/204 1479/1494/1166/204
f 1484/1499/1171/205 1485/1500/1172/205 1487/1501/1173/205
f 1486/1502/1174/205 1484/1499/1171/205 1483/1503/1175/205
f 1486/1502/1174/205 1485/1500/1172/205 1484/1499/1171/205
f 1489/1504/1176/206 1490/1505/1177/206 1492/1506/1178/206
f 1491/1507/1179/206 1489/1504/1176/206 1488/1508/1180/206
f 1491/1507/1179/206 1490/1505/1177/206 1489/1504/1176/206
f 1494/1509/1181/207 1495/1510/1182/207 1497/1511/1183/207
f 1496/1512/1184/207 1494/1509/1181/207 1493/1513/1185/207
f 1496/1512/1184/207 1495/1510/1182/207 1494/1509/1181/207
f 1499/1514/1186/208 1500/1515/1187/208 1502/1516/1188/208
f 1501/1517/1189/208 1499/1514/1186/208 1498/1518/1190/208
f 1501/1517/1189/208 1500/1515/1187/208 1499/1514/1186/208
f 1504/1519/1191/209 1505/1520/1192/209 1507/1521/1193/209
f 1506/1522/1194/209 1504/1519/1191/209 1503/1523/1195/209
f 1506/1522/1194/209 1505/1520/1192/209 1504/1519/1191/209
f 1509/1524/1196/210 1510/1525/1197/210 1512/1526/1198/210
f 1511/1527/1199/210 1509/1524/1196/210 1508/1528/1200/210
f 1511/1527/1199/210 1510/1525/1197/210 1509/1524/1196/210
f 1514/1529/1201/211 1515/1530/1202/211 1517/1531/1203/211
f 1516/1532/1204/211 1514/1529/1201/211 1513/1533/1205/211
f 1516/1532/1204/211 1515/1530/1202/211 1514/1529/1201/211
f 1519/1534/1206/212 1520/1535/1207/212 1522/1536/1208/212
f 1521/1537/1209/212 1519/1534/1206/212 1518/1538/1210/212
f 1521/1537/1209/212 1520/1535/1207/212 1519/1534/1206/212
f 1524/1539/1211/213 1525/1540/1212/213 1527/1541/1213/213
f 1526/1542/1214/213 1524/1539/1211/213 1523/1543/1215/213
f 1526/1542/1214/213 1525/1540/1212/213 1524/1539/1211/213
f 1529/1544/1216/214 1530/1545/1217/214 1532/1546/1218/214
f 1531/1547/1219/214 1529/1544/1216/214 1528/1548/1220/214
f 1531/1547/1219/214 1530/1545/1217/214 1529/1544/1216/214
f 1568/1583/1231/222 1569/1584/1232/222 1571/1585/1233/222
f 1570/1586/1234/222 1568/1583/1231/222 1567/1587/1235/222
f 1570/1586/1234/222 1569/1584/1232/222 1568/1583/1231/222
f 1573/1588/1236/223 1574/1589/1237/223 1576/1590/1238/223
f 1575/1591/1239/223 1573/1588/1236/223 1572/1592/1240/223
f 1575/1591/1239/223 1574/1589/1237/223 1573/1588/1236/223
f 1578/1593/1241/224 1579/1594/1242/224 1581/1595/1243/224
f 1580/1596/1244/224 1578/1593/1241/224 1577/1597/1245/224
f 1580/1596/1244/224 1579/1594/1242/224 1578/1593/1241/224
f 1583/1598/1246/225 1584/1599/1247/225 1586/1600/1248/225
f 1585/1601/1249/225 1583/1598/1246/225 1582/1602/1250/225
f 1585/1601/1249/225 1584/1599/1247/225 1583/1598/1246/225
f 1588/1603/1251/226 1589/1604/1252/226 1591/1605/1253/226
f 1590/1606/1254/226 1588/1603/1251/226 1587/1607/1255/226
f 1590/1606/1254/226 1589/1604/1252/226 1588/1603/1251/226
f 1593/1608/1256/227 1594/1609/1257/227 1596/1610/1258/227
f 1595/1611/1259/227 1593/1608/1256/227 1592/1612/1260/227
f 1595/1611/1259/227 1594/1609/1257/227 1593/1608/1256/227
f 1598/1613/1261/228 1599/1614/1262/228 1601/1615/1263/228
f 1600/1616/1264/228 1598/1613/1261/228 1597/1617/1265/228
f 1600/1616/1264/228 1599/1614/1262/228 1598/1613/1261/228
f 1603/1618/1266/229 1604/1619/1267/229 1606/1620/1268/229
f 1605/1621/1269/229 1603/1618/1266/229 1602/1622/1270/229
f 1605/1621/1269/229 1604/1619/1267/229 1603/1618/1266/229
f 1608/1623/1271/230 1609/1624/1272/230 1611/1625/1273/230
f 1610/1626/1274/230 1608/1623/1271/230 1607/1627/1275/230
f 1610/1626/1274/230 1609/1624/1272/230 1608/1623/1271/230
f 1613/1628/1276/231 1614/1629/1277/231 1616/1630/1278/231
f 1615/1631/1279/231 1613/1628/1276/231 1612/1632/1280/231
f 1615/1631/1279/231 1614/1629/1277/231 1613/1628/1276/231
f 1618/1633/1281/232 1619/1634/1282/232 1621/1635/1283/232
f 1620/1636/1284/232 1618/1633/1281/232 1617/1637/1285/232
f 1620/1636/1284/232 1619/1634/1282/232 1618/1633/1281/232
f 1623/1638/1286/233 1624/1639/1287/233 1626/1640/1288/233
f 1625/1641/1289/233 1623/1638/1286/233 1622/1642/1290/233
f 1625/1641/1289/233 1624/1639/1287/233 1623/1638/1286/233
f 1628/1643/1291/234 1629/1644/1292/234 1631/1645/1293/234
f 1630/1646/1294/234 1628/1643/1291/234 1627/1647/1295/234
f 1630/1646/1294/234 1629/1644/1292/234 1628/1643/1291/234
f 1633/1648/1296/235 1634/1649/1297/235 1636/1650/1298/235
f 1635/1651/1299/235 1633/1648/1296/235 1632/1652/1300/235
f 1635/1651/1299/235 1634/1649/1297/235 1633/1648/1296/235
f 1638/1653/1301/236 1639/1654/1302/236 1641/1655/1303/236
f 1640/1656/1304/236 1638/1653/1301/236 1637/1657/1305/236
f 1640/1656/1304/236 1639/1654/1302/236 1638/1653/1301/236
f 1653/1668/1310/238 1654/1669/1311/238 1656/1670/1312/238
f 1655/1671/1313/238 1653/1668/1310/238 1652/1672/1314/238
f 1655/1671/1313/238 1654/1669/1311/238 1653/1668/1310/238
f 1658/1673/1315/239 1659/1674/1316/239 1661/1675/1317/239
f 1660/1676/1318/239 1658/1673/1315/239 1657/1677/1319/239
f 1660/1676/1318/239 1659/1674/1316/239 1658/1673/1315/239
f 1663/1678/1320/240 1664/1679/1321/240 1666/1680/1322/240
f 1665/1681/1323/240 1663/1678/1320/240 1662/1682/1324/240
f 1665/1681/1323/240 1664/1679/1321/240 1663/1678/1320/240
f 1668/1683/1325/241 1669/1684/1326/241 1671/1685/1327/241
f 1670/1686/1328/241 1668/1683/1325/241 1667/1687/1329/241
f 1670/1686/1328/241 1669/1684/1326/241 1668/1683/1325/241
f 1673/1688/1330/242 1674/1689/1331/242 1676/1690/1332/242
f 1675/1691/1333/242 1673/1688/1330/242 1672/1692/1334/242
f 1675/1691/1333/242 1674/1689/1331/242 1673/1688/1330/242
f 1678/1693/1335/243 1679/1694/1336/243 1681/1695/1337/243
f 1680/1696/1338/243 1678/1693/1335/243 1677/1697/1339/243
f 1680/1696/1338/243 1679/1694/1336/243 1678/1693/1335/243
f 1683/1698/1340/244 1684/1699/1341/244 1686/1700/1342/244
f 1685/1701/1343/244 1683/1698/1340/244 1682/1702/1344/244
f 1685/1701/1343/244 1684/1699/1341/244 1683/1698/1340/244
f 1688/1703/1345/245 1689/1704/1346/245 1691/1705/1347/245
f 1690/1706/1348/245 1688/1703/1345/245 1687/1707/1349/245
f 1690/1706/1348/245 1689/1704/1346/245 1688/1703/1345/245
f 1693/1708/1350/246 1694/1709/1351/246 1696/1710/1352/246
f 1695/1711/1353/246 1693/1708/1350/246 1692/1712/1354/246
f 1695/1711/1353/246 1694/1709/1351/246 1693/1708/1350/246
f 1698/1713/1355/247 1699/1714/1356/247 1701/1715/1357/247
f 1700/1716/1358/247 1698/1713/1355/247 1697/1717/1359/247
f 1700/1716/1358/247 1699/1714/1356/247 1698/1713/1355/247
f 1703/1718/1360/248 1704/1719/1361/248 1706/1720/1362/248
f 1705/1721/1363/248 1703/1718/1360/248 1702/1722/1364/248
f 1705/1721/1363/248 1704/1719/1361/248 1703/1718/1360/248
f 1708/1723/1365/249 1709/1724/1366/249 1711/1725/1367/249
f 1710/1726/1368/249 1708/1723/1365/249 1707/1727/1369/249
f 1710/1726/1368/249 1709/1724/1366/249 1708/1723/1365/249
f 1713/1728/1370/250 1714/1729/1371/250 1716/1730/1372/250
f 1715/1731/1373/250 1713/1728/1370/250 1712/1732/1374/250
f 1715/1731/1373/250 1714/1729/1371/250 1713/1728/1370/250
f 1718/1733/1375/251 1719/1734/1376/251 1721/1735/1377/251
f 1720/1736/1378/251 1718/1733/1375/251 1717/1737/1379/251
f 1720/1736/1378/251 1719/1734/1376/251 1718/1733/1375/251
f 1723/1738/1380/252 1724/1739/1381/252 1726/1740/1382/252
f 1725/1741/1383/252 1723/1738/1380/252 1722/1742/1384/252
f 1725/1741/1383/252 1724/1739/1381/252 1723/1738/1380/252
f 1732/1747/1386/254 1733/1748/1387/254 1735/1749/1388/254
f 1734/1750/1389/254 1732/1747/1386/254 1731/1751/1390/254
f 1734/1750/1389/254 1733/1748/1387/254 1732/1747/1386/254
f 1737/1752/1391/255 1738/1753/1392/255 1740/1754/1393/255
f 1739/1755/1394/255 1737/1752/1391/255 1736/1756/1395/255
f 1739/1755/1394/255 1738/1753/1392/255 1737/1752/1391/255
f 1742/1757/1396/256 1743/1758/1397/256 1745/1759/1398/256
f 1744/1760/1399/256 1742/1757/1396/256 1741/1761/1400/256
f 1744/1760/1399/256 1743/1758/1397/256 1742/1757/1396/256
f 1747/1762/1401/257 1748/1763/1402/257 1750/1764/1403/257
f 1749/1765/1404/257 1747/1762/1401/257 1746/1766/1405/257
f 1749/1765/1404/257 1748/1763/1402/257 1747/1762/1401/257
f 1752/1767/1406/258 1753/1768/1407/258 1755/1769/1408/258
f 1754/1770/1409/258 1752/1767/1406/258 1751/1771/1410/258
f 1754/1770/1409/258 1753/1768/1407/258 1752/1767/1406/258
f 1757/1772/1411/259 1758/1773/1412/259 1760/1774/1413/259
f 1759/1775/1414/259 1757/1772/1411/259 1756/1776/1415/259
f 1759/1775/1414/259 1758/1773/1412/259 1757/1772/1411/259
f 1762/1777/1416/260 1763/1778/1417/260 1765/1779/1418/260
f 1764/1780/1419/260 1762/1777/1416/260 1761/1781/1420/260
f 1764/1780/1419/260 1763/1778/1417/260 1762/1777/1416/260
f 1767/1782/1421/261 1768/1783/1422/261 1770/1784/1423/261
f 1769/1785/1424/261 1767/1782/1421/261 1766/1786/1425/261
f 1769/1785/1424/261 1768/1783/1422/261 1767/1782/1421/261
f 1772/1787/1426/262 1773/1788/1427/262 1775/1789/1428/262
f 1774/1790/1429/262 1772/1787/1426/262 1771/1791/1430/262
f 1774/1790/1429/262 1773/1788/1427/262 1772/1787/1426/262
f 1777/1792/1431/263 1778/1793/1432/263 1780/1794/1433/263
f 1779/1795/1434/263 1777/1792/1431/263 1776/1796/1435/263
f 1779/1795/1434/263 1778/1793/1432/263 1777/1792/1431/263
f 1782/1797/1436/264 1783/1798/1437/264 1785/1799/1438/264
f 1784/1800/1439/264 1782/1797/1436/264 1781/1801/1440/264
f 1784/1800/1439/264 1783/1798/1437/264 1782/1797/1436/264
f 1787/1802/1441/265 1788/1803/1442/265 1790/1804/1443/265
f 1789/1805/1444/265 1787/1802/1441/265 1786/1806/1445/265
f 1789/1805/1444/265 1788/1803/1442/265 1787/1802/1441/265
f 1792/1807/1446/266 1793/1808/1447/266 1795/1809/1448/266
f 1794/1810/1449/266 1792/1807/1446/266 1791/1811/1450/266
f 1794/1810/1449/266 1793/1808/1447/266 1792/1807/1446/266
f 1797/1812/1451/267 1798/1813/1452/267 1800/1814/1453/267
f 1799/1815/1454/267 1797/1812/1451/267 1796/1816/1455/267
f 1799/1815/1454/267 1798/1813/1452/267 1797/1812/1451/267
f 1846/1870/1493/269 1847/1871/1493/269 1848/1872/1493/269
f 1850/1873/1494/270 1851/1874/1495/270 1853/1875/1496/270
f 1852/1876/1497/270 1850/1873/1494/270 1849/1877/1498/270
f 1852/1876/1497/270 1851/1874/1495/270 1850/1873/1494/270
f 1855/1878/1499/271 1856/1879/1500/271 1858/1880/1501/271
f 1857/1881/1502/271 1855/1878/1499/271 1854/1882/1503/271
f 1857/1881/1502/271 1856/1879/1500/271 1855/1878/1499/271
f 1860/1883/1504/272 1861/1884/1505/272 1863/1885/1506/272
f 1862/1886/1507/272 1860/1883/1504/272 1859/1887/1508/272
f 1862/1886/1507/272 1861/1884/1505/272 1860/1883/1504/272
f 1865/1888/1509/273 1866/1889/1510/273 1868/1890/1511/273
f 1867/1891/1512/273 1865/1888/1509/273 1864/1892/1513/273
f 1867/1891/1512/273 1866/1889/1510/273 1865/1888/1509/273
f 1870/1893/1514/274 1871/1894/1515/274 1873/1895/1516/274
f 1872/1896/1517/274 1870/1893/1514/274 1869/1897/1518/274
f 1872/1896/1517/274 1871/1894/1515/274 1870/1893/1514/274
f 1875/1898/1519/275 1876/1899/1520/275 1878/1900/1521/275
f 1877/1901/1522/275 1875/1898/1519/275 1874/1902/1523/275
f 1877/1901/1522/275 1876/1899/1520/275 1875/1898/1519/275
f 1880/1903/1524/276 1881/1904/1525/276 1883/1905/1526/276
f 1882/1906/1527/276 1880/1903/1524/276 1879/1907/1528/276
f 1882/1906/1527/276 1881/1904/1525/276 1880/1903/1524/276
f 1885/1908/1529/277 1886/1909/1530/277 1888/1910/1531/277
f 1887/1911/1532/277 1885/1908/1529/277 1884/1912/1533/277
f 1887/1911/1532/277 1886/1909/1530/277 1885/1908/1529/277
f 1890/1913/1534/278 1891/1914/1535/278 1893/1915/1536/278
f 1892/1916/1537/278 1890/1913/1534/278 1889/1917/1538/278
f 1892/1916/1537/278 1891/1914/1535/278 1890/1913/1534/278
f 1895/1918/1539/279 1896/1919/1540/279 1898/1920/1541/279
f 1897/1921/1542/279 1895/1918/1539/279 1894/1922/1543/279
f 1897/1921/1542/279 1896/1919/1540/279 1895/1918/1539/279
f 1900/1923/1544/280 1901/1924/1545/280 1903/1925/1546/280
f 1902/1926/1547/280 1900/1923/1544/280 1899/1927/1548/280
f 1902/1926/1547/280 1901/1924/1545/280 1900/1923/1544/280
f 1905/1928/1549/281 1906/1929/1550/281 1908/1930/1551/281
f 1907/1931/1552/281 1905/1928/1549/281 1904/1932/1553/281
f 1907/1931/1552/281 1906/1929/1550/281 1905/1928/1549/281
f 1910/1933/1554/282 1911/1934/1555/282 1913/1935/1556/282
f 1912/1936/1557/282 1910/1933/1554/282 1909/1937/1558/282
f 1912/1936/1557/282 1911/1934/1555/282 1910/1933/1554/282
f 1915/1938/1559/283 1916/1939/1560/283 1918/1940/1561/283
f 1917/1941/1562/283 1915/1938/1559/283 1914/1942/1563/283
f 1917/1941/1562/283 1916/1939/1560/283 1915/1938/1559/283
f 2004/2027/1617/289 2005/2028/1618/289 2007/2029/1619/289
f 2006/2030/1620/289 2004/2027/1617/289 2003/2031/1621/289
f 2006/2030/1620/289 2005/2028/1618/289 2004/2027/1617/289
f 2009/2032/1622/290 2010/2033/1623/290 2012/2034/1624/290
f 2011/2035/1625/290 2009/2032/1622/290 2008/2036/1626/290
f 2011/2035/1625/290 2010/2033/1623/290 2009/2032/1622/290
f 2014/2037/1627/291 2015/2038/1628/291 2017/2039/1629/291
f 2016/2040/1630/291 2014/2037/1627/291 2013/2041/1631/291
f 2016/2040/1630/291 2015/2038/1628/291 2014/2037/1627/291
f 2019/2042/1632/292 2020/2043/1633/292 2022/2044/1634/292
f 2021/2045/1635/292 2019/2042/1632/292 2018/2046/1636/292
f 2021/2045/1635/292 2020/2043/1633/292 2019/2042/1632/292
f 2024/2047/1637/293 2025/2048/1638/293 2027/2049/1639/293
f 2026/2050/1640/293 2024/2047/1637/293 2023/2051/1641/293
f 2026/2050/1640/293 2025/2048/1638/293 2024/2047/1637/293
f 2029/2052/1642/294 2030/2053/1643/294 2032/2054/1644/294
f 2031/2055/1645/294 2029/2052/1642/294 2028/2056/1646/294
f 2031/2055/1645/294 2030/2053/1643/294 2029/2052/1642/294
f 2034/2057/1647/295 2035/2058/1648/295 2037/2059/1649/295
f 2036/2060/1650/295 2034/2057/1647/295 2033/2061/1651/295
f 2036/2060/1650/295 2035/2058/1648/295 2034/2057/1647/295
f 2039/2062/1652/296 2040/2063/1653/296 2042/2064/1654/296
f 2041/2065/1655/296 2039/2062/1652/296 2038/2066/1656/296
f 2041/2065/1655/296 2040/2063/1653/296 2039/2062/1652/296
f 2044/2067/1657/297 2045/2068/1658/297 2047/2069/1659/297
f 2046/2070/1660/297 2044/2067/1657/297 2043/2071/1661/297
f 2046/2070/1660/297 2045/2068/1658/297 2044/2067/1657/297
f 2049/2072/1662/298 2050/2073/1663/298 2052/2074/1664/298
f 2051/2075/1665/298 2049/2072/1662/298 2048/2076/1666/298
f 2051/2075/1665/298 2050/2073/1663/298 2049/2072/1662/298
f 2054/2077/1667/299 2055/2078/1668/299 2057/2079/1669/299
f 2056/2080/1670/299 2054/2077/1667/299 2053/2081/1671/299
f 2056/2080/1670/299 2055/2078/1668/299 2054/2077/1667/299
f 2059/2082/1672/300 2060/2083/1673/300 2062/2084/1674/300
f 2061/2085/1675/300 2059/2082/1672/300 2058/2086/1676/300
f 2061/2085/1675/300 2060/2083/1673/300 2059/2082/1672/300
f 2064/2087/1677/301 2065/2088/1678/301 2067/2089/1679/301
f 2066/2090/1680/301 2064/2087/1677/301 2063/2091/1681/301
f 2066/2090/1680/301 2065/2088/1678/301 2064/2087/1677/301
f 2069/2092/1682/302 2070/2093/1683/302 2072/2094/1684/302
f 2071/2095/1685/302 2069/2092/1682/302 2068/2096/1686/302
f 2071/2095/1685/302 2070/2093/1683/302 2069/2092/1682/302
f 2128/2151/1714/309 2129/2152/1715/309 2131/2153/1716/309
f 2130/2154/1717/309 2128/2151/1714/309 2127/2155/1718/309
f 2130/2154/1717/309 2129/2152/1715/309 2128/2151/1714/309
f 2133/2156/1719/310 2134/2157/1720/310 2136/2158/1721/310
f 2135/2159/1722/310 2133/2156/1719/310 2132/2160/1723/310
f 2135/2159/1722/310 2134/2157/1720/310 2133/2156/1719/310
f 2138/2161/1724/311 2139/2162/1725/311 2141/2163/1726/311
f 2140/2164/1727/311 2138/2161/1724/311 2137/2165/1728/311
f 2140/2164/1727/311 2139/2162/1725/311 2138/2161/1724/311
f 2143/2166/1729/312 2144/2167/1730/312 2146/2168/1731/312
f 2145/2169/1732/312 2143/2166/1729/312 2142/2170/1733/312
f 2145/2169/1732/312 2144/2167/1730/312 2143/2166/1729/312
f 2148/2171/1734/313 2149/2172/1735/313 2151/2173/1736/313
f 2150/2174/1737/313 2148/2171/1734/313 2147/2175/1738/313
f 2150/2174/1737/313 2149/2172/1735/313 2148/2171/1734/313
f 2153/2176/1739/314 2154/2177/1740/314 2156/2178/1741/314
f 2155/2179/1742/314 2153/2176/1739/314 2152/2180/1743/314
f 2155/2179/1742/314 2154/2177/1740/314 2153/2176/1739/314
f 2158/2181/1744/315 2159/2182/1745/315 2161/2183/1746/315
f 2160/2184/1747/315 2158/2181/1744/315 2157/2185/1748/315
f 2160/2184/1747/315 2159/2182/1745/315 2158/2181/1744/315
f 2163/2186/1749/316 2164/2187/1750/316 2166/2188/1751/316
f 2165/2189/1752/316 2163/2186/1749/316 2162/2190/1753/316
f 2165/2189/1752/316 2164/2187/1750/316 2163/2186/1749/316
f 2168/2191/1754/317 2169/2192/1755/317 2171/2193/1756/317
f 2170/2194/1757/317 2168/2191/1754/317 2167/2195/1758/317
f 2170/2194/1757/317 2169/2192/1755/317 2168/2191/1754/317
f 2173/2196/1759/318 2174/2197/1760/318 2176/2198/1761/318
f 2175/2199/1762/318 2173/2196/1759/318 2172/2200/1763/318
f 2175/2199/1762/318 2174/2197/1760/318 2173/2196/1759/318
f 2178/2201/1764/319 2179/2202/1765/319 2181/2203/1766/319
f 2180/2204/1767/319 2178/2201/1764/319 2177/2205/1768/319
f 2180/2204/1767/319 2179/2202/1765/319 2178/2201/1764/319
f 2183/2206/1769/320 2184/2207/1770/320 2186/2208/1771/320
f 2185/2209/1772/320 2183/2206/1769/320 2182/2210/1773/320
f 2185/2209/1772/320 2184/2207/1770/320 2183/2206/1769/320
f 2188/2211/1774/321 2189/2212/1775/321 2191/2213/1776/321
f 2190/2214/1777/321 2188/2211/1774/321 2187/2215/1778/321
f 2190/2214/1777/321 2189/2212/1775/321 2188/2211/1774/321
f 2193/2216/1779/322 2194/2217/1780/322 2196/2218/1781/322
f 2195/2219/1782/322 2193/2216/1779/322 2192/2220/1783/322
f 2195/2219/1782/322 2194/2217/1780/322 2193/2216/1779/322
f 2220/2243/1791/327 2221/2244/1792/327 2223/2245/1793/327
f 2222/2246/1794/327 2220/2243/1791/327 2219/2247/1795/327
f 2222/2246/1794/327 2221/2244/1792/327 2220/2243/1791/327
f 2225/2248/1796/328 2226/2249/1797/328 2228/2250/1798/328
f 2227/2251/1799/328 2225/2248/1796/328 2224/2252/1800/328
f 2227/2251/1799/328 2226/2249/1797/328 2225/2248/1796/328
f 2230/2253/1801/329 2231/2254/1802/329 2233/2255/1803/329
f 2232/2256/1804/329 2230/2253/1801/329 2229/2257/1805/329
f 2232/2256/1804/329 2231/2254/1802/329 2230/2253/1801/329
f 2235/2258/1806/330 2236/2259/1807/330 2238/2260/1808/330
f 2237/2261/1809/330 2235/2258/1806/330 2234/2262/1810/330
f 2237/2261/1809/330 2236/2259/1807/330 2235/2258/1806/330
f 2240/2263/1811/331 2241/2264/1812/331 2243/2265/1813/331
f 2242/2266/1814/331 2240/2263/1811/331 2239/2267/1815/331
f 2242/2266/1814/331 2241/2264/1812/331 2240/2263/1811/331
f 2245/2268/1816/332 2246/2269/1817/332 2248/2270/1818/332
f 2247/2271/1819/332 2245/2268/1816/332 2244/2272/1820/332
f 2247/2271/1819/332 2246/2269/1817/332 2245/2268/1816/332
f 2250/2273/1821/333 2251/2274/1822/333 2253/2275/1823/333
f 2252/2276/1824/333 2250/2273/1821/333 2249/2277/1825/333
f 2252/2276/1824/333 2251/2274/1822/333 2250/2273/1821/333
f 2255/2278/1826/334 2256/2279/1827/334 2258/2280/1828/334
f 2257/2281/1829/334 2255/2278/1826/334 2254/2282/1830/334
f 2257/2281/1829/334 2256/2279/1827/334 2255/2278/1826/334
f 2260/2283/1831/335 2261/2284/1832/335 2263/2285/1833/335
f 2262/2286/1834/335 2260/2283/1831/335 2259/2287/1835/335
f 2262/2286/1834/335 2261/2284/1832/335 2260/2283/1831/335
f 2265/2288/1836/336 2266/2289/1837/336 2268/2290/1838/336
f 2267/2291/1839/336 2265/2288/1836/336 2264/2292/1840/336
f 2267/2291/1839/336 2266/2289/1837/336 2265/2288/1836/336
f 2270/2293/1841/337 2271/2294/1842/337 2273/2295/1843/337
f 2272/2296/1844/337 2270/2293/1841/337 2269/2297/1845/337
f 2272/2296/1844/337 2271/2294/1842/337 2270/2293/1841/337
f 2275/2298/1846/338 2276/2299/1847/338 2278/2300/1848/338
f 2277/2301/1849/338 2275/2298/1846/338 2274/2302/1850/338
f 2277/2301/1849/338 2276/2299/1847/338 2275/2298/1846/338
f 2280/2303/1851/339 2281/2304/1852/339 2283/2305/1853/339
f 2282/2306/1854/339 2280/2303/1851/339 2279/2307/1855/339
f 2282/2306/1854/339 2281/2304/1852/339 2280/2303/1851/339
f 2285/2308/1856/340 2286/2309/1857/340 2288/2310/1858/340
f 2287/2311/1859/340 2285/2308/1856/340 2284/2312/1860/340
f 2287/2311/1859/340 2286/2309/1857/340 2285/2308/1856/340
f 2298/2321/1863/343 2299/2322/1864/343 2301/2323/1865/343
f 2300/2324/1866/343 2298/2321/1863/343 2297/2325/1867/343
f 2300/2324/1866/343 2299/2322/1864/343 2298/2321/1863/343
f 2303/2326/1868/344 2304/2327/1869/344 2306/2328/1870/344
f 2305/2329/1871/344 2303/2326/1868/344 2302/2330/1872/344
f 2305/2329/1871/344 2304/2327/1869/344 2303/2326/1868/344
f 2308/2331/1873/345 2309/2332/1874/345 2311/2333/1875/345
f 2310/2334/1876/345 2308/2331/1873/345 2307/2335/1877/345
f 2310/2334/1876/345 2309/2332/1874/345 2308/2331/1873/345
f 2313/2336/1878/346 2314/2337/1879/346 2316/2338/1880/346
f 2315/2339/1881/346 2313/2336/1878/346 2312/2340/1882/346
f 2315/2339/1881/346 2314/2337/1879/346 2313/2336/1878/346
f 2318/2341/1883/347 2319/2342/1884/347 2321/2343/1885/347
f 2320/2344/1886/347 2318/2341/1883/347 2317/2345/1887/347
f 2320/2344/1886/347 2319/2342/1884/347 2318/2341/1883/347
f 2323/2346/1888/348 2324/2347/1889/348 2326/2348/1890/348
f 2325/2349/1891/348 2323/2346/1888/348 2322/2350/1892/348
f 2325/2349/1891/348 2324/2347/1889/348 2323/2346/1888/348
f 2328/2351/1893/349 2329/2352/1894/349 2331/2353/1895/349
f 2330/2354/1896/349 2328/2351/1893/349 2327/2355/1897/349
f 2330/2354/1896/349 2329/2352/1894/349 2328/2351/1893/349
f 2333/2356/1898/350 2334/2357/1899/350 2336/2358/1900/350
f 2335/2359/1901/350 2333/2356/1898/350 2332/2360/1902/350
f 2335/2359/1901/350 2334/2357/1899/350 2333/2356/1898/350
f 2338/2361/1903/351 2339/2362/1904/351 2341/2363/1905/351
f 2340/2364/1906/351 2338/2361/1903/351 2337/2365/1907/351
f 2340/2364/1906/351 2339/2362/1904/351 2338/2361/1903/351
f 2343/2366/1908/352 2344/2367/1909/352 2346/2368/1910/352
f 2345/2369/1911/352 2343/2366/1908/352 2342/2370/1912/352
f 2345/2369/1911/352 2344/2367/1909/352 2343/2366/1908/352
f 2348/2371/1913/353 2349/2372/1914/353 2351/2373/1915/353
f 2350/2374/1916/353 2348/2371/1913/353 2347/2375/1917/353
f 2350/2374/1916/353 2349/2372/1914/353 2348/2371/1913/353
f 2353/2376/1918/354 2354/2377/1919/354 2356/2378/1920/354
f 2355/2379/1921/354 2353/2376/1918/354 2352/2380/1922/354
f 2355/2379/1921/354 2354/2377/1919/354 2353/2376/1918/354
f 2358/2381/1923/355 2359/2382/1924/355 2361/2383/1925/355
f 2360/2384/1926/355 2358/2381/1923/355 2357/2385/1927/355
f 2360/2384/1926/355 2359/2382/1924/355 2358/2381/1923/355
f 2407/2439/1965/357 2408/2440/1965/357 2409/2441/1965/357
f 2445/2476/1976/365 2446/2477/1977/365 2448/2478/1978/365
f 2447/2479/1979/365 2445/2476/1976/365 2444/2480/1980/365
f 2447/2479/1979/365 2446/2477/1977/365 2445/2476/1976/365
f 2450/2481/1981/366 2451/2482/1982/366 2453/2483/1983/366
f 2452/2484/1984/366 2450/2481/1981/366 2449/2485/1985/366
f 2452/2484/1984/366 2451/2482/1982/366 2450/2481/1981/366
f 2455/2486/1986/367 2456/2487/1987/367 2458/2488/1988/367
f 2457/2489/1989/367 2455/2486/1986/367 2454/2490/1990/367
f 2457/2489/1989/367 2456/2487/1987/367 2455/2486/1986/367
f 2460/2491/1991/368 2461/2492/1992/368 2463/2493/1993/368
f 2462/2494/1994/368 2460/2491/1991/368 2459/2495/1995/368
f 2462/2494/1994/368 2461/2492/1992/368 2460/2491/1991/368
f 2465/2496/1996/369 2466/2497/1997/369 2468/2498/1998/369
f 2467/2499/1999/369 2465/2496/1996/369 2464/2500/2000/369
f 2467/2499/1999/369 2466/2497/1997/369 2465/2496/1996/369
f 2470/2501/2001/370 2471/2502/2002/370 2473/2503/2003/370
f 2472/2504/2004/370 2470/2501/2001/370 2469/2505/2005/370
f 2472/2504/2004/370 2471/2502/2002/370 2470/2501/2001/370
f 2475/2506/2006/371 2476/2507/2007/371 2478/2508/2008/371
f 2477/2509/2009/371 2475/2506/2006/371 2474/2510/2010/371
f 2477/2509/2009/371 2476/2507/2007/371 2475/2506/2006/371
f 2480/2511/2011/372 2481/2512/2012/372 2483/2513/2013/372
f 2482/2514/2014/372 2480/2511/2011/372 2479/2515/2015/372
f 2482/2514/2014/372 2481/2512/2012/372 2480/2511/2011/372
f 2485/2516/2016/373 2486/2517/2017/373 2488/2518/2018/373
f 2487/2519/2019/373 2485/2516/2016/373 2484/2520/2020/373
f 2487/2519/2019/373 2486/2517/2017/373 2485/2516/2016/373
f 2490/2521/2021/374 2491/2522/2022/374 2493/2523/2023/374
f 2492/2524/2024/374 2490/2521/2021/374 2489/2525/2025/374
f 2492/2524/2024/374 2491/2522/2022/374 2490/2521/2021/374
f 2495/2526/2026/375 2496/2527/2027/375 2498/2528/2028/375
f 2497/2529/2029/375 2495/2526/2026/375 2494/2530/2030/375
f 2497/2529/2029/375 2496/2527/2027/375 2495/2526/2026/375
f 2500/2531/2031/376 2501/2532/2032/376 2503/2533/2033/376
f 2502/2534/2034/376 2500/2531/2031/376 2499/2535/2035/376
f 2502/2534/2034/376 2501/2532/2032/376 2500/2531/2031/376
f 2505/2536/2036/377 2506/2537/2037/377 2508/2538/2038/377
f 2507/2539/2039/377 2505/2536/2036/377 2504/2540/2040/377
f 2507/2539/2039/377 2506/2537/2037/377 2505/2536/2036/377
f 2586/2617/2083/384 2587/2618/2084/384 2589/2619/2085/384
f 2588/2620/2086/384 2586/2617/2083/384 2585/2621/2087/384
f 2588/2620/2086/384 2587/2618/2084/384 2586/2617/2083/384
f 2591/2622/2088/385 2592/2623/2089/385 2594/2624/2090/385
f 2593/2625/2091/385 2591/2622/2088/385 2590/2626/2092/385
f 2593/2625/2091/385 2592/2623/2089/385 2591/2622/2088/385
f 2596/2627/2093/386 2597/2628/2094/386 2599/2629/2095/386
f 2598/2630/2096/386 2596/2627/2093/386 2595/2631/2097/386
f 2598/2630/2096/386 2597/2628/2094/386 2596/2627/2093/386
f 2601/2632/2098/387 2602/2633/2099/387 2604/2634/2100/387
f 2603/2635/2101/387 2601/2632/2098/387 2600/2636/2102/387
f 2603/2635/2101/387 2602/2633/2099/387 2601/2632/2098/387
f 2606/2637/2103/388 2607/2638/2104/388 2609/2639/2105/388
f 2608/2640/2106/388 2606/2637/2103/388 2605/2641/2107/388
f 2608/2640/2106/388 2607/2638/2104/388 2606/2637/2103/388
f 2611/2642/2108/389 2612/2643/2109/389 2614/2644/2110/389
f 2613/2645/2111/389 2611/2642/2108/389 2610/2646/2112/389
f 2613/2645/2111/389 2612/2643/2109/389 2611/2642/2108/389
f 2616/2647/2113/390 2617/2648/2114/390 2619/2649/2115/390
f 2618/2650/2116/390 2616/2647/2113/390 2615/2651/2117/390
f 2618/2650/2116/390 2617/2648/2114/390 2616/2647/2113/390
f 2621/2652/2118/391 2622/2653/2119/391 2624/2654/2120/391
f 2623/2655/2121/391 2621/2652/2118/391 2620/2656/2122/391
f 2623/2655/2121/391 2622/2653/2119/391 2621/2652/2118/391
f 2626/2657/2123/392 2627/2658/2124/392 2629/2659/2125/392
f 2628/2660/2126/392 2626/2657/2123/392 2625/2661/2127/392
f 2628/2660/2126/392 2627/2658/2124/392 2626/2657/2123/392
f 2631/2662/2128/393 2632/2663/2129/393 2634/2664/2130/393
f 2633/2665/2131/393 2631/2662/2128/393 2630/2666/2132/393
f 2633/2665/2131/393 2632/2663/2129/393 2631/2662/2128/393
f 2636/2667/2133/394 2637/2668/2134/394 2639/2669/2135/394
f 2638/2670/2136/394 2636/2667/2133/394 2635/2671/2137/394
f 2638/2670/2136/394 2637/2668/2134/394 2636/2667/2133/394
f 2641/2672/2138/395 2642/2673/2139/395 2644/2674/2140/395
f 2643/2675/2141/395 2641/2672/2138/395 2640/2676/2142/395
f 2643/2675/2141/395 2642/2673/2139/395 2641/2672/2138/395
f 2690/2730/2180/397 2691/2731/2180/397 2692/2732/2180/397
f 2720/2759/2189/403 2721/2760/2190/403 2723/2761/2191/403
f 2722/2762/2192/403 2720/2759/2189/403 2719/2763/2193/403
f 2722/2762/2192/403 2721/2760/2190/403 2720/2759/2189/403
f 2725/2764/2194/404 2726/2765/2195/404 2728/2766/2196/404
f 2727/2767/2197/404 2725/2764/2194/404 2724/2768/2198/404
f 2727/2767/2197/404 2726/2765/2195/404 2725/2764/2194/404
f 2730/2769/2199/405 2731/2770/2200/405 2733/2771/2201/405
f 2732/2772/2202/405 2730/2769/2199/405 2729/2773/2203/405
f 2732/2772/2202/405 2731/2770/2200/405 2730/2769/2199/405
f 2735/2774/2204/406 2736/2775/2205/406 2738/2776/2206/406
f 2737/2777/2207/406 2735/2774/2204/406 2734/2778/2208/406
f 2737/2777/2207/406 2736/2775/2205/406 2735/2774/2204/406
f 2740/2779/2209/407 2741/2780/2210/407 2743/2781/2211/407
f 2742/2782/2212/407 2740/2779/2209/407 2739/2783/2213/407
f 2742/2782/2212/407 2741/2780/2210/407 2740/2779/2209/407
f 2745/2784/2214/408 2746/2785/2215/408 2748/2786/2216/408
f 2747/2787/2217/408 2745/2784/2214/408 2744/2788/2218/408
f 2747/2787/2217/408 2746/2785/2215/408 2745/2784/2214/408
f 2750/2789/2219/409 2751/2790/2220/409 2753/2791/2221/409
f 2752/2792/2222/409 2750/2789/2219/409 2749/2793/2223/409
f 2752/2792/2222/409 2751/2790/2220/409 2750/2789/2219/409
f 2755/2794/2224/410 2756/2795/2225/410 2758/2796/2226/410
f 2757/2797/2227/410 2755/2794/2224/410 2754/2798/2228/410
f 2757/2797/2227/410 2756/2795/2225/410 2755/2794/2224/410
f 2760/2799/2229/411 2761/2800/2230/411 2763/2801/2231/411
f 2762/2802/2232/411 2760/2799/2229/411 2759/2803/2233/411
f 2762/2802/2232/411 2761/2800/2230/411 2760/2799/2229/411
f 2765/2804/2234/412 2766/2805/2235/412 2768/2806/2236/412
f 2767/2807/2237/412 2765/2804/2234/412 2764/2808/2238/412
f 2767/2807/2237/412 2766/2805/2235/412 2765/2804/2234/412
f 2770/2809/2239/413 2771/2810/2240/413 2773/2811/2241/413
f 2772/2812/2242/413 2770/2809/2239/413 2769/2813/2243/413
f 2772/2812/2242/413 2771/2810/2240/413 2770/2809/2239/413
f 2775/2814/2244/414 2776/2815/2245/414 2778/2816/2246/414
f 2777/2817/2247/414 2775/2814/2244/414 2774/2818/2248/414
f 2777/2817/2247/414 2776/2815/2245/414 2775/2814/2244/414
f 2846/2885/2287/420 2847/2886/2288/420 2849/2887/2289/420
f 2848/2888/2290/420 2846/2885/2287/420 2845/2889/2291/420
f 2848/2888/2290/420 2847/2886/2288/420 2846/2885/2287/420
f 2851/2890/2292/421 2852/2891/2293/421 2854/2892/2294/421
f 2853/2893/2295/421 2851/2890/2292/421 2850/2894/2296/421
f 2853/2893/2295/421 2852/2891/2293/421 2851/2890/2292/421
f 2856/2895/2297/422 2857/2896/2298/422 2859/2897/2299/422
f 2858/2898/2300/422 2856/2895/2297/422 2855/2899/2301/422
f 2858/2898/2300/422 2857/2896/2298/422 2856/2895/2297/422
f 2861/2900/2302/423 2862/2901/2303/423 2864/2902/2304/423
f 2863/2903/2305/423 2861/2900/2302/423 2860/2904/2306/423
f 2863/2903/2305/423 2862/2901/2303/423 2861/2900/2302/423
f 2866/2905/2307/424 2867/2906/2308/424 2869/2907/2309/424
f 2868/2908/2310/424 2866/2905/2307/424 2865/2909/2311/424
f 2868/2908/2310/424 2867/2906/2308/424 2866/2905/2307/424
f 2871/2910/2312/425 2872/2911/2313/425 2874/2912/2314/425
f 2873/2913/2315/425 2871/2910/2312/425 2870/2914/2316/425
f 2873/2913/2315/425 2872/2911/2313/425 2871/2910/2312/425
f 2876/2915/2317/426 2877/2916/2318/426 2879/2917/2319/426
f 2878/2918/2320/426 2876/2915/2317/426 2875/2919/2321/426
f 2878/2918/2320/426 2877/2916/2318/426 2876/2915/2317/426
f 2881/2920/2322/427 2882/2921/2323/427 2884/2922/2324/427
f 2883/2923/2325/427 2881/2920/2322/427 2880/2924/2326/427
f 2883/2923/2325/427 2882/2921/2323/427 2881/2920/2322/427
f 2886/2925/2327/428 2887/2926/2328/428 2889/2927/2329/428
f 2888/2928/2330/428 2886/2925/2327/428 2885/2929/2331/428
f 2888/2928/2330/428 2887/2926/2328/428 2886/2925/2327/428
f 2891/2930/2332/429 2892/2931/2333/429 2894/2932/2334/429
f 2893/2933/2335/429 2891/2930/2332/429 2890/2934/2336/429
f 2893/2933/2335/429 2892/2931/2333/429 2891/2930/2332/429
f 2896/2935/2337/430 2897/2936/2338/430 2899/2937/2339/430
f 2898/2938/2340/430 2896/2935/2337/430 2895/2939/2341/430
f 2898/2938/2340/430 2897/2936/2338/430 2896/2935/2337/430
f 2901/2940/2342/431 2902/2941/2343/431 2904/2942/2344/431
f 2903/2943/2345/431 2901/2940/2342/431 2900/2944/2346/431
f 2903/2943/2345/431 2902/2941/2343/431 2901/2940/2342/431
f 2950/2989/2370/437 2951/2990/2371/437 2953/2991/2372/437
f 2952/2992/2373/437 2950/2989/2370/437 2949/2993/2374/437
f 2952/2992/2373/437 2951/2990/2371/437 2950/2989/2370/437
f 2955/2994/2375/438 2956/2995/2376/438 2958/2996/2377/438
f 2957/2997/2378/438 2955/2994/2375/438 2954/2998/2379/438
f 2957/2997/2378/438 2956/2995/2376/438 2955/2994/2375/438
f 2960/2999/2380/439 2961/3000/2381/439 2963/3001/2382/439
f 2962/3002/2383/439 2960/2999/2380/439 2959/3003/2384/439
f 2962/3002/2383/439 2961/3000/2381/439 2960/2999/2380/439
f 2965/3004/2385/440 2966/3005/2386/440 2968/3006/2387/440
f 2967/3007/2388/440 2965/3004/2385/440 2964/3008/2389/440
f 2967/3007/2388/440 2966/3005/2386/440 2965/3004/2385/440
f 2970/3009/2390/441 2971/3010/2391/441 2973/3011/2392/441
f 2972/3012/2393/441 2970/3009/2390/441 2969/3013/2394/441
f 2972/3012/2393/441 2971/3010/2391/441 2970/3009/2390/441
f 2975/3014/2395/442 2976/3015/2396/442 2978/3016/2397/442
f 2977/3017/2398/442 2975/3014/2395/442 2974/3018/2399/442
f 2977/3017/2398/442 2976/3015/2396/442 2975/3014/2395/442
f 2980/3019/2400/443 2981/3020/2401/443 2983/3021/2402/443
f 2982/3022/2403/443 2980/3019/2400/443 2979/3023/2404/443
f 2982/3022/2403/443 2981/3020/2401/443 2980/3019/2400/443
f 2985/3024/2405/444 2986/3025/2406/444 2988/3026/2407/444
f 2987/3027/2408/444 2985/3024/2405/444 2984/3028/2409/444
f 2987/3027/2408/444 2986/3025/2406/444 2985/3024/2405/444
f 2990/3029/2410/445 2991/3030/2411/445 2993/3031/2412/445
f 2992/3032/2413/445 2990/3029/2410/445 2989/3033/2414/445
f 2992/3032/2413/445 2991/3030/2411/445 2990/3029/2410/445
f 2995/3034/2415/446 2996/3035/2416/446 2998/3036/2417/446
f 2997/3037/2418/446 2995/3034/2415/446 2994/3038/2419/446
f 2997/3037/2418/446 2996/3035/2416/446 2995/3034/2415/446
f 3000/3039/2420/447 3001/3040/2421/447 3003/3041/2422/447
f 3002/3042/2423/447 3000/3039/2420/447 2999/3043/2424/447
f 3002/3042/2423/447 3001/3040/2421/447 3000/3039/2420/447
f 3005/3044/2425/448 3006/3045/2426/448 3008/3046/2427/448
f 3007/3047/2428/448 3005/3044/2425/448 3004/3048/2429/448
f 3007/3047/2428/448 3006/3045/2426/448 3005/3044/2425/448
f 3078/3117/2464/456 3079/3118/2465/456 3081/3119/2466/456
f 3080/3120/2467/456 3078/3117/2464/456 3077/3121/2468/456
f 3080/3120/2467/456 3079/3118/2465/456 3078/3117/2464/456
f 3083/3122/2469/457 3084/3123/2470/457 3086/3124/2471/457
f 3085/3125/2472/457 3083/3122/2469/457 3082/3126/2473/457
f 3085/3125/2472/457 3084/3123/2470/457 3083/3122/2469/457
f 3088/3127/2474/458 3089/3128/2475/458 3091/3129/2476/458
f 3090/3130/2477/458 3088/3127/2474/458 3087/3131/2478/458
f 3090/3130/2477/458 3089/3128/2475/458 3088/3127/2474/458
f 3093/3132/2479/459 3094/3133/2480/459 3096/3134/2481/459
f 3095/3135/2482/459 3093/3132/2479/459 3092/3136/2483/459
f 3095/3135/2482/459 3094/3133/2480/459 3093/3132/2479/459
f 3098/3137/2484/460 3099/3138/2485/460 3101/3139/2486/460
f 3100/3140/2487/460 3098/3137/2484/460 3097/3141/2488/460
f 3100/3140/2487/460 3099/3138/2485/460 3098/3137/2484/460
f 3103/3142/2489/461 3104/3143/2490/461 3106/3144/2491/461
f 3105/3145/2492/461 3103/3142/2489/461 3102/3146/2493/461
f 3105/3145/2492/461 3104/3143/2490/461 3103/3142/2489/461
f 3108/3147/2494/462 3109/3148/2495/462 3111/3149/2496/462
f 3110/3150/2497/462 3108/3147/2494/462 3107/3151/2498/462
f 3110/3150/2497/462 3109/3148/2495/462 3108/3147/2494/462
f 3113/3152/2499/463 3114/3153/2500/463 3116/3154/2501/463
f 3115/3155/2502/463 3113/3152/2499/463 3112/3156/2503/463
f 3115/3155/2502/463 3114/3153/2500/463 3113/3152/2499/463
f 3118/3157/2504/464 3119/3158/2505/464 3121/3159/2506/464
f 3120/3160/2507/464 3118/3157/2504/464 3117/3161/2508/464
f 3120/3160/2507/464 3119/3158/2505/464 3118/3157/2504/464
f 3123/3162/2509/465 3124/3163/2510/465 3126/3164/2511/465
f 3125/3165/2512/465 3123/3162/2509/465 3122/3166/2513/465
f 3125/3165/2512/465 3124/3163/2510/465 3123/3162/2509/465
f 3128/3167/2514/466 3129/3168/2515/466 3131/3169/2516/466
f 3130/3170/2517/466 3128/3167/2514/466 3127/3171/2518/466
f 3130/3170/2517/466 3129/3168/2515/466 3128/3167/2514/466
f 3133/3172/2519/467 3134/3173/2520/467 3136/3174/2521/467
f 3135/3175/2522/467 3133/3172/2519/467 3132/3176/2523/467
f 3135/3175/2522/467 3134/3173/2520/467 3133/3172/2519/467
f 3156/3195/2530/471 3157/3196/2531/471 3159/3197/2532/471
f 3158/3198/2533/471 3156/3195/2530/471 3155/3199/2534/471
f 3158/3198/2533/471 3157/3196/2531/471 3156/3195/2530/471
f 3161/3200/2535/472 3162/3201/2536/472 3164/3202/2537/472
f 3163/3203/2538/472 3161/3200/2535/472 3160/3204/2539/472
f 3163/3203/2538/472 3162/3201/2536/472 3161/3200/2535/472
f 3166/3205/2540/473 3167/3206/2541/473 3169/3207/2542/473
f 3168/3208/2543/473 3166/3205/2540/473 3165/3209/2544/473
f 3168/3208/2543/473 3167/3206/2541/473 3166/3205/2540/473
f 3171/3210/2545/474 3172/3211/2546/474 3174/3212/2547/474
f 3173/3213/2548/474 3171/3210/2545/474 3170/3214/2549/474
f 3173/3213/2548/474 3172/3211/2546/474 3171/3210/2545/474
f 3176/3215/2550/475 3177/3216/2551/475 3179/3217/2552/475
f 3178/3218/2553/475 3176/3215/2550/475 3175/3219/2554/475
f 3178/3218/2553/475 3177/3216/2551/475 3176/3215/2550/475
f 3181/3220/2555/476 3182/3221/2556/476 3184/3222/2557/476
f 3183/3223/2558/476 3181/3220/2555/476 3180/3224/2559/476
f 3183/3223/2558/476 3182/3221/2556/476 3181/3220/2555/476
f 3186/3225/2560/477 3187/3226/2561/477 3189/3227/2562/477
f 3188/3228/2563/477 3186/3225/2560/477 3185/3229/2564/477
f 3188/3228/2563/477 3187/3226/2561/477 3186/3225/2560/477
f 3191/3230/2565/478 3192/3231/2566/478 3194/3232/2567/478
f 3193/3233/2568/478 3191/3230/2565/478 3190/3234/2569/478
f 3193/3233/2568/478 3192/3231/2566/478 3191/3230/2565/478
f 3196/3235/2570/479 3197/3236/2571/479 3199/3237/2572/479
f 3198/3238/2573/479 3196/3235/2570/479 3195/3239/2574/479
f 3198/3238/2573/479 3197/3236/2571/479 3196/3235/2570/479
f 3201/3240/2575/480 3202/3241/2576/480 3204/3242/2577/480
f 3203/3243/2578/480 3201/3240/2575/480 3200/3244/2579/480
f 3203/3243/2578/480 3202/3241/2576/480 3201/3240/2575/480
f 3206/3245/2580/481 3207/3246/2581/481 3209/3247/2582/481
f 3208/3248/2583/481 3206/3245/2580/481 3205/3249/2584/481
f 3208/3248/2583/481 3207/3246/2581/481 3206/3245/2580/481
f 3211/3250/2585/482 3212/3251/2586/482 3214/3252/2587/482
f 3213/3253/2588/482 3211/3250/2585/482 3210/3254/2589/482
f 3213/3253/2588/482 3212/3251/2586/482 3211/3250/2585/482
f 3250/3289/2609/487 3251/3290/2610/487 3253/3291/2611/487
f 3252/3292/2612/487 3250/3289/2609/487 3249/3293/2613/487
f 3252/3292/2612/487 3251/3290/2610/487 3250/3289/2609/487
f 3255/3294/2614/488 3256/3295/2615/488 3258/3296/2616/488
f 3257/3297/2617/488 3255/3294/2614/488 3254/3298/2618/488
f 3257/3297/2617/488 3256/3295/2615/488 3255/3294/2614/488
f 3260/3299/2619/489 3261/3300/2620/489 3263/3301/2621/489
f 3262/3302/2622/489 3260/3299/2619/489 3259/3303/2623/489
f 3262/3302/2622/489 3261/3300/2620/489 3260/3299/2619/489
f 3265/3304/2624/490 3266/3305/2625/490 3268/3306/2626/490
f 3267/3307/2627/490 3265/3304/2624/490 3264/3308/2628/490
f 3267/3307/2627/490 3266/3305/2625/490 3265/3304/2624/490
f 3270/3309/2629/491 3271/3310/2630/491 3273/3311/2631/491
f 3272/3312/2632/491 3270/3309/2629/491 3269/3313/2633/491
f 3272/3312/2632/491 3271/3310/2630/491 3270/3309/2629/491
f 3275/3314/2634/492 3276/3315/2635/492 3278/3316/2636/492
f 3277/3317/2637/492 3275/3314/2634/492 3274/3318/2638/492
f 3277/3317/2637/492 3276/3315/2635/492 3275/3314/2634/492
f 3280/3319/2639/493 3281/3320/2640/493 3283/3321/2641/493
f 3282/3322/2642/493 3280/3319/2639/493 3279/3323/2643/493
f 3282/3322/2642/493 3281/3320/2640/493 3280/3319/2639/493
f 3285/3324/2644/494 3286/3325/2645/494 3288/3326/2646/494
f 3287/3327/2647/494 3285/3324/2644/494 3284/3328/2648/494
f 3287/3327/2647/494 3286/3325/2645/494 3285/3324/2644/494
f 3290/3329/2649/495 3291/3330/2650/495 3293/3331/2651/495
f 3292/3332/2652/495 3290/3329/2649/495 3289/3333/2653/495
f 3292/3332/2652/495 3291/3330/2650/495 3290/3329/2649/495
f 3295/3334/2654/496 3296/3335/2655/496 3298/3336/2656/496
f 3297/3337/2657/496 3295/3334/2654/496 3294/3338/2658/496
f 3297/3337/2657/496 3296/3335/2655/496 3295/3334/2654/496
f 3300/3339/2659/497 3301/3340/2660/497 3303/3341/2661/497
f 3302/3342/2662/497 3300/3339/2659/497 3299/3343/2663/497
f 3302/3342/2662/497 3301/3340/2660/497 3300/3339/2659/497
f 3305/3344/2664/498 3306/3345/2665/498 3308/3346/2666/498
f 3307/3347/2667/498 3305/3344/2664/498 3304/3348/2668/498
f 3307/3347/2667/498 3306/3345/2665/498 3305/3344/2664/498
f 3384/3423/2710/507 3385/3424/2711/507 3387/3425/2712/507
f 3386/3426/2713/507 3384/3423/2710/507 3383/3427/2714/507
f 3386/3426/2713/507 3385/3424/2711/507 3384/3423/2710/507
f 3389/3428/2715/508 3390/3429/2716/508 3392/3430/2717/508
f 3391/3431/2718/508 3389/3428/2715/508 3388/3432/2719/508
f 3391/3431/2718/508 3390/3429/2716/508 3389/3428/2715/508
f 3394/3433/2720/509 3395/3434/2721/509 3397/3435/2722/509
f 3396/3436/2723/509 3394/3433/2720/509 3393/3437/2724/509
f 3396/3436/2723/509 3395/3434/2721/509 3394/3433/2720/509
f 3399/3438/2725/510 3400/3439/2726/510 3402/3440/2727/510
f 3401/3441/2728/510 3399/3438/2725/510 3398/3442/2729/510
f 3401/3441/2728/510 3400/3439/2726/510 3399/3438/2725/510
f 3404/3443/2730/511 3405/3444/2731/511 3407/3445/2732/511
f 3406/3446/2733/511 3404/3443/2730/511 3403/3447/2734/511
f 3406/3446/2733/511 3405/3444/2731/511 3404/3443/2730/511
f 3409/3448/2735/512 3410/3449/2736/512 3412/3450/2737/512
f 3411/3451/2738/512 3409/3448/2735/512 3408/3452/2739/512
f 3411/3451/2738/512 3410/3449/2736/512 3409/3448/2735/512
f 3414/3453/2740/513 3415/3454/2741/513 3417/3455/2742/513
f 3416/3456/2743/513 3414/3453/2740/513 3413/3457/2744/513
f 3416/3456/2743/513 3415/3454/2741/513 3414/3453/2740/513
f 3419/3458/2745/514 3420/3459/2746/514 3422/3460/2747/514
f 3421/3461/2748/514 3419/3458/2745/514 3418/3462/2749/514
f 3421/3461/2748/514 3420/3459/2746/514 3419/3458/2745/514
f 3424/3463/2750/515 3425/3464/2751/515 3427/3465/2752/515
f 3426/3466/2753/515 3424/3463/2750/515 3423/3467/2754/515
f 3426/3466/2753/515 3425/3464/2751/515 3424/3463/2750/515
f 3429/3468/2755/516 3430/3469/2756/516 3432/3470/2757/516
f 3431/3471/2758/516 3429/3468/2755/516 3428/3472/2759/516
f 3431/3471/2758/516 3430/3469/2756/516 3429/3468/2755/516
f 3434/3473/2760/517 3435/3474/2761/517 3437/3475/2762/517
f 3436/3476/2763/517 3434/3473/2760/517 3433/3477/2764/517
f 3436/3476/2763/517 3435/3474/2761/517 3434/3473/2760/517
f 3483/3531/2802/519 3484/3532/2802/519 3485/3533/2802/519
f 3541/3588/2830/526 3542/3589/2831/526 3544/3590/2832/526
f 3543/3591/2833/526 3541/3588/2830/526 3540/3592/2834/526
f 3543/3591/2833/526 3542/3589/2831/526 3541/3588/2830/526
f 3546/3593/2835/527 3547/3594/2836/527 3549/3595/2837/527
f 3548/3596/2838/527 3546/3593/2835/527 3545/3597/2839/527
f 3548/3596/2838/527 3547/3594/2836/527 3546/3593/2835/527
f 3551/3598/2840/528 3552/3599/2841/528 3554/3600/2842/528
f 3553/3601/2843/528 3551/3598/2840/528 3550/3602/2844/528
f 3553/3601/2843/528 3552/3599/2841/528 3551/3598/2840/528
f 3556/3603/2845/529 3557/3604/2846/529 3559/3605/2847/529
f 3558/3606/2848/529 3556/3603/2845/529 3555/3607/2849/529
f 3558/3606/2848/529 3557/3604/2846/529 3556/3603/2845/529
f 3561/3608/2850/530 3562/3609/2851/530 3564/3610/2852/530
f 3563/3611/2853/530 3561/3608/2850/530 3560/3612/2854/530
f 3563/3611/2853/530 3562/3609/2851/530 3561/3608/2850/530
f 3566/3613/2855/531 3567/3614/2856/531 3569/3615/2857/531
f 3568/3616/2858/531 3566/3613/2855/531 3565/3617/2859/531
f 3568/3616/2858/531 3567/3614/2856/531 3566/3613/2855/531
f 3571/3618/2860/532 3572/3619/2861/532 3574/3620/2862/532
f 3573/3621/2863/532 3571/3618/2860/532 3570/3622/2864/532
f 3573/3621/2863/532 3572/3619/2861/532 3571/3618/2860/532
f 3576/3623/2865/533 3577/3624/2866/533 3579/3625/2867/533
f 3578/3626/2868/533 3576/3623/2865/533 3575/3627/2869/533
f 3578/3626/2868/533 3577/3624/2866/533 3576/3623/2865/533
f 3581/3628/2870/534 3582/3629/2871/534 3584/3630/2872/534
f 3583/3631/2873/534 3581/3628/2870/534 3580/3632/2874/534
f 3583/3631/2873/534 3582/3629/2871/534 3581/3628/2870/534
f 3586/3633/2875/535 3587/3634/2876/535 3589/3635/2877/535
f 3588/3636/2878/535 3586/3633/2875/535 3585/3637/2879/535
f 3588/3636/2878/535 3587/3634/2876/535 3586/3633/2875/535
f 3591/3638/2880/536 3592/3639/2881/536 3594/3640/2882/536
f 3593/3641/2883/536 3591/3638/2880/536 3590/3642/2884/536
f 3593/3641/2883/536 3592/3639/2881/536 3591/3638/2880/536
f 3744/3791/2971/548 3745/3792/2972/548 3747/3793/2973/548
f 3746/3794/2974/548 3744/3791/2971/548 3743/3795/2975/548
f 3746/3794/2974/548 3745/3792/2972/548 3744/3791/2971/548
f 3749/3796/2976/549 3750/3797/2977/549 3752/3798/2978/549
f 3751/3799/2979/549 3749/3796/2976/549 3748/3800/2980/549
f 3751/3799/2979/549 3750/3797/2977/549 3749/3796/2976/549
f 3754/3801/2981/550 3755/3802/2982/550 3757/3803/2983/550
f 3756/3804/2984/550 3754/3801/2981/550 3753/3805/2985/550
f 3756/3804/2984/550 3755/3802/2982/550 3754/3801/2981/550
f 3759/3806/2986/551 3760/3807/2987/551 3762/3808/2988/551
f 3761/3809/2989/551 3759/3806/2986/551 3758/3810/2990/551
f 3761/3809/2989/551 3760/3807/2987/551 3759/3806/2986/551
f 3764/3811/2991/552 3765/3812/2992/552 3767/3813/2993/552
f 3766/3814/2994/552 3764/3811/2991/552 3763/3815/2995/552
f 3766/3814/2994/552 3765/3812/2992/552 3764/3811/2991/552
f 3769/3816/2996/553 3770/3817/2997/553 3772/3818/2998/553
f 3771/3819/2999/553 3769/3816/2996/553 3768/3820/3000/553
f 3771/3819/2999/553 3770/3817/2997/553 3769/3816/2996/553
f 3774/3821/3001/554 3775/3822/3002/554 3777/3823/3003/554
f 3776/3824/3004/554 3774/3821/3001/554 3773/3825/3005/554
f 3776/3824/3004/554 3775/3822/3002/554 3774/3821/3001/554
f 3779/3826/3006/555 3780/3827/3007/555 3782/3828/3008/555
f 3781/3829/3009/555 3779/3826/3006/555 3778/3830/3010/555
f 3781/3829/3009/555 3780/3827/3007/555 3779/3826/3006/555
f 3784/3831/3011/556 3785/3832/3012/556 3787/3833/3013/556
f 3786/3834/3014/556 3784/3831/3011/556 3783/3835/3015/556
f 3786/3834/3014/556 3785/3832/3012/556 3784/3831/3011/556
f 3789/3836/3016/557 3790/3837/3017/557 3792/3838/3018/557
f 3791/3839/3019/557 3789/3836/3016/557 3788/3840/3020/557
f 3791/3839/3019/557 3790/3837/3017/557 3789/3836/3016/557
f 3838/3894/3058/559 3839/3895/3058/559 3840/3896/3058/559
f 3974/4029/3131/572 3975/4030/3132/572 3977/4031/3133/572
f 3976/4032/3134/572 3974/4029/3131/572 3973/4033/3135/572
f 3976/4032/3134/572 3975/4030/3132/572 3974/4029/3131/572
f 3979/4034/3136/573 3980/4035/3137/573 3982/4036/3138/573
f 3981/4037/3139/573 3979/4034/3136/573 3978/4038/3140/573
f 3981/4037/3139/573 3980/4035/3137/573 3979/4034/3136/573
f 3984/4039/3141/574 3985/4040/3142/574 3987/4041/3143/574
f 3986/4042/3144/574 3984/4039/3141/574 3983/4043/3145/574
f 3986/4042/3144/574 3985/4040/3142/574 3984/4039/3141/574
f 3989/4044/3146/575 3990/4045/3147/575 3992/4046/3148/575
f 3991/4047/3149/575 3989/4044/3146/575 3988/4048/3150/575
f 3991/4047/3149/575 3990/4045/3147/575 3989/4044/3146/575
f 3994/4049/3151/576 3995/4050/3152/576 3997/4051/3153/576
f 3996/4052/3154/576 3994/4049/3151/576 3993/4053/3155/576
f 3996/4052/3154/576 3995/4050/3152/576 3994/4049/3151/576
f 3999/4054/3156/577 4000/4055/3157/577 4002/4056/3158/577
f 4001/4057/3159/577 3999/4054/3156/577 3998/4058/3160/577
f 4001/4057/3159/577 4000/4055/3157/577 3999/4054/3156/577
f 4004/4059/3161/578 4005/4060/3162/578 4007/4061/3163/578
f 4006/4062/3164/578 4004/4059/3161/578 4003/4063/3165/578
f 4006/4062/3164/578 4005/4060/3162/578 4004/4059/3161/578
f 4009/4064/3166/579 4010/4065/3167/579 4012/4066/3168/579
f 4011/4067/3169/579 4009/4064/3166/579 4008/4068/3170/579
f 4011/4067/3169/579 4010/4065/3167/579 4009/4064/3166/579
f 4014/4069/3171/580 4015/4070/3172/580 4017/4071/3173/580
f 4016/4072/3174/580 4014/4069/3171/580 4013/4073/3175/580
f 4016/4072/3174/580 4015/4070/3172/580 4014/4069/3171/580
f 4019/4074/3176/581 4020/4075/3177/581 4022/4076/3178/581
f 4021/4077/3179/581 4019/4074/3176/581 4018/4078/3180/581
f 4021/4077/3179/581 4020/4075/3177/581 4019/4074/3176/581
f 4140/4195/3245/592 4141/4196/3246/592 4143/4197/3247/592
f 4142/4198/3248/592 4140/4195/3245/592 4139/4199/3249/592
f 4142/4198/3248/592 4141/4196/3246/592 4140/4195/3245/592
f 4145/4200/3250/593 4146/4201/3251/593 4148/4202/3252/593
f 4147/4203/3253/593 4145/4200/3250/593 4144/4204/3254/593
f 4147/4203/3253/593 4146/4201/3251/593 4145/4200/3250/593
f 4150/4205/3255/594 4151/4206/3256/594 4153/4207/3257/594
f 4152/4208/3258/594 4150/4205/3255/594 4149/4209/3259/594
f 4152/4208/3258/594 4151/4206/3256/594 4150/4205/3255/594
f 4155/4210/3260/595 4156/4211/3261/595 4158/4212/3262/595
f 4157/4213/3263/595 4155/4210/3260/595 4154/4214/3264/595
f 4157/4213/3263/595 4156/4211/3261/595 4155/4210/3260/595
f 4160/4215/3265/596 4161/4216/3266/596 4163/4217/3267/596
f 4162/4218/3268/596 4160/4215/3265/596 4159/4219/3269/596
f 4162/4218/3268/596 4161/4216/3266/596 4160/4215/3265/596
f 4165/4220/3270/597 4166/4221/3271/597 4168/4222/3272/597
f 4167/4223/3273/597 4165/4220/3270/597 4164/4224/3274/597
f 4167/4223/3273/597 4166/4221/3271/597 4165/4220/3270/597
f 4170/4225/3275/598 4171/4226/3276/598 4173/4227/3277/598
f 4172/4228/3278/598 4170/4225/3275/598 4169/4229/3279/598
f 4172/4228/3278/598 4171/4226/3276/598 4170/4225/3275/598
f 4175/4230/3280/599 4176/4231/3281/599 4178/4232/3282/599
f 4177/4233/3283/599 4175/4230/3280/599 4174/4234/3284/599
f 4177/4233/3283/599 4176/4231/3281/599 4175/4230/3280/599
f 4180/4235/3285/600 4181/4236/3286/600 4183/4237/3287/600
f 4182/4238/3288/600 4180/4235/3285/600 4179/4239/3289/600
f 4182/4238/3288/600 4181/4236/3286/600 4180/4235/3285/600
f 4185/4240/3290/601 4186/4241/3291/601 4188/4242/3292/601
f 4187/4243/3293/601 4185/4240/3290/601 4184/4244/3294/601
f 4187/4243/3293/601 4186/4241/3291/601 4185/4240/3290/601
usemtl grass01
s off
f 142/144/111/22 143/145/111/22 144/142/111/22 145/143/111/22
f 146/146/112/23 147/147/112/23 148/148/112/23 149/149/112/23
f 150/150/113/24 151/151/113/24 152/152/113/24 153/153/113/24
f 293/293/231/43 294/294/231/43 295/295/231/43 296/296/231/43
f 297/299/232/44 298/300/232/44 299/297/232/44 300/298/232/44
f 483/491/374/67 484/492/374/67 485/493/374/67 486/494/374/67
f 487/495/375/68 488/496/375/68 489/497/375/68 490/498/375/68
f 807/817/617/108 808/818/617/108 809/815/617/108 810/816/617/108
f 811/821/618/109 812/822/618/109 813/819/618/109 814/820/618/109
f 1017/1025/793/142 1018/1026/793/142 1019/1027/793/142 1020/1028/793/142
f 1303/1319/1029/178 1304/1320/1029/178 1305/1321/1029/178 1306/1322/1029/178
f 1307/1323/1030/179 1308/1324/1030/179 1309/1325/1030/179 1310/1326/1030/179
f 1454/1470/1145/199 1455/1472/1145/199 1456/1471/1145/199 1457/1473/1145/199
f 1555/1573/1228/219 1556/1574/1228/219 1557/1571/1228/219 1558/1572/1228/219
f 1559/1577/1229/220 1560/1578/1229/220 1561/1575/1229/220 1562/1576/1229/220
f 1563/1579/1230/221 1564/1580/1230/221 1565/1581/1230/221 1566/1582/1230/221
f 1727/1745/1385/253 1728/1746/1385/253 1729/1743/1385/253 1730/1744/1385/253
f 1999/2025/1616/288 2000/2023/1616/288 2001/2026/1616/288 2002/2024/1616/288
f 2123/2149/1713/308 2124/2150/1713/308 2125/2147/1713/308 2126/2148/1713/308
f 2211/2237/1789/325 2212/2235/1789/325 2213/2238/1789/325 2214/2236/1789/325
f 2215/2239/1790/326 2216/2240/1790/326 2217/2241/1790/326 2218/2242/1790/326
f 2289/2313/1861/341 2290/2315/1861/341 2291/2314/1861/341 2292/2316/1861/341
f 2293/2319/1862/342 2294/2317/1862/342 2295/2320/1862/342 2296/2318/1862/342
f 2432/2466/1973/362 2433/2467/1973/362 2434/2464/1973/362 2435/2465/1973/362
f 2436/2470/1974/363 2437/2471/1974/363 2438/2468/1974/363 2439/2469/1974/363
f 2440/2474/1975/364 2441/2472/1975/364 2442/2475/1975/364 2443/2473/1975/364
f 2577/2611/2081/382 2578/2612/2081/382 2579/2609/2081/382 2580/2610/2081/382
f 2581/2613/2082/383 2582/2615/2082/383 2583/2614/2082/383 2584/2616/2082/383
f 2707/2749/2186/400 2708/2750/2186/400 2709/2747/2186/400 2710/2748/2186/400
f 2711/2753/2187/401 2712/2751/2187/401 2713/2752/2187/401 2714/2754/2187/401
f 2715/2755/2188/402 2716/2757/2188/402 2717/2756/2188/402 2718/2758/2188/402
f 2837/2877/2285/418 2838/2878/2285/418 2839/2879/2285/418 2840/2880/2285/418
f 2841/2883/2286/419 2842/2881/2286/419 2843/2882/2286/419 2844/2884/2286/419
f 2941/2981/2368/435 2942/2982/2368/435 2943/2983/2368/435 2944/2984/2368/435
f 2945/2987/2369/436 2946/2985/2369/436 2947/2986/2369/436 2948/2988/2369/436
f 3069/3111/2462/454 3070/3109/2462/454 3071/3112/2462/454 3072/3110/2462/454
f 3073/3115/2463/455 3074/3116/2463/455 3075/3113/2463/455 3076/3114/2463/455
f 3241/3283/2607/485 3242/3281/2607/485 3243/3282/2607/485 3244/3284/2607/485
f 3245/3285/2608/486 3246/3287/2608/486 3247/3286/2608/486 3248/3288/2608/486
f 3379/3419/2709/506 3380/3421/2709/506 3381/3420/2709/506 3382/3422/2709/506
usemtl road05
s off
f 102/102/89/18 103/103/89/18 104/104/89/18 105/105/89/18
f 106/106/90/19 107/107/90/19 108/108/90/19 109/109/90/19
f 419/427/341/61 420/428/341/61 421/429/341/61 422/430/341/61
f 423/433/342/62 424/434/342/62 425/431/342/62 426/432/342/62
f 427/435/343/63 428/436/343/63 429/437/343/63 430/438/343/63
f 751/761/586/104 752/762/586/104 753/759/586/104 754/760/586/104
f 1533/1549/1221/215 1534/1550/1221/215 1535/1551/1221/215 1536/1552/1221/215
f 1537/1555/1222/216 1538/1556/1222/216 1539/1553/1222/216 1540/1554/1222/216
f 1541/1557/1223/217 1542/1558/1223/217 1543/1559/1223/217 1544/1560/1223/217
f 2083/2107/1691/304 2084/2109/1691/304 2085/2108/1691/304 2086/2110/1691/304
f 2119/2143/1712/307 2120/2145/1712/307 2121/2144/1712/307 2122/2146/1712/307
f 2207/2231/1788/324 2208/2232/1788/324 2209/2233/1788/324 2210/2234/1788/324
f 2410/2442/1966/358 2411/2443/1966/358 2412/2444/1966/358 2413/2445/1966/358
f 2414/2446/1967/359 2415/2448/1967/359 2416/2447/1967/359 2417/2449/1967/359
f 2418/2450/1968/360 2419/2451/1968/360 2420/2452/1968/360 2421/2453/1968/360
f 2703/2743/2185/399 2704/2744/2185/399 2705/2745/2185/399 2706/2746/2185/399
f 2915/2957/2351/433 2916/2955/2351/433 2917/2956/2351/433 2918/2958/2351/433
f 3009/3049/2430/449 3010/3050/2430/449 3011/3051/2430/449 3012/3052/2430/449
f 3023/3065/2435/451 3024/3063/2435/451 3025/3066/2435/451 3026/3064/2435/451
f 3137/3177/2524/468 3138/3178/2524/468 3139/3179/2524/468 3140/3180/2524/468
f 3151/3191/2529/470 3152/3192/2529/470 3153/3193/2529/470 3154/3194/2529/470
f 3237/3279/2606/484 3238/3277/2606/484 3239/3278/2606/484 3240/3280/2606/484
f 3341/3383/2689/501 3342/3381/2689/501 3343/3384/2689/501 3344/3382/2689/501
f 3367/3409/2706/503 3368/3407/2706/503 3369/3410/2706/503 3370/3408/2706/503
f 3371/3411/2707/504 3372/3413/2707/504 3373/3412/2707/504 3374/3414/2707/504
f 3375/3417/2708/505 3376/3415/2708/505 3377/3418/2708/505 3378/3416/2708/505
f 3518/3566/2823/522 3519/3567/2823/522 3520/3568/2823/522 3521/3569/2823/522
f 3532/3582/2828/524 3533/3580/2828/524 3534/3583/2828/524 3535/3581/2828/524
f 3536/3586/2829/525 3537/3584/2829/525 3538/3587/2829/525 3539/3585/2829/525
f 3685/3735/2941/542 3686/3733/2941/542 3687/3736/2941/542 3688/3734/2941/542
f 3711/3759/2958/544 3712/3761/2958/544 3713/3760/2958/544 3714/3762/2958/544
f 3715/3763/2959/545 3716/3764/2959/545 3717/3765/2959/545 3718/3766/2959/545
f 3719/3767/2960/546 3720/3769/2960/546 3721/3770/2960/546 3722/3768/2960/546
f 3851/3907/3063/561 3852/3908/3063/561 3853/3909/3063/561 3854/3910/3063/561
f 3887/3945/3084/564 3888/3943/3084/564 3889/3946/3084/564 3890/3944/3084/564
f 3943/4001/3113/569 3944/4002/3113/569 3945/3999/3113/569 3946/4000/3113/569
f 3947/4003/3114/570 3948/4005/3114/570 3949/4004/3114/570 3950/4006/3114/570
f 4091/4149/3221/586 4092/4147/3221/586 4093/4148/3221/586 4094/4150/3221/586
f 4127/4185/3242/589 4128/4186/3242/589 4129/4183/3242/589 4130/4184/3242/589
f 4131/4189/3243/590 4132/4190/3243/590 4133/4187/3243/590 4134/4188/3243/590
f 4135/4191/3244/591 4136/4192/3244/591 4137/4193/3244/591 4138/4194/3244/591
f 4199/4255/3299/603 4200/4257/3299/603 4201/4258/3299/603 4202/4256/3299/603
f 4257/4313/3336/607 4258/4315/3336/607 4259/4314/3336/607 4260/4316/3336/607
f 4261/4317/3337/608 4262/4319/3337/608 4263/4318/3337/608 4264/4320/3337/608
f 4265/4321/3338/609 4266/4323/3338/609 4267/4322/3338/609 4268/4324/3338/609
f 4269/4327/3339/610 4270/4325/3339/610 4271/4328/3339/610 4272/4326/3339/610
f 110/127/105/20 111/128/105/20 112/129/105/20
f 111/128/105/20 113/130/105/20 112/129/105/20
f 114/131/105/20 113/130/105/20 111/128/105/20
f 229/246/203/40 230/247/203/40 231/248/203/40
f 230/247/203/40 232/249/203/40 231/248/203/40
f 233/250/203/40 232/249/203/40 230/247/203/40
f 251/268/219/41 252/269/219/41 253/270/219/41
f 252/269/219/41 254/271/219/41 253/270/219/41
f 255/272/219/41 254/271/219/41 252/269/219/41
f 431/456/358/64 432/457/358/64 433/458/358/64
f 432/457/358/64 434/459/358/64 433/458/358/64
f 435/460/358/64 434/459/358/64 432/457/358/64
f 577/602/469/84 578/603/469/84 579/604/469/84
f 578/603/469/84 580/605/469/84 579/604/469/84
f 581/606/469/84 580/605/469/84 578/603/469/84
f 629/654/500/87 630/655/500/87 631/656/500/87
f 630/655/500/87 632/657/500/87 631/656/500/87
f 633/658/500/87 632/657/500/87 630/655/500/87
f 755/780/601/105 756/781/601/105 757/782/601/105
f 756/781/601/105 758/783/601/105 757/782/601/105
f 759/784/601/105 758/783/601/105 756/781/601/105
f 895/920/707/125 896/921/707/125 897/922/707/125
f 896/921/707/125 898/923/707/125 897/922/707/125
f 899/924/707/125 898/923/707/125 896/921/707/125
f 1091/1116/878/157 1092/1117/878/157 1093/1118/878/157
f 1092/1117/878/157 1094/1119/878/157 1093/1118/878/157
f 1095/1120/878/157 1094/1119/878/157 1092/1117/878/157
f 1261/1294/1017/176 1262/1295/1017/176 1263/1296/1017/176
f 1262/1295/1017/176 1264/1297/1017/176 1263/1296/1017/176
f 1265/1298/1017/176 1264/1297/1017/176 1262/1295/1017/176
f 1412/1445/1133/197 1413/1446/1133/197 1414/1447/1133/197
f 1413/1446/1133/197 1415/1448/1133/197 1414/1447/1133/197
f 1416/1449/1133/197 1415/1448/1133/197 1413/1446/1133/197
f 1935/1976/1587/285 1936/1977/1587/285 1937/1978/1587/285
f 1936/1977/1587/285 1938/1979/1587/285 1937/1978/1587/285
f 1939/1980/1587/285 1938/1979/1587/285 1936/1977/1587/285
f 1977/2018/1614/287 1978/2019/1614/287 1979/2020/1614/287
f 1978/2019/1614/287 1980/2021/1614/287 1979/2020/1614/287
f 1981/2022/1614/287 1980/2021/1614/287 1978/2019/1614/287
f 2087/2128/1706/305 2088/2129/1706/305 2089/2130/1706/305
f 2088/2129/1706/305 2090/2131/1706/305 2089/2130/1706/305
f 2091/2132/1706/305 2090/2131/1706/305 2088/2129/1706/305
f 2525/2574/2064/379 2526/2575/2064/379 2527/2576/2064/379
f 2526/2575/2064/379 2528/2577/2064/379 2527/2576/2064/379
f 2529/2578/2064/379 2528/2577/2064/379 2526/2575/2064/379
f 2795/2852/2272/416 2796/2853/2272/416 2797/2854/2272/416
f 2796/2853/2272/416 2798/2855/2272/416 2797/2854/2272/416
f 2799/2856/2272/416 2798/2855/2272/416 2796/2853/2272/416
f 2919/2976/2366/434 2920/2977/2366/434 2921/2978/2366/434
f 2920/2977/2366/434 2922/2979/2366/434 2921/2978/2366/434
f 2923/2980/2366/434 2922/2979/2366/434 2920/2977/2366/434
f 3027/3084/2450/452 3028/3085/2450/452 3029/3086/2450/452
f 3028/3085/2450/452 3030/3087/2450/452 3029/3086/2450/452
f 3031/3088/2450/452 3030/3087/2450/452 3028/3085/2450/452
f 3215/3272/2604/483 3216/3273/2604/483 3217/3274/2604/483
f 3216/3273/2604/483 3218/3275/2604/483 3217/3274/2604/483
f 3219/3276/2604/483 3218/3275/2604/483 3216/3273/2604/483
f 3309/3366/2683/499 3310/3367/2683/499 3311/3368/2683/499
f 3310/3367/2683/499 3312/3369/2683/499 3311/3368/2683/499
f 3313/3370/2683/499 3312/3369/2683/499 3310/3367/2683/499
f 3345/3402/2704/502 3346/3403/2704/502 3347/3404/2704/502
f 3346/3403/2704/502 3348/3405/2704/502 3347/3404/2704/502
f 3349/3406/2704/502 3348/3405/2704/502 3346/3403/2704/502
f 3486/3551/2817/520 3487/3552/2817/520 3488/3553/2817/520
f 3487/3552/2817/520 3489/3554/2817/520 3488/3553/2817/520
f 3490/3555/2817/520 3489/3554/2817/520 3487/3552/2817/520
f 3611/3676/2908/538 3612/3677/2908/538 3613/3678/2908/538
f 3612/3677/2908/538 3614/3679/2908/538 3613/3678/2908/538
f 3615/3680/2908/538 3614/3679/2908/538 3612/3677/2908/538
f 3653/3718/2935/540 3654/3719/2935/540 3655/3720/2935/540
f 3654/3719/2935/540 3656/3721/2935/540 3655/3720/2935/540
f 3657/3722/2935/540 3656/3721/2935/540 3654/3719/2935/540
f 3689/3754/2956/543 3690/3755/2956/543 3691/3756/2956/543
f 3690/3755/2956/543 3692/3757/2956/543 3691/3756/2956/543
f 3693/3758/2956/543 3692/3757/2956/543 3690/3755/2956/543
f 3855/3928/3078/562 3856/3929/3078/562 3857/3930/3078/562
f 3856/3929/3078/562 3858/3931/3078/562 3857/3930/3078/562
f 3859/3932/3078/562 3858/3931/3078/562 3856/3929/3078/562
f 3891/3964/3099/565 3892/3965/3099/565 3893/3966/3099/565
f 3892/3965/3099/565 3894/3967/3099/565 3893/3966/3099/565
f 3895/3968/3099/565 3894/3967/3099/565 3892/3965/3099/565
f 4039/4112/3204/583 4040/4113/3204/583 4041/4114/3204/583
f 4040/4113/3204/583 4042/4115/3204/583 4041/4114/3204/583
f 4043/4116/3204/583 4042/4115/3204/583 4040/4113/3204/583
f 4095/4168/3236/587 4096/4169/3236/587 4097/4170/3236/587
f 4096/4169/3236/587 4098/4171/3236/587 4097/4170/3236/587
f 4099/4172/3236/587 4098/4171/3236/587 4096/4169/3236/587
f 4203/4276/3314/604 4204/4277/3314/604 4205/4278/3314/604
f 4204/4277/3314/604 4206/4279/3314/604 4205/4278/3314/604
f 4207/4280/3314/604 4206/4279/3314/604 4204/4277/3314/604
f 4225/4298/3330/605 4226/4299/3330/605 4227/4300/3330/605
f 4226/4299/3330/605 4228/4301/3330/605 4227/4300/3330/605
f 4229/4302/3330/605 4228/4301/3330/605 4226/4299/3330/605
usemtl wall01_d
s off
f 77/76/76/16 78/77/77/16 86/78/78/16 85/79/76/16
f 76/80/79/16 77/76/76/16 85/79/76/16 84/81/79/16
f 80/82/79/16 91/83/80/16 90/84/81/16 79/85/81/16
f 406/415/330/60 408/416/332/60 412/417/336/60 413/418/337/60
f 415/420/339/60 412/421/336/60 408/422/332/60 414/423/338/60
f 562/569/446/83 563/570/447/83 571/571/448/83 570/572/446/83
f 561/573/449/83 562/569/446/83 570/572/446/83 569/574/449/83
f 565/575/449/83 576/576/450/83 575/577/451/83 564/578/451/83
f 625/633/482/86 626/634/482/86 627/635/485/86 628/636/485/86
f 891/899/689/124 892/900/689/124 893/901/692/124 894/902/692/124
f 1238/1255/988/174 1240/1256/990/174 1244/1257/994/174 1245/1258/995/174
f 1247/1260/997/174 1244/1261/994/174 1240/1262/990/174 1246/1263/996/174
f 1387/1402/1106/195 1388/1403/1107/195 1396/1404/1108/195 1395/1405/1106/195
f 1386/1406/1109/195 1387/1402/1106/195 1395/1405/1106/195 1394/1407/1109/195
f 1390/1408/1109/195 1401/1409/1110/195 1400/1410/1111/195 1389/1411/1111/195
f 1408/1424/1115/196 1409/1425/1115/196 1410/1426/1118/196 1411/1427/1118/196
f 1836/1861/1483/269 1838/1862/1485/269 1842/1863/1489/269 1843/1864/1490/269
f 1845/1866/1492/269 1842/1867/1489/269 1838/1868/1485/269 1844/1869/1491/269
f 1920/1943/1564/284 1921/1944/1565/284 1929/1945/1566/284 1928/1946/1564/284
f 1919/1947/1567/284 1920/1943/1564/284 1928/1946/1564/284 1927/1948/1567/284
f 1923/1949/1567/284 1934/1950/1568/284 1933/1951/1569/284 1922/1952/1569/284
f 2397/2430/1955/357 2399/2431/1957/357 2403/2432/1961/357 2404/2433/1962/357
f 2406/2435/1964/357 2403/2436/1961/357 2399/2437/1957/357 2405/2438/1963/357
f 2510/2541/2041/378 2511/2542/2042/378 2519/2543/2043/378 2518/2544/2041/378
f 2509/2545/2044/378 2510/2541/2041/378 2518/2544/2041/378 2517/2546/2044/378
f 2513/2547/2044/378 2524/2548/2045/378 2523/2549/2046/378 2512/2550/2046/378
f 2680/2721/2170/397 2682/2722/2172/397 2686/2723/2176/397 2687/2724/2177/397
f 2689/2726/2179/397 2686/2727/2176/397 2682/2728/2172/397 2688/2729/2178/397
f 2780/2819/2249/415 2781/2820/2250/415 2789/2821/2251/415 2788/2822/2249/415
f 2779/2823/2252/415 2780/2819/2249/415 2788/2822/2249/415 2787/2824/2252/415
f 2783/2825/2252/415 2794/2826/2253/415 2793/2827/2254/415 2782/2828/2254/415
f 3473/3522/2792/519 3475/3523/2794/519 3479/3524/2798/519 3480/3525/2799/519
f 3482/3527/2801/519 3479/3528/2798/519 3475/3529/2794/519 3481/3530/2800/519
f 3596/3643/2885/537 3597/3644/2886/537 3605/3645/2887/537 3604/3646/2885/537
f 3595/3647/2888/537 3596/3643/2885/537 3604/3646/2885/537 3603/3648/2888/537
f 3599/3649/2888/537 3610/3650/2889/537 3609/3651/2890/537 3598/3652/2890/537
f 3828/3885/3048/559 3830/3886/3050/559 3834/3887/3054/559 3835/3888/3055/559
f 3837/3890/3057/559 3834/3891/3054/559 3830/3892/3050/559 3836/3893/3056/559
f 3965/4021/3123/571 3966/4022/3124/571 3967/4023/3125/571 3968/4024/3126/571
f 3969/4025/3127/571 3970/4026/3128/571 3971/4027/3129/571 3972/4028/3130/571
f 3970/4026/3128/571 3965/4021/3123/571 3968/4024/3126/571 3971/4027/3129/571
f 4024/4079/3181/582 4025/4080/3182/582 4033/4081/3183/582 4032/4082/3181/582
f 4023/4083/3184/582 4024/4079/3181/582 4032/4082/3181/582 4031/4084/3184/582
f 4027/4085/3184/582 4038/4086/3185/582 4037/4087/3186/582 4026/4088/3186/582
f 371/371/303/59 372/372/304/59 373/373/305/59
f 372/372/304/59 374/374/306/59 373/373/305/59
f 373/373/305/59 374/374/306/59 375/375/307/59
f 374/374/306/59 376/376/308/59 375/375/307/59
f 377/377/307/59 378/378/309/59 379/379/305/59
f 406/406/330/60 407/407/331/60 408/408/332/60
f 407/407/331/60 409/409/333/60 408/408/332/60
f 408/408/332/60 409/409/333/60 410/410/334/60
f 410/411/334/60 409/412/333/60 411/413/335/60
f 409/412/333/60 407/414/331/60 411/413/335/60
f 414/419/338/60 408/408/332/60 410/410/334/60
f 1203/1211/961/173 1204/1212/962/173 1205/1213/963/173
f 1204/1212/962/173 1206/1214/964/173 1205/1213/963/173
f 1205/1213/963/173 1206/1214/964/173 1207/1215/965/173
f 1206/1214/964/173 1208/1216/966/173 1207/1215/965/173
f 1209/1217/965/173 1210/1218/967/173 1211/1219/963/173
f 1238/1246/988/174 1239/1247/989/174 1240/1248/990/174
f 1239/1247/989/174 1241/1249/991/174 1240/1248/990/174
f 1240/1248/990/174 1241/1249/991/174 1242/1250/992/174
f 1242/1251/992/174 1241/1252/991/174 1243/1253/993/174
f 1241/1252/991/174 1239/1254/989/174 1243/1253/993/174
f 1246/1259/996/174 1240/1248/990/174 1242/1250/992/174
f 1801/1817/1456/268 1802/1818/1457/268 1803/1819/1458/268
f 1802/1818/1457/268 1804/1820/1459/268 1803/1819/1458/268
f 1803/1819/1458/268 1804/1820/1459/268 1805/1821/1460/268
f 1804/1820/1459/268 1806/1822/1461/268 1805/1821/1460/268
f 1807/1823/1460/268 1808/1824/1462/268 1809/1825/1458/268
f 1836/1852/1483/269 1837/1853/1484/269 1838/1854/1485/269
f 1837/1853/1484/269 1839/1855/1486/269 1838/1854/1485/269
f 1838/1854/1485/269 1839/1855/1486/269 1840/1856/1487/269
f 1840/1857/1487/269 1839/1858/1486/269 1841/1859/1488/269
f 1839/1858/1486/269 1837/1860/1484/269 1841/1859/1488/269
f 1844/1865/1491/269 1838/1854/1485/269 1840/1856/1487/269
f 2362/2386/1928/356 2363/2387/1929/356 2364/2388/1930/356
f 2363/2387/1929/356 2365/2389/1931/356 2364/2388/1930/356
f 2364/2388/1930/356 2365/2389/1931/356 2366/2390/1932/356
f 2365/2389/1931/356 2367/2391/1933/356 2366/2390/1932/356
f 2368/2392/1932/356 2369/2393/1934/356 2370/2394/1930/356
f 2397/2421/1955/357 2398/2422/1956/357 2399/2423/1957/357
f 2398/2422/1956/357 2400/2424/1958/357 2399/2423/1957/357
f 2399/2423/1957/357 2400/2424/1958/357 2401/2425/1959/357
f 2401/2426/1959/357 2400/2427/1958/357 2402/2428/1960/357
f 2400/2427/1958/357 2398/2429/1956/357 2402/2428/1960/357
f 2405/2434/1963/357 2399/2423/1957/357 2401/2425/1959/357
f 2645/2677/2143/396 2646/2678/2144/396 2647/2679/2145/396
f 2646/2678/2144/396 2648/2680/2146/396 2647/2679/2145/396
f 2647/2679/2145/396 2648/2680/2146/396 2649/2681/2147/396
f 2648/2680/2146/396 2650/2682/2148/396 2649/2681/2147/396
f 2651/2683/2147/396 2652/2684/2149/396 2653/2685/2145/396
f 2680/2712/2170/397 2681/2713/2171/397 2682/2714/2172/397
f 2681/2713/2171/397 2683/2715/2173/397 2682/2714/2172/397
f 2682/2714/2172/397 2683/2715/2173/397 2684/2716/2174/397
f 2684/2717/2174/397 2683/2718/2173/397 2685/2719/2175/397
f 2683/2718/2173/397 2681/2720/2171/397 2685/2719/2175/397
f 2688/2725/2178/397 2682/2714/2172/397 2684/2716/2174/397
f 3438/3478/2765/518 3439/3479/2766/518 3440/3480/2767/518
f 3439/3479/2766/518 3441/3481/2768/518 3440/3480/2767/518
f 3440/3480/2767/518 3441/3481/2768/518 3442/3482/2769/518
f 3441/3481/2768/518 3443/3483/2770/518 3442/3482/2769/518
f 3444/3484/2769/518 3445/3485/2771/518 3446/3486/2767/518
f 3473/3513/2792/519 3474/3514/2793/519 3475/3515/2794/519
f 3474/3514/2793/519 3476/3516/2795/519 3475/3515/2794/519
f 3475/3515/2794/519 3476/3516/2795/519 3477/3517/2796/519
f 3477/3518/2796/519 3476/3519/2795/519 3478/3520/2797/519
f 3476/3519/2795/519 3474/3521/2793/519 3478/3520/2797/519
f 3481/3526/2800/519 3475/3515/2794/519 3477/3517/2796/519
f 3793/3841/3021/558 3794/3842/3022/558 3795/3843/3023/558
f 3794/3842/3022/558 3796/3844/3024/558 3795/3843/3023/558
f 3795/3843/3023/558 3796/3844/3024/558 3797/3845/3025/558
f 3796/3844/3024/558 3798/3846/3026/558 3797/3845/3025/558
f 3799/3847/3025/558 3800/3848/3027/558 3801/3849/3023/558
f 3828/3876/3048/559 3829/3877/3049/559 3830/3878/3050/559
f 3829/3877/3049/559 3831/3879/3051/559 3830/3878/3050/559
f 3830/3878/3050/559 3831/3879/3051/559 3832/3880/3052/559
f 3832/3881/3052/559 3831/3882/3051/559 3833/3883/3053/559
f 3831/3882/3051/559 3829/3884/3049/559 3833/3883/3053/559
f 3836/3889/3056/559 3830/3878/3050/559 3832/3880/3052/559
usemtl wall01_g
s off
f 284/282/223/42 285/283/227/42 282/284/228/42 283/285/228/42
f 288/289/230/42 289/290/223/42 286/291/228/42 287/292/228/42
f 383/380/310/59 385/381/311/59 384/382/312/59 382/383/313/59
f 385/381/311/59 387/384/314/59 386/385/315/59 384/382/312/59
f 381/386/316/59 383/380/310/59 382/383/313/59 380/387/317/59
f 464/470/362/65 465/471/366/65 462/472/367/65 463/473/367/65
f 468/477/369/65 469/478/362/65 466/479/367/65 467/480/367/65
f 619/627/482/86 620/628/483/86 621/629/483/86 622/630/482/86
f 620/628/483/86 623/631/484/86 624/632/484/86 621/629/483/86
f 662/668/504/88 663/669/508/88 660/670/509/88 661/671/509/88
f 666/675/511/88 667/676/504/88 664/677/509/88 665/678/509/88
f 788/794/605/106 789/795/609/106 786/796/610/106 787/797/610/106
f 792/801/612/106 793/802/605/106 790/803/610/106 791/804/610/106
f 885/893/689/124 886/894/690/124 887/895/690/124 888/896/689/124
f 886/894/690/124 889/897/691/124 890/898/691/124 887/895/690/124
f 928/934/711/126 929/935/715/126 926/936/716/126 927/937/716/126
f 932/941/718/126 933/942/711/126 930/943/716/126 931/944/716/126
f 1215/1220/968/173 1217/1221/969/173 1216/1222/970/173 1214/1223/971/173
f 1217/1221/969/173 1219/1224/972/173 1218/1225/973/173 1216/1222/970/173
f 1213/1226/974/173 1215/1220/968/173 1214/1223/971/173 1212/1227/975/173
f 1294/1308/1021/177 1295/1309/1025/177 1292/1310/1026/177 1293/1311/1026/177
f 1298/1315/1028/177 1299/1316/1021/177 1296/1317/1026/177 1297/1318/1026/177
f 1402/1418/1115/196 1403/1419/1116/196 1404/1420/1116/196 1405/1421/1115/196
f 1403/1419/1116/196 1406/1422/1117/196 1407/1423/1117/196 1404/1420/1116/196
f 1445/1459/1137/198 1446/1460/1141/198 1443/1461/1142/198 1444/1462/1142/198
f 1449/1466/1144/198 1450/1467/1137/198 1447/1468/1142/198 1448/1469/1142/198
f 1813/1826/1463/268 1815/1827/1464/268 1814/1828/1465/268 1812/1829/1466/268
f 1815/1827/1464/268 1817/1830/1467/268 1816/1831/1468/268 1814/1828/1465/268
f 1811/1832/1469/268 1813/1826/1463/268 1812/1829/1466/268 1810/1833/1470/268
f 2374/2395/1935/356 2376/2396/1936/356 2375/2397/1937/356 2373/2398/1938/356
f 2376/2396/1936/356 2378/2399/1939/356 2377/2400/1940/356 2375/2397/1937/356
f 2372/2401/1941/356 2374/2395/1935/356 2373/2398/1938/356 2371/2402/1942/356
f 2657/2686/2150/396 2659/2687/2151/396 2658/2688/2152/396 2656/2689/2153/396
f 2659/2687/2151/396 2661/2690/2154/396 2660/2691/2155/396 2658/2688/2152/396
f 2655/2692/2156/396 2657/2686/2150/396 2656/2689/2153/396 2654/2693/2157/396
f 3060/3098/2454/453 3061/3099/2458/453 3058/3100/2459/453 3059/3101/2459/453
f 3064/3105/2461/453 3065/3106/2454/453 3062/3107/2459/453 3063/3108/2459/453
f 3450/3487/2772/518 3452/3488/2773/518 3451/3489/2774/518 3449/3490/2775/518
f 3452/3488/2773/518 3454/3491/2776/518 3453/3492/2777/518 3451/3489/2774/518
f 3448/3493/2778/518 3450/3487/2772/518 3449/3490/2775/518 3447/3494/2779/518
f 3734/3780/2963/547 3735/3781/2967/547 3732/3782/2968/547 3733/3783/2968/547
f 3738/3787/2970/547 3739/3788/2963/547 3736/3789/2968/547 3737/3790/2968/547
f 3805/3850/3028/558 3807/3851/3029/558 3806/3852/3030/558 3804/3853/3031/558
f 3807/3851/3029/558 3809/3854/3032/558 3808/3855/3033/558 3806/3852/3030/558
f 3803/3856/3034/558 3805/3850/3028/558 3804/3853/3031/558 3802/3857/3035/558
f 273/273/221/42 274/274/222/42 275/275/223/42
f 274/274/222/42 276/276/224/42 275/275/223/42
f 275/275/223/42 276/276/224/42 277/277/225/42
f 278/278/226/42 279/279/224/42 280/280/223/42
f 279/279/224/42 281/281/222/42 280/280/223/42
f 290/286/229/42 291/287/223/42 292/288/225/42
f 453/461/360/65 454/462/361/65 455/463/362/65
f 454/462/361/65 456/464/363/65 455/463/362/65
f 455/463/362/65 456/464/363/65 457/465/364/65
f 458/466/365/65 459/467/363/65 460/468/362/65
f 459/467/363/65 461/469/361/65 460/468/362/65
f 470/474/368/65 471/475/362/65 472/476/364/65
f 651/659/502/88 652/660/503/88 653/661/504/88
f 652/660/503/88 654/662/505/88 653/661/504/88
f 653/661/504/88 654/662/505/88 655/663/506/88
f 656/664/507/88 657/665/505/88 658/666/504/88
f 657/665/505/88 659/667/503/88 658/666/504/88
f 668/672/510/88 669/673/504/88 670/674/506/88
f 777/785/603/106 778/786/604/106 779/787/605/106
f 778/786/604/106 780/788/606/106 779/787/605/106
f 779/787/605/106 780/788/606/106 781/789/607/106
f 782/790/608/106 783/791/606/106 784/792/605/106
f 783/791/606/106 785/793/604/106 784/792/605/106
f 794/798/611/106 795/799/605/106 796/800/607/106
f 917/925/709/126 918/926/710/126 919/927/711/126
f 918/926/710/126 920/928/712/126 919/927/711/126
f 919/927/711/126 920/928/712/126 921/929/713/126
f 922/930/714/126 923/931/712/126 924/932/711/126
f 923/931/712/126 925/933/710/126 924/932/711/126
f 934/938/717/126 935/939/711/126 936/940/713/126
f 1283/1299/1019/177 1284/1300/1020/177 1285/1301/1021/177
f 1284/1300/1020/177 1286/1302/1022/177 1285/1301/1021/177
f 1285/1301/1021/177 1286/1302/1022/177 1287/1303/1023/177
f 1288/1304/1024/177 1289/1305/1022/177 1290/1306/1021/177
f 1289/1305/1022/177 1291/1307/1020/177 1290/1306/1021/177
f 1300/1312/1027/177 1301/1313/1021/177 1302/1314/1023/177
f 1434/1450/1135/198 1435/1451/1136/198 1436/1452/1137/198
f 1435/1451/1136/198 1437/1453/1138/198 1436/1452/1137/198
f 1436/1452/1137/198 1437/1453/1138/198 1438/1454/1139/198
f 1439/1455/1140/198 1440/1456/1138/198 1441/1457/1137/198
f 1440/1456/1138/198 1442/1458/1136/198 1441/1457/1137/198
f 1451/1463/1143/198 1452/1464/1137/198 1453/1465/1139/198
f 3049/3089/2452/453 3050/3090/2453/453 3051/3091/2454/453
f 3050/3090/2453/453 3052/3092/2455/453 3051/3091/2454/453
f 3051/3091/2454/453 3052/3092/2455/453 3053/3093/2456/453
f 3054/3094/2457/453 3055/3095/2455/453 3056/3096/2454/453
f 3055/3095/2455/453 3057/3097/2453/453 3056/3096/2454/453
f 3066/3102/2460/453 3067/3103/2454/453 3068/3104/2456/453
f 3723/3771/2961/547 3724/3772/2962/547 3725/3773/2963/547
f 3724/3772/2962/547 3726/3774/2964/547 3725/3773/2963/547
f 3725/3773/2963/547 3726/3774/2964/547 3727/3775/2965/547
f 3728/3776/2966/547 3729/3777/2964/547 3730/3778/2963/547
f 3729/3777/2964/547 3731/3779/2962/547 3730/3778/2963/547
f 3740/3784/2969/547 3741/3785/2963/547 3742/3786/2965/547
f 3956/4007/3115/571 3957/4008/3116/571 3958/4009/3117/571
f 3957/4008/3116/571 3959/4010/3118/571 3958/4009/3117/571
f 3958/4009/3117/571 3959/4010/3118/571 3960/4011/3119/571
f 3959/4010/3118/571 3961/4012/3120/571 3960/4011/3119/571
f 3962/4013/3119/571 3963/4014/3121/571 3964/4015/3122/571
usemtl wallkn_d
s off
f 92/92/85/17 93/93/86/17 94/94/86/17 95/95/85/17
f 93/93/86/17 96/96/87/17 97/97/87/17 94/94/86/17
f 98/98/85/17 99/99/85/17 100/100/88/17 101/101/88/17
f 115/110/91/20 116/111/92/20 117/112/93/20 118/113/94/20
f 119/114/95/20 120/115/96/20 121/116/97/20 122/117/98/20
f 120/115/96/20 115/110/91/20 118/113/94/20 121/116/97/20
f 132/132/107/21 133/133/108/21 134/134/108/21 135/135/107/21
f 133/133/108/21 136/136/109/21 137/137/109/21 134/134/108/21
f 138/138/107/21 139/139/107/21 140/140/110/21 141/141/110/21
f 234/229/189/40 235/230/190/40 236/231/191/40 237/232/192/40
f 238/233/193/40 239/234/194/40 240/235/195/40 241/236/196/40
f 239/234/194/40 234/229/189/40 237/232/192/40 240/235/195/40
f 256/251/205/41 257/252/206/41 258/253/207/41 259/254/208/41
f 260/255/209/41 261/256/210/41 262/257/211/41 263/258/212/41
f 261/256/210/41 256/251/205/41 259/254/208/41 262/257/211/41
f 436/439/344/64 437/440/345/64 438/441/346/64 439/442/347/64
f 440/443/348/64 441/444/349/64 442/445/350/64 443/446/351/64
f 441/444/349/64 436/439/344/64 439/442/347/64 442/445/350/64
f 473/481/370/66 474/482/371/66 475/483/371/66 476/484/370/66
f 474/482/371/66 477/485/372/66 478/486/372/66 475/483/371/66
f 479/487/370/66 480/488/370/66 481/489/373/66 482/490/373/66
f 582/585/455/84 583/586/456/84 584/587/457/84 585/588/458/84
f 586/589/459/84 587/590/460/84 588/591/461/84 589/592/462/84
f 587/590/460/84 582/585/455/84 585/588/458/84 588/591/461/84
f 599/607/471/85 600/608/472/85 601/609/473/85 602/610/473/85
f 603/611/474/85 604/612/471/85 605/613/473/85 606/614/473/85
f 634/637/486/87 635/638/487/87 636/639/488/87 637/640/489/87
f 638/641/490/87 639/642/491/87 640/643/492/87 641/644/493/87
f 639/642/491/87 634/637/486/87 637/640/489/87 640/643/492/87
f 741/749/582/103 742/750/583/103 743/751/583/103 744/752/582/103
f 742/750/583/103 745/753/584/103 746/754/584/103 743/751/583/103
f 747/755/582/103 748/756/582/103 749/757/585/103 750/758/585/103
f 760/763/587/105 761/764/588/105 762/765/589/105 763/766/590/105
f 764/767/591/105 765/768/592/105 766/769/593/105 767/770/594/105
f 765/768/592/105 760/763/587/105 763/766/590/105 766/769/593/105
f 797/805/613/107 798/806/614/107 799/807/614/107 800/808/613/107
f 798/806/614/107 801/809/615/107 802/810/615/107 799/807/614/107
f 803/811/613/107 804/812/613/107 805/813/616/107 806/814/616/107
f 900/903/693/125 901/904/694/125 902/905/695/125 903/906/696/125
f 904/907/697/125 905/908/698/125 906/909/699/125 907/910/700/125
f 905/908/698/125 900/903/693/125 903/906/696/125 906/909/699/125
f 1007/1015/789/141 1008/1016/790/141 1009/1017/790/141 1010/1018/789/141
f 1008/1016/790/141 1011/1019/791/141 1012/1020/791/141 1009/1017/790/141
f 1013/1021/789/141 1014/1022/789/141 1015/1023/792/141 1016/1024/792/141
f 1096/1099/864/157 1097/1100/865/157 1098/1101/866/157 1099/1102/867/157
f 1100/1103/868/157 1101/1104/869/157 1102/1105/870/157 1103/1106/871/157
f 1101/1104/869/157 1096/1099/864/157 1099/1102/867/157 1102/1105/870/157
f 1113/1121/880/158 1114/1122/881/158 1115/1123/882/158 1116/1124/882/158
f 1117/1125/883/158 1118/1126/880/158 1119/1127/882/158 1120/1128/882/158
f 1251/1267/999/175 1252/1268/1000/175 1253/1269/1000/175 1254/1270/999/175
f 1252/1268/1000/175 1255/1271/1001/175 1256/1272/1001/175 1253/1269/1000/175
f 1257/1273/999/175 1258/1274/999/175 1259/1275/1002/175 1260/1276/1002/175
f 1266/1277/1003/176 1267/1278/1004/176 1268/1279/1005/176 1269/1280/1006/176
f 1270/1281/1007/176 1271/1282/1008/176 1272/1283/1009/176 1273/1284/1010/176
f 1271/1282/1008/176 1266/1277/1003/176 1269/1280/1006/176 1272/1283/1009/176
f 1417/1428/1119/197 1418/1429/1120/197 1419/1430/1121/197 1420/1431/1122/197
f 1421/1432/1123/197 1422/1433/1124/197 1423/1434/1125/197 1424/1435/1126/197
f 1422/1433/1124/197 1417/1428/1119/197 1420/1431/1122/197 1423/1434/1125/197
f 1545/1561/1224/218 1546/1562/1225/218 1547/1563/1225/218 1548/1564/1224/218
f 1546/1562/1225/218 1549/1565/1226/218 1550/1566/1226/218 1547/1563/1225/218
f 1551/1567/1224/218 1552/1568/1224/218 1553/1569/1227/218 1554/1570/1227/218
f 1642/1658/1306/237 1643/1659/1307/237 1644/1660/1307/237 1645/1661/1306/237
f 1643/1659/1307/237 1646/1662/1308/237 1647/1663/1308/237 1644/1660/1307/237
f 1648/1664/1306/237 1649/1665/1306/237 1650/1666/1309/237 1651/1667/1309/237
f 1940/1959/1573/285 1941/1960/1574/285 1942/1961/1575/285 1943/1962/1576/285
f 1944/1963/1577/285 1945/1964/1578/285 1946/1965/1579/285 1947/1966/1580/285
f 1945/1964/1578/285 1940/1959/1573/285 1943/1962/1576/285 1946/1965/1579/285
f 1957/1981/1589/286 1958/1982/1590/286 1959/1983/1591/286 1960/1984/1591/286
f 1961/1985/1592/286 1962/1986/1589/286 1963/1987/1591/286 1964/1988/1591/286
f 1982/2001/1600/287 1983/2002/1601/287 1984/2003/1602/287 1985/2004/1603/287
f 1986/2005/1604/287 1987/2006/1605/287 1988/2007/1606/287 1989/2008/1607/287
f 1987/2006/1605/287 1982/2001/1600/287 1985/2004/1603/287 1988/2007/1606/287
f 2073/2097/1687/303 2074/2098/1688/303 2075/2099/1688/303 2076/2100/1687/303
f 2074/2098/1688/303 2077/2101/1689/303 2078/2102/1689/303 2075/2099/1688/303
f 2079/2103/1687/303 2080/2104/1687/303 2081/2105/1690/303 2082/2106/1690/303
f 2092/2111/1692/305 2093/2112/1693/305 2094/2113/1694/305 2095/2114/1695/305
f 2096/2115/1696/305 2097/2116/1697/305 2098/2117/1698/305 2099/2118/1699/305
f 2097/2116/1697/305 2092/2111/1692/305 2095/2114/1695/305 2098/2117/1698/305
f 2109/2133/1708/306 2110/2134/1709/306 2111/2135/1709/306 2112/2136/1708/306
f 2110/2134/1709/306 2113/2137/1710/306 2114/2138/1710/306 2111/2135/1709/306
f 2115/2139/1708/306 2116/2140/1708/306 2117/2141/1711/306 2118/2142/1711/306
f 2197/2221/1784/323 2198/2222/1785/323 2199/2223/1785/323 2200/2224/1784/323
f 2198/2222/1785/323 2201/2225/1786/323 2202/2226/1786/323 2199/2223/1785/323
f 2203/2227/1784/323 2204/2228/1784/323 2205/2229/1787/323 2206/2230/1787/323
f 2422/2454/1969/361 2423/2455/1970/361 2424/2456/1970/361 2425/2457/1969/361
f 2423/2455/1970/361 2426/2458/1971/361 2427/2459/1971/361 2424/2456/1970/361
f 2428/2460/1969/361 2429/2461/1969/361 2430/2462/1972/361 2431/2463/1972/361
f 2530/2557/2050/379 2531/2558/2051/379 2532/2559/2052/379 2533/2560/2053/379
f 2534/2561/2054/379 2535/2562/2055/379 2536/2563/2056/379 2537/2564/2057/379
f 2535/2562/2055/379 2530/2557/2050/379 2533/2560/2053/379 2536/2563/2056/379
f 2547/2579/2066/380 2548/2580/2067/380 2549/2581/2068/380 2550/2582/2068/380
f 2551/2583/2069/380 2552/2584/2066/380 2553/2585/2068/380 2554/2586/2068/380
f 2567/2599/2077/381 2568/2600/2078/381 2569/2601/2078/381 2570/2602/2077/381
f 2568/2600/2078/381 2571/2603/2079/381 2572/2604/2079/381 2569/2601/2078/381
f 2573/2605/2077/381 2574/2606/2077/381 2575/2607/2080/381 2576/2608/2080/381
f 2693/2733/2181/398 2694/2734/2182/398 2695/2735/2182/398 2696/2736/2181/398
f 2694/2734/2182/398 2697/2737/2183/398 2698/2738/2183/398 2695/2735/2182/398
f 2699/2739/2181/398 2700/2740/2181/398 2701/2741/2184/398 2702/2742/2184/398
f 2800/2835/2258/416 2801/2836/2259/416 2802/2837/2260/416 2803/2838/2261/416
f 2804/2839/2262/416 2805/2840/2263/416 2806/2841/2264/416 2807/2842/2265/416
f 2805/2840/2263/416 2800/2835/2258/416 2803/2838/2261/416 2806/2841/2264/416
f 2817/2857/2274/417 2818/2858/2275/417 2819/2859/2276/417 2820/2860/2276/417
f 2821/2861/2277/417 2822/2862/2274/417 2823/2863/2276/417 2824/2864/2276/417
f 2905/2945/2347/432 2906/2946/2348/432 2907/2947/2348/432 2908/2948/2347/432
f 2906/2946/2348/432 2909/2949/2349/432 2910/2950/2349/432 2907/2947/2348/432
f 2911/2951/2347/432 2912/2952/2347/432 2913/2953/2350/432 2914/2954/2350/432
f 2924/2959/2352/434 2925/2960/2353/434 2926/2961/2354/434 2927/2962/2355/434
f 2928/2963/2356/434 2929/2964/2357/434 2930/2965/2358/434 2931/2966/2359/434
f 2929/2964/2357/434 2924/2959/2352/434 2927/2962/2355/434 2930/2965/2358/434
f 3013/3053/2431/450 3014/3054/2432/450 3015/3055/2432/450 3016/3056/2431/450
f 3014/3054/2432/450 3017/3057/2433/450 3018/3058/2433/450 3015/3055/2432/450
f 3019/3059/2431/450 3020/3060/2431/450 3021/3061/2434/450 3022/3062/2434/450
f 3032/3067/2436/452 3033/3068/2437/452 3034/3069/2438/452 3035/3070/2439/452
f 3036/3071/2440/452 3037/3072/2441/452 3038/3073/2442/452 3039/3074/2443/452
f 3037/3072/2441/452 3032/3067/2436/452 3035/3070/2439/452 3038/3073/2442/452
f 3141/3181/2525/469 3142/3182/2526/469 3143/3183/2526/469 3144/3184/2525/469
f 3142/3182/2526/469 3145/3185/2527/469 3146/3186/2527/469 3143/3183/2526/469
f 3147/3187/2525/469 3148/3188/2525/469 3149/3189/2528/469 3150/3190/2528/469
f 3220/3255/2590/483 3221/3256/2591/483 3222/3257/2592/483 3223/3258/2593/483
f 3224/3259/2594/483 3225/3260/2595/483 3226/3261/2596/483 3227/3262/2597/483
f 3225/3260/2595/483 3220/3255/2590/483 3223/3258/2593/483 3226/3261/2596/483
f 3314/3349/2669/499 3315/3350/2670/499 3316/3351/2671/499 3317/3352/2672/499
f 3318/3353/2673/499 3319/3354/2674/499 3320/3355/2675/499 3321/3356/2676/499
f 3319/3354/2674/499 3314/3349/2669/499 3317/3352/2672/499 3320/3355/2675/499
f 3331/3371/2685/500 3332/3372/2686/500 3333/3373/2686/500 3334/3374/2685/500
f 3332/3372/2686/500 3335/3375/2687/500 3336/3376/2687/500 3333/3373/2686/500
f 3337/3377/2685/500 3338/3378/2685/500 3339/3379/2688/500 3340/3380/2688/500
f 3350/3385/2690/502 3351/3386/2691/502 3352/3387/2692/502 3353/3388/2693/502
f 3354/3389/2694/502 3355/3390/2695/502 3356/3391/2696/502 3357/3392/2697/502
f 3355/3390/2695/502 3350/3385/2690/502 3353/3388/2693/502 3356/3391/2696/502
f 3491/3534/2803/520 3492/3535/2804/520 3493/3536/2805/520 3494/3537/2806/520
f 3495/3538/2807/520 3496/3539/2808/520 3497/3540/2809/520 3498/3541/2810/520
f 3496/3539/2808/520 3491/3534/2803/520 3494/3537/2806/520 3497/3540/2809/520
f 3508/3556/2819/521 3509/3557/2820/521 3510/3558/2820/521 3511/3559/2819/521
f 3509/3557/2820/521 3512/3560/2821/521 3513/3561/2821/521 3510/3558/2820/521
f 3514/3562/2819/521 3515/3563/2819/521 3516/3564/2822/521 3517/3565/2822/521
f 3522/3570/2824/523 3523/3571/2825/523 3524/3572/2825/523 3525/3573/2824/523
f 3523/3571/2825/523 3526/3574/2826/523 3527/3575/2826/523 3524/3572/2825/523
f 3528/3576/2824/523 3529/3577/2824/523 3530/3578/2827/523 3531/3579/2827/523
f 3616/3659/2894/538 3617/3660/2895/538 3618/3661/2896/538 3619/3662/2897/538
f 3620/3663/2898/538 3621/3664/2899/538 3622/3665/2900/538 3623/3666/2901/538
f 3621/3664/2899/538 3616/3659/2894/538 3619/3662/2897/538 3622/3665/2900/538
f 3633/3681/2910/539 3634/3682/2911/539 3635/3683/2912/539 3636/3684/2912/539
f 3637/3685/2913/539 3638/3686/2910/539 3639/3687/2912/539 3640/3688/2912/539
f 3658/3701/2921/540 3659/3702/2922/540 3660/3703/2923/540 3661/3704/2924/540
f 3662/3705/2925/540 3663/3706/2926/540 3664/3707/2927/540 3665/3708/2928/540
f 3663/3706/2926/540 3658/3701/2921/540 3661/3704/2924/540 3664/3707/2927/540
f 3675/3723/2937/541 3676/3724/2938/541 3677/3725/2938/541 3678/3726/2937/541
f 3676/3724/2938/541 3679/3727/2939/541 3680/3728/2939/541 3677/3725/2938/541
f 3681/3729/2937/541 3682/3730/2937/541 3683/3731/2940/541 3684/3732/2940/541
f 3694/3737/2942/543 3695/3738/2943/543 3696/3739/2944/543 3697/3740/2945/543
f 3698/3741/2946/543 3699/3742/2947/543 3700/3743/2948/543 3701/3744/2949/543
f 3699/3742/2947/543 3694/3737/2942/543 3697/3740/2945/543 3700/3743/2948/543
f 3841/3897/3059/560 3842/3898/3060/560 3843/3899/3060/560 3844/3900/3059/560
f 3842/3898/3060/560 3845/3901/3061/560 3846/3902/3061/560 3843/3899/3060/560
f 3847/3903/3059/560 3848/3904/3059/560 3849/3905/3062/560 3850/3906/3062/560
f 3860/3911/3064/562 3861/3912/3065/562 3862/3913/3066/562 3863/3914/3067/562
f 3864/3915/3068/562 3865/3916/3069/562 3866/3917/3070/562 3867/3918/3071/562
f 3865/3916/3069/562 3860/3911/3064/562 3863/3914/3067/562 3866/3917/3070/562
f 3877/3933/3080/563 3878/3934/3081/563 3879/3935/3081/563 3880/3936/3080/563
f 3878/3934/3081/563 3881/3937/3082/563 3882/3938/3082/563 3879/3935/3081/563
f 3883/3939/3080/563 3884/3940/3080/563 3885/3941/3083/563 3886/3942/3083/563
f 3896/3947/3085/565 3897/3948/3086/565 3898/3949/3087/565 3899/3950/3088/565
f 3900/3951/3089/565 3901/3952/3090/565 3902/3953/3091/565 3903/3954/3092/565
f 3901/3952/3090/565 3896/3947/3085/565 3899/3950/3088/565 3902/3953/3091/565
f 3913/3969/3101/566 3914/3970/3102/566 3915/3971/3102/566 3916/3972/3101/566
f 3914/3970/3102/566 3917/3973/3103/566 3918/3974/3103/566 3915/3971/3102/566
f 3919/3975/3101/566 3920/3976/3101/566 3921/3977/3104/566 3922/3978/3104/566
f 3923/3979/3105/567 3924/3980/3106/567 3925/3981/3106/567 3926/3982/3105/567
f 3924/3980/3106/567 3927/3983/3107/567 3928/3984/3107/567 3925/3981/3106/567
f 3929/3985/3105/567 3930/3986/3105/567 3931/3987/3108/567 3932/3988/3108/567
f 3933/3989/3109/568 3934/3990/3110/568 3935/3991/3110/568 3936/3992/3109/568
f 3934/3990/3110/568 3937/3993/3111/568 3938/3994/3111/568 3935/3991/3110/568
f 3939/3995/3109/568 3940/3996/3109/568 3941/3997/3112/568 3942/3998/3112/568
f 4044/4095/3190/583 4045/4096/3191/583 4046/4097/3192/583 4047/4098/3193/583
f 4048/4099/3194/583 4049/4100/3195/583 4050/4101/3196/583 4051/4102/3197/583
f 4049/4100/3195/583 4044/4095/3190/583 4047/4098/3193/583 4050/4101/3196/583
f 4061/4117/3206/584 4062/4118/3207/584 4063/4119/3208/584 4064/4120/3208/584
f 4065/4121/3209/584 4066/4122/3206/584 4067/4123/3208/584 4068/4124/3208/584
f 4081/4137/3217/585 4082/4138/3218/585 4083/4139/3218/585 4084/4140/3217/585
f 4082/4138/3218/585 4085/4141/3219/585 4086/4142/3219/585 4083/4139/3218/585
f 4087/4143/3217/585 4088/4144/3217/585 4089/4145/3220/585 4090/4146/3220/585
f 4100/4151/3222/587 4101/4152/3223/587 4102/4153/3224/587 4103/4154/3225/587
f 4104/4155/3226/587 4105/4156/3227/587 4106/4157/3228/587 4107/4158/3229/587
f 4105/4156/3227/587 4100/4151/3222/587 4103/4154/3225/587 4106/4157/3228/587
f 4117/4173/3238/588 4118/4174/3239/588 4119/4175/3239/588 4120/4176/3238/588
f 4118/4174/3239/588 4121/4177/3240/588 4122/4178/3240/588 4119/4175/3239/588
f 4123/4179/3238/588 4124/4180/3238/588 4125/4181/3241/588 4126/4182/3241/588
f 4189/4245/3295/602 4190/4246/3296/602 4191/4247/3296/602 4192/4248/3295/602
f 4190/4246/3296/602 4193/4249/3297/602 4194/4250/3297/602 4191/4247/3296/602
f 4195/4251/3295/602 4196/4252/3295/602 4197/4253/3298/602 4198/4254/3298/602
f 4208/4259/3300/604 4209/4260/3301/604 4210/4261/3302/604 4211/4262/3303/604
f 4212/4263/3304/604 4213/4264/3305/604 4214/4265/3306/604 4215/4266/3307/604
f 4213/4264/3305/604 4208/4259/3300/604 4211/4262/3303/604 4214/4265/3306/604
f 4230/4281/3316/605 4231/4282/3317/605 4232/4283/3318/605 4233/4284/3319/605
f 4234/4285/3320/605 4235/4286/3321/605 4236/4287/3322/605 4237/4288/3323/605
f 4235/4286/3321/605 4230/4281/3316/605 4233/4284/3319/605 4236/4287/3322/605
f 4247/4303/3332/606 4248/4304/3333/606 4249/4305/3333/606 4250/4306/3332/606
f 4248/4304/3333/606 4251/4307/3334/606 4252/4308/3334/606 4249/4305/3333/606
f 4253/4309/3332/606 4254/4310/3332/606 4255/4311/3335/606 4256/4312/3335/606
f 123/118/99/20 124/119/100/20 125/120/101/20
f 124/119/100/20 126/121/102/20 125/120/101/20
f 125/120/101/20 126/121/102/20 127/122/103/20
f 126/121/102/20 128/123/104/20 127/122/103/20
f 129/124/103/20 130/125/105/20 131/126/106/20
f 242/237/197/40 243/238/198/40 244/239/199/40
f 243/238/198/40 245/240/200/40 244/239/199/40
f 244/239/199/40 245/240/200/40 246/241/201/40
f 245/240/200/40 247/242/202/40 246/241/201/40
f 248/243/201/40 249/244/203/40 250/245/204/40
f 264/259/213/41 265/260/214/41 266/261/215/41
f 265/260/214/41 267/262/216/41 266/261/215/41
f 266/261/215/41 267/262/216/41 268/263/217/41
f 267/262/216/41 269/264/218/41 268/263/217/41
f 270/265/217/41 271/266/219/41 272/267/220/41
f 444/447/352/64 445/448/353/64 446/449/354/64
f 445/448/353/64 447/450/355/64 446/449/354/64
f 446/449/354/64 447/450/355/64 448/451/356/64
f 447/450/355/64 449/452/357/64 448/451/356/64
f 450/453/356/64 451/454/358/64 452/455/359/64
f 590/593/463/84 591/594/464/84 592/595/465/84
f 591/594/464/84 593/596/466/84 592/595/465/84
f 592/595/465/84 593/596/466/84 594/597/467/84
f 593/596/466/84 595/598/468/84 594/597/467/84
f 596/599/467/84 597/600/469/84 598/601/470/84
f 607/615/475/85 608/616/476/85 609/617/471/85
f 608/616/476/85 610/618/477/85 609/617/471/85
f 609/617/471/85 610/618/477/85 611/619/478/85
f 612/620/479/85 613/621/477/85 614/622/471/85
f 613/621/477/85 615/623/480/85 614/622/471/85
f 616/624/481/85 617/625/471/85 618/626/478/85
f 642/645/494/87 643/646/495/87 644/647/496/87
f 643/646/495/87 645/648/497/87 644/647/496/87
f 644/647/496/87 645/648/497/87 646/649/498/87
f 645/648/497/87 647/650/499/87 646/649/498/87
f 648/651/498/87 649/652/500/87 650/653/501/87
f 768/771/595/105 769/772/596/105 770/773/597/105
f 769/772/596/105 771/774/598/105 770/773/597/105
f 770/773/597/105 771/774/598/105 772/775/599/105
f 771/774/598/105 773/776/600/105 772/775/599/105
f 774/777/599/105 775/778/601/105 776/779/602/105
f 908/911/701/125 909/912/702/125 910/913/703/125
f 909/912/702/125 911/914/704/125 910/913/703/125
f 910/913/703/125 911/914/704/125 912/915/705/125
f 911/914/704/125 913/916/706/125 912/915/705/125
f 914/917/705/125 915/918/707/125 916/919/708/125
f 1104/1107/872/157 1105/1108/873/157 1106/1109/874/157
f 1105/1108/873/157 1107/1110/875/157 1106/1109/874/157
f 1106/1109/874/157 1107/1110/875/157 1108/1111/876/157
f 1107/1110/875/157 1109/1112/877/157 1108/1111/876/157
f 1110/1113/876/157 1111/1114/878/157 1112/1115/879/157
f 1121/1129/884/158 1122/1130/885/158 1123/1131/880/158
f 1122/1130/885/158 1124/1132/886/158 1123/1131/880/158
f 1123/1131/880/158 1124/1132/886/158 1125/1133/887/158
f 1126/1134/888/158 1127/1135/886/158 1128/1136/880/158
f 1127/1135/886/158 1129/1137/889/158 1128/1136/880/158
f 1130/1138/890/158 1131/1139/880/158 1132/1140/887/158
f 1274/1285/1011/176 1275/1286/1012/176 1276/1287/1013/176
f 1275/1286/1012/176 1277/1288/1014/176 1276/1287/1013/176
f 1276/1287/1013/176 1277/1288/1014/176 1278/1289/1015/176
f 1277/1288/1014/176 1279/1290/1016/176 1278/1289/1015/176
f 1280/1291/1015/176 1281/1292/1017/176 1282/1293/1018/176
f 1425/1436/1127/197 1426/1437/1128/197 1427/1438/1129/197
f 1426/1437/1128/197 1428/1439/1130/197 1427/1438/1129/197
f 1427/1438/1129/197 1428/1439/1130/197 1429/1440/1131/197
f 1428/1439/1130/197 1430/1441/1132/197 1429/1440/1131/197
f 1431/1442/1131/197 1432/1443/1133/197 1433/1444/1134/197
f 1948/1967/1581/285 1949/1968/1582/285 1950/1969/1583/285
f 1949/1968/1582/285 1951/1970/1584/285 1950/1969/1583/285
f 1950/1969/1583/285 1951/1970/1584/285 1952/1971/1585/285
f 1951/1970/1584/285 1953/1972/1586/285 1952/1971/1585/285
f 1954/1973/1585/285 1955/1974/1587/285 1956/1975/1588/285
f 1965/1989/1593/286 1966/1990/1594/286 1967/1991/1589/286
f 1966/1990/1594/286 1968/1992/1595/286 1967/1991/1589/286
f 1967/1991/1589/286 1968/1992/1595/286 1969/1993/1596/286
f 1970/1994/1597/286 1971/1995/1595/286 1972/1996/1589/286
f 1971/1995/1595/286 1973/1997/1598/286 1972/1996/1589/286
f 1974/1998/1599/286 1975/1999/1589/286 1976/2000/1596/286
f 1990/2009/1608/287 1991/2010/1609/287 1992/2011/1610/287
f 1991/2010/1609/287 1993/2012/1611/287 1992/2011/1610/287
f 1992/2011/1610/287 1993/2012/1611/287 1994/2013/1612/287
f 1993/2012/1611/287 1995/2014/1613/287 1994/2013/1612/287
f 1996/2015/1612/287 1997/2016/1614/287 1998/2017/1615/287
f 2100/2119/1700/305 2101/2120/1701/305 2102/2121/1702/305
f 2101/2120/1701/305 2103/2122/1703/305 2102/2121/1702/305
f 2102/2121/1702/305 2103/2122/1703/305 2104/2123/1704/305
f 2103/2122/1703/305 2105/2124/1705/305 2104/2123/1704/305
f 2106/2125/1704/305 2107/2126/1706/305 2108/2127/1707/305
f 2538/2565/2058/379 2539/2566/2059/379 2540/2567/2060/379
f 2539/2566/2059/379 2541/2568/2061/379 2540/2567/2060/379
f 2540/2567/2060/379 2541/2568/2061/379 2542/2569/2062/379
f 2541/2568/2061/379 2543/2570/2063/379 2542/2569/2062/379
f 2544/2571/2062/379 2545/2572/2064/379 2546/2573/2065/379
f 2555/2587/2070/380 2556/2588/2071/380 2557/2589/2066/380
f 2556/2588/2071/380 2558/2590/2072/380 2557/2589/2066/380
f 2557/2589/2066/380 2558/2590/2072/380 2559/2591/2073/380
f 2560/2592/2074/380 2561/2593/2072/380 2562/2594/2066/380
f 2561/2593/2072/380 2563/2595/2075/380 2562/2594/2066/380
f 2564/2596/2076/380 2565/2597/2066/380 2566/2598/2073/380
f 2808/2843/2266/416 2809/2844/2267/416 2810/2845/2268/416
f 2809/2844/2267/416 2811/2846/2269/416 2810/2845/2268/416
f 2810/2845/2268/416 2811/2846/2269/416 2812/2847/2270/416
f 2811/2846/2269/416 2813/2848/2271/416 2812/2847/2270/416
f 2814/2849/2270/416 2815/2850/2272/416 2816/2851/2273/416
f 2825/2865/2278/417 2826/2866/2279/417 2827/2867/2274/417
f 2826/2866/2279/417 2828/2868/2280/417 2827/2867/2274/417
f 2827/2867/2274/417 2828/2868/2280/417 2829/2869/2281/417
f 2830/2870/2282/417 2831/2871/2280/417 2832/2872/2274/417
f 2831/2871/2280/417 2833/2873/2283/417 2832/2872/2274/417
f 2834/2874/2284/417 2835/2875/2274/417 2836/2876/2281/417
f 2932/2967/2360/434 2933/2968/2361/434 2934/2969/2362/434
f 2933/2968/2361/434 2935/2970/2363/434 2934/2969/2362/434
f 2934/2969/2362/434 2935/2970/2363/434 2936/2971/2364/434
f 2935/2970/2363/434 2937/2972/2365/434 2936/2971/2364/434
f 2938/2973/2364/434 2939/2974/2366/434 2940/2975/2367/434
f 3040/3075/2444/452 3041/3076/2445/452 3042/3077/2446/452
f 3041/3076/2445/452 3043/3078/2447/452 3042/3077/2446/452
f 3042/3077/2446/452 3043/3078/2447/452 3044/3079/2448/452
f 3043/3078/2447/452 3045/3080/2449/452 3044/3079/2448/452
f 3046/3081/2448/452 3047/3082/2450/452 3048/3083/2451/452
f 3228/3263/2598/483 3229/3264/2599/483 3230/3265/2600/483
f 3229/3264/2599/483 3231/3266/2601/483 3230/3265/2600/483
f 3230/3265/2600/483 3231/3266/2601/483 3232/3267/2602/483
f 3231/3266/2601/483 3233/3268/2603/483 3232/3267/2602/483
f 3234/3269/2602/483 3235/3270/2604/483 3236/3271/2605/483
f 3322/3357/2677/499 3323/3358/2678/499 3324/3359/2679/499
f 3323/3358/2678/499 3325/3360/2680/499 3324/3359/2679/499
f 3324/3359/2679/499 3325/3360/2680/499 3326/3361/2681/499
f 3325/3360/2680/499 3327/3362/2682/499 3326/3361/2681/499
f 3328/3363/2681/499 3329/3364/2683/499 3330/3365/2684/499
f 3358/3393/2698/502 3359/3394/2699/502 3360/3395/2700/502
f 3359/3394/2699/502 3361/3396/2701/502 3360/3395/2700/502
f 3360/3395/2700/502 3361/3396/2701/502 3362/3397/2702/502
f 3361/3396/2701/502 3363/3398/2703/502 3362/3397/2702/502
f 3364/3399/2702/502 3365/3400/2704/502 3366/3401/2705/502
f 3499/3542/2811/520 3500/3543/2812/520 3501/3544/2813/520
f 3500/3543/2812/520 3502/3545/2814/520 3501/3544/2813/520
f 3501/3544/2813/520 3502/3545/2814/520 3503/3546/2815/520
f 3502/3545/2814/520 3504/3547/2816/520 3503/3546/2815/520
f 3505/3548/2815/520 3506/3549/2817/520 3507/3550/2818/520
f 3624/3667/2902/538 3625/3668/2903/538 3626/3669/2904/538
f 3625/3668/2903/538 3627/3670/2905/538 3626/3669/2904/538
f 3626/3669/2904/538 3627/3670/2905/538 3628/3671/2906/538
f 3627/3670/2905/538 3629/3672/2907/538 3628/3671/2906/538
f 3630/3673/2906/538 3631/3674/2908/538 3632/3675/2909/538
f 3641/3689/2914/539 3642/3690/2915/539 3643/3691/2910/539
f 3642/3690/2915/539 3644/3692/2916/539 3643/3691/2910/539
f 3643/3691/2910/539 3644/3692/2916/539 3645/3693/2917/539
f 3646/3694/2918/539 3647/3695/2916/539 3648/3696/2910/539
f 3647/3695/2916/539 3649/3697/2919/539 3648/3696/2910/539
f 3650/3698/2920/539 3651/3699/2910/539 3652/3700/2917/539
f 3666/3709/2929/540 3667/3710/2930/540 3668/3711/2931/540
f 3667/3710/2930/540 3669/3712/2932/540 3668/3711/2931/540
f 3668/3711/2931/540 3669/3712/2932/540 3670/3713/2933/540
f 3669/3712/2932/540 3671/3714/2934/540 3670/3713/2933/540
f 3672/3715/2933/540 3673/3716/2935/540 3674/3717/2936/540
f 3702/3745/2950/543 3703/3746/2951/543 3704/3747/2952/543
f 3703/3746/2951/543 3705/3748/2953/543 3704/3747/2952/543
f 3704/3747/2952/543 3705/3748/2953/543 3706/3749/2954/543
f 3705/3748/2953/543 3707/3750/2955/543 3706/3749/2954/543
f 3708/3751/2954/543 3709/3752/2956/543 3710/3753/2957/543
f 3868/3919/3072/562 3869/3920/3073/562 3870/3921/3074/562
f 3869/3920/3073/562 3871/3922/3075/562 3870/3921/3074/562
f 3870/3921/3074/562 3871/3922/3075/562 3872/3923/3076/562
f 3871/3922/3075/562 3873/3924/3077/562 3872/3923/3076/562
f 3874/3925/3076/562 3875/3926/3078/562 3876/3927/3079/562
f 3904/3955/3093/565 3905/3956/3094/565 3906/3957/3095/565
f 3905/3956/3094/565 3907/3958/3096/565 3906/3957/3095/565
f 3906/3957/3095/565 3907/3958/3096/565 3908/3959/3097/565
f 3907/3958/3096/565 3909/3960/3098/565 3908/3959/3097/565
f 3910/3961/3097/565 3911/3962/3099/565 3912/3963/3100/565
f 4052/4103/3198/583 4053/4104/3199/583 4054/4105/3200/583
f 4053/4104/3199/583 4055/4106/3201/583 4054/4105/3200/583
f 4054/4105/3200/583 4055/4106/3201/583 4056/4107/3202/583
f 4055/4106/3201/583 4057/4108/3203/583 4056/4107/3202/583
f 4058/4109/3202/583 4059/4110/3204/583 4060/4111/3205/583
f 4069/4125/3210/584 4070/4126/3211/584 4071/4127/3206/584
f 4070/4126/3211/584 4072/4128/3212/584 4071/4127/3206/584
f 4071/4127/3206/584 4072/4128/3212/584 4073/4129/3213/584
f 4074/4130/3214/584 4075/4131/3212/584 4076/4132/3206/584
f 4075/4131/3212/584 4077/4133/3215/584 4076/4132/3206/584
f 4078/4134/3216/584 4079/4135/3206/584 4080/4136/3213/584
f 4108/4159/3230/587 4109/4160/3231/587 4110/4161/3232/587
f 4109/4160/3231/587 4111/4162/3233/587 4110/4161/3232/587
f 4110/4161/3232/587 4111/4162/3233/587 4112/4163/3234/587
f 4111/4162/3233/587 4113/4164/3235/587 4112/4163/3234/587
f 4114/4165/3234/587 4115/4166/3236/587 4116/4167/3237/587
f 4216/4267/3308/604 4217/4268/3309/604 4218/4269/3310/604
f 4217/4268/3309/604 4219/4270/3311/604 4218/4269/3310/604
f 4218/4269/3310/604 4219/4270/3311/604 4220/4271/3312/604
f 4219/4270/3311/604 4221/4272/3313/604 4220/4271/3312/604
f 4222/4273/3312/604 4223/4274/3314/604 4224/4275/3315/604
f 4238/4289/3324/605 4239/4290/3325/605 4240/4291/3326/605
f 4239/4290/3325/605 4241/4292/3327/605 4240/4291/3326/605
f 4240/4291/3326/605 4241/4292/3327/605 4242/4293/3328/605
f 4241/4292/3327/605 4243/4294/3329/605 4242/4293/3328/605
f 4244/4295/3328/605 4245/4296/3330/605 4246/4297/3331/605
usemtl cliff01
s off
f 3951/4016/3121/571 3952/4017/3121/571 3953/4018/3121/571
f 3952/4017/3121/571 3954/4019/3121/571 3953/4018/3121/571
f 3955/4020/3121/571 3954/4019/3121/571 3952/4017/3121/571
