mtllib lighthouseExt_02_02.mtl
o map
v -16.0 -15.383789 -15.599612
v -16.0 -15.0625 -15.390628
v -15.9375 -15.0 -15.390628
v -15.616211 -15.0 -15.599612
v -16.0 -15.0 -15.090823
v -16.0 -14.383789 -15.599612
v -16.0 -14.0625 -15.390628
v -15.9375 -14.0 -15.390628
v -15.616211 -14.0 -15.599612
v -16.0 -14.0 -15.090823
v -16.0 -13.383789 -15.599612
v -16.0 -13.0625 -15.390628
v -15.9375 -13.0 -15.390628
v -15.616211 -13.0 -15.599612
v -16.0 -13.0 -15.090823
v -16.0 -12.383789 -15.599612
v -16.0 -12.0625 -15.390628
v -15.9375 -12.0 -15.390628
v -15.616211 -12.0 -15.599612
v -16.0 -12.0 -15.090823
v -16.0 -11.383789 -15.599612
v -16.0 -11.0625 -15.390628
v -15.9375 -11.0 -15.390628
v -15.616211 -11.0 -15.599612
v -16.0 -11.0 -15.090823
v -16.0 -10.383789 -15.599612
v -16.0 -10.0625 -15.390628
v -15.9375 -10.0 -15.390628
v -15.616211 -10.0 -15.599612
v -16.0 -10.0 -15.090823
v -16.0 -9.383789 -15.599612
v -16.0 -9.0625 -15.390628
v -15.9375 -9.0 -15.390628
v -15.616211 -9.0 -15.599612
v -16.0 -9.0 -15.090823
v -16.0 -7.383789 -15.599612
v -16.0 -7.0625 -15.390628
v -15.9375 -7.0 -15.390628
v -15.616211 -7.0 -15.599612
v -16.0 -7.0 -15.090823
v -16.0 -6.383789 -15.599612
v -16.0 -6.0625 -15.390628
v -15.9375 -6.0 -15.390628
v -15.616211 -6.0 -15.599612
v -16.0 -6.0 -15.090823
v -13.0 -5.789062 -15.401369
v -13.0 -5.330078 -14.502931
v -13.0 -5.0 -14.500001
v -13.0 -6.0 -15.500001
v -13.0 -5.789062 -15.401369
v -13.0 -5.789062 -15.090822
v -13.0 -5.962891 -15.368165
v -13.0 -6.330078 -15.599611
v -16.0 -5.789062 -15.401369
v -16.0 -5.330078 -14.502931
v -16.0 -5.0 -14.500001
v -16.0 -5.962891 -15.368165
v -16.0 -6.330078 -15.599611
v -16.0 -5.789062 -15.090822
v -16.0 -6.0 -15.500001
v -16.0 -5.789062 -15.401369
v -12.0 -4.789063 -0.901367
v -12.0 -4.330079 -0.0029289722
v -16.0 -4.330079 -0.0029289722
v -16.0 -4.789063 -0.901367
v -12.0 -4.000001 0.0
v -16.0 -4.000001 0.0
v -12.0 -4.789063 -0.901367
v -16.0 -4.789063 -0.901367
v -16.0 -5.000001 -1.0
v -12.0 -5.000001 -1.0
v -12.0 -3.0 0.0
v -16.0 -3.0 0.0
v -16.0 -4.0 0.0
v -12.0 -4.0 0.0
v -12.0 -2.789063 0.09863299
v -12.0 -2.330079 0.997071
v -16.0 -2.330079 0.997071
v -16.0 -2.789063 0.09863299
v -12.0 -2.000001 1.0
v -16.0 -2.000001 1.0
v -12.0 -2.789063 0.09863299
v -16.0 -2.789063 0.09863299
v -16.0 -3.000001 0.0
v -12.0 -3.000001 0.0
v -15.0 -1.0 0.0
v -16.0 -1.0 0.0
v -16.0 -2.0 0.0
v -15.0 -2.0 0.0
v -15.0 -0.789063 2.098633
v -15.0 -0.33007902 2.997071
v -16.0 -0.33007902 2.997071
v -16.0 -0.789063 2.098633
v -15.0 -1.013279E-6 3.0
v -16.0 -1.013279E-6 3.0
v -15.0 -0.789063 2.098633
v -16.0 -0.789063 2.098633
v -16.0 -1.000001 2.0
v -15.0 -1.000001 2.0
v -12.0 8.0 4.0
v -16.0 8.0 4.0
v -16.0 0.0 4.0
v -12.0 0.0 4.0
v -15.0 12.0 3.0
v -16.0 12.0 3.0
v -16.0 8.0 3.0
v -15.0 8.0 3.0
v -14.0 16.0 2.0
v -16.0 16.0 2.0
v -16.0 12.0 2.0
v -14.0 12.0 2.0
v -15.0 -15.383789 -15.599612
v -15.0 -15.0625 -15.390628
v -14.9375 -15.0 -15.390628
v -14.616211 -15.0 -15.599612
v -15.0 -15.0 -15.090823
v -15.0 -14.383789 -15.599612
v -15.0 -14.0625 -15.390628
v -14.9375 -14.0 -15.390628
v -14.616211 -14.0 -15.599612
v -15.0 -14.0 -15.090823
v -15.0 -13.383789 -15.599612
v -15.0 -13.0625 -15.390628
v -14.9375 -13.0 -15.390628
v -14.616211 -13.0 -15.599612
v -15.0 -13.0 -15.090823
v -15.0 -12.383789 -15.599612
v -15.0 -12.0625 -15.390628
v -14.9375 -12.0 -15.390628
v -14.616211 -12.0 -15.599612
v -15.0 -12.0 -15.090823
v -15.0 -11.383789 -15.599612
v -15.0 -11.0625 -15.390628
v -14.9375 -11.0 -15.390628
v -14.616211 -11.0 -15.599612
v -15.0 -11.0 -15.090823
v -15.0 -10.383789 -15.599612
v -15.0 -10.0625 -15.390628
v -14.9375 -10.0 -15.390628
v -14.616211 -10.0 -15.599612
v -15.0 -10.0 -15.090823
v -15.0 -9.383789 -15.599612
v -15.0 -9.0625 -15.390628
v -14.9375 -9.0 -15.390628
v -14.616211 -9.0 -15.599612
v -15.0 -9.0 -15.090823
v -15.0 -8.383789 -15.599612
v -15.0 -8.0625 -15.390628
v -14.9375 -8.0 -15.390628
v -14.616211 -8.0 -15.599612
v -15.0 -8.0 -15.090823
v -15.0 -7.383789 -15.599612
v -15.0 -7.0625 -15.390628
v -14.9375 -7.0 -15.390628
v -14.616211 -7.0 -15.599612
v -15.0 -7.0 -15.090823
v -15.0 -6.383789 -15.599612
v -15.0 -6.0625 -15.390628
v -14.9375 -6.0 -15.390628
v -14.616211 -6.0 -15.599612
v -15.0 -6.0 -15.090823
v -15.0 -1.000001 2.0
v -15.0 -2.000001 2.0
v -14.9375 -1.625001 2.0
v -14.6875 -1.937501 2.0
v -14.0 -2.000001 2.0
v -14.6875 -1.937501 2.0
v -14.0 -2.000001 2.0
v -14.0 -1.789063 2.098633
v -14.5 -1.750001 2.098633
v -15.0 -1.000001 2.0
v -14.9375 -1.625001 2.0
v -14.75 -1.437501 2.098633
v -14.7890625 -1.000001 2.098633
v -14.7890625 -1.000001 2.098633
v -14.75 -1.437501 2.098633
v -14.330078 -1.000001 2.997071
v -14.5 -1.750001 2.098633
v -14.0 -1.3300791 2.997071
v -14.0 -1.789063 2.098633
v -14.0 -1.3300791 2.997071
v -14.0 -1.000001 3.0
v -14.330078 -1.000001 2.997071
v -14.330078 -0.33007896 2.997071
v -14.330078 -1.000001 2.997071
v -14.0 -1.000001 3.0
v -14.0 -1.013279E-6 3.0
v -15.0 -0.33007896 2.997071
v -14.330078 -0.33007896 2.997071
v -14.0 -1.013279E-6 3.0
v -15.0 -1.013279E-6 3.0
v -15.0 -0.33007896 2.997071
v -15.0 -0.789063 2.098633
v -14.330078 -0.33007896 2.997071
v -14.894531 -0.894532 2.098633
v -14.7890625 -1.000001 2.098633
v -14.7890625 -1.000001 2.098633
v -14.894531 -0.894532 2.098633
v -15.0 -1.000001 2.0
v -15.0 -0.789063 2.098633
v -14.330078 -1.000001 2.997071
v -14.330078 -0.33007896 2.997071
v -14.7890625 -1.000001 2.098633
v -11.0 10.0 4.0
v -15.0 10.0 4.0
v -15.0 8.0 4.0
v -11.0 8.0 4.0
v -14.0 12.0 3.0
v -15.0 12.0 3.0
v -15.0 10.0 3.0
v -14.0 10.0 3.0
v -14.0 -15.383789 -15.599612
v -14.0 -15.0625 -15.390628
v -13.9375 -15.0 -15.390628
v -13.616211 -15.0 -15.599612
v -14.0 -15.0 -15.090823
v -14.0 -14.383789 -15.599612
v -14.0 -14.0625 -15.390628
v -13.9375 -14.0 -15.390628
v -13.616211 -14.0 -15.599612
v -14.0 -14.0 -15.090823
v -14.0 -13.383789 -15.599612
v -14.0 -13.0625 -15.390628
v -13.9375 -13.0 -15.390628
v -13.616211 -13.0 -15.599612
v -14.0 -13.0 -15.090823
v -14.0 -12.383789 -15.599612
v -14.0 -12.0625 -15.390628
v -13.9375 -12.0 -15.390628
v -13.616211 -12.0 -15.599612
v -14.0 -12.0 -15.090823
v -14.0 -11.383789 -15.599612
v -14.0 -11.0625 -15.390628
v -13.9375 -11.0 -15.390628
v -13.616211 -11.0 -15.599612
v -14.0 -11.0 -15.090823
v -14.0 -10.383789 -15.599612
v -14.0 -10.0625 -15.390628
v -13.9375 -10.0 -15.390628
v -13.616211 -10.0 -15.599612
v -14.0 -10.0 -15.090823
v -14.0 -9.383789 -15.599612
v -14.0 -9.0625 -15.390628
v -13.9375 -9.0 -15.390628
v -13.616211 -9.0 -15.599612
v -14.0 -9.0 -15.090823
v -14.0 -8.383789 -15.599612
v -14.0 -8.0625 -15.390628
v -13.9375 -8.0 -15.390628
v -13.616211 -8.0 -15.599612
v -14.0 -8.0 -15.090823
v -14.0 -7.383789 -15.599612
v -14.0 -7.0625 -15.390628
v -13.9375 -7.0 -15.390628
v -13.616211 -7.0 -15.599612
v -14.0 -7.0 -15.090823
v -14.0 -6.383789 -15.599612
v -14.0 -6.0625 -15.390628
v -13.9375 -6.0 -15.390628
v -13.616211 -6.0 -15.599612
v -14.0 -6.0 -15.090823
v -11.0 -1.789063 2.098633
v -11.0 -1.3300791 2.997071
v -14.0 -1.3300791 2.997071
v -14.0 -1.789063 2.098633
v -11.0 -1.000001 3.0
v -14.0 -1.000001 3.0
v -11.0 -1.789063 2.098633
v -14.0 -1.789063 2.098633
v -14.0 -2.000001 2.0
v -11.0 -2.000001 2.0
v -8.0 0.0 4.0
v -14.0 0.0 4.0
v -14.0 -1.0 4.0
v -8.0 -1.0 4.0
v -8.0 11.0 4.0
v -14.0 11.0 4.0
v -14.0 10.0 4.0
v -8.0 10.0 4.0
v -12.0 13.0 3.0
v -14.0 13.0 3.0
v -14.0 11.0 3.0
v -12.0 11.0 3.0
v -12.0 16.0 2.0
v -14.0 16.0 2.0
v -14.0 13.0 2.0
v -12.0 13.0 2.0
v -13.0 -15.383789 -15.599612
v -13.0 -15.0625 -15.390628
v -12.9375 -15.0 -15.390628
v -12.616211 -15.0 -15.599612
v -13.0 -15.0 -15.090823
v -13.0 -14.383789 -15.599612
v -13.0 -14.0625 -15.390628
v -12.9375 -14.0 -15.390628
v -12.616211 -14.0 -15.599612
v -13.0 -14.0 -15.090823
v -13.0 -13.383789 -15.599612
v -13.0 -13.0625 -15.390628
v -12.9375 -13.0 -15.390628
v -12.616211 -13.0 -15.599612
v -13.0 -13.0 -15.090823
v -13.0 -12.383789 -15.599612
v -13.0 -12.0625 -15.390628
v -12.9375 -12.0 -15.390628
v -12.616211 -12.0 -15.599612
v -13.0 -12.0 -15.090823
v -13.0 -11.383789 -15.599612
v -13.0 -11.0625 -15.390628
v -12.9375 -11.0 -15.390628
v -12.616211 -11.0 -15.599612
v -13.0 -11.0 -15.090823
v -13.0 -10.383789 -15.599612
v -13.0 -10.0625 -15.390628
v -12.9375 -10.0 -15.390628
v -12.616211 -10.0 -15.599612
v -13.0 -10.0 -15.090823
v -13.0 -9.383789 -15.599612
v -13.0 -9.0625 -15.390628
v -12.9375 -9.0 -15.390628
v -12.616211 -9.0 -15.599612
v -13.0 -9.0 -15.090823
v -13.0 -8.383789 -15.599612
v -13.0 -8.0625 -15.390628
v -12.9375 -8.0 -15.390628
v -12.616211 -8.0 -15.599612
v -13.0 -8.0 -15.090823
v -13.0 -7.383789 -15.599612
v -13.0 -7.0625 -15.390628
v -12.9375 -7.0 -15.390628
v -12.616211 -7.0 -15.599612
v -13.0 -7.0 -15.090823
v -12.7890625 -6.0 -15.401369
v -12.75 -6.4375 -15.401369
v -12.330078 -6.0 -14.502931
v -12.5 -6.75 -15.401369
v -12.0 -6.330078 -14.502931
v -12.0 -6.789063 -15.401369
v -12.0 -6.330078 -14.502931
v -12.0 -6.0 -14.500002
v -12.330078 -6.0 -14.502931
v -12.7890625 -6.0 -15.401369
v -13.0 -6.0 -15.500002
v -12.75 -6.4375 -15.401369
v -12.9375 -6.625 -15.500002
v -12.5 -6.75 -15.401369
v -12.6875 -6.9375 -15.500002
v -12.0 -6.789063 -15.401369
v -12.0 -7.0 -15.500002
v -13.170898 -6.6875 -15.599611
v -12.625 -7.233398 -15.599611
v -12.849609 -6.6875 -15.390627
v -12.625 -6.912109 -15.390627
v -12.663086 -6.625 -15.090822
v -12.5625 -6.725586 -15.090822
v -12.0 -6.790039 -15.090822
v -12.5625 -6.725586 -15.090822
v -12.0 -6.963867 -15.390627
v -12.625 -6.912109 -15.390627
v -12.0 -7.333008 -15.599611
v -12.625 -7.233398 -15.599611
v -12.663086 -6.625 -15.090822
v -12.788086 -6.0 -15.090822
v -12.849609 -6.6875 -15.390627
v -12.974609 -6.0 -15.390627
v -13.170898 -6.6875 -15.599611
v -13.295898 -6.0 -15.599611
v -13.0 -5.330078 -14.502931
v -13.0 -5.789062 -15.401369
v -12.330078 -5.330078 -14.502931
v -12.894531 -5.8945312 -15.401369
v -12.7890625 -6.0 -15.401369
v -13.0 -6.0 -15.500002
v -12.0 -5.0 -14.500002
v -13.0 -5.0 -14.500002
v -12.330078 -6.0 -14.502931
v -12.0 -6.0 -14.500002
v -12.7890625 -6.0 -15.090822
v -13.0 -5.789062 -15.090822
v -13.0 -6.0 -15.391556
v -12.0 -15.383789 -15.599612
v -12.0 -15.0625 -15.390628
v -11.9375 -15.0 -15.390628
v -11.616211 -15.0 -15.599612
v -12.0 -15.0 -15.090823
v -12.0 -14.383789 -15.599612
v -12.0 -14.0625 -15.390628
v -11.9375 -14.0 -15.390628
v -11.616211 -14.0 -15.599612
v -12.0 -14.0 -15.090823
v -12.0 -13.383789 -15.599612
v -12.0 -13.0625 -15.390628
v -11.9375 -13.0 -15.390628
v -11.616211 -13.0 -15.599612
v -12.0 -13.0 -15.090823
v -12.0 -12.383789 -15.599612
v -12.0 -12.0625 -15.390628
v -11.9375 -12.0 -15.390628
v -11.616211 -12.0 -15.599612
v -12.0 -12.0 -15.090823
v -12.0 -11.383789 -15.599612
v -12.0 -11.0625 -15.390628
v -11.9375 -11.0 -15.390628
v -11.616211 -11.0 -15.599612
v -12.0 -11.0 -15.090823
v -12.0 -10.383789 -15.599612
v -12.0 -10.0625 -15.390628
v -11.9375 -10.0 -15.390628
v -11.616211 -10.0 -15.599612
v -12.0 -10.0 -15.090823
v -12.0 -9.383789 -15.599612
v -12.0 -9.0625 -15.390628
v -11.9375 -9.0 -15.390628
v -11.616211 -9.0 -15.599612
v -12.0 -9.0 -15.090823
v -12.0 -8.383789 -15.599612
v -12.0 -8.0625 -15.390628
v -11.9375 -8.0 -15.390628
v -11.616211 -8.0 -15.599612
v -12.0 -8.0 -15.090823
v -12.0 -7.383789 -15.599612
v -12.0 -7.0625 -15.390628
v -11.9375 -7.0 -15.390628
v -11.616211 -7.0 -15.599612
v -12.0 -7.0 -15.090823
v -10.0 -6.789062 -15.401369
v -10.0 -6.330078 -14.502931
v -10.0 -6.0 -14.500001
v -10.0 -7.0 -15.500001
v -10.0 -6.789062 -15.401369
v -10.0 -6.789062 -15.090822
v -10.0 -6.962891 -15.368165
v -10.0 -7.330078 -15.599611
v -12.0 -6.789062 -15.401369
v -12.0 -6.330078 -14.502931
v -12.0 -6.0 -14.500001
v -12.0 -6.962891 -15.368165
v -12.0 -7.330078 -15.599611
v -12.0 -6.789062 -15.090822
v -12.0 -7.0 -15.500001
v -12.0 -6.789062 -15.401369
v -12.0 -5.000001 -1.0
v -12.0 -6.000001 -1.0
v -11.9375 -5.625001 -1.0
v -11.6875 -5.937501 -1.0
v -11.0 -6.000001 -1.0
v -11.6875 -5.937501 -1.0
v -11.0 -6.000001 -1.0
v -11.0 -5.789063 -0.901367
v -11.5 -5.750001 -0.901367
v -12.0 -5.000001 -1.0
v -11.9375 -5.625001 -1.0
v -11.75 -5.437501 -0.901367
v -11.7890625 -5.000001 -0.901367
v -11.7890625 -5.000001 -0.901367
v -11.75 -5.437501 -0.901367
v -11.330078 -5.000001 -0.0029289722
v -11.5 -5.750001 -0.901367
v -11.0 -5.330079 -0.0029289722
v -11.0 -5.789063 -0.901367
v -11.0 -5.330079 -0.0029289722
v -11.0 -5.000001 0.0
v -11.330078 -5.000001 -0.0029289722
v -11.330078 -4.330079 -0.0029289722
v -11.330078 -5.000001 -0.0029289722
v -11.0 -5.000001 0.0
v -11.0 -4.000001 0.0
v -12.0 -4.330079 -0.0029289722
v -11.330078 -4.330079 -0.0029289722
v -11.0 -4.000001 0.0
v -12.0 -4.000001 0.0
v -12.0 -4.330079 -0.0029289722
v -12.0 -4.789063 -0.901367
v -11.330078 -4.330079 -0.0029289722
v -11.894531 -4.894532 -0.901367
v -11.7890625 -5.000001 -0.901367
v -11.7890625 -5.000001 -0.901367
v -11.894531 -4.894532 -0.901367
v -12.0 -5.000001 -1.0
v -12.0 -4.789063 -0.901367
v -11.330078 -5.000001 -0.0029289722
v -11.330078 -4.330079 -0.0029289722
v -11.7890625 -5.000001 -0.901367
v -12.0 -3.000001 0.0
v -12.0 -4.000001 0.0
v -11.9375 -3.625001 0.0
v -11.6875 -3.937501 0.0
v -11.0 -4.000001 0.0
v -11.6875 -3.937501 0.0
v -11.0 -4.000001 0.0
v -11.0 -3.789063 0.09863299
v -11.5 -3.750001 0.09863299
v -12.0 -3.000001 0.0
v -11.9375 -3.625001 0.0
v -11.75 -3.437501 0.09863299
v -11.7890625 -3.000001 0.09863299
v -11.7890625 -3.000001 0.09863299
v -11.75 -3.437501 0.09863299
v -11.330078 -3.000001 0.997071
v -11.5 -3.750001 0.09863299
v -11.0 -3.330079 0.997071
v -11.0 -3.789063 0.09863299
v -11.0 -3.330079 0.997071
v -11.0 -3.000001 1.0
v -11.330078 -3.000001 0.997071
v -11.330078 -2.330079 0.997071
v -11.330078 -3.000001 0.997071
v -11.0 -3.000001 1.0
v -11.0 -2.000001 1.0
v -12.0 -2.330079 0.997071
v -11.330078 -2.330079 0.997071
v -11.0 -2.000001 1.0
v -12.0 -2.000001 1.0
v -12.0 -2.330079 0.997071
v -12.0 -2.789063 0.09863299
v -11.330078 -2.330079 0.997071
v -11.894531 -2.894532 0.09863299
v -11.7890625 -3.000001 0.09863299
v -11.7890625 -3.000001 0.09863299
v -11.894531 -2.894532 0.09863299
v -12.0 -3.000001 0.0
v -12.0 -2.789063 0.09863299
v -11.330078 -3.000001 0.997071
v -11.330078 -2.330079 0.997071
v -11.7890625 -3.000001 0.09863299
v -11.0 3.0 4.0
v -12.0 3.0 4.0
v -12.0 0.0 4.0
v -11.0 0.0 4.0
v -12.0 3.0 4.0
v -11.0 3.0 4.0
v -11.0 4.0 4.0
v -12.0 4.0 4.0
v -12.0 4.0 4.0
v -11.0 4.0 4.0
v -11.0 5.0 4.0
v -12.0 5.0 4.0
v -12.0 5.0 4.0
v -11.0 5.0 4.0
v -11.0 6.0 4.0
v -12.0 6.0 4.0
v -12.0 6.0 4.0
v -11.0 6.0 4.0
v -11.0 7.0 4.0
v -12.0 7.0 4.0
v -11.0 8.0 4.0
v -12.0 8.0 4.0
v -12.0 7.0 4.0
v -11.0 7.0 4.0
v -4.0 12.0 4.0
v -12.0 12.0 4.0
v -12.0 11.0 4.0
v -4.0 11.0 4.0
v -12.187501 12.0 3.6923819
v -12.187501 12.0 4.125
v -12.187501 12.25 3.6923819
v -12.187501 12.25 4.125
v -12.187501 13.0 2.932617
v -12.187501 13.0 3.356445
v -8.812501 12.0 4.125
v -8.812501 12.0 3.692383
v -8.812501 12.25 4.125
v -8.812501 12.25 3.692383
v -8.812501 13.0 3.356445
v -8.812501 13.0 2.932617
v -11.687501 12.0 4.0
v -11.687501 13.0 3.0
v -11.937501 13.0 3.0
v -11.937501 12.0 4.0
v -9.312501 12.0 4.0
v -9.312501 13.0 3.0
v -11.687501 13.0 3.0
v -11.687501 12.0 4.0
v -9.062501 12.0 4.125
v -9.062501 12.0 4.0
v -8.812501 12.0 3.692383
v -8.812501 12.0 4.125
v -11.937501 12.0 4.0
v -11.937501 12.0 4.125
v -12.187501 12.0 4.125
v -12.187501 12.0 3.6923819
v -11.937501 13.0 3.356445
v -11.937501 13.0 3.0
v -12.187501 13.0 2.932617
v -12.187501 13.0 3.356445
v -9.062501 13.0 3.0
v -9.062501 13.0 3.356445
v -8.812501 13.0 3.356445
v -8.812501 13.0 2.932617
v -12.187501 12.25 4.125
v -11.937501 12.25 4.125
v -11.937501 13.0 3.356445
v -12.187501 13.0 3.356445
v -11.937501 12.0 4.0
v -11.937501 13.0 3.0
v -11.937501 13.0 3.356445
v -11.937501 12.25 4.125
v -8.812501 12.25 4.125
v -9.062501 12.25 4.125
v -9.062501 12.0 4.125
v -8.812501 12.0 4.125
v -11.937501 12.0 4.125
v -11.937501 12.25 4.125
v -12.187501 12.25 4.125
v -12.187501 12.0 4.125
v -9.062501 13.0 3.356445
v -9.062501 12.25 4.125
v -8.812501 12.25 4.125
v -8.812501 13.0 3.356445
v -9.062501 13.0 3.0
v -9.062501 12.0 4.0
v -9.062501 12.25 4.125
v -9.062501 13.0 3.356445
v -9.062501 13.0 3.0
v -9.312501 13.0 3.0
v -9.312501 12.0 4.0
v -9.062501 12.0 4.0
v -9.062501 12.25 4.125
v -9.062501 12.0 4.0
v -9.062501 12.0 4.125
v -11.937501 12.0 4.0
v -11.937501 12.25 4.125
v -11.937501 12.0 4.125
v -4.0 14.0 3.0
v -12.0 14.0 3.0
v -12.0 13.0 3.0
v -4.0 13.0 3.0
v -10.0 16.0 2.0
v -12.0 16.0 2.0
v -12.0 14.0 2.0
v -10.0 14.0 2.0
v -11.0 -15.383789 -15.599612
v -11.0 -15.0625 -15.390628
v -10.9375 -15.0 -15.390628
v -10.616211 -15.0 -15.599612
v -11.0 -15.0 -15.090823
v -11.0 -14.383789 -15.599612
v -11.0 -14.0625 -15.390628
v -10.9375 -14.0 -15.390628
v -10.616211 -14.0 -15.599612
v -11.0 -14.0 -15.090823
v -11.0 -13.383789 -15.599612
v -11.0 -13.0625 -15.390628
v -10.9375 -13.0 -15.390628
v -10.616211 -13.0 -15.599612
v -11.0 -13.0 -15.090823
v -11.0 -12.383789 -15.599612
v -11.0 -12.0625 -15.390628
v -10.9375 -12.0 -15.390628
v -10.616211 -12.0 -15.599612
v -11.0 -12.0 -15.090823
v -11.0 -11.383789 -15.599612
v -11.0 -11.0625 -15.390628
v -10.9375 -11.0 -15.390628
v -10.616211 -11.0 -15.599612
v -11.0 -11.0 -15.090823
v -11.0 -10.383789 -15.599612
v -11.0 -10.0625 -15.390628
v -10.9375 -10.0 -15.390628
v -10.616211 -10.0 -15.599612
v -11.0 -10.0 -15.090823
v -11.0 -9.383789 -15.599612
v -11.0 -9.0625 -15.390628
v -10.9375 -9.0 -15.390628
v -10.616211 -9.0 -15.599612
v -11.0 -9.0 -15.090823
v -11.0 -8.383789 -15.599612
v -11.0 -8.0625 -15.390628
v -10.9375 -8.0 -15.390628
v -10.616211 -8.0 -15.599612
v -11.0 -8.0 -15.090823
v -11.0 -7.383789 -15.599612
v -11.0 -7.0625 -15.390628
v -10.9375 -7.0 -15.390628
v -10.616211 -7.0 -15.599612
v -11.0 -7.0 -15.090823
v -9.0 -5.789063 -0.901367
v -9.0 -5.330079 -0.0029289722
v -11.0 -5.330079 -0.0029289722
v -11.0 -5.789063 -0.901367
v -9.0 -5.000001 0.0
v -11.0 -5.000001 0.0
v -9.0 -5.789063 -0.901367
v -11.0 -5.789063 -0.901367
v -11.0 -6.000001 -1.0
v -9.0 -6.000001 -1.0
v -3.0 -4.0 0.0
v -11.0 -4.0 0.0
v -11.0 -5.0 0.0
v -3.0 -5.0 0.0
v -3.0 -3.789063 0.09863299
v -3.0 -3.330079 0.997071
v -11.0 -3.330079 0.997071
v -11.0 -3.789063 0.09863299
v -3.0 -3.000001 1.0
v -11.0 -3.000001 1.0
v -3.0 -3.789063 0.09863299
v -11.0 -3.789063 0.09863299
v -11.0 -4.000001 0.0
v -3.0 -4.000001 0.0
v -11.0 -2.000001 2.0
v -11.0 -3.000001 2.0
v -10.9375 -2.625001 2.0
v -10.6875 -2.937501 2.0
v -10.0 -3.000001 2.0
v -10.6875 -2.937501 2.0
v -10.0 -3.000001 2.0
v -10.0 -2.789063 2.098633
v -10.5 -2.750001 2.098633
v -11.0 -2.000001 2.0
v -10.9375 -2.625001 2.0
v -10.75 -2.437501 2.098633
v -10.7890625 -2.000001 2.098633
v -10.7890625 -2.000001 2.098633
v -10.75 -2.437501 2.098633
v -10.330078 -2.000001 2.997071
v -10.5 -2.750001 2.098633
v -10.0 -2.330079 2.997071
v -10.0 -2.789063 2.098633
v -10.0 -2.330079 2.997071
v -10.0 -2.000001 3.0
v -10.330078 -2.000001 2.997071
v -10.330078 -1.330079 2.997071
v -10.330078 -2.000001 2.997071
v -10.0 -2.000001 3.0
v -10.0 -1.000001 3.0
v -11.0 -1.330079 2.997071
v -10.330078 -1.330079 2.997071
v -10.0 -1.000001 3.0
v -11.0 -1.000001 3.0
v -11.0 -1.330079 2.997071
v -11.0 -1.789063 2.098633
v -10.330078 -1.330079 2.997071
v -10.894531 -1.894532 2.098633
v -10.7890625 -2.000001 2.098633
v -10.7890625 -2.000001 2.098633
v -10.894531 -1.894532 2.098633
v -11.0 -2.000001 2.0
v -11.0 -1.789063 2.098633
v -10.330078 -2.000001 2.997071
v -10.330078 -1.330079 2.997071
v -10.7890625 -2.000001 2.098633
v -10.0 1.0 4.0
v -11.0 1.0 4.0
v -11.0 0.0 4.0
v -10.0 0.0 4.0
v -11.0 1.0 4.0
v -10.0 1.0 4.0
v -10.0 2.0 4.0
v -11.0 2.0 4.0
v -11.0 2.0 4.0
v -10.0 2.0 4.0
v -10.0 3.0 4.0
v -11.0 3.0 4.0
v -11.0 3.0 4.0
v -10.0 3.0 4.0
v -10.0 4.0 4.0
v -11.0 4.0 4.0
v -11.0 4.0 4.0
v -10.0 4.0 4.0
v -10.0 5.0 4.0
v -11.0 5.0 4.0
v -11.0 5.0 4.0
v -10.0 5.0 4.0
v -10.0 6.0 4.0
v -11.0 6.0 4.0
v -11.0 6.0 4.0
v -10.0 6.0 4.0
v -10.0 7.0 4.0
v -11.0 7.0 4.0
v -11.0 7.0 4.0
v -10.0 7.0 4.0
v -10.0 8.0 4.0
v -11.0 8.0 4.0
v -11.0 8.0 4.0
v -10.0 8.0 4.0
v -10.0 9.0 4.0
v -11.0 9.0 4.0
v -10.0 10.0 4.0
v -11.0 10.0 4.0
v -11.0 9.0 4.0
v -10.0 9.0 4.0
v -10.0 -15.383789 -15.599612
v -10.0 -15.0625 -15.390628
v -9.9375 -15.0 -15.390628
v -9.616211 -15.0 -15.599612
v -10.0 -15.0 -15.090823
v -10.0 -14.383789 -15.599612
v -10.0 -14.0625 -15.390628
v -9.9375 -14.0 -15.390628
v -9.616211 -14.0 -15.599612
v -10.0 -14.0 -15.090823
v -10.0 -13.383789 -15.599612
v -10.0 -13.0625 -15.390628
v -9.9375 -13.0 -15.390628
v -9.616211 -13.0 -15.599612
v -10.0 -13.0 -15.090823
v -10.0 -12.383789 -15.599612
v -10.0 -12.0625 -15.390628
v -9.9375 -12.0 -15.390628
v -9.616211 -12.0 -15.599612
v -10.0 -12.0 -15.090823
v -10.0 -11.383789 -15.599612
v -10.0 -11.0625 -15.390628
v -9.9375 -11.0 -15.390628
v -9.616211 -11.0 -15.599612
v -10.0 -11.0 -15.090823
v -10.0 -10.383789 -15.599612
v -10.0 -10.0625 -15.390628
v -9.9375 -10.0 -15.390628
v -9.616211 -10.0 -15.599612
v -10.0 -10.0 -15.090823
v -10.0 -9.383789 -15.599612
v -10.0 -9.0625 -15.390628
v -9.9375 -9.0 -15.390628
v -9.616211 -9.0 -15.599612
v -10.0 -9.0 -15.090823
v -10.0 -8.383789 -15.599612
v -10.0 -8.0625 -15.390628
v -9.9375 -8.0 -15.390628
v -9.616211 -8.0 -15.599612
v -10.0 -8.0 -15.090823
v -9.7890625 -7.0 -15.401369
v -9.75 -7.4375 -15.401369
v -9.330078 -7.0 -14.502931
v -9.5 -7.75 -15.401369
v -9.0 -7.330078 -14.502931
v -9.0 -7.789063 -15.401369
v -9.0 -7.330078 -14.502931
v -9.0 -7.0 -14.500002
v -9.330078 -7.0 -14.502931
v -9.7890625 -7.0 -15.401369
v -10.0 -7.0 -15.500002
v -9.75 -7.4375 -15.401369
v -9.9375 -7.625 -15.500002
v -9.5 -7.75 -15.401369
v -9.6875 -7.9375 -15.500002
v -9.0 -7.789063 -15.401369
v -9.0 -8.0 -15.500002
v -10.170898 -7.6875 -15.599611
v -9.625 -8.233398 -15.599611
v -9.849609 -7.6875 -15.390627
v -9.625 -7.912109 -15.390627
v -9.663086 -7.625 -15.090822
v -9.5625 -7.725586 -15.090822
v -9.0 -7.790039 -15.090822
v -9.5625 -7.725586 -15.090822
v -9.0 -7.963867 -15.390627
v -9.625 -7.912109 -15.390627
v -9.0 -8.333008 -15.599611
v -9.625 -8.233398 -15.599611
v -9.663086 -7.625 -15.090822
v -9.788086 -7.0 -15.090822
v -9.849609 -7.6875 -15.390627
v -9.974609 -7.0 -15.390627
v -10.170898 -7.6875 -15.599611
v -10.295898 -7.0 -15.599611
v -10.0 -6.330078 -14.502931
v -10.0 -6.789062 -15.401369
v -9.330078 -6.330078 -14.502931
v -9.894531 -6.8945312 -15.401369
v -9.7890625 -7.0 -15.401369
v -10.0 -7.0 -15.500002
v -9.0 -6.0 -14.500002
v -10.0 -6.0 -14.500002
v -9.330078 -7.0 -14.502931
v -9.0 -7.0 -14.500002
v -9.7890625 -7.0 -15.090822
v -10.0 -6.789062 -15.090822
v -10.0 -7.0 -15.391556
v -3.0 -2.789063 2.098633
v -3.0 -2.330079 2.997071
v -10.0 -2.330079 2.997071
v -10.0 -2.789063 2.098633
v -3.0 -2.000001 3.0
v -10.0 -2.000001 3.0
v -3.0 -2.789063 2.098633
v -10.0 -2.789063 2.098633
v -10.0 -3.000001 2.0
v -3.0 -3.000001 2.0
v -2.0 -1.0 4.0
v -10.0 -1.0 4.0
v -10.0 -2.0 4.0
v -2.0 -2.0 4.0
v -10.0 0.0 4.0
v -9.0 0.0 4.0
v -9.0 1.0 4.0
v -10.0 1.0 4.0
v -10.0 1.0 4.0
v -9.0 1.0 4.0
v -9.0 2.0 4.0
v -10.0 2.0 4.0
v -10.0 2.0 4.0
v -9.0 2.0 4.0
v -9.0 3.0 4.0
v -10.0 3.0 4.0
v -10.0 3.0 4.0
v -9.0 3.0 4.0
v -9.0 4.0 4.0
v -10.0 4.0 4.0
v -10.0 4.0 4.0
v -9.0 4.0 4.0
v -9.0 5.0 4.0
v -10.0 5.0 4.0
v -10.0 5.0 4.0
v -9.0 5.0 4.0
v -9.0 6.0 4.0
v -10.0 6.0 4.0
v -10.0 6.0 4.0
v -9.0 6.0 4.0
v -9.0 7.0 4.0
v -10.0 7.0 4.0
v -10.0 7.0 4.0
v -9.0 7.0 4.0
v -9.0 8.0 4.0
v -10.0 8.0 4.0
v -10.0 8.0 4.0
v -9.0 8.0 4.0
v -9.0 9.0 4.0
v -10.0 9.0 4.0
v -10.0 9.0 4.0
v -9.0 9.0 4.0
v -9.0 10.0 4.0
v -10.0 10.0 4.0
v -10.187501 14.0 2.6923819
v -10.187501 14.0 3.125
v -10.187501 14.25 2.6923819
v -10.187501 14.25 3.125
v -10.187501 15.0 1.932617
v -10.187501 15.0 2.356445
v -6.812501 14.0 3.125
v -6.812501 14.0 2.692383
v -6.812501 14.25 3.125
v -6.812501 14.25 2.692383
v -6.812501 15.0 2.356445
v -6.812501 15.0 1.932617
v -9.687501 14.0 3.0
v -9.687501 15.0 2.0
v -9.937501 15.0 2.0
v -9.937501 14.0 3.0
v -7.312501 14.0 3.0
v -7.312501 15.0 2.0
v -9.687501 15.0 2.0
v -9.687501 14.0 3.0
v -7.062501 14.0 3.125
v -7.062501 14.0 3.0
v -6.812501 14.0 2.692383
v -6.812501 14.0 3.125
v -9.937501 14.0 3.0
v -9.937501 14.0 3.125
v -10.187501 14.0 3.125
v -10.187501 14.0 2.6923819
v -9.937501 15.0 2.356445
v -9.937501 15.0 2.0
v -10.187501 15.0 1.932617
v -10.187501 15.0 2.356445
v -7.062501 15.0 2.0
v -7.062501 15.0 2.356445
v -6.812501 15.0 2.356445
v -6.812501 15.0 1.932617
v -10.187501 14.25 3.125
v -9.937501 14.25 3.125
v -9.937501 15.0 2.356445
v -10.187501 15.0 2.356445
v -9.937501 14.0 3.0
v -9.937501 15.0 2.0
v -9.937501 15.0 2.356445
v -9.937501 14.25 3.125
v -6.812501 14.25 3.125
v -7.062501 14.25 3.125
v -7.062501 14.0 3.125
v -6.812501 14.0 3.125
v -9.937501 14.0 3.125
v -9.937501 14.25 3.125
v -10.187501 14.25 3.125
v -10.187501 14.0 3.125
v -7.062501 15.0 2.356445
v -7.062501 14.25 3.125
v -6.812501 14.25 3.125
v -6.812501 15.0 2.356445
v -7.062501 15.0 2.0
v -7.062501 14.0 3.0
v -7.062501 14.25 3.125
v -7.062501 15.0 2.356445
v -7.062501 15.0 2.0
v -7.312501 15.0 2.0
v -7.312501 14.0 3.0
v -7.062501 14.0 3.0
v -7.062501 14.25 3.125
v -7.062501 14.0 3.0
v -7.062501 14.0 3.125
v -9.937501 14.0 3.0
v -9.937501 14.25 3.125
v -9.937501 14.0 3.125
v -4.0 16.0 2.0
v -10.0 16.0 2.0
v -10.0 15.0 2.0
v -4.0 15.0 2.0
v -9.0 -15.383789 -15.599612
v -9.0 -15.0625 -15.390628
v -8.9375 -15.0 -15.390628
v -8.616211 -15.0 -15.599612
v -9.0 -15.0 -15.090823
v -9.0 -14.383789 -15.599612
v -9.0 -14.0625 -15.390628
v -8.9375 -14.0 -15.390628
v -8.616211 -14.0 -15.599612
v -9.0 -14.0 -15.090823
v -9.0 -13.383789 -15.599612
v -9.0 -13.0625 -15.390628
v -8.9375 -13.0 -15.390628
v -8.616211 -13.0 -15.599612
v -9.0 -13.0 -15.090823
v -9.0 -12.383789 -15.599612
v -9.0 -12.0625 -15.390628
v -8.9375 -12.0 -15.390628
v -8.616211 -12.0 -15.599612
v -9.0 -12.0 -15.090823
v -9.0 -11.383789 -15.599612
v -9.0 -11.0625 -15.390628
v -8.9375 -11.0 -15.390628
v -8.616211 -11.0 -15.599612
v -9.0 -11.0 -15.090823
v -9.0 -10.383789 -15.599612
v -9.0 -10.0625 -15.390628
v -8.9375 -10.0 -15.390628
v -8.616211 -10.0 -15.599612
v -9.0 -10.0 -15.090823
v -9.0 -9.383789 -15.599612
v -9.0 -9.0625 -15.390628
v -8.9375 -9.0 -15.390628
v -8.616211 -9.0 -15.599612
v -9.0 -9.0 -15.090823
v -9.0 -8.383789 -15.599612
v -9.0 -8.0625 -15.390628
v -8.9375 -8.0 -15.390628
v -8.616211 -8.0 -15.599612
v -9.0 -8.0 -15.090823
v -1.0 -7.789062 -15.401369
v -1.0 -7.330078 -14.502931
v -1.0 -7.0 -14.500001
v -1.0 -8.0 -15.500001
v -1.0 -7.789062 -15.401369
v -1.0 -7.789062 -15.090822
v -1.0 -7.962891 -15.368165
v -1.0 -8.330078 -15.599611
v -9.0 -7.789062 -15.401369
v -9.0 -7.330078 -14.502931
v -9.0 -7.0 -14.500001
v -9.0 -7.962891 -15.368165
v -9.0 -8.330078 -15.599611
v -9.0 -7.789062 -15.090822
v -9.0 -8.0 -15.500001
v -9.0 -7.789062 -15.401369
v -9.0 -6.000001 -1.0
v -9.0 -7.000001 -1.0
v -8.9375 -6.625001 -1.0
v -8.6875 -6.937501 -1.0
v -8.0 -7.000001 -1.0
v -8.6875 -6.937501 -1.0
v -8.0 -7.000001 -1.0
v -8.0 -6.789063 -0.901367
v -8.5 -6.750001 -0.901367
v -9.0 -6.000001 -1.0
v -8.9375 -6.625001 -1.0
v -8.75 -6.437501 -0.901367
v -8.7890625 -6.000001 -0.901367
v -8.7890625 -6.000001 -0.901367
v -8.75 -6.437501 -0.901367
v -8.330078 -6.000001 -0.0029289722
v -8.5 -6.750001 -0.901367
v -8.0 -6.330079 -0.0029289722
v -8.0 -6.789063 -0.901367
v -8.0 -6.330079 -0.0029289722
v -8.0 -6.000001 0.0
v -8.330078 -6.000001 -0.0029289722
v -8.330078 -5.330079 -0.0029289722
v -8.330078 -6.000001 -0.0029289722
v -8.0 -6.000001 0.0
v -8.0 -5.000001 0.0
v -9.0 -5.330079 -0.0029289722
v -8.330078 -5.330079 -0.0029289722
v -8.0 -5.000001 0.0
v -9.0 -5.000001 0.0
v -9.0 -5.330079 -0.0029289722
v -9.0 -5.789063 -0.901367
v -8.330078 -5.330079 -0.0029289722
v -8.894531 -5.894532 -0.901367
v -8.7890625 -6.000001 -0.901367
v -8.7890625 -6.000001 -0.901367
v -8.894531 -5.894532 -0.901367
v -9.0 -6.000001 -1.0
v -9.0 -5.789063 -0.901367
v -8.330078 -6.000001 -0.0029289722
v -8.330078 -5.330079 -0.0029289722
v -8.7890625 -6.000001 -0.901367
v -9.0 0.0 4.0
v -8.0 0.0 4.0
v -8.0 1.0 4.0
v -9.0 1.0 4.0
v -9.0 1.0 4.0
v -8.0 1.0 4.0
v -8.0 2.0 4.0
v -9.0 2.0 4.0
v -9.0 2.0 4.0
v -8.0 2.0 4.0
v -8.0 3.0 4.0
v -9.0 3.0 4.0
v -9.0 3.0 4.0
v -8.0 3.0 4.0
v -8.0 4.0 4.0
v -9.0 4.0 4.0
v -9.0 4.0 4.0
v -8.0 4.0 4.0
v -8.0 5.0 4.0
v -9.0 5.0 4.0
v -9.0 5.0 4.0
v -8.0 5.0 4.0
v -8.0 6.0 4.0
v -9.0 6.0 4.0
v -9.0 6.0 4.0
v -8.0 6.0 4.0
v -8.0 7.0 4.0
v -9.0 7.0 4.0
v -9.0 7.0 4.0
v -8.0 7.0 4.0
v -8.0 8.0 4.0
v -9.0 8.0 4.0
v -9.0 8.0 4.0
v -8.0 8.0 4.0
v -8.0 9.0 4.0
v -9.0 9.0 4.0
v -9.0 9.0 4.0
v -8.0 9.0 4.0
v -8.0 10.0 4.0
v -9.0 10.0 4.0
v -3.0 13.0 4.0
v -9.0 13.0 4.0
v -9.0 12.0 4.0
v -3.0 12.0 4.0
v -8.0 -15.383789 -15.599612
v -8.0 -15.0625 -15.390628
v -7.9375 -15.0 -15.390628
v -7.616211 -15.0 -15.599612
v -8.0 -15.0 -15.090823
v -8.0 -14.383789 -15.599612
v -8.0 -14.0625 -15.390628
v -7.9375 -14.0 -15.390628
v -7.616211 -14.0 -15.599612
v -8.0 -14.0 -15.090823
v -8.0 -13.383789 -15.599612
v -8.0 -13.0625 -15.390628
v -7.9375 -13.0 -15.390628
v -7.616211 -13.0 -15.599612
v -8.0 -13.0 -15.090823
v -8.0 -12.383789 -15.599612
v -8.0 -12.0625 -15.390628
v -7.9375 -12.0 -15.390628
v -7.616211 -12.0 -15.599612
v -8.0 -12.0 -15.090823
v -8.0 -11.383789 -15.599612
v -8.0 -11.0625 -15.390628
v -7.9375 -11.0 -15.390628
v -7.616211 -11.0 -15.599612
v -8.0 -11.0 -15.090823
v -8.0 -10.383789 -15.599612
v -8.0 -10.0625 -15.390628
v -7.9375 -10.0 -15.390628
v -7.616211 -10.0 -15.599612
v -8.0 -10.0 -15.090823
v -8.0 -9.383789 -15.599612
v -8.0 -9.0625 -15.390628
v -7.9375 -9.0 -15.390628
v -7.616211 -9.0 -15.599612
v -8.0 -9.0 -15.090823
v -8.0 -8.383789 -15.599612
v -8.0 -8.0625 -15.390628
v -7.9375 -8.0 -15.390628
v -7.616211 -8.0 -15.599612
v -8.0 -8.0 -15.090823
v 0.0 -6.789063 -0.901367
v 0.0 -6.330079 -0.0029289722
v -8.0 -6.330079 -0.0029289722
v -8.0 -6.789063 -0.901367
v 0.0 -6.000001 0.0
v -8.0 -6.000001 0.0
v 0.0 -6.789063 -0.901367
v -8.0 -6.789063 -0.901367
v -8.0 -7.000001 -1.0
v 0.0 -7.000001 -1.0
v 0.0 -5.0 0.0
v -8.0 -5.0 0.0
v -8.0 -6.0 0.0
v 0.0 -6.0 0.0
v -8.0 -1.0 4.0
v -7.0 -1.0 4.0
v -7.0 0.0 4.0
v -8.0 0.0 4.0
v -8.0 0.0 4.0
v -7.0 0.0 4.0
v -7.0 1.0 4.0
v -8.0 1.0 4.0
v -8.0 1.0 4.0
v -7.0 1.0 4.0
v -7.0 2.0 4.0
v -8.0 2.0 4.0
v -8.0 2.0 4.0
v -7.0 2.0 4.0
v -7.0 3.0 4.0
v -8.0 3.0 4.0
v -8.0 3.0 4.0
v -7.0 3.0 4.0
v -7.0 4.0 4.0
v -8.0 4.0 4.0
v -8.0 4.0 4.0
v -7.0 4.0 4.0
v -7.0 5.0 4.0
v -8.0 5.0 4.0
v -8.0 5.0 4.0
v -7.0 5.0 4.0
v -7.0 6.0 4.0
v -8.0 6.0 4.0
v -8.0 6.0 4.0
v -7.0 6.0 4.0
v -7.0 7.0 4.0
v -8.0 7.0 4.0
v -8.0 7.0 4.0
v -7.0 7.0 4.0
v -7.0 8.0 4.0
v -8.0 8.0 4.0
v -8.0 8.0 4.0
v -7.0 8.0 4.0
v -7.0 9.0 4.0
v -8.0 9.0 4.0
v -8.0 9.0 4.0
v -7.0 9.0 4.0
v -7.0 10.0 4.0
v -8.0 10.0 4.0
v -8.0 10.0 4.0
v -7.0 10.0 4.0
v -7.0 11.0 4.0
v -8.0 11.0 4.0
v -7.0 -15.383789 -15.599612
v -7.0 -15.0625 -15.390628
v -6.9375 -15.0 -15.390628
v -6.616211 -15.0 -15.599612
v -7.0 -15.0 -15.090823
v -7.0 -14.383789 -15.599612
v -7.0 -14.0625 -15.390628
v -6.9375 -14.0 -15.390628
v -6.616211 -14.0 -15.599612
v -7.0 -14.0 -15.090823
v -7.0 -13.383789 -15.599612
v -7.0 -13.0625 -15.390628
v -6.9375 -13.0 -15.390628
v -6.616211 -13.0 -15.599612
v -7.0 -13.0 -15.090823
v -7.0 -12.383789 -15.599612
v -7.0 -12.0625 -15.390628
v -6.9375 -12.0 -15.390628
v -6.616211 -12.0 -15.599612
v -7.0 -12.0 -15.090823
v -7.0 -11.383789 -15.599612
v -7.0 -11.0625 -15.390628
v -6.9375 -11.0 -15.390628
v -6.616211 -11.0 -15.599612
v -7.0 -11.0 -15.090823
v -7.0 -10.383789 -15.599612
v -7.0 -10.0625 -15.390628
v -6.9375 -10.0 -15.390628
v -6.616211 -10.0 -15.599612
v -7.0 -10.0 -15.090823
v -7.0 -9.383789 -15.599612
v -7.0 -9.0625 -15.390628
v -6.9375 -9.0 -15.390628
v -6.616211 -9.0 -15.599612
v -7.0 -9.0 -15.090823
v -7.0 -8.383789 -15.599612
v -7.0 -8.0625 -15.390628
v -6.9375 -8.0 -15.390628
v -6.616211 -8.0 -15.599612
v -7.0 -8.0 -15.090823
v -7.0 -1.0 4.0
v -6.0 -1.0 4.0
v -6.0 0.0 4.0
v -7.0 0.0 4.0
v -7.0 0.0 4.0
v -6.0 0.0 4.0
v -6.0 1.0 4.0
v -7.0 1.0 4.0
v -7.0 1.0 4.0
v -6.0 1.0 4.0
v -6.0 2.0 4.0
v -7.0 2.0 4.0
v -7.0 2.0 4.0
v -6.0 2.0 4.0
v -6.0 3.0 4.0
v -7.0 3.0 4.0
v -7.0 3.0 4.0
v -6.0 3.0 4.0
v -6.0 4.0 4.0
v -7.0 4.0 4.0
v -7.0 4.0 4.0
v -6.0 4.0 4.0
v -6.0 5.0 4.0
v -7.0 5.0 4.0
v -7.0 5.0 4.0
v -6.0 5.0 4.0
v -6.0 6.0 4.0
v -7.0 6.0 4.0
v -7.0 6.0 4.0
v -6.0 6.0 4.0
v -6.0 7.0 4.0
v -7.0 7.0 4.0
v -7.0 7.0 4.0
v -6.0 7.0 4.0
v -6.0 8.0 4.0
v -7.0 8.0 4.0
v -7.0 8.0 4.0
v -6.0 8.0 4.0
v -6.0 9.0 4.0
v -7.0 9.0 4.0
v -7.0 9.0 4.0
v -6.0 9.0 4.0
v -6.0 10.0 4.0
v -7.0 10.0 4.0
v -7.0 10.0 4.0
v -6.0 10.0 4.0
v -6.0 11.0 4.0
v -7.0 11.0 4.0
v -5.0 15.0 3.0
v -7.0 15.0 3.0
v -7.0 14.0 3.0
v -5.0 14.0 3.0
v -6.0 -15.383789 -15.599612
v -6.0 -15.0625 -15.390628
v -5.9375 -15.0 -15.390628
v -5.616211 -15.0 -15.599612
v -6.0 -15.0 -15.090823
v -6.0 -14.383789 -15.599612
v -6.0 -14.0625 -15.390628
v -5.9375 -14.0 -15.390628
v -5.616211 -14.0 -15.599612
v -6.0 -14.0 -15.090823
v -6.0 -13.383789 -15.599612
v -6.0 -13.0625 -15.390628
v -5.9375 -13.0 -15.390628
v -5.616211 -13.0 -15.599612
v -6.0 -13.0 -15.090823
v -6.0 -12.383789 -15.599612
v -6.0 -12.0625 -15.390628
v -5.9375 -12.0 -15.390628
v -5.616211 -12.0 -15.599612
v -6.0 -12.0 -15.090823
v -6.0 -11.383789 -15.599612
v -6.0 -11.0625 -15.390628
v -5.9375 -11.0 -15.390628
v -5.616211 -11.0 -15.599612
v -6.0 -11.0 -15.090823
v -6.0 -10.383789 -15.599612
v -6.0 -10.0625 -15.390628
v -5.9375 -10.0 -15.390628
v -5.616211 -10.0 -15.599612
v -6.0 -10.0 -15.090823
v -6.0 -9.383789 -15.599612
v -6.0 -9.0625 -15.390628
v -5.9375 -9.0 -15.390628
v -5.616211 -9.0 -15.599612
v -6.0 -9.0 -15.090823
v -6.0 -8.383789 -15.599612
v -6.0 -8.0625 -15.390628
v -5.9375 -8.0 -15.390628
v -5.616211 -8.0 -15.599612
v -6.0 -8.0 -15.090823
v -6.0 -1.0 4.0
v -5.0 -1.0 4.0
v -5.0 0.0 4.0
v -6.0 0.0 4.0
v -6.0 0.0 4.0
v -5.0 0.0 4.0
v -5.0 1.0 4.0
v -6.0 1.0 4.0
v -6.0 1.0 4.0
v -5.0 1.0 4.0
v -5.0 2.0 4.0
v -6.0 2.0 4.0
v -6.0 2.0 4.0
v -5.0 2.0 4.0
v -5.0 3.0 4.0
v -6.0 3.0 4.0
v -6.0 3.0 4.0
v -5.0 3.0 4.0
v -5.0 4.0 4.0
v -6.0 4.0 4.0
v -6.0 4.0 4.0
v -5.0 4.0 4.0
v -5.0 5.0 4.0
v -6.0 5.0 4.0
v -6.0 5.0 4.0
v -5.0 5.0 4.0
v -5.0 6.0 4.0
v -6.0 6.0 4.0
v -6.0 6.0 4.0
v -5.0 6.0 4.0
v -5.0 7.0 4.0
v -6.0 7.0 4.0
v -6.0 7.0 4.0
v -5.0 7.0 4.0
v -5.0 8.0 4.0
v -6.0 8.0 4.0
v -6.0 8.0 4.0
v -5.0 8.0 4.0
v -5.0 9.0 4.0
v -6.0 9.0 4.0
v -6.0 9.0 4.0
v -5.0 9.0 4.0
v -5.0 10.0 4.0
v -6.0 10.0 4.0
v -6.0 10.0 4.0
v -5.0 10.0 4.0
v -5.0 11.0 4.0
v -6.0 11.0 4.0
v -5.0 -15.383789 -15.599612
v -5.0 -15.0625 -15.390628
v -4.9375 -15.0 -15.390628
v -4.616211 -15.0 -15.599612
v -5.0 -15.0 -15.090823
v -5.0 -14.383789 -15.599612
v -5.0 -14.0625 -15.390628
v -4.9375 -14.0 -15.390628
v -4.616211 -14.0 -15.599612
v -5.0 -14.0 -15.090823
v -5.0 -13.383789 -15.599612
v -5.0 -13.0625 -15.390628
v -4.9375 -13.0 -15.390628
v -4.616211 -13.0 -15.599612
v -5.0 -13.0 -15.090823
v -5.0 -12.383789 -15.599612
v -5.0 -12.0625 -15.390628
v -4.9375 -12.0 -15.390628
v -4.616211 -12.0 -15.599612
v -5.0 -12.0 -15.090823
v -5.0 -11.383789 -15.599612
v -5.0 -11.0625 -15.390628
v -4.9375 -11.0 -15.390628
v -4.616211 -11.0 -15.599612
v -5.0 -11.0 -15.090823
v -5.0 -10.383789 -15.599612
v -5.0 -10.0625 -15.390628
v -4.9375 -10.0 -15.390628
v -4.616211 -10.0 -15.599612
v -5.0 -10.0 -15.090823
v -5.0 -9.383789 -15.599612
v -5.0 -9.0625 -15.390628
v -4.9375 -9.0 -15.390628
v -4.616211 -9.0 -15.599612
v -5.0 -9.0 -15.090823
v -5.0 -8.383789 -15.599612
v -5.0 -8.0625 -15.390628
v -4.9375 -8.0 -15.390628
v -4.616211 -8.0 -15.599612
v -5.0 -8.0 -15.090823
v -5.0 -1.0 4.0
v -4.0 -1.0 4.0
v -4.0 0.0 4.0
v -5.0 0.0 4.0
v -5.0 0.0 4.0
v -4.0 0.0 4.0
v -4.0 1.0 4.0
v -5.0 1.0 4.0
v -5.0 1.0 4.0
v -4.0 1.0 4.0
v -4.0 2.0 4.0
v -5.0 2.0 4.0
v -5.0 2.0 4.0
v -4.0 2.0 4.0
v -4.0 3.0 4.0
v -5.0 3.0 4.0
v -5.0 3.0 4.0
v -4.0 3.0 4.0
v -4.0 4.0 4.0
v -5.0 4.0 4.0
v -5.0 4.0 4.0
v -4.0 4.0 4.0
v -4.0 5.0 4.0
v -5.0 5.0 4.0
v -5.0 5.0 4.0
v -4.0 5.0 4.0
v -4.0 6.0 4.0
v -5.0 6.0 4.0
v -5.0 6.0 4.0
v -4.0 6.0 4.0
v -4.0 7.0 4.0
v -5.0 7.0 4.0
v -5.0 7.0 4.0
v -4.0 7.0 4.0
v -4.0 8.0 4.0
v -5.0 8.0 4.0
v -5.0 8.0 4.0
v -4.0 8.0 4.0
v -4.0 9.0 4.0
v -5.0 9.0 4.0
v -5.0 9.0 4.0
v -4.0 9.0 4.0
v -4.0 10.0 4.0
v -5.0 10.0 4.0
v -5.0 10.0 4.0
v -4.0 10.0 4.0
v -4.0 11.0 4.0
v -5.0 11.0 4.0
v -4.0 15.0 2.0
v -5.0 15.0 2.0
v -5.0 14.0 2.0
v -4.0 14.0 2.0
v -4.0 -15.383789 -15.599612
v -4.0 -15.0625 -15.390628
v -3.9375 -15.0 -15.390628
v -3.616211 -15.0 -15.599612
v -4.0 -15.0 -15.090823
v -4.0 -14.383789 -15.599612
v -4.0 -14.0625 -15.390628
v -3.9375 -14.0 -15.390628
v -3.616211 -14.0 -15.599612
v -4.0 -14.0 -15.090823
v -4.0 -13.383789 -15.599612
v -4.0 -13.0625 -15.390628
v -3.9375 -13.0 -15.390628
v -3.616211 -13.0 -15.599612
v -4.0 -13.0 -15.090823
v -4.0 -12.383789 -15.599612
v -4.0 -12.0625 -15.390628
v -3.9375 -12.0 -15.390628
v -3.616211 -12.0 -15.599612
v -4.0 -12.0 -15.090823
v -4.0 -11.383789 -15.599612
v -4.0 -11.0625 -15.390628
v -3.9375 -11.0 -15.390628
v -3.616211 -11.0 -15.599612
v -4.0 -11.0 -15.090823
v -4.0 -10.383789 -15.599612
v -4.0 -10.0625 -15.390628
v -3.9375 -10.0 -15.390628
v -3.616211 -10.0 -15.599612
v -4.0 -10.0 -15.090823
v -4.0 -9.383789 -15.599612
v -4.0 -9.0625 -15.390628
v -3.9375 -9.0 -15.390628
v -3.616211 -9.0 -15.599612
v -4.0 -9.0 -15.090823
v -4.0 -8.383789 -15.599612
v -4.0 -8.0625 -15.390628
v -3.9375 -8.0 -15.390628
v -3.616211 -8.0 -15.599612
v -4.0 -8.0 -15.090823
v 0.0 0.0 4.0
v -4.0 0.0 4.0
v -4.0 -1.0 4.0
v 0.0 -1.0 4.0
v -4.0 0.0 4.0
v -3.0 0.0 4.0
v -3.0 1.0 4.0
v -4.0 1.0 4.0
v -4.0 1.0 4.0
v -3.0 1.0 4.0
v -3.0 2.0 4.0
v -4.0 2.0 4.0
v -4.0 2.0 4.0
v -3.0 2.0 4.0
v -3.0 3.0 4.0
v -4.0 3.0 4.0
v -4.0 3.0 4.0
v -3.0 3.0 4.0
v -3.0 4.0 4.0
v -4.0 4.0 4.0
v -4.0 4.0 4.0
v -3.0 4.0 4.0
v -3.0 5.0 4.0
v -4.0 5.0 4.0
v -4.0 5.0 4.0
v -3.0 5.0 4.0
v -3.0 6.0 4.0
v -4.0 6.0 4.0
v -4.0 6.0 4.0
v -3.0 6.0 4.0
v -3.0 7.0 4.0
v -4.0 7.0 4.0
v -4.0 7.0 4.0
v -3.0 7.0 4.0
v -3.0 8.0 4.0
v -4.0 8.0 4.0
v -4.0 8.0 4.0
v -3.0 8.0 4.0
v -3.0 9.0 4.0
v -4.0 9.0 4.0
v -4.0 9.0 4.0
v -3.0 9.0 4.0
v -3.0 10.0 4.0
v -4.0 10.0 4.0
v -1.0 11.0 4.0
v -4.0 11.0 4.0
v -4.0 10.0 4.0
v -1.0 10.0 4.0
v -2.0 12.0 4.0
v -4.0 12.0 4.0
v -4.0 11.0 4.0
v -2.0 11.0 4.0
v -3.6699219 13.330079 2.997071
v -3.6699219 14.000001 2.997071
v -4.0 14.000001 3.0
v -4.0 13.000001 3.0
v -3.0 13.330079 2.997071
v -3.6699219 13.330079 2.997071
v -4.0 13.000001 3.0
v -3.0 13.000001 3.0
v -3.0 13.330079 2.997071
v -3.0 13.7890625 2.098633
v -3.6699219 13.330079 2.997071
v -3.105469 13.894532 2.098633
v -3.210938 14.000001 2.098633
v -3.210938 14.000001 2.098633
v -3.105469 13.894532 2.098633
v -3.0 14.000001 2.0
v -3.0 13.7890625 2.098633
v -3.6699219 14.000001 2.997071
v -3.6699219 13.330079 2.997071
v -3.210938 14.000001 2.098633
v -3.0 14.000001 2.0
v -3.0 15.000001 2.0
v -3.0625 14.625001 2.0
v -3.3125 14.937501 2.0
v -4.0 15.000001 2.0
v -3.3125 14.937501 2.0
v -4.0 15.000001 2.0
v -4.0 14.7890625 2.098633
v -3.5 14.750001 2.098633
v -3.0 14.000001 2.0
v -3.0625 14.625001 2.0
v -3.25 14.437501 2.098633
v -3.210938 14.000001 2.098633
v -3.210938 14.000001 2.098633
v -3.25 14.437501 2.098633
v -3.6699219 14.000001 2.997071
v -3.5 14.750001 2.098633
v -4.0 14.330079 2.997071
v -4.0 14.7890625 2.098633
v -4.0 14.330079 2.997071
v -4.0 14.000001 3.0
v -3.6699219 14.000001 2.997071
v 4.0 16.0 0.0
v -4.0 16.0 0.0
v -4.0 15.0 0.0
v 4.0 15.0 0.0
v -3.0 -15.383789 -15.599612
v -3.0 -15.0625 -15.390628
v -2.9375 -15.0 -15.390628
v -2.616211 -15.0 -15.599612
v -3.0 -15.0 -15.090823
v -3.0 -14.383789 -15.599612
v -3.0 -14.0625 -15.390628
v -2.9375 -14.0 -15.390628
v -2.616211 -14.0 -15.599612
v -3.0 -14.0 -15.090823
v -3.0 -13.383789 -15.599612
v -3.0 -13.0625 -15.390628
v -2.9375 -13.0 -15.390628
v -2.616211 -13.0 -15.599612
v -3.0 -13.0 -15.090823
v -3.0 -12.383789 -15.599612
v -3.0 -12.0625 -15.390628
v -2.9375 -12.0 -15.390628
v -2.616211 -12.0 -15.599612
v -3.0 -12.0 -15.090823
v -3.0 -11.383789 -15.599612
v -3.0 -11.0625 -15.390628
v -2.9375 -11.0 -15.390628
v -2.616211 -11.0 -15.599612
v -3.0 -11.0 -15.090823
v -3.0 -10.383789 -15.599612
v -3.0 -10.0625 -15.390628
v -2.9375 -10.0 -15.390628
v -2.616211 -10.0 -15.599612
v -3.0 -10.0 -15.090823
v -3.0 -9.383789 -15.599612
v -3.0 -9.0625 -15.390628
v -2.9375 -9.0 -15.390628
v -2.616211 -9.0 -15.599612
v -3.0 -9.0 -15.090823
v -3.0 -8.383789 -15.599612
v -3.0 -8.0625 -15.390628
v -2.9375 -8.0 -15.390628
v -2.616211 -8.0 -15.599612
v -3.0 -8.0 -15.090823
v 3.0 -4.0 0.0
v -3.0 -4.0 0.0
v -3.0 -5.0 0.0
v 3.0 -5.0 0.0
v -2.0 -3.789063 0.09863299
v -2.0 -3.330079 0.997071
v -3.0 -3.330079 0.997071
v -3.0 -3.789063 0.09863299
v -2.0 -3.000001 1.0
v -3.0 -3.000001 1.0
v -2.0 -3.789063 0.09863299
v -3.0 -3.789063 0.09863299
v -3.0 -4.000001 0.0
v -2.0 -4.000001 0.0
v -2.999999 -3.0 2.0
v -1.999999 -3.0 2.0
v -2.374999 -2.9375 2.0
v -2.062499 -2.6875 2.0
v -1.999999 -2.0 2.0
v -2.062499 -2.6875 2.0
v -1.999999 -2.0 2.0
v -2.210937 -2.0 2.098633
v -2.249999 -2.5 2.098633
v -2.999999 -3.0 2.0
v -2.374999 -2.9375 2.0
v -2.562499 -2.75 2.098633
v -2.999999 -2.789062 2.098633
v -2.999999 -2.789062 2.098633
v -2.562499 -2.75 2.098633
v -2.999999 -2.3300781 2.997071
v -2.249999 -2.5 2.098633
v -2.669921 -2.0 2.997071
v -2.210937 -2.0 2.098633
v -2.669921 -2.0 2.997071
v -2.999999 -2.0 3.0
v -2.999999 -2.3300781 2.997071
v -3.0 0.0 4.0
v -2.0 0.0 4.0
v -2.0 1.0 4.0
v -3.0 1.0 4.0
v -3.0 1.0 4.0
v -2.0 1.0 4.0
v -2.0 2.0 4.0
v -3.0 2.0 4.0
v -3.0 2.0 4.0
v -2.0 2.0 4.0
v -2.0 3.0 4.0
v -3.0 3.0 4.0
v -3.0 3.0 4.0
v -2.0 3.0 4.0
v -2.0 4.0 4.0
v -3.0 4.0 4.0
v -3.0 4.0 4.0
v -2.0 4.0 4.0
v -2.0 5.0 4.0
v -3.0 5.0 4.0
v -3.0 5.0 4.0
v -2.0 5.0 4.0
v -2.0 6.0 4.0
v -3.0 6.0 4.0
v -3.0 6.0 4.0
v -2.0 6.0 4.0
v -2.0 7.0 4.0
v -3.0 7.0 4.0
v -3.0 7.0 4.0
v -2.0 7.0 4.0
v -2.0 8.0 4.0
v -3.0 8.0 4.0
v -3.0 8.0 4.0
v -2.0 8.0 4.0
v -2.0 9.0 4.0
v -3.0 9.0 4.0
v -3.0 9.0 4.0
v -2.0 9.0 4.0
v -2.0 10.0 4.0
v -3.0 10.0 4.0
v -2.6699219 12.330079 2.997071
v -2.6699219 13.000001 2.997071
v -3.0 13.000001 3.0
v -3.0 12.000001 3.0
v -2.0 12.330079 2.997071
v -2.6699219 12.330079 2.997071
v -3.0 12.000001 3.0
v -2.0 12.000001 3.0
v -2.0 12.330079 2.997071
v -2.0 12.7890625 2.098633
v -2.6699219 12.330079 2.997071
v -2.105469 12.894532 2.098633
v -2.210938 13.000001 2.098633
v -2.210938 13.000001 2.098633
v -2.105469 12.894532 2.098633
v -2.0 13.000001 2.0
v -2.0 12.7890625 2.098633
v -2.6699219 13.000001 2.997071
v -2.6699219 12.330079 2.997071
v -2.210938 13.000001 2.098633
v -2.0 13.000001 2.0
v -2.0 14.000001 2.0
v -2.0625 13.625001 2.0
v -2.3125 13.937501 2.0
v -3.0 14.000001 2.0
v -2.3125 13.937501 2.0
v -3.0 14.000001 2.0
v -3.0 13.7890625 2.098633
v -2.5 13.750001 2.098633
v -2.0 13.000001 2.0
v -2.0625 13.625001 2.0
v -2.25 13.437501 2.098633
v -2.210938 13.000001 2.098633
v -2.210938 13.000001 2.098633
v -2.25 13.437501 2.098633
v -2.6699219 13.000001 2.997071
v -2.5 13.750001 2.098633
v -3.0 13.330079 2.997071
v -3.0 13.7890625 2.098633
v -3.0 13.330079 2.997071
v -3.0 13.000001 3.0
v -2.6699219 13.000001 2.997071
v 5.0 15.0 0.0
v -3.0 15.0 0.0
v -3.0 14.0 0.0
v 5.0 14.0 0.0
v -2.0 -15.383789 -15.599612
v -2.0 -15.0625 -15.390628
v -1.9375 -15.0 -15.390628
v -1.6162109 -15.0 -15.599612
v -2.0 -15.0 -15.090823
v -2.0 -14.383789 -15.599612
v -2.0 -14.0625 -15.390628
v -1.9375 -14.0 -15.390628
v -1.6162109 -14.0 -15.599612
v -2.0 -14.0 -15.090823
v -2.0 -13.383789 -15.599612
v -2.0 -13.0625 -15.390628
v -1.9375 -13.0 -15.390628
v -1.6162109 -13.0 -15.599612
v -2.0 -13.0 -15.090823
v -2.0 -12.383789 -15.599612
v -2.0 -12.0625 -15.390628
v -1.9375 -12.0 -15.390628
v -1.6162109 -12.0 -15.599612
v -2.0 -12.0 -15.090823
v -2.0 -11.383789 -15.599612
v -2.0 -11.0625 -15.390628
v -1.9375 -11.0 -15.390628
v -1.6162109 -11.0 -15.599612
v -2.0 -11.0 -15.090823
v -2.0 -10.383789 -15.599612
v -2.0 -10.0625 -15.390628
v -1.9375 -10.0 -15.390628
v -1.6162109 -10.0 -15.599612
v -2.0 -10.0 -15.090823
v -2.0 -9.383789 -15.599612
v -2.0 -9.0625 -15.390628
v -1.9375 -9.0 -15.390628
v -1.6162109 -9.0 -15.599612
v -2.0 -9.0 -15.090823
v -2.0 -8.383789 -15.599612
v -2.0 -8.0625 -15.390628
v -1.9375 -8.0 -15.390628
v -1.6162109 -8.0 -15.599612
v -2.0 -8.0 -15.090823
v -1.999999 -4.0 0.0
v -0.99999905 -4.0 0.0
v -1.374999 -3.9375 0.0
v -1.062499 -3.6875 0.0
v -0.99999905 -3.0 0.0
v -1.062499 -3.6875 0.0
v -0.99999905 -3.0 0.0
v -1.210937 -3.0 0.09863299
v -1.249999 -3.5 0.09863299
v -1.999999 -4.0 0.0
v -1.374999 -3.9375 0.0
v -1.562499 -3.75 0.09863299
v -1.999999 -3.789062 0.09863299
v -1.999999 -3.789062 0.09863299
v -1.562499 -3.75 0.09863299
v -1.999999 -3.3300781 0.997071
v -1.249999 -3.5 0.09863299
v -1.6699209 -3.0 0.997071
v -1.210937 -3.0 0.09863299
v -1.6699209 -3.0 0.997071
v -1.999999 -3.0 1.0
v -1.999999 -3.3300781 0.997071
v -1.669921 -2.3300781 0.997071
v -0.99999905 -2.3300781 0.997071
v -0.99999905 -2.0 1.0
v -1.999999 -2.0 1.0
v -1.669921 -3.0 0.997071
v -1.669921 -2.3300781 0.997071
v -1.999999 -2.0 1.0
v -1.999999 -3.0 1.0
v -1.669921 -3.0 0.997071
v -1.210937 -3.0 0.09863299
v -1.669921 -2.3300781 0.997071
v -1.105468 -2.894531 0.09863299
v -0.99999905 -2.789062 0.09863299
v -0.99999905 -2.789062 0.09863299
v -1.105468 -2.894531 0.09863299
v -0.99999905 -3.0 0.0
v -1.210937 -3.0 0.09863299
v -0.99999905 -2.3300781 0.997071
v -1.669921 -2.3300781 0.997071
v -0.99999905 -2.789062 0.09863299
v -1.0 -1.789063 2.098633
v -1.0 -1.3300791 2.997071
v -2.0 -1.3300791 2.997071
v -2.0 -1.789063 2.098633
v -1.0 -1.000001 3.0
v -2.0 -1.000001 3.0
v -1.0 -1.789063 2.098633
v -2.0 -1.789063 2.098633
v -2.0 -2.000001 2.0
v -1.0 -2.000001 2.0
v 0.0 1.0 4.0
v -2.0 1.0 4.0
v -2.0 0.0 4.0
v 0.0 0.0 4.0
v -2.0 1.0 4.0
v -1.0 1.0 4.0
v -1.0 2.0 4.0
v -2.0 2.0 4.0
v -2.0 2.0 4.0
v -1.0 2.0 4.0
v -1.0 3.0 4.0
v -2.0 3.0 4.0
v -2.0 3.0 4.0
v -1.0 3.0 4.0
v -1.0 4.0 4.0
v -2.0 4.0 4.0
v -2.0 4.0 4.0
v -1.0 4.0 4.0
v -1.0 5.0 4.0
v -2.0 5.0 4.0
v -2.0 5.0 4.0
v -1.0 5.0 4.0
v -1.0 6.0 4.0
v -2.0 6.0 4.0
v -2.0 6.0 4.0
v -1.0 6.0 4.0
v -1.0 7.0 4.0
v -2.0 7.0 4.0
v -2.0 7.0 4.0
v -1.0 7.0 4.0
v -1.0 8.0 4.0
v -2.0 8.0 4.0
v -2.0 8.0 4.0
v -1.0 8.0 4.0
v -1.0 9.0 4.0
v -2.0 9.0 4.0
v 0.0 10.0 4.0
v -2.0 10.0 4.0
v -2.0 9.0 4.0
v 0.0 9.0 4.0
v -1.0 12.0 2.0
v -2.0 12.0 2.0
v -2.0 11.0 2.0
v -1.0 11.0 2.0
v -2.0 12.7890625 2.098633
v -2.0 12.330079 2.997071
v -1.0 12.330079 2.997071
v -1.0 12.7890625 2.098633
v -2.0 12.000001 3.0
v -1.0 12.000001 3.0
v -2.0 12.7890625 2.098633
v -1.0 12.7890625 2.098633
v -1.0 13.000001 2.0
v -2.0 13.000001 2.0
v 6.0 14.0 0.0
v -2.0 14.0 0.0
v -2.0 13.0 0.0
v 6.0 13.0 0.0
v -1.0 -15.383789 -15.599612
v -1.0 -15.0625 -15.390628
v -0.9375 -15.0 -15.390628
v -0.616211 -15.0 -15.599612
v -1.0 -15.0 -15.090823
v -1.0 -14.383789 -15.599612
v -1.0 -14.0625 -15.390628
v -0.9375 -14.0 -15.390628
v -0.616211 -14.0 -15.599612
v -1.0 -14.0 -15.090823
v -1.0 -13.383789 -15.599612
v -1.0 -13.0625 -15.390628
v -0.9375 -13.0 -15.390628
v -0.616211 -13.0 -15.599612
v -1.0 -13.0 -15.090823
v -1.0 -12.383789 -15.599612
v -1.0 -12.0625 -15.390628
v -0.9375 -12.0 -15.390628
v -0.616211 -12.0 -15.599612
v -1.0 -12.0 -15.090823
v -1.0 -11.383789 -15.599612
v -1.0 -11.0625 -15.390628
v -0.9375 -11.0 -15.390628
v -0.616211 -11.0 -15.599612
v -1.0 -11.0 -15.090823
v -1.0 -10.383789 -15.599612
v -1.0 -10.0625 -15.390628
v -0.9375 -10.0 -15.390628
v -0.616211 -10.0 -15.599612
v -1.0 -10.0 -15.090823
v -1.0 -9.383789 -15.599612
v -1.0 -9.0625 -15.390628
v -0.9375 -9.0 -15.390628
v -0.616211 -9.0 -15.599612
v -1.0 -9.0 -15.090823
v -1.0 -8.383789 -15.599612
v -1.0 -8.0625 -15.390628
v -0.9375 -8.0 -15.390628
v -0.616211 -8.0 -15.599612
v -1.0 -8.0 -15.090823
v 2.0 -7.789062 -15.401369
v 2.0 -7.330078 -14.502931
v 2.0 -7.0 -14.500001
v 2.0 -8.0 -15.500001
v 2.0 -7.789062 -15.401369
v 2.0 -7.789062 -15.090822
v 2.0 -7.962891 -15.368165
v 2.0 -8.330078 -15.599611
v -1.0 -7.789062 -15.401369
v -1.0 -7.330078 -14.502931
v -1.0 -7.0 -14.500001
v -1.0 -7.962891 -15.368165
v -1.0 -8.330078 -15.599611
v -1.0 -7.789062 -15.090822
v -1.0 -8.0 -15.500001
v -1.0 -7.789062 -15.401369
v 5.0 -3.0 0.0
v -1.0 -3.0 0.0
v -1.0 -4.0 0.0
v 5.0 -4.0 0.0
v -0.999999 -3.0 0.0
v 9.536743E-7 -3.0 0.0
v -0.374999 -2.9375 0.0
v -0.062498987 -2.6875 0.0
v 9.536743E-7 -2.0 0.0
v -0.062498987 -2.6875 0.0
v 9.536743E-7 -2.0 0.0
v -0.21093702 -2.0 0.09863299
v -0.24999899 -2.5 0.09863299
v -0.999999 -3.0 0.0
v -0.374999 -2.9375 0.0
v -0.562499 -2.75 0.09863299
v -0.999999 -2.789062 0.09863299
v -0.999999 -2.789062 0.09863299
v -0.562499 -2.75 0.09863299
v -0.999999 -2.3300781 0.997071
v -0.24999899 -2.5 0.09863299
v -0.669921 -2.0 0.997071
v -0.21093702 -2.0 0.09863299
v -0.669921 -2.0 0.997071
v -0.999999 -2.0 1.0
v -0.999999 -2.3300781 0.997071
v -0.999999 -2.0 2.0
v 9.536743E-7 -2.0 2.0
v -0.374999 -1.9375 2.0
v -0.062498987 -1.6875 2.0
v 9.536743E-7 -1.0 2.0
v -0.062498987 -1.6875 2.0
v 9.536743E-7 -1.0 2.0
v -0.21093702 -1.0 2.098633
v -0.24999899 -1.5 2.098633
v -0.999999 -2.0 2.0
v -0.374999 -1.9375 2.0
v -0.562499 -1.75 2.098633
v -0.999999 -1.789062 2.098633
v -0.999999 -1.789062 2.098633
v -0.562499 -1.75 2.098633
v -0.999999 -1.330078 2.997071
v -0.24999899 -1.5 2.098633
v -0.669921 -1.0 2.997071
v -0.21093702 -1.0 2.098633
v -0.669921 -1.0 2.997071
v -0.999999 -1.0 3.0
v -0.999999 -1.330078 2.997071
v 1.0 3.0 4.0
v -1.0 3.0 4.0
v -1.0 1.0 4.0
v 1.0 1.0 4.0
v -1.0 3.0 4.0
v 0.0 3.0 4.0
v 0.0 4.0 4.0
v -1.0 4.0 4.0
v -1.0 4.0 4.0
v 0.0 4.0 4.0
v 0.0 5.0 4.0
v -1.0 5.0 4.0
v -1.0 5.0 4.0
v 0.0 5.0 4.0
v 0.0 6.0 4.0
v -1.0 6.0 4.0
v -1.0 6.0 4.0
v 0.0 6.0 4.0
v 0.0 7.0 4.0
v -1.0 7.0 4.0
v 0.0 9.0 4.0
v -1.0 9.0 4.0
v -1.0 7.0 4.0
v 0.0 7.0 4.0
v -0.669922 10.330079 2.997071
v -0.669922 11.000001 2.997071
v -1.0 11.000001 3.0
v -1.0 10.000001 3.0
v 0.0 10.330079 2.997071
v -0.669922 10.330079 2.997071
v -1.0 10.000001 3.0
v 0.0 10.000001 3.0
v 0.0 10.330079 2.997071
v 0.0 10.7890625 2.098633
v -0.669922 10.330079 2.997071
v -0.10546899 10.894532 2.098633
v -0.21093798 11.000001 2.098633
v -0.21093798 11.000001 2.098633
v -0.10546899 10.894532 2.098633
v 0.0 11.000001 2.0
v 0.0 10.7890625 2.098633
v -0.669922 11.000001 2.997071
v -0.669922 10.330079 2.997071
v -0.21093798 11.000001 2.098633
v -0.21093702 12.0 2.098633
v -0.669921 12.0 2.997071
v -0.669921 11.0 2.997071
v -0.21093702 11.0 2.098633
v -0.999999 12.0 3.0
v -0.999999 11.0 3.0
v -0.21093702 12.0 2.098633
v -0.21093702 11.0 2.098633
v 9.536743E-7 11.0 2.0
v 9.536743E-7 12.0 2.0
v 0.0 12.000001 0.0
v 0.0 13.000001 0.0
v -0.0625 12.625001 0.0
v -0.3125 12.937501 0.0
v -1.0 13.000001 0.0
v -0.3125 12.937501 0.0
v -1.0 13.000001 0.0
v -1.0 12.7890625 0.09863299
v -0.5 12.750001 0.09863299
v 0.0 12.000001 0.0
v -0.0625 12.625001 0.0
v -0.25 12.437501 0.09863299
v -0.21093798 12.000001 0.09863299
v -0.21093798 12.000001 0.09863299
v -0.25 12.437501 0.09863299
v -0.669922 12.000001 0.997071
v -0.5 12.750001 0.09863299
v -1.0 12.330079 0.997071
v -1.0 12.7890625 0.09863299
v -1.0 12.330079 0.997071
v -1.0 12.000001 1.0
v -0.669922 12.000001 0.997071
v 0.0 -15.383789 -15.599612
v 0.0 -15.0625 -15.390628
v 0.0625 -15.0 -15.390628
v 0.383789 -15.0 -15.599612
v 0.0 -15.0 -15.090823
v 0.0 -14.383789 -15.599612
v 0.0 -14.0625 -15.390628
v 0.0625 -14.0 -15.390628
v 0.383789 -14.0 -15.599612
v 0.0 -14.0 -15.090823
v 0.0 -13.383789 -15.599612
v 0.0 -13.0625 -15.390628
v 0.0625 -13.0 -15.390628
v 0.383789 -13.0 -15.599612
v 0.0 -13.0 -15.090823
v 0.0 -12.383789 -15.599612
v 0.0 -12.0625 -15.390628
v 0.0625 -12.0 -15.390628
v 0.383789 -12.0 -15.599612
v 0.0 -12.0 -15.090823
v 0.0 -11.383789 -15.599612
v 0.0 -11.0625 -15.390628
v 0.0625 -11.0 -15.390628
v 0.383789 -11.0 -15.599612
v 0.0 -11.0 -15.090823
v 0.0 -10.383789 -15.599612
v 0.0 -10.0625 -15.390628
v 0.0625 -10.0 -15.390628
v 0.383789 -10.0 -15.599612
v 0.0 -10.0 -15.090823
v 0.0 -9.383789 -15.599612
v 0.0 -9.0625 -15.390628
v 0.0625 -9.0 -15.390628
v 0.383789 -9.0 -15.599612
v 0.0 -9.0 -15.090823
v 0.0 -8.383789 -15.599612
v 0.0 -8.0625 -15.390628
v 0.0625 -8.0 -15.390628
v 0.383789 -8.0 -15.599612
v 0.0 -8.0 -15.090823
v 1.0 -6.789063 -0.901367
v 1.0 -6.330079 -0.0029289722
v 0.0 -6.330079 -0.0029289722
v 0.0 -6.789063 -0.901367
v 1.0 -6.000001 0.0
v 0.0 -6.000001 0.0
v 1.0 -6.789063 -0.901367
v 0.0 -6.789063 -0.901367
v 0.0 -7.000001 -1.0
v 1.0 -7.000001 -1.0
v 1.0 -5.0 0.0
v 0.0 -5.0 0.0
v 0.0 -6.0 0.0
v 1.0 -6.0 0.0
v 6.0 -2.0 0.0
v 0.0 -2.0 0.0
v 0.0 -3.0 0.0
v 6.0 -3.0 0.0
v 1.013279E-6 -2.0 0.0
v 1.000001 -2.0 0.0
v 0.625001 -1.9375 0.0
v 0.937501 -1.6875 0.0
v 1.000001 -1.0 0.0
v 0.937501 -1.6875 0.0
v 1.000001 -1.0 0.0
v 0.789063 -1.0 0.09863299
v 0.750001 -1.5 0.09863299
v 1.013279E-6 -2.0 0.0
v 0.625001 -1.9375 0.0
v 0.437501 -1.75 0.09863299
v 1.013279E-6 -1.789062 0.09863299
v 1.013279E-6 -1.789062 0.09863299
v 0.437501 -1.75 0.09863299
v 1.013279E-6 -1.330078 0.997071
v 0.750001 -1.5 0.09863299
v 0.33007902 -1.0 0.997071
v 0.789063 -1.0 0.09863299
v 0.33007902 -1.0 0.997071
v 1.013279E-6 -1.0 1.0
v 1.013279E-6 -1.330078 0.997071
v 1.013279E-6 -1.0 2.0
v 1.000001 -1.0 2.0
v 0.625001 -0.9375 2.0
v 0.937501 -0.6875 2.0
v 1.000001 0.0 2.0
v 0.937501 -0.6875 2.0
v 1.000001 0.0 2.0
v 0.789063 0.0 2.098633
v 0.750001 -0.5 2.098633
v 1.013279E-6 -1.0 2.0
v 0.625001 -0.9375 2.0
v 0.437501 -0.75 2.098633
v 1.013279E-6 -0.789062 2.098633
v 1.013279E-6 -0.789062 2.098633
v 0.437501 -0.75 2.098633
v 1.013279E-6 -0.330078 2.997071
v 0.750001 -0.5 2.098633
v 0.33007902 0.0 2.997071
v 0.789063 0.0 2.098633
v 0.33007902 0.0 2.997071
v 1.013279E-6 0.0 3.0
v 1.013279E-6 -0.330078 2.997071
v 1.0 1.0 2.0
v 0.0 1.0 2.0
v 0.0 0.0 2.0
v 1.0 0.0 2.0
v 1.0 8.0 4.0
v 0.0 8.0 4.0
v 0.0 3.0 4.0
v 1.0 3.0 4.0
v 0.330078 8.330079 2.997071
v 0.330078 9.000001 2.997071
v 0.0 9.000001 3.0
v 0.0 8.000001 3.0
v 1.0 8.330079 2.997071
v 0.330078 8.330079 2.997071
v 0.0 8.000001 3.0
v 1.0 8.000001 3.0
v 1.0 8.330079 2.997071
v 1.0 8.7890625 2.098633
v 0.330078 8.330079 2.997071
v 0.894531 8.894532 2.098633
v 0.789062 9.000001 2.098633
v 0.789062 9.000001 2.098633
v 0.894531 8.894532 2.098633
v 1.0 9.000001 2.0
v 1.0 8.7890625 2.098633
v 0.330078 9.000001 2.997071
v 0.330078 8.330079 2.997071
v 0.789062 9.000001 2.098633
v 0.789063 10.0 2.098633
v 0.33007902 10.0 2.997071
v 0.33007902 9.0 2.997071
v 0.789063 9.0 2.098633
v 1.013279E-6 10.0 3.0
v 1.013279E-6 9.0 3.0
v 0.789063 10.0 2.098633
v 0.789063 9.0 2.098633
v 1.000001 9.0 2.0
v 1.000001 10.0 2.0
v 1.0 10.000001 2.0
v 1.0 11.000001 2.0
v 0.9375 10.625001 2.0
v 0.6875 10.937501 2.0
v 0.0 11.000001 2.0
v 0.6875 10.937501 2.0
v 0.0 11.000001 2.0
v 0.0 10.7890625 2.098633
v 0.5 10.750001 2.098633
v 1.0 10.000001 2.0
v 0.9375 10.625001 2.0
v 0.75 10.437501 2.098633
v 0.789062 10.000001 2.098633
v 0.789062 10.000001 2.098633
v 0.75 10.437501 2.098633
v 0.330078 10.000001 2.997071
v 0.5 10.750001 2.098633
v 0.0 10.330079 2.997071
v 0.0 10.7890625 2.098633
v 0.0 10.330079 2.997071
v 0.0 10.000001 3.0
v 0.330078 10.000001 2.997071
v 8.0 13.0 0.0
v 0.0 13.0 0.0
v 0.0 11.0 0.0
v 8.0 11.0 0.0
v 1.0 -15.383789 -15.599612
v 1.0 -15.0625 -15.390628
v 1.0625 -15.0 -15.390628
v 1.3837891 -15.0 -15.599612
v 1.0 -15.0 -15.090823
v 1.0 -14.383789 -15.599612
v 1.0 -14.0625 -15.390628
v 1.0625 -14.0 -15.390628
v 1.3837891 -14.0 -15.599612
v 1.0 -14.0 -15.090823
v 1.0 -13.383789 -15.599612
v 1.0 -13.0625 -15.390628
v 1.0625 -13.0 -15.390628
v 1.3837891 -13.0 -15.599612
v 1.0 -13.0 -15.090823
v 1.0 -12.383789 -15.599612
v 1.0 -12.0625 -15.390628
v 1.0625 -12.0 -15.390628
v 1.3837891 -12.0 -15.599612
v 1.0 -12.0 -15.090823
v 1.0 -11.383789 -15.599612
v 1.0 -11.0625 -15.390628
v 1.0625 -11.0 -15.390628
v 1.3837891 -11.0 -15.599612
v 1.0 -11.0 -15.090823
v 1.0 -10.383789 -15.599612
v 1.0 -10.0625 -15.390628
v 1.0625 -10.0 -15.390628
v 1.3837891 -10.0 -15.599612
v 1.0 -10.0 -15.090823
v 1.0 -9.383789 -15.599612
v 1.0 -9.0625 -15.390628
v 1.0625 -9.0 -15.390628
v 1.3837891 -9.0 -15.599612
v 1.0 -9.0 -15.090823
v 1.0 -8.383789 -15.599612
v 1.0 -8.0625 -15.390628
v 1.0625 -8.0 -15.390628
v 1.3837891 -8.0 -15.599612
v 1.0 -8.0 -15.090823
v 1.000001 -7.0 -1.0
v 2.000001 -7.0 -1.0
v 1.625001 -6.9375 -1.0
v 1.937501 -6.6875 -1.0
v 2.000001 -6.0 -1.0
v 1.937501 -6.6875 -1.0
v 2.000001 -6.0 -1.0
v 1.789063 -6.0 -0.901367
v 1.750001 -6.5 -0.901367
v 1.000001 -7.0 -1.0
v 1.625001 -6.9375 -1.0
v 1.437501 -6.75 -0.901367
v 1.000001 -6.789062 -0.901367
v 1.000001 -6.789062 -0.901367
v 1.437501 -6.75 -0.901367
v 1.000001 -6.330078 -0.0029289722
v 1.750001 -6.5 -0.901367
v 1.3300791 -6.0 -0.0029289722
v 1.789063 -6.0 -0.901367
v 1.3300791 -6.0 -0.0029289722
v 1.000001 -6.0 0.0
v 1.000001 -6.330078 -0.0029289722
v 1.330079 -5.330078 -0.0029289722
v 2.000001 -5.330078 -0.0029289722
v 2.000001 -5.0 0.0
v 1.000001 -5.0 0.0
v 1.330079 -6.0 -0.0029289722
v 1.330079 -5.330078 -0.0029289722
v 1.000001 -5.0 0.0
v 1.000001 -6.0 0.0
v 1.330079 -6.0 -0.0029289722
v 1.789063 -6.0 -0.901367
v 1.330079 -5.330078 -0.0029289722
v 1.894532 -5.8945312 -0.901367
v 2.000001 -5.789062 -0.901367
v 2.000001 -5.789062 -0.901367
v 1.894532 -5.8945312 -0.901367
v 2.000001 -6.0 -1.0
v 1.789063 -6.0 -0.901367
v 2.000001 -5.330078 -0.0029289722
v 1.330079 -5.330078 -0.0029289722
v 2.000001 -5.789062 -0.901367
v 7.0 -1.0 0.0
v 1.0 -1.0 0.0
v 1.0 -2.0 0.0
v 7.0 -2.0 0.0
v 1.000001 -1.0 0.0
v 2.000001 -1.0 0.0
v 1.625001 -0.9375 0.0
v 1.937501 -0.6875 0.0
v 2.000001 0.0 0.0
v 1.937501 -0.6875 0.0
v 2.000001 0.0 0.0
v 1.789063 0.0 0.09863299
v 1.750001 -0.5 0.09863299
v 1.000001 -1.0 0.0
v 1.625001 -0.9375 0.0
v 1.437501 -0.75 0.09863299
v 1.000001 -0.789062 0.09863299
v 1.000001 -0.789062 0.09863299
v 1.437501 -0.75 0.09863299
v 1.000001 -0.330078 0.997071
v 1.750001 -0.5 0.09863299
v 1.3300791 0.0 0.997071
v 1.789063 0.0 0.09863299
v 1.3300791 0.0 0.997071
v 1.000001 0.0 1.0
v 1.000001 -0.330078 0.997071
v 1.000001 0.0 2.0
v 2.000001 0.0 2.0
v 1.625001 0.0625 2.0
v 1.937501 0.3125 2.0
v 2.000001 1.0 2.0
v 1.937501 0.3125 2.0
v 2.000001 1.0 2.0
v 1.789063 1.0 2.098633
v 1.750001 0.5 2.098633
v 1.000001 0.0 2.0
v 1.625001 0.0625 2.0
v 1.437501 0.25 2.098633
v 1.000001 0.21093798 2.098633
v 1.000001 0.21093798 2.098633
v 1.437501 0.25 2.098633
v 1.000001 0.669922 2.997071
v 1.750001 0.5 2.098633
v 1.3300791 1.0 2.997071
v 1.789063 1.0 2.098633
v 1.3300791 1.0 2.997071
v 1.000001 1.0 3.0
v 1.000001 0.669922 2.997071
v 2.0 3.0 2.0
v 1.0 3.0 2.0
v 1.0 1.0 2.0
v 2.0 1.0 2.0
v 2.0 7.0 4.0
v 1.0 7.0 4.0
v 1.0 3.0 4.0
v 2.0 3.0 4.0
v 1.330078 7.330079 2.997071
v 1.330078 8.000001 2.997071
v 1.0 8.000001 3.0
v 1.0 7.000001 3.0
v 2.0 7.330079 2.997071
v 1.330078 7.330079 2.997071
v 1.0 7.000001 3.0
v 2.0 7.000001 3.0
v 2.0 7.330079 2.997071
v 2.0 7.789063 2.098633
v 1.330078 7.330079 2.997071
v 1.894531 7.894532 2.098633
v 1.789062 8.000001 2.098633
v 1.789062 8.000001 2.098633
v 1.894531 7.894532 2.098633
v 2.0 8.000001 2.0
v 2.0 7.789063 2.098633
v 1.330078 8.000001 2.997071
v 1.330078 7.330079 2.997071
v 1.789062 8.000001 2.098633
v 2.0 8.000001 2.0
v 2.0 9.000001 2.0
v 1.9375 8.625001 2.0
v 1.6875 8.937501 2.0
v 1.0 9.000001 2.0
v 1.6875 8.937501 2.0
v 1.0 9.000001 2.0
v 1.0 8.7890625 2.098633
v 1.5 8.750001 2.098633
v 2.0 8.000001 2.0
v 1.9375 8.625001 2.0
v 1.75 8.437501 2.098633
v 1.789062 8.000001 2.098633
v 1.789062 8.000001 2.098633
v 1.75 8.437501 2.098633
v 1.330078 8.000001 2.997071
v 1.5 8.750001 2.098633
v 1.0 8.330079 2.997071
v 1.0 8.7890625 2.098633
v 1.0 8.330079 2.997071
v 1.0 8.000001 3.0
v 1.330078 8.000001 2.997071
v 2.0 10.0 2.0
v 1.0 10.0 2.0
v 1.0 9.0 2.0
v 2.0 9.0 2.0
v 9.0 11.0 0.0
v 1.0 11.0 0.0
v 1.0 10.0 0.0
v 9.0 10.0 0.0
v 2.0 -15.383789 -15.599612
v 2.0 -15.0625 -15.390628
v 2.0625 -15.0 -15.390628
v 2.383789 -15.0 -15.599612
v 2.0 -15.0 -15.090823
v 2.0 -14.383789 -15.599612
v 2.0 -14.0625 -15.390628
v 2.0625 -14.0 -15.390628
v 2.383789 -14.0 -15.599612
v 2.0 -14.0 -15.090823
v 2.0 -13.383789 -15.599612
v 2.0 -13.0625 -15.390628
v 2.0625 -13.0 -15.390628
v 2.383789 -13.0 -15.599612
v 2.0 -13.0 -15.090823
v 2.0 -12.383789 -15.599612
v 2.0 -12.0625 -15.390628
v 2.0625 -12.0 -15.390628
v 2.383789 -12.0 -15.599612
v 2.0 -12.0 -15.090823
v 2.0 -11.383789 -15.599612
v 2.0 -11.0625 -15.390628
v 2.0625 -11.0 -15.390628
v 2.383789 -11.0 -15.599612
v 2.0 -11.0 -15.090823
v 2.0 -10.383789 -15.599612
v 2.0 -10.0625 -15.390628
v 2.0625 -10.0 -15.390628
v 2.383789 -10.0 -15.599612
v 2.0 -10.0 -15.090823
v 2.0 -9.383789 -15.599612
v 2.0 -9.0625 -15.390628
v 2.0625 -9.0 -15.390628
v 2.383789 -9.0 -15.599612
v 2.0 -9.0 -15.090823
v 2.0 -8.383789 -15.599612
v 2.0 -8.0625 -15.390628
v 2.0625 -8.0 -15.390628
v 2.383789 -8.0 -15.599612
v 2.0 -8.0 -15.090823
v 2.0 -7.789062 -15.401369
v 2.4375 -7.75 -15.401369
v 2.0 -7.330078 -14.502931
v 2.75 -7.5 -15.401369
v 2.3300781 -7.0 -14.502931
v 2.789063 -7.0 -15.401369
v 2.3300781 -7.0 -14.502931
v 2.0 -7.0 -14.500002
v 2.0 -7.330078 -14.502931
v 2.0 -7.789062 -15.401369
v 2.0 -8.0 -15.500002
v 2.4375 -7.75 -15.401369
v 2.625 -7.9375 -15.500002
v 2.75 -7.5 -15.401369
v 2.9375 -7.6875 -15.500002
v 2.789063 -7.0 -15.401369
v 3.0 -7.0 -15.500002
v 2.6875 -8.170898 -15.599611
v 3.233398 -7.625 -15.599611
v 2.6875 -7.849609 -15.390627
v 2.912109 -7.625 -15.390627
v 2.625 -7.663086 -15.090822
v 2.725586 -7.5625 -15.090822
v 2.790039 -7.0 -15.090822
v 2.725586 -7.5625 -15.090822
v 2.963867 -7.0 -15.390627
v 2.912109 -7.625 -15.390627
v 3.333008 -7.0 -15.599611
v 3.233398 -7.625 -15.599611
v 2.625 -7.663086 -15.090822
v 2.0 -7.788086 -15.090822
v 2.6875 -7.849609 -15.390627
v 2.0 -7.974609 -15.390627
v 2.6875 -8.170898 -15.599611
v 2.0 -8.295898 -15.599611
v 2.3300781 -7.0 -14.502931
v 2.789062 -7.0 -15.401369
v 2.3300781 -6.330078 -14.502931
v 2.894531 -6.8945312 -15.401369
v 3.0 -6.789062 -15.401369
v 3.0 -7.0 -15.500002
v 2.0 -6.0 -14.500002
v 2.0 -7.0 -14.500002
v 3.0 -6.330078 -14.502931
v 3.0 -6.0 -14.500002
v 3.0 -6.789062 -15.090822
v 2.789062 -7.0 -15.090822
v 3.0 -7.0 -15.391556
v 3.0 -5.789063 -0.901367
v 3.0 -5.330079 -0.0029289722
v 2.0 -5.330079 -0.0029289722
v 2.0 -5.789063 -0.901367
v 3.0 -5.000001 0.0
v 2.0 -5.000001 0.0
v 3.0 -5.789063 -0.901367
v 2.0 -5.789063 -0.901367
v 2.0 -6.000001 -1.0
v 3.0 -6.000001 -1.0
v 7.0 0.0 0.0
v 2.0 0.0 0.0
v 2.0 -1.0 0.0
v 7.0 -1.0 0.0
v 2.000001 0.0 0.0
v 3.000001 0.0 0.0
v 2.625001 0.0625 0.0
v 2.937501 0.3125 0.0
v 3.000001 1.0 0.0
v 2.937501 0.3125 0.0
v 3.000001 1.0 0.0
v 2.789063 1.0 0.09863299
v 2.750001 0.5 0.09863299
v 2.000001 0.0 0.0
v 2.625001 0.0625 0.0
v 2.437501 0.25 0.09863299
v 2.000001 0.21093798 0.09863299
v 2.000001 0.21093798 0.09863299
v 2.437501 0.25 0.09863299
v 2.000001 0.669922 0.997071
v 2.750001 0.5 0.09863299
v 2.330079 1.0 0.997071
v 2.789063 1.0 0.09863299
v 2.330079 1.0 0.997071
v 2.000001 1.0 1.0
v 2.000001 0.669922 0.997071
v 2.000001 1.0 0.0
v 3.000001 1.0 0.0
v 2.625001 1.0625 0.0
v 2.937501 1.3125 0.0
v 3.000001 2.0 0.0
v 2.937501 1.3125 0.0
v 3.000001 2.0 0.0
v 2.789063 2.0 0.09863299
v 2.750001 1.5 0.09863299
v 2.000001 1.0 0.0
v 2.625001 1.0625 0.0
v 2.437501 1.25 0.09863299
v 2.000001 1.210938 0.09863299
v 2.000001 1.210938 0.09863299
v 2.437501 1.25 0.09863299
v 2.000001 1.669922 0.997071
v 2.750001 1.5 0.09863299
v 2.330079 2.0 0.997071
v 2.789063 2.0 0.09863299
v 2.330079 2.0 0.997071
v 2.000001 2.0 1.0
v 2.000001 1.669922 0.997071
v 2.789063 7.0 2.098633
v 2.330079 7.0 2.997071
v 2.330079 2.0 2.997071
v 2.789063 2.0 2.098633
v 2.000001 7.0 3.0
v 2.000001 2.0 3.0
v 2.789063 7.0 2.098633
v 2.789063 2.0 2.098633
v 3.000001 2.0 2.0
v 3.000001 7.0 2.0
v 3.0 7.000001 2.0
v 3.0 8.000001 2.0
v 2.9375 7.625001 2.0
v 2.6875 7.937501 2.0
v 2.0 8.000001 2.0
v 2.6875 7.937501 2.0
v 2.0 8.000001 2.0
v 2.0 7.789063 2.098633
v 2.5 7.750001 2.098633
v 3.0 7.000001 2.0
v 2.9375 7.625001 2.0
v 2.75 7.437501 2.098633
v 2.789062 7.000001 2.098633
v 2.789062 7.000001 2.098633
v 2.75 7.437501 2.098633
v 2.3300781 7.000001 2.997071
v 2.5 7.750001 2.098633
v 2.0 7.330079 2.997071
v 2.0 7.789063 2.098633
v 2.0 7.330079 2.997071
v 2.0 7.000001 3.0
v 2.3300781 7.000001 2.997071
v 10.0 10.0 0.0
v 2.0 10.0 0.0
v 2.0 8.0 0.0
v 10.0 8.0 0.0
v 3.0 -15.383789 -15.599612
v 3.0 -15.0625 -15.390628
v 3.0625 -15.0 -15.390628
v 3.383789 -15.0 -15.599612
v 3.0 -15.0 -15.090823
v 3.0 -14.383789 -15.599612
v 3.0 -14.0625 -15.390628
v 3.0625 -14.0 -15.390628
v 3.383789 -14.0 -15.599612
v 3.0 -14.0 -15.090823
v 3.0 -13.383789 -15.599612
v 3.0 -13.0625 -15.390628
v 3.0625 -13.0 -15.390628
v 3.383789 -13.0 -15.599612
v 3.0 -13.0 -15.090823
v 3.0 -12.383789 -15.599612
v 3.0 -12.0625 -15.390628
v 3.0625 -12.0 -15.390628
v 3.383789 -12.0 -15.599612
v 3.0 -12.0 -15.090823
v 3.0 -11.383789 -15.599612
v 3.0 -11.0625 -15.390628
v 3.0625 -11.0 -15.390628
v 3.383789 -11.0 -15.599612
v 3.0 -11.0 -15.090823
v 3.0 -10.383789 -15.599612
v 3.0 -10.0625 -15.390628
v 3.0625 -10.0 -15.390628
v 3.383789 -10.0 -15.599612
v 3.0 -10.0 -15.090823
v 3.0 -9.383789 -15.599612
v 3.0 -9.0625 -15.390628
v 3.0625 -9.0 -15.390628
v 3.383789 -9.0 -15.599612
v 3.0 -9.0 -15.090823
v 3.0 -8.383789 -15.599612
v 3.0 -8.0625 -15.390628
v 3.0625 -8.0 -15.390628
v 3.383789 -8.0 -15.599612
v 3.0 -8.0 -15.090823
v 3.0 -7.383789 -15.599612
v 3.0 -7.0625 -15.390628
v 3.0625 -7.0 -15.390628
v 3.383789 -7.0 -15.599612
v 3.0 -7.0 -15.090823
v 4.0 -6.789062 -15.401369
v 4.0 -6.330078 -14.502931
v 4.0 -6.0 -14.500001
v 4.0 -7.0 -15.500001
v 4.0 -6.789062 -15.401369
v 4.0 -6.789062 -15.090822
v 4.0 -6.962891 -15.368165
v 4.0 -7.330078 -15.599611
v 3.0 -6.789062 -15.401369
v 3.0 -6.330078 -14.502931
v 3.0 -6.0 -14.500001
v 3.0 -6.962891 -15.368165
v 3.0 -7.330078 -15.599611
v 3.0 -6.789062 -15.090822
v 3.0 -7.0 -15.500001
v 3.0 -6.789062 -15.401369
v 3.000001 -6.0 -1.0
v 4.000001 -6.0 -1.0
v 3.625001 -5.9375 -1.0
v 3.937501 -5.6875 -1.0
v 4.000001 -5.0 -1.0
v 3.937501 -5.6875 -1.0
v 4.000001 -5.0 -1.0
v 3.789063 -5.0 -0.901367
v 3.750001 -5.5 -0.901367
v 3.000001 -6.0 -1.0
v 3.625001 -5.9375 -1.0
v 3.437501 -5.75 -0.901367
v 3.000001 -5.789062 -0.901367
v 3.000001 -5.789062 -0.901367
v 3.437501 -5.75 -0.901367
v 3.000001 -5.330078 -0.0029289722
v 3.750001 -5.5 -0.901367
v 3.330079 -5.0 -0.0029289722
v 3.789063 -5.0 -0.901367
v 3.330079 -5.0 -0.0029289722
v 3.000001 -5.0 0.0
v 3.000001 -5.330078 -0.0029289722
v 3.330079 -4.330078 -0.0029289722
v 4.000001 -4.330078 -0.0029289722
v 4.000001 -4.0 0.0
v 3.000001 -4.0 0.0
v 3.330079 -5.0 -0.0029289722
v 3.330079 -4.330078 -0.0029289722
v 3.000001 -4.0 0.0
v 3.000001 -5.0 0.0
v 3.330079 -5.0 -0.0029289722
v 3.789063 -5.0 -0.901367
v 3.330079 -4.330078 -0.0029289722
v 3.894532 -4.8945312 -0.901367
v 4.000001 -4.789062 -0.901367
v 4.000001 -4.789062 -0.901367
v 3.894532 -4.8945312 -0.901367
v 4.000001 -5.0 -1.0
v 3.789063 -5.0 -0.901367
v 4.000001 -4.330078 -0.0029289722
v 3.330079 -4.330078 -0.0029289722
v 4.000001 -4.789062 -0.901367
v 8.0 8.0 0.0
v 3.0 8.0 0.0
v 3.0 0.0 0.0
v 8.0 0.0 0.0
v 4.0 -15.383789 -15.599612
v 4.0 -15.0625 -15.390628
v 4.0625 -15.0 -15.390628
v 4.383789 -15.0 -15.599612
v 4.0 -15.0 -15.090823
v 4.0 -14.383789 -15.599612
v 4.0 -14.0625 -15.390628
v 4.0625 -14.0 -15.390628
v 4.383789 -14.0 -15.599612
v 4.0 -14.0 -15.090823
v 4.0 -13.383789 -15.599612
v 4.0 -13.0625 -15.390628
v 4.0625 -13.0 -15.390628
v 4.383789 -13.0 -15.599612
v 4.0 -13.0 -15.090823
v 4.0 -12.383789 -15.599612
v 4.0 -12.0625 -15.390628
v 4.0625 -12.0 -15.390628
v 4.383789 -12.0 -15.599612
v 4.0 -12.0 -15.090823
v 4.0 -11.383789 -15.599612
v 4.0 -11.0625 -15.390628
v 4.0625 -11.0 -15.390628
v 4.383789 -11.0 -15.599612
v 4.0 -11.0 -15.090823
v 4.0 -10.383789 -15.599612
v 4.0 -10.0625 -15.390628
v 4.0625 -10.0 -15.390628
v 4.383789 -10.0 -15.599612
v 4.0 -10.0 -15.090823
v 4.0 -9.383789 -15.599612
v 4.0 -9.0625 -15.390628
v 4.0625 -9.0 -15.390628
v 4.383789 -9.0 -15.599612
v 4.0 -9.0 -15.090823
v 4.0 -8.383789 -15.599612
v 4.0 -8.0625 -15.390628
v 4.0625 -8.0 -15.390628
v 4.383789 -8.0 -15.599612
v 4.0 -8.0 -15.090823
v 4.0 -7.383789 -15.599612
v 4.0 -7.0625 -15.390628
v 4.0625 -7.0 -15.390628
v 4.383789 -7.0 -15.599612
v 4.0 -7.0 -15.090823
v 4.0 -6.789062 -15.401369
v 4.4375 -6.75 -15.401369
v 4.0 -6.330078 -14.502931
v 4.75 -6.5 -15.401369
v 4.330078 -6.0 -14.502931
v 4.789063 -6.0 -15.401369
v 4.330078 -6.0 -14.502931
v 4.0 -6.0 -14.500002
v 4.0 -6.330078 -14.502931
v 4.0 -6.789062 -15.401369
v 4.0 -7.0 -15.500002
v 4.4375 -6.75 -15.401369
v 4.625 -6.9375 -15.500002
v 4.75 -6.5 -15.401369
v 4.9375 -6.6875 -15.500002
v 4.789063 -6.0 -15.401369
v 5.0 -6.0 -15.500002
v 4.6875 -7.170898 -15.599611
v 5.233398 -6.625 -15.599611
v 4.6875 -6.849609 -15.390627
v 4.912109 -6.625 -15.390627
v 4.625 -6.663086 -15.090822
v 4.725586 -6.5625 -15.090822
v 4.790039 -6.0 -15.090822
v 4.725586 -6.5625 -15.090822
v 4.963867 -6.0 -15.390627
v 4.912109 -6.625 -15.390627
v 5.333008 -6.0 -15.599611
v 5.233398 -6.625 -15.599611
v 4.625 -6.663086 -15.090822
v 4.0 -6.788086 -15.090822
v 4.6875 -6.849609 -15.390627
v 4.0 -6.974609 -15.390627
v 4.6875 -7.170898 -15.599611
v 4.0 -7.295898 -15.599611
v 4.330078 -6.0 -14.502931
v 4.789062 -6.0 -15.401369
v 4.330078 -5.330078 -14.502931
v 4.8945312 -5.8945312 -15.401369
v 5.0 -5.789062 -15.401369
v 5.0 -6.0 -15.500002
v 4.0 -5.0 -14.500002
v 4.0 -6.0 -14.500002
v 5.0 -5.330078 -14.502931
v 5.0 -5.0 -14.500002
v 5.0 -5.789062 -15.090822
v 4.789062 -6.0 -15.090822
v 5.0 -6.0 -15.391556
v 5.0 -4.789063 -0.901367
v 5.0 -4.330079 -0.0029289722
v 4.0 -4.330079 -0.0029289722
v 4.0 -4.789063 -0.901367
v 5.0 -4.000001 0.0
v 4.0 -4.000001 0.0
v 5.0 -4.789063 -0.901367
v 4.0 -4.789063 -0.901367
v 4.0 -5.000001 -1.0
v 5.0 -5.000001 -1.0
v 8.0 16.0 0.0
v 4.0 16.0 0.0
v 4.0 15.0 0.0
v 8.0 15.0 0.0
v 5.0 -15.383789 -15.599612
v 5.0 -15.0625 -15.390628
v 5.0625 -15.0 -15.390628
v 5.383789 -15.0 -15.599612
v 5.0 -15.0 -15.090823
v 5.0 -14.383789 -15.599612
v 5.0 -14.0625 -15.390628
v 5.0625 -14.0 -15.390628
v 5.383789 -14.0 -15.599612
v 5.0 -14.0 -15.090823
v 5.0 -13.383789 -15.599612
v 5.0 -13.0625 -15.390628
v 5.0625 -13.0 -15.390628
v 5.383789 -13.0 -15.599612
v 5.0 -13.0 -15.090823
v 5.0 -12.383789 -15.599612
v 5.0 -12.0625 -15.390628
v 5.0625 -12.0 -15.390628
v 5.383789 -12.0 -15.599612
v 5.0 -12.0 -15.090823
v 5.0 -11.383789 -15.599612
v 5.0 -11.0625 -15.390628
v 5.0625 -11.0 -15.390628
v 5.383789 -11.0 -15.599612
v 5.0 -11.0 -15.090823
v 5.0 -10.383789 -15.599612
v 5.0 -10.0625 -15.390628
v 5.0625 -10.0 -15.390628
v 5.383789 -10.0 -15.599612
v 5.0 -10.0 -15.090823
v 5.0 -9.383789 -15.599612
v 5.0 -9.0625 -15.390628
v 5.0625 -9.0 -15.390628
v 5.383789 -9.0 -15.599612
v 5.0 -9.0 -15.090823
v 5.0 -8.383789 -15.599612
v 5.0 -8.0625 -15.390628
v 5.0625 -8.0 -15.390628
v 5.383789 -8.0 -15.599612
v 5.0 -8.0 -15.090823
v 5.0 -7.383789 -15.599612
v 5.0 -7.0625 -15.390628
v 5.0625 -7.0 -15.390628
v 5.383789 -7.0 -15.599612
v 5.0 -7.0 -15.090823
v 5.0 -6.383789 -15.599612
v 5.0 -6.0625 -15.390628
v 5.0625 -6.0 -15.390628
v 5.383789 -6.0 -15.599612
v 5.0 -6.0 -15.090823
v 6.0 -5.789062 -15.401369
v 6.0 -5.330078 -14.502931
v 6.0 -5.0 -14.500001
v 6.0 -6.0 -15.500001
v 6.0 -5.789062 -15.401369
v 6.0 -5.789062 -15.090822
v 6.0 -5.962891 -15.368165
v 6.0 -6.330078 -15.599611
v 5.0 -5.789062 -15.401369
v 5.0 -5.330078 -14.502931
v 5.0 -5.0 -14.500001
v 5.0 -5.962891 -15.368165
v 5.0 -6.330078 -15.599611
v 5.0 -5.789062 -15.090822
v 5.0 -6.0 -15.500001
v 5.0 -5.789062 -15.401369
v 5.000001 -5.0 -1.0
v 6.000001 -5.0 -1.0
v 5.625001 -4.9375 -1.0
v 5.937501 -4.6875 -1.0
v 6.000001 -4.0 -1.0
v 5.937501 -4.6875 -1.0
v 6.000001 -4.0 -1.0
v 5.789063 -4.0 -0.901367
v 5.750001 -4.5 -0.901367
v 5.000001 -5.0 -1.0
v 5.625001 -4.9375 -1.0
v 5.437501 -4.75 -0.901367
v 5.000001 -4.789062 -0.901367
v 5.000001 -4.789062 -0.901367
v 5.437501 -4.75 -0.901367
v 5.000001 -4.330078 -0.0029289722
v 5.750001 -4.5 -0.901367
v 5.330079 -4.0 -0.0029289722
v 5.789063 -4.0 -0.901367
v 5.330079 -4.0 -0.0029289722
v 5.000001 -4.0 0.0
v 5.000001 -4.330078 -0.0029289722
v 5.330079 -3.3300781 -0.0029289722
v 6.000001 -3.3300781 -0.0029289722
v 6.000001 -3.0 0.0
v 5.000001 -3.0 0.0
v 5.330079 -4.0 -0.0029289722
v 5.330079 -3.3300781 -0.0029289722
v 5.000001 -3.0 0.0
v 5.000001 -4.0 0.0
v 5.330079 -4.0 -0.0029289722
v 5.789063 -4.0 -0.901367
v 5.330079 -3.3300781 -0.0029289722
v 5.894532 -3.894531 -0.901367
v 6.000001 -3.789062 -0.901367
v 6.000001 -3.789062 -0.901367
v 5.894532 -3.894531 -0.901367
v 6.000001 -4.0 -1.0
v 5.789063 -4.0 -0.901367
v 6.000001 -3.3300781 -0.0029289722
v 5.330079 -3.3300781 -0.0029289722
v 6.000001 -3.789062 -0.901367
v 8.0 15.0 0.0
v 5.0 15.0 0.0
v 5.0 14.0 0.0
v 8.0 14.0 0.0
v 6.0 -15.383789 -15.599612
v 6.0 -15.0625 -15.390628
v 6.0625 -15.0 -15.390628
v 6.383789 -15.0 -15.599612
v 6.0 -15.0 -15.090823
v 6.0 -14.383789 -15.599612
v 6.0 -14.0625 -15.390628
v 6.0625 -14.0 -15.390628
v 6.383789 -14.0 -15.599612
v 6.0 -14.0 -15.090823
v 6.0 -13.383789 -15.599612
v 6.0 -13.0625 -15.390628
v 6.0625 -13.0 -15.390628
v 6.383789 -13.0 -15.599612
v 6.0 -13.0 -15.090823
v 6.0 -12.383789 -15.599612
v 6.0 -12.0625 -15.390628
v 6.0625 -12.0 -15.390628
v 6.383789 -12.0 -15.599612
v 6.0 -12.0 -15.090823
v 6.0 -11.383789 -15.599612
v 6.0 -11.0625 -15.390628
v 6.0625 -11.0 -15.390628
v 6.383789 -11.0 -15.599612
v 6.0 -11.0 -15.090823
v 6.0 -10.383789 -15.599612
v 6.0 -10.0625 -15.390628
v 6.0625 -10.0 -15.390628
v 6.383789 -10.0 -15.599612
v 6.0 -10.0 -15.090823
v 6.0 -9.383789 -15.599612
v 6.0 -9.0625 -15.390628
v 6.0625 -9.0 -15.390628
v 6.383789 -9.0 -15.599612
v 6.0 -9.0 -15.090823
v 6.0 -8.383789 -15.599612
v 6.0 -8.0625 -15.390628
v 6.0625 -8.0 -15.390628
v 6.383789 -8.0 -15.599612
v 6.0 -8.0 -15.090823
v 6.0 -7.383789 -15.599612
v 6.0 -7.0625 -15.390628
v 6.0625 -7.0 -15.390628
v 6.383789 -7.0 -15.599612
v 6.0 -7.0 -15.090823
v 6.0 -6.383789 -15.599612
v 6.0 -6.0625 -15.390628
v 6.0625 -6.0 -15.390628
v 6.383789 -6.0 -15.599612
v 6.0 -6.0 -15.090823
v 6.0 -5.789062 -15.401369
v 6.4375 -5.75 -15.401369
v 6.0 -5.330078 -14.502931
v 6.75 -5.5 -15.401369
v 6.330078 -5.0 -14.502931
v 6.789063 -5.0 -15.401369
v 6.330078 -5.0 -14.502931
v 6.0 -5.0 -14.500002
v 6.0 -5.330078 -14.502931
v 6.0 -5.789062 -15.401369
v 6.0 -6.0 -15.500002
v 6.4375 -5.75 -15.401369
v 6.625 -5.9375 -15.500002
v 6.75 -5.5 -15.401369
v 6.9375 -5.6875 -15.500002
v 6.789063 -5.0 -15.401369
v 7.0 -5.0 -15.500002
v 6.6875 -6.170898 -15.599611
v 7.233398 -5.625 -15.599611
v 6.6875 -5.849609 -15.390627
v 6.912109 -5.625 -15.390627
v 6.625 -5.663086 -15.090822
v 6.725586 -5.5625 -15.090822
v 6.790039 -5.0 -15.090822
v 6.725586 -5.5625 -15.090822
v 6.963867 -5.0 -15.390627
v 6.912109 -5.625 -15.390627
v 7.333008 -5.0 -15.599611
v 7.233398 -5.625 -15.599611
v 6.625 -5.663086 -15.090822
v 6.0 -5.788086 -15.090822
v 6.6875 -5.849609 -15.390627
v 6.0 -5.974609 -15.390627
v 6.6875 -6.170898 -15.599611
v 6.0 -6.295898 -15.599611
v 6.330078 -5.0 -14.502931
v 6.789062 -5.0 -15.401369
v 6.330078 -4.330078 -14.502931
v 6.8945312 -4.8945312 -15.401369
v 7.0 -4.789062 -15.401369
v 7.0 -5.0 -15.500002
v 6.0 -4.0 -14.500002
v 6.0 -5.0 -14.500002
v 7.0 -4.330078 -14.502931
v 7.0 -4.0 -14.500002
v 7.0 -4.789062 -15.090822
v 6.789062 -5.0 -15.090822
v 7.0 -5.0 -15.391556
v 6.000001 -4.0 -1.0
v 7.000001 -4.0 -1.0
v 6.625001 -3.9375 -1.0
v 6.937501 -3.6875 -1.0
v 7.000001 -3.0 -1.0
v 6.937501 -3.6875 -1.0
v 7.000001 -3.0 -1.0
v 6.789063 -3.0 -0.901367
v 6.750001 -3.5 -0.901367
v 6.000001 -4.0 -1.0
v 6.625001 -3.9375 -1.0
v 6.437501 -3.75 -0.901367
v 6.000001 -3.789062 -0.901367
v 6.000001 -3.789062 -0.901367
v 6.437501 -3.75 -0.901367
v 6.000001 -3.3300781 -0.0029289722
v 6.750001 -3.5 -0.901367
v 6.330079 -3.0 -0.0029289722
v 6.789063 -3.0 -0.901367
v 6.330079 -3.0 -0.0029289722
v 6.000001 -3.0 0.0
v 6.000001 -3.3300781 -0.0029289722
v 6.330079 -2.3300781 -0.0029289722
v 7.000001 -2.3300781 -0.0029289722
v 7.000001 -2.0 0.0
v 6.000001 -2.0 0.0
v 6.330079 -3.0 -0.0029289722
v 6.330079 -2.3300781 -0.0029289722
v 6.000001 -2.0 0.0
v 6.000001 -3.0 0.0
v 6.330079 -3.0 -0.0029289722
v 6.789063 -3.0 -0.901367
v 6.330079 -2.3300781 -0.0029289722
v 6.894532 -2.894531 -0.901367
v 7.000001 -2.789062 -0.901367
v 7.000001 -2.789062 -0.901367
v 6.894532 -2.894531 -0.901367
v 7.000001 -3.0 -1.0
v 6.789063 -3.0 -0.901367
v 7.000001 -2.3300781 -0.0029289722
v 6.330079 -2.3300781 -0.0029289722
v 7.000001 -2.789062 -0.901367
v 8.0 14.0 0.0
v 6.0 14.0 0.0
v 6.0 13.0 0.0
v 8.0 13.0 0.0
v 7.0 -15.383789 -15.599612
v 7.0 -15.0625 -15.390628
v 7.0625 -15.0 -15.390628
v 7.383789 -15.0 -15.599612
v 7.0 -15.0 -15.090823
v 7.0 -14.383789 -15.599612
v 7.0 -14.0625 -15.390628
v 7.0625 -14.0 -15.390628
v 7.383789 -14.0 -15.599612
v 7.0 -14.0 -15.090823
v 7.0 -13.383789 -15.599612
v 7.0 -13.0625 -15.390628
v 7.0625 -13.0 -15.390628
v 7.383789 -13.0 -15.599612
v 7.0 -13.0 -15.090823
v 7.0 -12.383789 -15.599612
v 7.0 -12.0625 -15.390628
v 7.0625 -12.0 -15.390628
v 7.383789 -12.0 -15.599612
v 7.0 -12.0 -15.090823
v 7.0 -11.383789 -15.599612
v 7.0 -11.0625 -15.390628
v 7.0625 -11.0 -15.390628
v 7.383789 -11.0 -15.599612
v 7.0 -11.0 -15.090823
v 7.0 -10.383789 -15.599612
v 7.0 -10.0625 -15.390628
v 7.0625 -10.0 -15.390628
v 7.383789 -10.0 -15.599612
v 7.0 -10.0 -15.090823
v 7.0 -9.383789 -15.599612
v 7.0 -9.0625 -15.390628
v 7.0625 -9.0 -15.390628
v 7.383789 -9.0 -15.599612
v 7.0 -9.0 -15.090823
v 7.0 -8.383789 -15.599612
v 7.0 -8.0625 -15.390628
v 7.0625 -8.0 -15.390628
v 7.383789 -8.0 -15.599612
v 7.0 -8.0 -15.090823
v 7.0 -7.383789 -15.599612
v 7.0 -7.0625 -15.390628
v 7.0625 -7.0 -15.390628
v 7.383789 -7.0 -15.599612
v 7.0 -7.0 -15.090823
v 7.0 -6.383789 -15.599612
v 7.0 -6.0625 -15.390628
v 7.0625 -6.0 -15.390628
v 7.383789 -6.0 -15.599612
v 7.0 -6.0 -15.090823
v 7.0 -5.383789 -15.599612
v 7.0 -5.0625 -15.390628
v 7.0625 -5.0 -15.390628
v 7.383789 -5.0 -15.599612
v 7.0 -5.0 -15.090823
v 7.0 -4.789062 -15.401369
v 7.4375 -4.75 -15.401369
v 7.0 -4.330078 -14.502931
v 7.75 -4.5 -15.401369
v 7.330078 -4.0 -14.502931
v 7.789063 -4.0 -15.401369
v 7.330078 -4.0 -14.502931
v 7.0 -4.0 -14.500002
v 7.0 -4.330078 -14.502931
v 7.0 -4.789062 -15.401369
v 7.0 -5.0 -15.500002
v 7.4375 -4.75 -15.401369
v 7.625 -4.9375 -15.500002
v 7.75 -4.5 -15.401369
v 7.9375 -4.6875 -15.500002
v 7.789063 -4.0 -15.401369
v 8.0 -4.0 -15.500002
v 7.6875 -5.170898 -15.599611
v 8.233398 -4.625 -15.599611
v 7.6875 -4.849609 -15.390627
v 7.912109 -4.625 -15.390627
v 7.625 -4.663086 -15.090822
v 7.725586 -4.5625 -15.090822
v 7.790039 -4.0 -15.090822
v 7.725586 -4.5625 -15.090822
v 7.963867 -4.0 -15.390627
v 7.912109 -4.625 -15.390627
v 8.333008 -4.0 -15.599611
v 8.233398 -4.625 -15.599611
v 7.625 -4.663086 -15.090822
v 7.0 -4.788086 -15.090822
v 7.6875 -4.849609 -15.390627
v 7.0 -4.974609 -15.390627
v 7.6875 -5.170898 -15.599611
v 7.0 -5.295898 -15.599611
v 7.330078 -4.0 -14.502931
v 7.789062 -4.0 -15.401369
v 7.330078 -3.3300781 -14.502931
v 7.8945312 -3.894531 -15.401369
v 8.0 -3.789062 -15.401369
v 8.0 -4.0 -15.500002
v 7.0 -3.0 -14.500002
v 7.0 -4.0 -14.500002
v 8.0 -3.3300781 -14.502931
v 8.0 -3.0 -14.500002
v 8.0 -3.789062 -15.090822
v 7.789062 -4.0 -15.090822
v 8.0 -4.0 -15.391556
v 7.000001 -3.0 -1.0
v 8.000001 -3.0 -1.0
v 7.625001 -2.9375 -1.0
v 7.937501 -2.6875 -1.0
v 8.000001 -2.0 -1.0
v 7.937501 -2.6875 -1.0
v 8.000001 -2.0 -1.0
v 7.789063 -2.0 -0.901367
v 7.750001 -2.5 -0.901367
v 7.000001 -3.0 -1.0
v 7.625001 -2.9375 -1.0
v 7.437501 -2.75 -0.901367
v 7.000001 -2.789062 -0.901367
v 7.000001 -2.789062 -0.901367
v 7.437501 -2.75 -0.901367
v 7.000001 -2.3300781 -0.0029289722
v 7.750001 -2.5 -0.901367
v 7.330079 -2.0 -0.0029289722
v 7.789063 -2.0 -0.901367
v 7.330079 -2.0 -0.0029289722
v 7.000001 -2.0 0.0
v 7.000001 -2.3300781 -0.0029289722
v 7.789063 -1.0 -0.901367
v 7.330079 -1.0 -0.0029289722
v 7.330079 -2.0 -0.0029289722
v 7.789063 -2.0 -0.901367
v 7.000001 -1.0 0.0
v 7.000001 -2.0 0.0
v 7.789063 -1.0 -0.901367
v 7.789063 -2.0 -0.901367
v 8.000001 -2.0 -1.0
v 8.000001 -1.0 -1.0
v 7.330079 -0.330078 -0.0029289722
v 8.000001 -0.330078 -0.0029289722
v 8.000001 0.0 0.0
v 7.000001 0.0 0.0
v 7.330079 -1.0 -0.0029289722
v 7.330079 -0.330078 -0.0029289722
v 7.000001 0.0 0.0
v 7.000001 -1.0 0.0
v 7.330079 -1.0 -0.0029289722
v 7.789063 -1.0 -0.901367
v 7.330079 -0.330078 -0.0029289722
v 7.894532 -0.894531 -0.901367
v 8.000001 -0.789062 -0.901367
v 8.000001 -0.789062 -0.901367
v 7.894532 -0.894531 -0.901367
v 8.000001 -1.0 -1.0
v 7.789063 -1.0 -0.901367
v 8.000001 -0.330078 -0.0029289722
v 7.330079 -0.330078 -0.0029289722
v 8.000001 -0.789062 -0.901367
v 8.0 -15.383789 -15.599612
v 8.0 -15.0625 -15.390628
v 8.0625 -15.0 -15.390628
v 8.383789 -15.0 -15.599612
v 8.0 -15.0 -15.090823
v 8.0 -14.383789 -15.599612
v 8.0 -14.0625 -15.390628
v 8.0625 -14.0 -15.390628
v 8.383789 -14.0 -15.599612
v 8.0 -14.0 -15.090823
v 8.0 -13.383789 -15.599612
v 8.0 -13.0625 -15.390628
v 8.0625 -13.0 -15.390628
v 8.383789 -13.0 -15.599612
v 8.0 -13.0 -15.090823
v 8.0 -12.383789 -15.599612
v 8.0 -12.0625 -15.390628
v 8.0625 -12.0 -15.390628
v 8.383789 -12.0 -15.599612
v 8.0 -12.0 -15.090823
v 8.0 -11.383789 -15.599612
v 8.0 -11.0625 -15.390628
v 8.0625 -11.0 -15.390628
v 8.383789 -11.0 -15.599612
v 8.0 -11.0 -15.090823
v 8.0 -10.383789 -15.599612
v 8.0 -10.0625 -15.390628
v 8.0625 -10.0 -15.390628
v 8.383789 -10.0 -15.599612
v 8.0 -10.0 -15.090823
v 8.0 -9.383789 -15.599612
v 8.0 -9.0625 -15.390628
v 8.0625 -9.0 -15.390628
v 8.383789 -9.0 -15.599612
v 8.0 -9.0 -15.090823
v 8.0 -8.383789 -15.599612
v 8.0 -8.0625 -15.390628
v 8.0625 -8.0 -15.390628
v 8.383789 -8.0 -15.599612
v 8.0 -8.0 -15.090823
v 8.0 -7.383789 -15.599612
v 8.0 -7.0625 -15.390628
v 8.0625 -7.0 -15.390628
v 8.383789 -7.0 -15.599612
v 8.0 -7.0 -15.090823
v 8.0 -6.383789 -15.599612
v 8.0 -6.0625 -15.390628
v 8.0625 -6.0 -15.390628
v 8.383789 -6.0 -15.599612
v 8.0 -6.0 -15.090823
v 8.0 -5.383789 -15.599612
v 8.0 -5.0625 -15.390628
v 8.0625 -5.0 -15.390628
v 8.383789 -5.0 -15.599612
v 8.0 -5.0 -15.090823
v 8.0 -4.383789 -15.599612
v 8.0 -4.0625 -15.390628
v 8.0625 -4.0 -15.390628
v 8.383789 -4.0 -15.599612
v 8.0 -4.0 -15.090823
v 8.0 -3.789062 -15.401369
v 8.4375 -3.75 -15.401369
v 8.0 -3.3300781 -14.502931
v 8.75 -3.5 -15.401369
v 8.330078 -3.0 -14.502931
v 8.7890625 -3.0 -15.401369
v 8.330078 -3.0 -14.502931
v 8.0 -3.0 -14.500002
v 8.0 -3.3300781 -14.502931
v 8.0 -3.789062 -15.401369
v 8.0 -4.0 -15.500002
v 8.4375 -3.75 -15.401369
v 8.625 -3.9375 -15.500002
v 8.75 -3.5 -15.401369
v 8.9375 -3.6875 -15.500002
v 8.7890625 -3.0 -15.401369
v 9.0 -3.0 -15.500002
v 8.6875 -4.170898 -15.599611
v 9.233398 -3.625 -15.599611
v 8.6875 -3.849609 -15.390627
v 8.912109 -3.625 -15.390627
v 8.625 -3.663086 -15.090822
v 8.725586 -3.5625 -15.090822
v 8.790039 -3.0 -15.090822
v 8.725586 -3.5625 -15.090822
v 8.963867 -3.0 -15.390627
v 8.912109 -3.625 -15.390627
v 9.333008 -3.0 -15.599611
v 9.233398 -3.625 -15.599611
v 8.625 -3.663086 -15.090822
v 8.0 -3.788086 -15.090822
v 8.6875 -3.849609 -15.390627
v 8.0 -3.974609 -15.390627
v 8.6875 -4.170898 -15.599611
v 8.0 -4.295898 -15.599611
v 8.7890625 -2.0 -15.401369
v 8.330078 -2.0 -14.502931
v 8.0 -2.0 -14.500001
v 9.0 -2.0 -15.500001
v 8.7890625 -2.0 -15.401369
v 8.7890625 -2.0 -15.090822
v 8.962891 -2.0 -15.368165
v 9.330078 -2.0 -15.599611
v 8.7890625 -3.0 -15.401369
v 8.330078 -3.0 -14.502931
v 8.0 -3.0 -14.500001
v 8.962891 -3.0 -15.368165
v 9.330078 -3.0 -15.599611
v 8.7890625 -3.0 -15.090822
v 9.0 -3.0 -15.500001
v 8.7890625 -3.0 -15.401369
v 8.330078 -2.0 -14.502931
v 8.7890625 -2.0 -15.401369
v 8.330078 -1.330078 -14.502931
v 8.894531 -1.894531 -15.401369
v 9.0 -1.789062 -15.401369
v 9.0 -2.0 -15.500002
v 8.0 -1.0 -14.500002
v 8.0 -2.0 -14.500002
v 9.0 -1.330078 -14.502931
v 9.0 -1.0 -14.500002
v 9.0 -1.789062 -15.090822
v 8.7890625 -2.0 -15.090822
v 9.0 -2.0 -15.391556
v 8.000001 -1.0 -1.0
v 9.000001 -1.0 -1.0
v 8.625001 -0.9375 -1.0
v 8.937501 -0.6875 -1.0
v 9.000001 0.0 -1.0
v 8.937501 -0.6875 -1.0
v 9.000001 0.0 -1.0
v 8.7890625 0.0 -0.901367
v 8.750001 -0.5 -0.901367
v 8.000001 -1.0 -1.0
v 8.625001 -0.9375 -1.0
v 8.437501 -0.75 -0.901367
v 8.000001 -0.789062 -0.901367
v 8.000001 -0.789062 -0.901367
v 8.437501 -0.75 -0.901367
v 8.000001 -0.330078 -0.0029289722
v 8.750001 -0.5 -0.901367
v 8.330079 0.0 -0.0029289722
v 8.7890625 0.0 -0.901367
v 8.330079 0.0 -0.0029289722
v 8.000001 0.0 0.0
v 8.000001 -0.330078 -0.0029289722
v 8.330079 0.669922 -0.0029289722
v 9.000001 0.669922 -0.0029289722
v 9.000001 1.0 0.0
v 8.000001 1.0 0.0
v 8.330079 0.0 -0.0029289722
v 8.330079 0.669922 -0.0029289722
v 8.000001 1.0 0.0
v 8.000001 0.0 0.0
v 8.330079 0.0 -0.0029289722
v 8.7890625 0.0 -0.901367
v 8.330079 0.669922 -0.0029289722
v 8.894532 0.10546899 -0.901367
v 9.000001 0.210938 -0.901367
v 9.000001 0.210938 -0.901367
v 8.894532 0.10546899 -0.901367
v 9.000001 0.0 -1.0
v 8.7890625 0.0 -0.901367
v 9.000001 0.669922 -0.0029289722
v 8.330079 0.669922 -0.0029289722
v 9.000001 0.210938 -0.901367
v 9.0 8.0 0.0
v 8.0 8.0 0.0
v 8.0 1.0 0.0
v 9.0 1.0 0.0
v 9.0 13.0 0.0
v 8.0 13.0 0.0
v 8.0 11.0 0.0
v 9.0 11.0 0.0
v 8.330078 13.330079 -0.0029289722
v 8.330078 14.000001 -0.0029289722
v 8.0 14.000001 0.0
v 8.0 13.000001 0.0
v 9.0 13.330079 -0.0029289722
v 8.330078 13.330079 -0.0029289722
v 8.0 13.000001 0.0
v 9.0 13.000001 0.0
v 9.0 13.330079 -0.0029289722
v 9.0 13.7890625 -0.901367
v 8.330078 13.330079 -0.0029289722
v 8.894531 13.894532 -0.901367
v 8.7890625 14.000001 -0.901367
v 8.7890625 14.000001 -0.901367
v 8.894531 13.894532 -0.901367
v 9.0 14.000001 -1.0
v 9.0 13.7890625 -0.901367
v 8.330078 14.000001 -0.0029289722
v 8.330078 13.330079 -0.0029289722
v 8.7890625 14.000001 -0.901367
v 8.7890625 16.0 -0.901367
v 8.330079 16.0 -0.0029289722
v 8.330079 14.0 -0.0029289722
v 8.7890625 14.0 -0.901367
v 8.000001 16.0 0.0
v 8.000001 14.0 0.0
v 8.7890625 16.0 -0.901367
v 8.7890625 14.0 -0.901367
v 9.000001 14.0 -1.0
v 9.000001 16.0 -1.0
v 9.0 -15.383789 -15.599612
v 9.0 -15.0625 -15.390628
v 9.0625 -15.0 -15.390628
v 9.383789 -15.0 -15.599612
v 9.0 -15.0 -15.090823
v 9.0 -14.383789 -15.599612
v 9.0 -14.0625 -15.390628
v 9.0625 -14.0 -15.390628
v 9.383789 -14.0 -15.599612
v 9.0 -14.0 -15.090823
v 9.0 -13.383789 -15.599612
v 9.0 -13.0625 -15.390628
v 9.0625 -13.0 -15.390628
v 9.383789 -13.0 -15.599612
v 9.0 -13.0 -15.090823
v 9.0 -12.383789 -15.599612
v 9.0 -12.0625 -15.390628
v 9.0625 -12.0 -15.390628
v 9.383789 -12.0 -15.599612
v 9.0 -12.0 -15.090823
v 9.0 -11.383789 -15.599612
v 9.0 -11.0625 -15.390628
v 9.0625 -11.0 -15.390628
v 9.383789 -11.0 -15.599612
v 9.0 -11.0 -15.090823
v 9.0 -10.383789 -15.599612
v 9.0 -10.0625 -15.390628
v 9.0625 -10.0 -15.390628
v 9.383789 -10.0 -15.599612
v 9.0 -10.0 -15.090823
v 9.0 -9.383789 -15.599612
v 9.0 -9.0625 -15.390628
v 9.0625 -9.0 -15.390628
v 9.383789 -9.0 -15.599612
v 9.0 -9.0 -15.090823
v 9.0 -8.383789 -15.599612
v 9.0 -8.0625 -15.390628
v 9.0625 -8.0 -15.390628
v 9.383789 -8.0 -15.599612
v 9.0 -8.0 -15.090823
v 9.0 -7.383789 -15.599612
v 9.0 -7.0625 -15.390628
v 9.0625 -7.0 -15.390628
v 9.383789 -7.0 -15.599612
v 9.0 -7.0 -15.090823
v 9.0 -6.383789 -15.599612
v 9.0 -6.0625 -15.390628
v 9.0625 -6.0 -15.390628
v 9.383789 -6.0 -15.599612
v 9.0 -6.0 -15.090823
v 9.0 -5.383789 -15.599612
v 9.0 -5.0625 -15.390628
v 9.0625 -5.0 -15.390628
v 9.383789 -5.0 -15.599612
v 9.0 -5.0 -15.090823
v 9.0 -4.383789 -15.599612
v 9.0 -4.0625 -15.390628
v 9.0625 -4.0 -15.390628
v 9.383789 -4.0 -15.599612
v 9.0 -4.0 -15.090823
v 9.0 -3.383789 -15.599612
v 9.0 -3.0625 -15.390628
v 9.0625 -3.0 -15.390628
v 9.383789 -3.0 -15.599612
v 9.0 -3.0 -15.090823
v 9.0 -2.383789 -15.599612
v 9.0 -2.0625 -15.390628
v 9.0625 -2.0 -15.390628
v 9.383789 -2.0 -15.599612
v 9.0 -2.0 -15.090823
v 9.0 -1.789062 -15.401369
v 9.4375 -1.75 -15.401369
v 9.0 -1.330078 -14.502931
v 9.75 -1.5 -15.401369
v 9.330078 -1.0 -14.502931
v 9.7890625 -1.0 -15.401369
v 9.330078 -1.0 -14.502931
v 9.0 -1.0 -14.500002
v 9.0 -1.330078 -14.502931
v 9.0 -1.789062 -15.401369
v 9.0 -2.0 -15.500002
v 9.4375 -1.75 -15.401369
v 9.625 -1.9375 -15.500002
v 9.75 -1.5 -15.401369
v 9.9375 -1.6875 -15.500002
v 9.7890625 -1.0 -15.401369
v 10.0 -1.0 -15.500002
v 9.6875 -2.170898 -15.599611
v 10.233398 -1.625 -15.599611
v 9.6875 -1.849609 -15.390627
v 9.912109 -1.625 -15.390627
v 9.625 -1.6630859 -15.090822
v 9.725586 -1.5625 -15.090822
v 9.790039 -1.0 -15.090822
v 9.725586 -1.5625 -15.090822
v 9.963867 -1.0 -15.390627
v 9.912109 -1.625 -15.390627
v 10.333008 -1.0 -15.599611
v 10.233398 -1.625 -15.599611
v 9.625 -1.6630859 -15.090822
v 9.0 -1.7880859 -15.090822
v 9.6875 -1.849609 -15.390627
v 9.0 -1.974609 -15.390627
v 9.6875 -2.170898 -15.599611
v 9.0 -2.295898 -15.599611
v 9.330078 -1.0 -14.502931
v 9.7890625 -1.0 -15.401369
v 9.330078 -0.330078 -14.502931
v 9.894531 -0.894531 -15.401369
v 10.0 -0.789062 -15.401369
v 10.0 -1.0 -15.500002
v 9.0 0.0 -14.500002
v 9.0 -1.0 -14.500002
v 10.0 -0.330078 -14.502931
v 10.0 0.0 -14.500002
v 10.0 -0.789062 -15.090822
v 9.7890625 -1.0 -15.090822
v 10.0 -1.0 -15.391556
v 9.000001 0.0 -1.0
v 10.000001 0.0 -1.0
v 9.625001 0.0625 -1.0
v 9.937501 0.3125 -1.0
v 10.000001 1.0 -1.0
v 9.937501 0.3125 -1.0
v 10.000001 1.0 -1.0
v 9.7890625 1.0 -0.901367
v 9.750001 0.5 -0.901367
v 9.000001 0.0 -1.0
v 9.625001 0.0625 -1.0
v 9.437501 0.25 -0.901367
v 9.000001 0.21093798 -0.901367
v 9.000001 0.21093798 -0.901367
v 9.437501 0.25 -0.901367
v 9.000001 0.669922 -0.0029289722
v 9.750001 0.5 -0.901367
v 9.330079 1.0 -0.0029289722
v 9.7890625 1.0 -0.901367
v 9.330079 1.0 -0.0029289722
v 9.000001 1.0 0.0
v 9.000001 0.669922 -0.0029289722
v 9.330079 1.669922 -0.0029289722
v 10.000001 1.669922 -0.0029289722
v 10.000001 2.0 0.0
v 9.000001 2.0 0.0
v 9.330079 1.0 -0.0029289722
v 9.330079 1.669922 -0.0029289722
v 9.000001 2.0 0.0
v 9.000001 1.0 0.0
v 9.330079 1.0 -0.0029289722
v 9.7890625 1.0 -0.901367
v 9.330079 1.669922 -0.0029289722
v 9.894532 1.105469 -0.901367
v 10.000001 1.210938 -0.901367
v 10.000001 1.210938 -0.901367
v 9.894532 1.105469 -0.901367
v 10.000001 1.0 -1.0
v 9.7890625 1.0 -0.901367
v 10.000001 1.669922 -0.0029289722
v 9.330079 1.669922 -0.0029289722
v 10.000001 1.210938 -0.901367
v 10.0 8.0 0.0
v 9.0 8.0 0.0
v 9.0 2.0 0.0
v 10.0 2.0 0.0
v 10.0 11.0 0.0
v 9.0 11.0 0.0
v 9.0 10.0 0.0
v 10.0 10.0 0.0
v 9.330078 11.330079 -0.0029289722
v 9.330078 12.000001 -0.0029289722
v 9.0 12.000001 0.0
v 9.0 11.000001 0.0
v 10.0 11.330079 -0.0029289722
v 9.330078 11.330079 -0.0029289722
v 9.0 11.000001 0.0
v 10.0 11.000001 0.0
v 10.0 11.330079 -0.0029289722
v 10.0 11.7890625 -0.901367
v 9.330078 11.330079 -0.0029289722
v 9.894531 11.894532 -0.901367
v 9.7890625 12.000001 -0.901367
v 9.7890625 12.000001 -0.901367
v 9.894531 11.894532 -0.901367
v 10.0 12.000001 -1.0
v 10.0 11.7890625 -0.901367
v 9.330078 12.000001 -0.0029289722
v 9.330078 11.330079 -0.0029289722
v 9.7890625 12.000001 -0.901367
v 9.7890625 13.0 -0.901367
v 9.330079 13.0 -0.0029289722
v 9.330079 12.0 -0.0029289722
v 9.7890625 12.0 -0.901367
v 9.000001 13.0 0.0
v 9.000001 12.0 0.0
v 9.7890625 13.0 -0.901367
v 9.7890625 12.0 -0.901367
v 10.000001 12.0 -1.0
v 10.000001 13.0 -1.0
v 10.0 13.000001 -1.0
v 10.0 14.000001 -1.0
v 9.9375 13.625001 -1.0
v 9.6875 13.937501 -1.0
v 9.0 14.000001 -1.0
v 9.6875 13.937501 -1.0
v 9.0 14.000001 -1.0
v 9.0 13.7890625 -0.901367
v 9.5 13.750001 -0.901367
v 10.0 13.000001 -1.0
v 9.9375 13.625001 -1.0
v 9.75 13.437501 -0.901367
v 9.7890625 13.000001 -0.901367
v 9.7890625 13.000001 -0.901367
v 9.75 13.437501 -0.901367
v 9.330078 13.000001 -0.0029289722
v 9.5 13.750001 -0.901367
v 9.0 13.330079 -0.0029289722
v 9.0 13.7890625 -0.901367
v 9.0 13.330079 -0.0029289722
v 9.0 13.000001 0.0
v 9.330078 13.000001 -0.0029289722
v 10.0 14.330078 -14.502931
v 10.0 14.7890625 -15.401369
v 9.330078 14.330078 -14.502931
v 9.894531 14.894531 -15.401369
v 9.7890625 15.0 -15.401369
v 10.0 15.0 -15.500002
v 9.0 14.0 -14.500002
v 10.0 14.0 -14.500002
v 9.330078 15.0 -14.502931
v 9.0 15.0 -14.500002
v 9.7890625 15.0 -15.090822
v 10.0 14.7890625 -15.090822
v 10.0 15.0 -15.391556
v 9.7890625 16.0 -15.401369
v 9.330078 16.0 -14.502931
v 9.0 16.0 -14.500001
v 10.0 16.0 -15.500001
v 9.7890625 16.0 -15.401369
v 9.7890625 16.0 -15.090822
v 9.962891 16.0 -15.368165
v 10.330078 16.0 -15.599611
v 9.7890625 15.0 -15.401369
v 9.330078 15.0 -14.502931
v 9.0 15.0 -14.500001
v 9.962891 15.0 -15.368165
v 10.330078 15.0 -15.599611
v 9.7890625 15.0 -15.090822
v 10.0 15.0 -15.500001
v 9.7890625 15.0 -15.401369
v 10.0 -15.383789 -15.599612
v 10.0 -15.0625 -15.390628
v 10.0625 -15.0 -15.390628
v 10.383789 -15.0 -15.599612
v 10.0 -15.0 -15.090823
v 10.0 -14.383789 -15.599612
v 10.0 -14.0625 -15.390628
v 10.0625 -14.0 -15.390628
v 10.383789 -14.0 -15.599612
v 10.0 -14.0 -15.090823
v 10.0 -13.383789 -15.599612
v 10.0 -13.0625 -15.390628
v 10.0625 -13.0 -15.390628
v 10.383789 -13.0 -15.599612
v 10.0 -13.0 -15.090823
v 10.0 -12.383789 -15.599612
v 10.0 -12.0625 -15.390628
v 10.0625 -12.0 -15.390628
v 10.383789 -12.0 -15.599612
v 10.0 -12.0 -15.090823
v 10.0 -11.383789 -15.599612
v 10.0 -11.0625 -15.390628
v 10.0625 -11.0 -15.390628
v 10.383789 -11.0 -15.599612
v 10.0 -11.0 -15.090823
v 10.0 -10.383789 -15.599612
v 10.0 -10.0625 -15.390628
v 10.0625 -10.0 -15.390628
v 10.383789 -10.0 -15.599612
v 10.0 -10.0 -15.090823
v 10.0 -9.383789 -15.599612
v 10.0 -9.0625 -15.390628
v 10.0625 -9.0 -15.390628
v 10.383789 -9.0 -15.599612
v 10.0 -9.0 -15.090823
v 10.0 -8.383789 -15.599612
v 10.0 -8.0625 -15.390628
v 10.0625 -8.0 -15.390628
v 10.383789 -8.0 -15.599612
v 10.0 -8.0 -15.090823
v 10.0 -7.383789 -15.599612
v 10.0 -7.0625 -15.390628
v 10.0625 -7.0 -15.390628
v 10.383789 -7.0 -15.599612
v 10.0 -7.0 -15.090823
v 10.0 -6.383789 -15.599612
v 10.0 -6.0625 -15.390628
v 10.0625 -6.0 -15.390628
v 10.383789 -6.0 -15.599612
v 10.0 -6.0 -15.090823
v 10.0 -5.383789 -15.599612
v 10.0 -5.0625 -15.390628
v 10.0625 -5.0 -15.390628
v 10.383789 -5.0 -15.599612
v 10.0 -5.0 -15.090823
v 10.0 -4.383789 -15.599612
v 10.0 -4.0625 -15.390628
v 10.0625 -4.0 -15.390628
v 10.383789 -4.0 -15.599612
v 10.0 -4.0 -15.090823
v 10.0 -3.383789 -15.599612
v 10.0 -3.0625 -15.390628
v 10.0625 -3.0 -15.390628
v 10.383789 -3.0 -15.599612
v 10.0 -3.0 -15.090823
v 10.0 -2.383789 -15.599612
v 10.0 -2.0625 -15.390628
v 10.0625 -2.0 -15.390628
v 10.383789 -2.0 -15.599612
v 10.0 -2.0 -15.090823
v 10.0 -1.3837891 -15.599612
v 10.0 -1.0625 -15.390628
v 10.0625 -1.0 -15.390628
v 10.383789 -1.0 -15.599612
v 10.0 -1.0 -15.090823
v 10.0 -0.789062 -15.401369
v 10.4375 -0.75 -15.401369
v 10.0 -0.330078 -14.502931
v 10.75 -0.5 -15.401369
v 10.330078 0.0 -14.502931
v 10.7890625 0.0 -15.401369
v 10.330078 0.0 -14.502931
v 10.0 0.0 -14.500002
v 10.0 -0.330078 -14.502931
v 10.0 -0.789062 -15.401369
v 10.0 -1.0 -15.500002
v 10.4375 -0.75 -15.401369
v 10.625 -0.9375 -15.500002
v 10.75 -0.5 -15.401369
v 10.9375 -0.6875 -15.500002
v 10.7890625 0.0 -15.401369
v 11.0 0.0 -15.500002
v 10.6875 -1.170898 -15.599611
v 11.233398 -0.625 -15.599611
v 10.6875 -0.849609 -15.390627
v 10.912109 -0.625 -15.390627
v 10.625 -0.663086 -15.090822
v 10.725586 -0.5625 -15.090822
v 10.790039 0.0 -15.090822
v 10.725586 -0.5625 -15.090822
v 10.963867 0.0 -15.390627
v 10.912109 -0.625 -15.390627
v 11.333008 0.0 -15.599611
v 11.233398 -0.625 -15.599611
v 10.625 -0.663086 -15.090822
v 10.0 -0.788086 -15.090822
v 10.6875 -0.849609 -15.390627
v 10.0 -0.974609 -15.390627
v 10.6875 -1.170898 -15.599611
v 10.0 -1.295898 -15.599611
v 10.330078 0.0 -14.502931
v 10.7890625 0.0 -15.401369
v 10.330078 0.669922 -14.502931
v 10.894531 0.10546899 -15.401369
v 11.0 0.21093798 -15.401369
v 11.0 0.0 -15.500002
v 10.0 1.0 -14.500002
v 10.0 0.0 -14.500002
v 11.0 0.669922 -14.502931
v 11.0 1.0 -14.500002
v 11.0 0.21093798 -15.090822
v 10.7890625 0.0 -15.090822
v 11.0 0.0 -15.391556
v 10.000001 1.0 -1.0
v 11.000001 1.0 -1.0
v 10.625001 1.0625 -1.0
v 10.937501 1.3125 -1.0
v 11.000001 2.0 -1.0
v 10.937501 1.3125 -1.0
v 11.000001 2.0 -1.0
v 10.7890625 2.0 -0.901367
v 10.750001 1.5 -0.901367
v 10.000001 1.0 -1.0
v 10.625001 1.0625 -1.0
v 10.437501 1.25 -0.901367
v 10.000001 1.210938 -0.901367
v 10.000001 1.210938 -0.901367
v 10.437501 1.25 -0.901367
v 10.000001 1.669922 -0.0029289722
v 10.750001 1.5 -0.901367
v 10.330079 2.0 -0.0029289722
v 10.7890625 2.0 -0.901367
v 10.330079 2.0 -0.0029289722
v 10.000001 2.0 0.0
v 10.000001 1.669922 -0.0029289722
v 10.7890625 3.0 -0.901367
v 10.330079 3.0 -0.0029289722
v 10.330079 2.0 -0.0029289722
v 10.7890625 2.0 -0.901367
v 10.000001 3.0 0.0
v 10.000001 2.0 0.0
v 10.7890625 3.0 -0.901367
v 10.7890625 2.0 -0.901367
v 11.000001 2.0 -1.0
v 11.000001 3.0 -1.0
v 10.330079 3.6699219 -0.0029289722
v 11.000001 3.6699219 -0.0029289722
v 11.000001 4.0 0.0
v 10.000001 4.0 0.0
v 10.330079 3.0 -0.0029289722
v 10.330079 3.6699219 -0.0029289722
v 10.000001 4.0 0.0
v 10.000001 3.0 0.0
v 10.330079 3.0 -0.0029289722
v 10.7890625 3.0 -0.901367
v 10.330079 3.6699219 -0.0029289722
v 10.894532 3.105469 -0.901367
v 11.000001 3.210938 -0.901367
v 11.000001 3.210938 -0.901367
v 10.894532 3.105469 -0.901367
v 11.000001 3.0 -1.0
v 10.7890625 3.0 -0.901367
v 11.000001 3.6699219 -0.0029289722
v 10.330079 3.6699219 -0.0029289722
v 11.000001 3.210938 -0.901367
v 11.0 9.0 0.0
v 10.0 9.0 0.0
v 10.0 4.0 0.0
v 11.0 4.0 0.0
v 10.330078 9.330079 -0.0029289722
v 10.330078 10.000001 -0.0029289722
v 10.0 10.000001 0.0
v 10.0 9.000001 0.0
v 11.0 9.330079 -0.0029289722
v 10.330078 9.330079 -0.0029289722
v 10.0 9.000001 0.0
v 11.0 9.000001 0.0
v 11.0 9.330079 -0.0029289722
v 11.0 9.7890625 -0.901367
v 10.330078 9.330079 -0.0029289722
v 10.894531 9.894532 -0.901367
v 10.7890625 10.000001 -0.901367
v 10.7890625 10.000001 -0.901367
v 10.894531 9.894532 -0.901367
v 11.0 10.000001 -1.0
v 11.0 9.7890625 -0.901367
v 10.330078 10.000001 -0.0029289722
v 10.330078 9.330079 -0.0029289722
v 10.7890625 10.000001 -0.901367
v 10.7890625 11.0 -0.901367
v 10.330079 11.0 -0.0029289722
v 10.330079 10.0 -0.0029289722
v 10.7890625 10.0 -0.901367
v 10.000001 11.0 0.0
v 10.000001 10.0 0.0
v 10.7890625 11.0 -0.901367
v 10.7890625 10.0 -0.901367
v 11.000001 10.0 -1.0
v 11.000001 11.0 -1.0
v 11.0 11.000001 -1.0
v 11.0 12.000001 -1.0
v 10.9375 11.625001 -1.0
v 10.6875 11.937501 -1.0
v 10.0 12.000001 -1.0
v 10.6875 11.937501 -1.0
v 10.0 12.000001 -1.0
v 10.0 11.7890625 -0.901367
v 10.5 11.750001 -0.901367
v 11.0 11.000001 -1.0
v 10.9375 11.625001 -1.0
v 10.75 11.437501 -0.901367
v 10.7890625 11.000001 -0.901367
v 10.7890625 11.000001 -0.901367
v 10.75 11.437501 -0.901367
v 10.330078 11.000001 -0.0029289722
v 10.5 11.750001 -0.901367
v 10.0 11.330079 -0.0029289722
v 10.0 11.7890625 -0.901367
v 10.0 11.330079 -0.0029289722
v 10.0 11.000001 0.0
v 10.330078 11.000001 -0.0029289722
v 11.0 12.330078 -14.502931
v 11.0 12.7890625 -15.401369
v 10.330078 12.330078 -14.502931
v 10.894531 12.894531 -15.401369
v 10.7890625 13.0 -15.401369
v 11.0 13.0 -15.500002
v 10.0 12.0 -14.500002
v 11.0 12.0 -14.500002
v 10.330078 13.0 -14.502931
v 10.0 13.0 -14.500002
v 10.7890625 13.0 -15.090822
v 11.0 12.7890625 -15.090822
v 11.0 13.0 -15.391556
v 10.7890625 14.0 -15.401369
v 10.330078 14.0 -14.502931
v 10.0 14.0 -14.500001
v 11.0 14.0 -15.500001
v 10.7890625 14.0 -15.401369
v 10.7890625 14.0 -15.090822
v 10.962891 14.0 -15.368165
v 11.330078 14.0 -15.599611
v 10.7890625 13.0 -15.401369
v 10.330078 13.0 -14.502931
v 10.0 13.0 -14.500001
v 10.962891 13.0 -15.368165
v 11.330078 13.0 -15.599611
v 10.7890625 13.0 -15.090822
v 11.0 13.0 -15.500001
v 10.7890625 13.0 -15.401369
v 10.7890625 14.0 -15.401369
v 10.75 14.4375 -15.401369
v 10.330078 14.0 -14.502931
v 10.5 14.75 -15.401369
v 10.0 14.330078 -14.502931
v 10.0 14.7890625 -15.401369
v 10.0 14.330078 -14.502931
v 10.0 14.0 -14.500002
v 10.330078 14.0 -14.502931
v 10.7890625 14.0 -15.401369
v 11.0 14.0 -15.500002
v 10.75 14.4375 -15.401369
v 10.9375 14.625 -15.500002
v 10.5 14.75 -15.401369
v 10.6875 14.9375 -15.500002
v 10.0 14.7890625 -15.401369
v 10.0 15.0 -15.500002
v 11.170898 14.6875 -15.599611
v 10.625 15.233398 -15.599611
v 10.849609 14.6875 -15.390627
v 10.625 14.912109 -15.390627
v 10.663086 14.625 -15.090822
v 10.5625 14.725586 -15.090822
v 10.0 14.790039 -15.090822
v 10.5625 14.725586 -15.090822
v 10.0 14.963867 -15.390627
v 10.625 14.912109 -15.390627
v 10.0 15.333008 -15.599611
v 10.625 15.233398 -15.599611
v 10.663086 14.625 -15.090822
v 10.788086 14.0 -15.090822
v 10.849609 14.6875 -15.390627
v 10.974609 14.0 -15.390627
v 11.170898 14.6875 -15.599611
v 11.295898 14.0 -15.599611
v 10.0 15.616211 -15.599612
v 10.0 15.9375 -15.390628
v 10.0625 16.0 -15.390628
v 10.383789 16.0 -15.599612
v 10.0 16.0 -15.090823
v 11.0 -15.383789 -15.599612
v 11.0 -15.0625 -15.390628
v 11.0625 -15.0 -15.390628
v 11.383789 -15.0 -15.599612
v 11.0 -15.0 -15.090823
v 11.0 -14.383789 -15.599612
v 11.0 -14.0625 -15.390628
v 11.0625 -14.0 -15.390628
v 11.383789 -14.0 -15.599612
v 11.0 -14.0 -15.090823
v 11.0 -13.383789 -15.599612
v 11.0 -13.0625 -15.390628
v 11.0625 -13.0 -15.390628
v 11.383789 -13.0 -15.599612
v 11.0 -13.0 -15.090823
v 11.0 -12.383789 -15.599612
v 11.0 -12.0625 -15.390628
v 11.0625 -12.0 -15.390628
v 11.383789 -12.0 -15.599612
v 11.0 -12.0 -15.090823
v 11.0 -11.383789 -15.599612
v 11.0 -11.0625 -15.390628
v 11.0625 -11.0 -15.390628
v 11.383789 -11.0 -15.599612
v 11.0 -11.0 -15.090823
v 11.0 -10.383789 -15.599612
v 11.0 -10.0625 -15.390628
v 11.0625 -10.0 -15.390628
v 11.383789 -10.0 -15.599612
v 11.0 -10.0 -15.090823
v 11.0 -9.383789 -15.599612
v 11.0 -9.0625 -15.390628
v 11.0625 -9.0 -15.390628
v 11.383789 -9.0 -15.599612
v 11.0 -9.0 -15.090823
v 11.0 -8.383789 -15.599612
v 11.0 -8.0625 -15.390628
v 11.0625 -8.0 -15.390628
v 11.383789 -8.0 -15.599612
v 11.0 -8.0 -15.090823
v 11.0 -7.383789 -15.599612
v 11.0 -7.0625 -15.390628
v 11.0625 -7.0 -15.390628
v 11.383789 -7.0 -15.599612
v 11.0 -7.0 -15.090823
v 11.0 -6.383789 -15.599612
v 11.0 -6.0625 -15.390628
v 11.0625 -6.0 -15.390628
v 11.383789 -6.0 -15.599612
v 11.0 -6.0 -15.090823
v 11.0 -5.383789 -15.599612
v 11.0 -5.0625 -15.390628
v 11.0625 -5.0 -15.390628
v 11.383789 -5.0 -15.599612
v 11.0 -5.0 -15.090823
v 11.0 -4.383789 -15.599612
v 11.0 -4.0625 -15.390628
v 11.0625 -4.0 -15.390628
v 11.383789 -4.0 -15.599612
v 11.0 -4.0 -15.090823
v 11.0 -3.383789 -15.599612
v 11.0 -3.0625 -15.390628
v 11.0625 -3.0 -15.390628
v 11.383789 -3.0 -15.599612
v 11.0 -3.0 -15.090823
v 11.0 -2.383789 -15.599612
v 11.0 -2.0625 -15.390628
v 11.0625 -2.0 -15.390628
v 11.383789 -2.0 -15.599612
v 11.0 -2.0 -15.090823
v 11.0 -1.3837891 -15.599612
v 11.0 -1.0625 -15.390628
v 11.0625 -1.0 -15.390628
v 11.383789 -1.0 -15.599612
v 11.0 -1.0 -15.090823
v 11.0 -0.383789 -15.599612
v 11.0 -0.0625 -15.390628
v 11.0625 0.0 -15.390628
v 11.383789 0.0 -15.599612
v 11.0 0.0 -15.090823
v 11.0 0.21093798 -15.401369
v 11.4375 0.25 -15.401369
v 11.0 0.669922 -14.502931
v 11.75 0.5 -15.401369
v 11.330078 1.0 -14.502931
v 11.7890625 1.0 -15.401369
v 11.330078 1.0 -14.502931
v 11.0 1.0 -14.500002
v 11.0 0.669922 -14.502931
v 11.0 0.21093798 -15.401369
v 11.0 0.0 -15.500002
v 11.4375 0.25 -15.401369
v 11.625 0.0625 -15.500002
v 11.75 0.5 -15.401369
v 11.9375 0.3125 -15.500002
v 11.7890625 1.0 -15.401369
v 12.0 1.0 -15.500002
v 11.6875 -0.17089796 -15.599611
v 12.233398 0.375 -15.599611
v 11.6875 0.15039098 -15.390627
v 11.912109 0.375 -15.390627
v 11.625 0.336914 -15.090822
v 11.725586 0.4375 -15.090822
v 11.790039 1.0 -15.090822
v 11.725586 0.4375 -15.090822
v 11.963867 1.0 -15.390627
v 11.912109 0.375 -15.390627
v 12.333008 1.0 -15.599611
v 12.233398 0.375 -15.599611
v 11.625 0.336914 -15.090822
v 11.0 0.211914 -15.090822
v 11.6875 0.15039098 -15.390627
v 11.0 0.025390983 -15.390627
v 11.6875 -0.17089796 -15.599611
v 11.0 -0.29589796 -15.599611
v 11.7890625 2.0 -15.401369
v 11.330078 2.0 -14.502931
v 11.0 2.0 -14.500001
v 12.0 2.0 -15.500001
v 11.7890625 2.0 -15.401369
v 11.7890625 2.0 -15.090822
v 11.962891 2.0 -15.368165
v 12.330078 2.0 -15.599611
v 11.7890625 1.0 -15.401369
v 11.330078 1.0 -14.502931
v 11.0 1.0 -14.500001
v 11.962891 1.0 -15.368165
v 12.330078 1.0 -15.599611
v 11.7890625 1.0 -15.090822
v 12.0 1.0 -15.500001
v 11.7890625 1.0 -15.401369
v 11.330078 2.0 -14.502931
v 11.7890625 2.0 -15.401369
v 11.330078 2.6699219 -14.502931
v 11.894531 2.105469 -15.401369
v 12.0 2.210938 -15.401369
v 12.0 2.0 -15.500002
v 11.0 3.0 -14.500002
v 11.0 2.0 -14.500002
v 12.0 2.6699219 -14.502931
v 12.0 3.0 -14.500002
v 12.0 2.210938 -15.090822
v 11.7890625 2.0 -15.090822
v 12.0 2.0 -15.391556
v 11.000001 3.0 -1.0
v 12.000001 3.0 -1.0
v 11.625001 3.0625 -1.0
v 11.937501 3.3125 -1.0
v 12.000001 4.0 -1.0
v 11.937501 3.3125 -1.0
v 12.000001 4.0 -1.0
v 11.7890625 4.0 -0.901367
v 11.750001 3.5 -0.901367
v 11.000001 3.0 -1.0
v 11.625001 3.0625 -1.0
v 11.437501 3.25 -0.901367
v 11.000001 3.210938 -0.901367
v 11.000001 3.210938 -0.901367
v 11.437501 3.25 -0.901367
v 11.000001 3.6699219 -0.0029289722
v 11.750001 3.5 -0.901367
v 11.330079 4.0 -0.0029289722
v 11.7890625 4.0 -0.901367
v 11.330079 4.0 -0.0029289722
v 11.000001 4.0 0.0
v 11.000001 3.6699219 -0.0029289722
v 11.7890625 6.0 -0.901367
v 11.330079 6.0 -0.0029289722
v 11.330079 4.0 -0.0029289722
v 11.7890625 4.0 -0.901367
v 11.000001 6.0 0.0
v 11.000001 4.0 0.0
v 11.7890625 6.0 -0.901367
v 11.7890625 4.0 -0.901367
v 12.000001 4.0 -1.0
v 12.000001 6.0 -1.0
v 11.7890625 7.0 0.09863299
v 11.330079 7.0 0.997071
v 11.330079 6.0 0.997071
v 11.7890625 6.0 0.09863299
v 11.000001 7.0 1.0
v 11.000001 6.0 1.0
v 11.7890625 7.0 0.09863299
v 11.7890625 6.0 0.09863299
v 12.000001 6.0 0.0
v 12.000001 7.0 0.0
v 11.7890625 9.0 -0.901367
v 11.330079 9.0 -0.0029289722
v 11.330079 7.0 -0.0029289722
v 11.7890625 7.0 -0.901367
v 11.000001 9.0 0.0
v 11.000001 7.0 0.0
v 11.7890625 9.0 -0.901367
v 11.7890625 7.0 -0.901367
v 12.000001 7.0 -1.0
v 12.000001 9.0 -1.0
v 12.0 9.000001 -1.0
v 12.0 10.000001 -1.0
v 11.9375 9.625001 -1.0
v 11.6875 9.937501 -1.0
v 11.0 10.000001 -1.0
v 11.6875 9.937501 -1.0
v 11.0 10.000001 -1.0
v 11.0 9.7890625 -0.901367
v 11.5 9.750001 -0.901367
v 12.0 9.000001 -1.0
v 11.9375 9.625001 -1.0
v 11.75 9.437501 -0.901367
v 11.7890625 9.000001 -0.901367
v 11.7890625 9.000001 -0.901367
v 11.75 9.437501 -0.901367
v 11.330078 9.000001 -0.0029289722
v 11.5 9.750001 -0.901367
v 11.0 9.330079 -0.0029289722
v 11.0 9.7890625 -0.901367
v 11.0 9.330079 -0.0029289722
v 11.0 9.000001 0.0
v 11.330078 9.000001 -0.0029289722
v 12.0 10.999999 -14.999999
v 11.0 10.999999 -14.999999
v 11.0 9.999999 -14.999999
v 12.0 9.999999 -14.999999
v 12.0 11.330078 -14.502931
v 12.0 11.7890625 -15.401369
v 11.330078 11.330078 -14.502931
v 11.894531 11.894531 -15.401369
v 11.7890625 12.0 -15.401369
v 12.0 12.0 -15.500002
v 11.0 11.0 -14.500002
v 12.0 11.0 -14.500002
v 11.330078 12.0 -14.502931
v 11.0 12.0 -14.500002
v 11.7890625 12.0 -15.090822
v 12.0 11.7890625 -15.090822
v 12.0 12.0 -15.391556
v 11.7890625 12.0 -15.401369
v 11.75 12.4375 -15.401369
v 11.330078 12.0 -14.502931
v 11.5 12.75 -15.401369
v 11.0 12.330078 -14.502931
v 11.0 12.7890625 -15.401369
v 11.0 12.330078 -14.502931
v 11.0 12.0 -14.500002
v 11.330078 12.0 -14.502931
v 11.7890625 12.0 -15.401369
v 12.0 12.0 -15.500002
v 11.75 12.4375 -15.401369
v 11.9375 12.625 -15.500002
v 11.5 12.75 -15.401369
v 11.6875 12.9375 -15.500002
v 11.0 12.7890625 -15.401369
v 11.0 13.0 -15.500002
v 12.170898 12.6875 -15.599611
v 11.625 13.233398 -15.599611
v 11.849609 12.6875 -15.390627
v 11.625 12.912109 -15.390627
v 11.663086 12.625 -15.090822
v 11.5625 12.725586 -15.090822
v 11.0 12.790039 -15.090822
v 11.5625 12.725586 -15.090822
v 11.0 12.963867 -15.390627
v 11.625 12.912109 -15.390627
v 11.0 13.333008 -15.599611
v 11.625 13.233398 -15.599611
v 11.663086 12.625 -15.090822
v 11.788086 12.0 -15.090822
v 11.849609 12.6875 -15.390627
v 11.974609 12.0 -15.390627
v 12.170898 12.6875 -15.599611
v 12.295898 12.0 -15.599611
v 11.0 13.616211 -15.599612
v 11.0 13.9375 -15.390628
v 11.0625 14.0 -15.390628
v 11.383789 14.0 -15.599612
v 11.0 14.0 -15.090823
v 11.0 14.616211 -15.599612
v 11.0 14.9375 -15.390628
v 11.0625 15.0 -15.390628
v 11.383789 15.0 -15.599612
v 11.0 15.0 -15.090823
v 11.0 15.616211 -15.599612
v 11.0 15.9375 -15.390628
v 11.0625 16.0 -15.390628
v 11.383789 16.0 -15.599612
v 11.0 16.0 -15.090823
v 12.0 -15.383789 -15.599612
v 12.0 -15.0625 -15.390628
v 12.0625 -15.0 -15.390628
v 12.383789 -15.0 -15.599612
v 12.0 -15.0 -15.090823
v 12.0 -14.383789 -15.599612
v 12.0 -14.0625 -15.390628
v 12.0625 -14.0 -15.390628
v 12.383789 -14.0 -15.599612
v 12.0 -14.0 -15.090823
v 12.0 -13.383789 -15.599612
v 12.0 -13.0625 -15.390628
v 12.0625 -13.0 -15.390628
v 12.383789 -13.0 -15.599612
v 12.0 -13.0 -15.090823
v 12.0 -12.383789 -15.599612
v 12.0 -12.0625 -15.390628
v 12.0625 -12.0 -15.390628
v 12.383789 -12.0 -15.599612
v 12.0 -12.0 -15.090823
v 12.0 -11.383789 -15.599612
v 12.0 -11.0625 -15.390628
v 12.0625 -11.0 -15.390628
v 12.383789 -11.0 -15.599612
v 12.0 -11.0 -15.090823
v 12.0 -10.383789 -15.599612
v 12.0 -10.0625 -15.390628
v 12.0625 -10.0 -15.390628
v 12.383789 -10.0 -15.599612
v 12.0 -10.0 -15.090823
v 12.0 -9.383789 -15.599612
v 12.0 -9.0625 -15.390628
v 12.0625 -9.0 -15.390628
v 12.383789 -9.0 -15.599612
v 12.0 -9.0 -15.090823
v 12.0 -8.383789 -15.599612
v 12.0 -8.0625 -15.390628
v 12.0625 -8.0 -15.390628
v 12.383789 -8.0 -15.599612
v 12.0 -8.0 -15.090823
v 12.0 -7.383789 -15.599612
v 12.0 -7.0625 -15.390628
v 12.0625 -7.0 -15.390628
v 12.383789 -7.0 -15.599612
v 12.0 -7.0 -15.090823
v 12.0 -6.383789 -15.599612
v 12.0 -6.0625 -15.390628
v 12.0625 -6.0 -15.390628
v 12.383789 -6.0 -15.599612
v 12.0 -6.0 -15.090823
v 12.0 -5.383789 -15.599612
v 12.0 -5.0625 -15.390628
v 12.0625 -5.0 -15.390628
v 12.383789 -5.0 -15.599612
v 12.0 -5.0 -15.090823
v 12.0 -4.383789 -15.599612
v 12.0 -4.0625 -15.390628
v 12.0625 -4.0 -15.390628
v 12.383789 -4.0 -15.599612
v 12.0 -4.0 -15.090823
v 12.0 -3.383789 -15.599612
v 12.0 -3.0625 -15.390628
v 12.0625 -3.0 -15.390628
v 12.383789 -3.0 -15.599612
v 12.0 -3.0 -15.090823
v 12.0 -2.383789 -15.599612
v 12.0 -2.0625 -15.390628
v 12.0625 -2.0 -15.390628
v 12.383789 -2.0 -15.599612
v 12.0 -2.0 -15.090823
v 12.0 -1.3837891 -15.599612
v 12.0 -1.0625 -15.390628
v 12.0625 -1.0 -15.390628
v 12.383789 -1.0 -15.599612
v 12.0 -1.0 -15.090823
v 12.0 -0.383789 -15.599612
v 12.0 -0.0625 -15.390628
v 12.0625 0.0 -15.390628
v 12.383789 0.0 -15.599612
v 12.0 0.0 -15.090823
v 12.0 0.616211 -15.599612
v 12.0 0.9375 -15.390628
v 12.0625 1.0 -15.390628
v 12.383789 1.0 -15.599612
v 12.0 1.0 -15.090823
v 12.0 1.6162109 -15.599612
v 12.0 1.9375 -15.390628
v 12.0625 2.0 -15.390628
v 12.383789 2.0 -15.599612
v 12.0 2.0 -15.090823
v 12.0 2.210938 -15.401369
v 12.4375 2.25 -15.401369
v 12.0 2.6699219 -14.502931
v 12.75 2.5 -15.401369
v 12.330078 3.0 -14.502931
v 12.7890625 3.0 -15.401369
v 12.330078 3.0 -14.502931
v 12.0 3.0 -14.500002
v 12.0 2.6699219 -14.502931
v 12.0 2.210938 -15.401369
v 12.0 2.0 -15.500002
v 12.4375 2.25 -15.401369
v 12.625 2.0625 -15.500002
v 12.75 2.5 -15.401369
v 12.9375 2.3125 -15.500002
v 12.7890625 3.0 -15.401369
v 13.0 3.0 -15.500002
v 12.6875 1.829102 -15.599611
v 13.233398 2.375 -15.599611
v 12.6875 2.150391 -15.390627
v 12.912109 2.375 -15.390627
v 12.625 2.336914 -15.090822
v 12.725586 2.4375 -15.090822
v 12.790039 3.0 -15.090822
v 12.725586 2.4375 -15.090822
v 12.963867 3.0 -15.390627
v 12.912109 2.375 -15.390627
v 13.333008 3.0 -15.599611
v 13.233398 2.375 -15.599611
v 12.625 2.336914 -15.090822
v 12.0 2.211914 -15.090822
v 12.6875 2.150391 -15.390627
v 12.0 2.025391 -15.390627
v 12.6875 1.829102 -15.599611
v 12.0 1.704102 -15.599611
v 12.7890625 4.0 -15.401369
v 12.330078 4.0 -14.502931
v 12.0 4.0 -14.500001
v 13.0 4.0 -15.500001
v 12.7890625 4.0 -15.401369
v 12.7890625 4.0 -15.090822
v 12.962891 4.0 -15.368165
v 13.330078 4.0 -15.599611
v 12.7890625 3.0 -15.401369
v 12.330078 3.0 -14.502931
v 12.0 3.0 -14.500001
v 12.962891 3.0 -15.368165
v 13.330078 3.0 -15.599611
v 12.7890625 3.0 -15.090822
v 13.0 3.0 -15.500001
v 12.7890625 3.0 -15.401369
v 12.330078 4.0 -14.502931
v 12.7890625 4.0 -15.401369
v 12.330078 4.669922 -14.502931
v 12.894531 4.1054688 -15.401369
v 13.0 4.210938 -15.401369
v 13.0 4.0 -15.500002
v 12.0 5.0 -14.500002
v 12.0 4.0 -14.500002
v 13.0 4.669922 -14.502931
v 13.0 5.0 -14.500002
v 13.0 4.210938 -15.090822
v 12.7890625 4.0 -15.090822
v 13.0 4.0 -15.391556
v 13.0 7.999997 -0.999999
v 12.0 7.999997 -0.999999
v 12.0 4.999997 -0.999999
v 13.0 4.999997 -0.999999
v 13.0 8.330078 -14.502931
v 13.0 8.7890625 -15.401369
v 12.330078 8.330078 -14.502931
v 12.894531 8.894531 -15.401369
v 12.7890625 9.0 -15.401369
v 13.0 9.0 -15.500002
v 12.0 8.0 -14.500002
v 13.0 8.0 -14.500002
v 12.330078 9.0 -14.502931
v 12.0 9.0 -14.500002
v 12.7890625 9.0 -15.090822
v 13.0 8.7890625 -15.090822
v 13.0 9.0 -15.391556
v 13.0 9.330078 -14.502931
v 13.0 9.7890625 -15.401369
v 12.330078 9.330078 -14.502931
v 12.894531 9.894531 -15.401369
v 12.7890625 10.0 -15.401369
v 13.0 10.0 -15.500002
v 12.0 9.0 -14.500002
v 13.0 9.0 -14.500002
v 12.330078 10.0 -14.502931
v 12.0 10.0 -14.500002
v 12.7890625 10.0 -15.090822
v 13.0 9.7890625 -15.090822
v 13.0 10.0 -15.391556
v 12.7890625 11.0 -15.401369
v 12.330078 11.0 -14.502931
v 12.0 11.0 -14.500001
v 13.0 11.0 -15.500001
v 12.7890625 11.0 -15.401369
v 12.7890625 11.0 -15.090822
v 12.962891 11.0 -15.368165
v 13.330078 11.0 -15.599611
v 12.7890625 10.0 -15.401369
v 12.330078 10.0 -14.502931
v 12.0 10.0 -14.500001
v 12.962891 10.0 -15.368165
v 13.330078 10.0 -15.599611
v 12.7890625 10.0 -15.090822
v 13.0 10.0 -15.500001
v 12.7890625 10.0 -15.401369
v 12.7890625 11.0 -15.401369
v 12.75 11.4375 -15.401369
v 12.330078 11.0 -14.502931
v 12.5 11.75 -15.401369
v 12.0 11.330078 -14.502931
v 12.0 11.7890625 -15.401369
v 12.0 11.330078 -14.502931
v 12.0 11.0 -14.500002
v 12.330078 11.0 -14.502931
v 12.7890625 11.0 -15.401369
v 13.0 11.0 -15.500002
v 12.75 11.4375 -15.401369
v 12.9375 11.625 -15.500002
v 12.5 11.75 -15.401369
v 12.6875 11.9375 -15.500002
v 12.0 11.7890625 -15.401369
v 12.0 12.0 -15.500002
v 13.170898 11.6875 -15.599611
v 12.625 12.233398 -15.599611
v 12.849609 11.6875 -15.390627
v 12.625 11.912109 -15.390627
v 12.663086 11.625 -15.090822
v 12.5625 11.725586 -15.090822
v 12.0 11.790039 -15.090822
v 12.5625 11.725586 -15.090822
v 12.0 11.963867 -15.390627
v 12.625 11.912109 -15.390627
v 12.0 12.333008 -15.599611
v 12.625 12.233398 -15.599611
v 12.663086 11.625 -15.090822
v 12.788086 11.0 -15.090822
v 12.849609 11.6875 -15.390627
v 12.974609 11.0 -15.390627
v 13.170898 11.6875 -15.599611
v 13.295898 11.0 -15.599611
v 12.0 12.616211 -15.599612
v 12.0 12.9375 -15.390628
v 12.0625 13.0 -15.390628
v 12.383789 13.0 -15.599612
v 12.0 13.0 -15.090823
v 12.0 13.616211 -15.599612
v 12.0 13.9375 -15.390628
v 12.0625 14.0 -15.390628
v 12.383789 14.0 -15.599612
v 12.0 14.0 -15.090823
v 12.0 14.616211 -15.599612
v 12.0 14.9375 -15.390628
v 12.0625 15.0 -15.390628
v 12.383789 15.0 -15.599612
v 12.0 15.0 -15.090823
v 12.0 15.616211 -15.599612
v 12.0 15.9375 -15.390628
v 12.0625 16.0 -15.390628
v 12.383789 16.0 -15.599612
v 12.0 16.0 -15.090823
v 13.0 -15.383789 -15.599612
v 13.0 -15.0625 -15.390628
v 13.0625 -15.0 -15.390628
v 13.383789 -15.0 -15.599612
v 13.0 -15.0 -15.090823
v 13.0 -14.383789 -15.599612
v 13.0 -14.0625 -15.390628
v 13.0625 -14.0 -15.390628
v 13.383789 -14.0 -15.599612
v 13.0 -14.0 -15.090823
v 13.0 -13.383789 -15.599612
v 13.0 -13.0625 -15.390628
v 13.0625 -13.0 -15.390628
v 13.383789 -13.0 -15.599612
v 13.0 -13.0 -15.090823
v 13.0 -12.383789 -15.599612
v 13.0 -12.0625 -15.390628
v 13.0625 -12.0 -15.390628
v 13.383789 -12.0 -15.599612
v 13.0 -12.0 -15.090823
v 13.0 -11.383789 -15.599612
v 13.0 -11.0625 -15.390628
v 13.0625 -11.0 -15.390628
v 13.383789 -11.0 -15.599612
v 13.0 -11.0 -15.090823
v 13.0 -10.383789 -15.599612
v 13.0 -10.0625 -15.390628
v 13.0625 -10.0 -15.390628
v 13.383789 -10.0 -15.599612
v 13.0 -10.0 -15.090823
v 13.0 -9.383789 -15.599612
v 13.0 -9.0625 -15.390628
v 13.0625 -9.0 -15.390628
v 13.383789 -9.0 -15.599612
v 13.0 -9.0 -15.090823
v 13.0 -8.383789 -15.599612
v 13.0 -8.0625 -15.390628
v 13.0625 -8.0 -15.390628
v 13.383789 -8.0 -15.599612
v 13.0 -8.0 -15.090823
v 13.0 -7.383789 -15.599612
v 13.0 -7.0625 -15.390628
v 13.0625 -7.0 -15.390628
v 13.383789 -7.0 -15.599612
v 13.0 -7.0 -15.090823
v 13.0 -6.383789 -15.599612
v 13.0 -6.0625 -15.390628
v 13.0625 -6.0 -15.390628
v 13.383789 -6.0 -15.599612
v 13.0 -6.0 -15.090823
v 13.0 -5.383789 -15.599612
v 13.0 -5.0625 -15.390628
v 13.0625 -5.0 -15.390628
v 13.383789 -5.0 -15.599612
v 13.0 -5.0 -15.090823
v 13.0 -4.383789 -15.599612
v 13.0 -4.0625 -15.390628
v 13.0625 -4.0 -15.390628
v 13.383789 -4.0 -15.599612
v 13.0 -4.0 -15.090823
v 13.0 -3.383789 -15.599612
v 13.0 -3.0625 -15.390628
v 13.0625 -3.0 -15.390628
v 13.383789 -3.0 -15.599612
v 13.0 -3.0 -15.090823
v 13.0 -2.383789 -15.599612
v 13.0 -2.0625 -15.390628
v 13.0625 -2.0 -15.390628
v 13.383789 -2.0 -15.599612
v 13.0 -2.0 -15.090823
v 13.0 -1.3837891 -15.599612
v 13.0 -1.0625 -15.390628
v 13.0625 -1.0 -15.390628
v 13.383789 -1.0 -15.599612
v 13.0 -1.0 -15.090823
v 13.0 -0.383789 -15.599612
v 13.0 -0.0625 -15.390628
v 13.0625 0.0 -15.390628
v 13.383789 0.0 -15.599612
v 13.0 0.0 -15.090823
v 13.0 0.616211 -15.599612
v 13.0 0.9375 -15.390628
v 13.0625 1.0 -15.390628
v 13.383789 1.0 -15.599612
v 13.0 1.0 -15.090823
v 13.0 1.6162109 -15.599612
v 13.0 1.9375 -15.390628
v 13.0625 2.0 -15.390628
v 13.383789 2.0 -15.599612
v 13.0 2.0 -15.090823
v 13.0 2.616211 -15.599612
v 13.0 2.9375 -15.390628
v 13.0625 3.0 -15.390628
v 13.383789 3.0 -15.599612
v 13.0 3.0 -15.090823
v 13.0 3.616211 -15.599612
v 13.0 3.9375 -15.390628
v 13.0625 4.0 -15.390628
v 13.383789 4.0 -15.599612
v 13.0 4.0 -15.090823
v 13.0 4.210938 -15.401369
v 13.4375 4.25 -15.401369
v 13.0 4.669922 -14.502931
v 13.75 4.5 -15.401369
v 13.330078 5.0 -14.502931
v 13.7890625 5.0 -15.401369
v 13.330078 5.0 -14.502931
v 13.0 5.0 -14.500002
v 13.0 4.669922 -14.502931
v 13.0 4.210938 -15.401369
v 13.0 4.0 -15.500002
v 13.4375 4.25 -15.401369
v 13.625 4.0625 -15.500002
v 13.75 4.5 -15.401369
v 13.9375 4.3125 -15.500002
v 13.7890625 5.0 -15.401369
v 14.0 5.0 -15.500002
v 13.6875 3.829102 -15.599611
v 14.233398 4.375 -15.599611
v 13.6875 4.150391 -15.390627
v 13.912109 4.375 -15.390627
v 13.625 4.336914 -15.090822
v 13.725586 4.4375 -15.090822
v 13.790039 5.0 -15.090822
v 13.725586 4.4375 -15.090822
v 13.963867 5.0 -15.390627
v 13.912109 4.375 -15.390627
v 14.333008 5.0 -15.599611
v 14.233398 4.375 -15.599611
v 13.625 4.336914 -15.090822
v 13.0 4.211914 -15.090822
v 13.6875 4.150391 -15.390627
v 13.0 4.025391 -15.390627
v 13.6875 3.829102 -15.599611
v 13.0 3.704102 -15.599611
v 13.7890625 8.0 -15.401369
v 13.330078 8.0 -14.502931
v 13.0 8.0 -14.500001
v 14.0 8.0 -15.500001
v 13.7890625 8.0 -15.401369
v 13.7890625 8.0 -15.090822
v 13.962891 8.0 -15.368165
v 14.330078 8.0 -15.599611
v 13.7890625 5.0 -15.401369
v 13.330078 5.0 -14.502931
v 13.0 5.0 -14.500001
v 13.962891 5.0 -15.368165
v 14.330078 5.0 -15.599611
v 13.7890625 5.0 -15.090822
v 14.0 5.0 -15.500001
v 13.7890625 5.0 -15.401369
v 13.7890625 8.0 -15.401369
v 13.75 8.4375 -15.401369
v 13.330078 8.0 -14.502931
v 13.5 8.75 -15.401369
v 13.0 8.330078 -14.502931
v 13.0 8.7890625 -15.401369
v 13.0 8.330078 -14.502931
v 13.0 8.0 -14.500002
v 13.330078 8.0 -14.502931
v 13.7890625 8.0 -15.401369
v 14.0 8.0 -15.500002
v 13.75 8.4375 -15.401369
v 13.9375 8.625 -15.500002
v 13.5 8.75 -15.401369
v 13.6875 8.9375 -15.500002
v 13.0 8.7890625 -15.401369
v 13.0 9.0 -15.500002
v 14.170898 8.6875 -15.599611
v 13.625 9.233398 -15.599611
v 13.849609 8.6875 -15.390627
v 13.625 8.912109 -15.390627
v 13.663086 8.625 -15.090822
v 13.5625 8.725586 -15.090822
v 13.0 8.790039 -15.090822
v 13.5625 8.725586 -15.090822
v 13.0 8.963867 -15.390627
v 13.625 8.912109 -15.390627
v 13.0 9.333008 -15.599611
v 13.625 9.233398 -15.599611
v 13.663086 8.625 -15.090822
v 13.788086 8.0 -15.090822
v 13.849609 8.6875 -15.390627
v 13.974609 8.0 -15.390627
v 14.170898 8.6875 -15.599611
v 14.295898 8.0 -15.599611
v 13.7890625 9.0 -15.401369
v 13.75 9.4375 -15.401369
v 13.330078 9.0 -14.502931
v 13.5 9.75 -15.401369
v 13.0 9.330078 -14.502931
v 13.0 9.7890625 -15.401369
v 13.0 9.330078 -14.502931
v 13.0 9.0 -14.500002
v 13.330078 9.0 -14.502931
v 13.7890625 9.0 -15.401369
v 14.0 9.0 -15.500002
v 13.75 9.4375 -15.401369
v 13.9375 9.625 -15.500002
v 13.5 9.75 -15.401369
v 13.6875 9.9375 -15.500002
v 13.0 9.7890625 -15.401369
v 13.0 10.0 -15.500002
v 14.170898 9.6875 -15.599611
v 13.625 10.233398 -15.599611
v 13.849609 9.6875 -15.390627
v 13.625 9.912109 -15.390627
v 13.663086 9.625 -15.090822
v 13.5625 9.725586 -15.090822
v 13.0 9.790039 -15.090822
v 13.5625 9.725586 -15.090822
v 13.0 9.963867 -15.390627
v 13.625 9.912109 -15.390627
v 13.0 10.333008 -15.599611
v 13.625 10.233398 -15.599611
v 13.663086 9.625 -15.090822
v 13.788086 9.0 -15.090822
v 13.849609 9.6875 -15.390627
v 13.974609 9.0 -15.390627
v 14.170898 9.6875 -15.599611
v 14.295898 9.0 -15.599611
v 13.0 10.616211 -15.599612
v 13.0 10.9375 -15.390628
v 13.0625 11.0 -15.390628
v 13.383789 11.0 -15.599612
v 13.0 11.0 -15.090823
v 13.0 11.616211 -15.599612
v 13.0 11.9375 -15.390628
v 13.0625 12.0 -15.390628
v 13.383789 12.0 -15.599612
v 13.0 12.0 -15.090823
v 13.0 12.616211 -15.599612
v 13.0 12.9375 -15.390628
v 13.0625 13.0 -15.390628
v 13.383789 13.0 -15.599612
v 13.0 13.0 -15.090823
v 13.0 13.616211 -15.599612
v 13.0 13.9375 -15.390628
v 13.0625 14.0 -15.390628
v 13.383789 14.0 -15.599612
v 13.0 14.0 -15.090823
v 13.0 14.616211 -15.599612
v 13.0 14.9375 -15.390628
v 13.0625 15.0 -15.390628
v 13.383789 15.0 -15.599612
v 13.0 15.0 -15.090823
v 13.0 15.616211 -15.599612
v 13.0 15.9375 -15.390628
v 13.0625 16.0 -15.390628
v 13.383789 16.0 -15.599612
v 13.0 16.0 -15.090823
v 14.0 -15.383789 -15.599612
v 14.0 -15.0625 -15.390628
v 14.0625 -15.0 -15.390628
v 14.383789 -15.0 -15.599612
v 14.0 -15.0 -15.090823
v 14.0 -14.383789 -15.599612
v 14.0 -14.0625 -15.390628
v 14.0625 -14.0 -15.390628
v 14.383789 -14.0 -15.599612
v 14.0 -14.0 -15.090823
v 14.0 -13.383789 -15.599612
v 14.0 -13.0625 -15.390628
v 14.0625 -13.0 -15.390628
v 14.383789 -13.0 -15.599612
v 14.0 -13.0 -15.090823
v 14.0 -12.383789 -15.599612
v 14.0 -12.0625 -15.390628
v 14.0625 -12.0 -15.390628
v 14.383789 -12.0 -15.599612
v 14.0 -12.0 -15.090823
v 14.0 -11.383789 -15.599612
v 14.0 -11.0625 -15.390628
v 14.0625 -11.0 -15.390628
v 14.383789 -11.0 -15.599612
v 14.0 -11.0 -15.090823
v 14.0 -10.383789 -15.599612
v 14.0 -10.0625 -15.390628
v 14.0625 -10.0 -15.390628
v 14.383789 -10.0 -15.599612
v 14.0 -10.0 -15.090823
v 14.0 -9.383789 -15.599612
v 14.0 -9.0625 -15.390628
v 14.0625 -9.0 -15.390628
v 14.383789 -9.0 -15.599612
v 14.0 -9.0 -15.090823
v 14.0 -8.383789 -15.599612
v 14.0 -8.0625 -15.390628
v 14.0625 -8.0 -15.390628
v 14.383789 -8.0 -15.599612
v 14.0 -8.0 -15.090823
v 14.0 -7.383789 -15.599612
v 14.0 -7.0625 -15.390628
v 14.0625 -7.0 -15.390628
v 14.383789 -7.0 -15.599612
v 14.0 -7.0 -15.090823
v 14.0 -6.383789 -15.599612
v 14.0 -6.0625 -15.390628
v 14.0625 -6.0 -15.390628
v 14.383789 -6.0 -15.599612
v 14.0 -6.0 -15.090823
v 14.0 -5.383789 -15.599612
v 14.0 -5.0625 -15.390628
v 14.0625 -5.0 -15.390628
v 14.383789 -5.0 -15.599612
v 14.0 -5.0 -15.090823
v 14.0 -4.383789 -15.599612
v 14.0 -4.0625 -15.390628
v 14.0625 -4.0 -15.390628
v 14.383789 -4.0 -15.599612
v 14.0 -4.0 -15.090823
v 14.0 -3.383789 -15.599612
v 14.0 -3.0625 -15.390628
v 14.0625 -3.0 -15.390628
v 14.383789 -3.0 -15.599612
v 14.0 -3.0 -15.090823
v 14.0 -2.383789 -15.599612
v 14.0 -2.0625 -15.390628
v 14.0625 -2.0 -15.390628
v 14.383789 -2.0 -15.599612
v 14.0 -2.0 -15.090823
v 14.0 -1.3837891 -15.599612
v 14.0 -1.0625 -15.390628
v 14.0625 -1.0 -15.390628
v 14.383789 -1.0 -15.599612
v 14.0 -1.0 -15.090823
v 14.0 -0.383789 -15.599612
v 14.0 -0.0625 -15.390628
v 14.0625 0.0 -15.390628
v 14.383789 0.0 -15.599612
v 14.0 0.0 -15.090823
v 14.0 0.616211 -15.599612
v 14.0 0.9375 -15.390628
v 14.0625 1.0 -15.390628
v 14.383789 1.0 -15.599612
v 14.0 1.0 -15.090823
v 14.0 1.6162109 -15.599612
v 14.0 1.9375 -15.390628
v 14.0625 2.0 -15.390628
v 14.383789 2.0 -15.599612
v 14.0 2.0 -15.090823
v 14.0 2.616211 -15.599612
v 14.0 2.9375 -15.390628
v 14.0625 3.0 -15.390628
v 14.383789 3.0 -15.599612
v 14.0 3.0 -15.090823
v 14.0 3.616211 -15.599612
v 14.0 3.9375 -15.390628
v 14.0625 4.0 -15.390628
v 14.383789 4.0 -15.599612
v 14.0 4.0 -15.090823
v 14.0 4.616211 -15.599612
v 14.0 4.9375 -15.390628
v 14.0625 5.0 -15.390628
v 14.383789 5.0 -15.599612
v 14.0 5.0 -15.090823
v 14.0 5.616211 -15.599612
v 14.0 5.9375 -15.390628
v 14.0625 6.0 -15.390628
v 14.383789 6.0 -15.599612
v 14.0 6.0 -15.090823
v 14.0 6.616211 -15.599612
v 14.0 6.9375 -15.390628
v 14.0625 7.0 -15.390628
v 14.383789 7.0 -15.599612
v 14.0 7.0 -15.090823
v 14.0 7.616211 -15.599612
v 14.0 7.9375 -15.390628
v 14.0625 8.0 -15.390628
v 14.383789 8.0 -15.599612
v 14.0 8.0 -15.090823
v 14.0 8.616211 -15.599612
v 14.0 8.9375 -15.390628
v 14.0625 9.0 -15.390628
v 14.383789 9.0 -15.599612
v 14.0 9.0 -15.090823
v 14.0 9.616211 -15.599612
v 14.0 9.9375 -15.390628
v 14.0625 10.0 -15.390628
v 14.383789 10.0 -15.599612
v 14.0 10.0 -15.090823
v 14.0 10.616211 -15.599612
v 14.0 10.9375 -15.390628
v 14.0625 11.0 -15.390628
v 14.383789 11.0 -15.599612
v 14.0 11.0 -15.090823
v 14.0 11.616211 -15.599612
v 14.0 11.9375 -15.390628
v 14.0625 12.0 -15.390628
v 14.383789 12.0 -15.599612
v 14.0 12.0 -15.090823
v 14.0 12.616211 -15.599612
v 14.0 12.9375 -15.390628
v 14.0625 13.0 -15.390628
v 14.383789 13.0 -15.599612
v 14.0 13.0 -15.090823
v 14.0 13.616211 -15.599612
v 14.0 13.9375 -15.390628
v 14.0625 14.0 -15.390628
v 14.383789 14.0 -15.599612
v 14.0 14.0 -15.090823
v 14.0 14.616211 -15.599612
v 14.0 14.9375 -15.390628
v 14.0625 15.0 -15.390628
v 14.383789 15.0 -15.599612
v 14.0 15.0 -15.090823
v 14.0 15.616211 -15.599612
v 14.0 15.9375 -15.390628
v 14.0625 16.0 -15.390628
v 14.383789 16.0 -15.599612
v 14.0 16.0 -15.090823
v 15.0 -15.383789 -15.599612
v 15.0 -15.0625 -15.390628
v 15.0625 -15.0 -15.390628
v 15.383789 -15.0 -15.599612
v 15.0 -15.0 -15.090823
v 15.0 -14.383789 -15.599612
v 15.0 -14.0625 -15.390628
v 15.0625 -14.0 -15.390628
v 15.383789 -14.0 -15.599612
v 15.0 -14.0 -15.090823
v 15.0 -13.383789 -15.599612
v 15.0 -13.0625 -15.390628
v 15.0625 -13.0 -15.390628
v 15.383789 -13.0 -15.599612
v 15.0 -13.0 -15.090823
v 15.0 -12.383789 -15.599612
v 15.0 -12.0625 -15.390628
v 15.0625 -12.0 -15.390628
v 15.383789 -12.0 -15.599612
v 15.0 -12.0 -15.090823
v 15.0 -11.383789 -15.599612
v 15.0 -11.0625 -15.390628
v 15.0625 -11.0 -15.390628
v 15.383789 -11.0 -15.599612
v 15.0 -11.0 -15.090823
v 15.0 -10.383789 -15.599612
v 15.0 -10.0625 -15.390628
v 15.0625 -10.0 -15.390628
v 15.383789 -10.0 -15.599612
v 15.0 -10.0 -15.090823
v 15.0 -9.383789 -15.599612
v 15.0 -9.0625 -15.390628
v 15.0625 -9.0 -15.390628
v 15.383789 -9.0 -15.599612
v 15.0 -9.0 -15.090823
v 15.0 -8.383789 -15.599612
v 15.0 -8.0625 -15.390628
v 15.0625 -8.0 -15.390628
v 15.383789 -8.0 -15.599612
v 15.0 -8.0 -15.090823
v 15.0 -7.383789 -15.599612
v 15.0 -7.0625 -15.390628
v 15.0625 -7.0 -15.390628
v 15.383789 -7.0 -15.599612
v 15.0 -7.0 -15.090823
v 15.0 -6.383789 -15.599612
v 15.0 -6.0625 -15.390628
v 15.0625 -6.0 -15.390628
v 15.383789 -6.0 -15.599612
v 15.0 -6.0 -15.090823
v 15.0 -5.383789 -15.599612
v 15.0 -5.0625 -15.390628
v 15.0625 -5.0 -15.390628
v 15.383789 -5.0 -15.599612
v 15.0 -5.0 -15.090823
v 15.0 -4.383789 -15.599612
v 15.0 -4.0625 -15.390628
v 15.0625 -4.0 -15.390628
v 15.383789 -4.0 -15.599612
v 15.0 -4.0 -15.090823
v 15.0 -3.383789 -15.599612
v 15.0 -3.0625 -15.390628
v 15.0625 -3.0 -15.390628
v 15.383789 -3.0 -15.599612
v 15.0 -3.0 -15.090823
v 15.0 -2.383789 -15.599612
v 15.0 -2.0625 -15.390628
v 15.0625 -2.0 -15.390628
v 15.383789 -2.0 -15.599612
v 15.0 -2.0 -15.090823
v 15.0 -1.3837891 -15.599612
v 15.0 -1.0625 -15.390628
v 15.0625 -1.0 -15.390628
v 15.383789 -1.0 -15.599612
v 15.0 -1.0 -15.090823
v 15.0 -0.383789 -15.599612
v 15.0 -0.0625 -15.390628
v 15.0625 0.0 -15.390628
v 15.383789 0.0 -15.599612
v 15.0 0.0 -15.090823
v 15.0 0.616211 -15.599612
v 15.0 0.9375 -15.390628
v 15.0625 1.0 -15.390628
v 15.383789 1.0 -15.599612
v 15.0 1.0 -15.090823
v 15.0 1.6162109 -15.599612
v 15.0 1.9375 -15.390628
v 15.0625 2.0 -15.390628
v 15.383789 2.0 -15.599612
v 15.0 2.0 -15.090823
v 15.0 2.616211 -15.599612
v 15.0 2.9375 -15.390628
v 15.0625 3.0 -15.390628
v 15.383789 3.0 -15.599612
v 15.0 3.0 -15.090823
v 15.0 3.616211 -15.599612
v 15.0 3.9375 -15.390628
v 15.0625 4.0 -15.390628
v 15.383789 4.0 -15.599612
v 15.0 4.0 -15.090823
v 15.0 4.616211 -15.599612
v 15.0 4.9375 -15.390628
v 15.0625 5.0 -15.390628
v 15.383789 5.0 -15.599612
v 15.0 5.0 -15.090823
v 15.0 5.616211 -15.599612
v 15.0 5.9375 -15.390628
v 15.0625 6.0 -15.390628
v 15.383789 6.0 -15.599612
v 15.0 6.0 -15.090823
v 15.0 6.616211 -15.599612
v 15.0 6.9375 -15.390628
v 15.0625 7.0 -15.390628
v 15.383789 7.0 -15.599612
v 15.0 7.0 -15.090823
v 15.0 7.616211 -15.599612
v 15.0 7.9375 -15.390628
v 15.0625 8.0 -15.390628
v 15.383789 8.0 -15.599612
v 15.0 8.0 -15.090823
v 15.0 8.616211 -15.599612
v 15.0 8.9375 -15.390628
v 15.0625 9.0 -15.390628
v 15.383789 9.0 -15.599612
v 15.0 9.0 -15.090823
v 15.0 9.616211 -15.599612
v 15.0 9.9375 -15.390628
v 15.0625 10.0 -15.390628
v 15.383789 10.0 -15.599612
v 15.0 10.0 -15.090823
v 15.0 10.616211 -15.599612
v 15.0 10.9375 -15.390628
v 15.0625 11.0 -15.390628
v 15.383789 11.0 -15.599612
v 15.0 11.0 -15.090823
v 15.0 11.616211 -15.599612
v 15.0 11.9375 -15.390628
v 15.0625 12.0 -15.390628
v 15.383789 12.0 -15.599612
v 15.0 12.0 -15.090823
v 15.0 12.616211 -15.599612
v 15.0 12.9375 -15.390628
v 15.0625 13.0 -15.390628
v 15.383789 13.0 -15.599612
v 15.0 13.0 -15.090823
v 15.0 13.616211 -15.599612
v 15.0 13.9375 -15.390628
v 15.0625 14.0 -15.390628
v 15.383789 14.0 -15.599612
v 15.0 14.0 -15.090823
v 15.0 14.616211 -15.599612
v 15.0 14.9375 -15.390628
v 15.0625 15.0 -15.390628
v 15.383789 15.0 -15.599612
v 15.0 15.0 -15.090823
v 15.0 15.616211 -15.599612
v 15.0 15.9375 -15.390628
v 15.0625 16.0 -15.390628
v 15.383789 16.0 -15.599612
v 15.0 16.0 -15.090823
vt -0.081425 0.513672
vt 0.081425 0.513672
vt 0.0 0.75
vt 0.25 0.0
vt -0.25 0.0
vt -0.081425 0.513672
vt 0.081425 0.513672
vt 0.0 0.75
vt 0.25 0.0
vt -0.25 0.0
vt -0.081425 0.513672
vt 0.081425 0.513672
vt 0.0 0.75
vt 0.25 0.0
vt -0.25 0.0
vt -0.081425 0.513672
vt 0.081425 0.513672
vt 0.0 0.75
vt 0.25 0.0
vt -0.25 0.0
vt -0.081425 0.513672
vt 0.081425 0.513672
vt 0.0 0.75
vt 0.25 0.0
vt -0.25 0.0
vt -0.081425 0.513672
vt 0.081425 0.513672
vt 0.0 0.75
vt 0.25 0.0
vt -0.25 0.0
vt -0.081425 0.513672
vt 0.081425 0.513672
vt 0.0 0.75
vt 0.25 0.0
vt -0.25 0.0
vt -0.081425 0.513672
vt 0.081425 0.513672
vt 0.0 0.75
vt 0.25 0.0
vt -0.25 0.0
vt -0.081425 0.513672
vt 0.081425 0.513672
vt 0.0 0.75
vt 0.25 0.0
vt -0.25 0.0
vt 0.0 -0.097656
vt 0.0 -0.015625
vt -1.5 -0.015625
vt -1.5 -0.097656
vt 0.0 -0.394531
vt -1.5 -0.394531
vt 0.0 0.109375
vt -1.5 0.109375
vt -1.5 0.015625
vt 0.0 0.015625
vt -9.0 -1.25
vt -9.0 -1.486328
vt -6.0 -1.486328
vt -6.0 -1.25
vt -9.0 -2.0
vt -6.0 -2.0
vt 2.0 -0.894531
vt 2.0 -0.597656
vt 0.0 -0.597656
vt 0.0 -0.894531
vt 2.0 -0.515625
vt 0.0 -0.515625
vt 2.0 -0.894531
vt 0.0 -0.894531
vt 0.0 -0.988281
vt 2.0 -0.988281
vt 2.0 6.5
vt 0.0 6.5
vt 0.0 6.0
vt 2.0 6.0
vt 2.0 -0.894531
vt 2.0 -0.597656
vt 0.0 -0.597656
vt 0.0 -0.894531
vt 2.0 -0.515625
vt 0.0 -0.515625
vt 2.0 -0.894531
vt 0.0 -0.894531
vt 0.0 -0.988281
vt 2.0 -0.988281
vt 0.5 7.5
vt 0.0 7.5
vt 0.0 7.0
vt 0.5 7.0
vt 0.5 -0.894531
vt 0.5 -0.597656
vt 0.0 -0.597656
vt 0.0 -0.894531
vt 0.5 -0.515625
vt 0.0 -0.515625
vt 0.5 -0.894531
vt 0.0 -0.894531
vt 0.0 -0.988281
vt 0.5 -0.988281
vt 2.0 12.0
vt 0.0 12.0
vt 0.0 8.0
vt 2.0 8.0
vt 0.5 14.0
vt 0.0 14.0
vt 0.0 12.0
vt 0.5 12.0
vt 1.0 16.0
vt 0.0 16.0
vt 0.0 14.0
vt 1.0 14.0
vt -0.081425 0.513672
vt 0.081425 0.513672
vt 0.0 0.75
vt 0.25 0.0
vt -0.25 0.0
vt -0.081425 0.513672
vt 0.081425 0.513672
vt 0.0 0.75
vt 0.25 0.0
vt -0.25 0.0
vt -0.081425 0.513672
vt 0.081425 0.513672
vt 0.0 0.75
vt 0.25 0.0
vt -0.25 0.0
vt -0.081425 0.513672
vt 0.081425 0.513672
vt 0.0 0.75
vt 0.25 0.0
vt -0.25 0.0
vt -0.081425 0.513672
vt 0.081425 0.513672
vt 0.0 0.75
vt 0.25 0.0
vt -0.25 0.0
vt -0.081425 0.513672
vt 0.081425 0.513672
vt 0.0 0.75
vt 0.25 0.0
vt -0.25 0.0
vt -0.081425 0.513672
vt 0.081425 0.513672
vt 0.0 0.75
vt 0.25 0.0
vt -0.25 0.0
vt -0.081425 0.513672
vt 0.081425 0.513672
vt 0.0 0.75
vt 0.25 0.0
vt -0.25 0.0
vt -0.081425 0.513672
vt 0.081425 0.513672
vt 0.0 0.75
vt 0.25 0.0
vt -0.25 0.0
vt -0.081425 0.513672
vt 0.081425 0.513672
vt 0.0 0.75
vt 0.25 0.0
vt -0.25 0.0
vt 0.841797 -0.986328
vt 0.998047 -0.986328
vt 0.966797 -0.892578
vt 0.841797 -0.892578
vt 0.498047 -0.986328
vt 0.654297 -0.986328
vt 0.654297 -0.892578
vt 0.529297 -0.892578
vt -0.470703 -1.392578
vt -0.345703 -1.392578
vt -0.345703 -1.105469
vt -0.158203 -1.392578
vt -0.158203 -1.105469
vt -0.033203 -1.392578
vt -0.158203 -0.609375
vt -0.251953 -0.515625
vt -0.345703 -0.609375
vt 1.0 0.5
vt 1.0 0.0
vt 1.03125 0.1875
vt 1.15625 0.03125
vt 1.5 0.0
vt 0.753906 -0.599609
vt 1.0 -0.599609
vt 1.0 -0.513672
vt 0.5 -0.513672
vt 1.0 -0.599609
vt 1.279297 -0.599609
vt 1.5 -0.513672
vt 1.0 -0.513672
vt 0.4375 -0.59375
vt 0.4375 -0.890625
vt 0.285156 -0.59375
vt 0.285156 -0.890625
vt 0.4375 -0.890625
vt 0.4375 -0.394531
vt 0.285156 -0.394531
vt 0.285156 -0.486328
vt 0.4375 -0.394531
vt 0.4375 -0.59375
vt 0.285156 -0.59375
vt 0.4375 -0.890625
vt 2.5 13.0
vt 0.5 13.0
vt 0.5 12.0
vt 2.5 12.0
vt 1.0 14.0
vt 0.5 14.0
vt 0.5 13.0
vt 1.0 13.0
vt -0.081425 0.513672
vt 0.081425 0.513672
vt 0.0 0.75
vt 0.25 0.0
vt -0.25 0.0
vt -0.081425 0.513672
vt 0.081425 0.513672
vt 0.0 0.75
vt 0.25 0.0
vt -0.25 0.0
vt -0.081425 0.513672
vt 0.081425 0.513672
vt 0.0 0.75
vt 0.25 0.0
vt -0.25 0.0
vt -0.081425 0.513672
vt 0.081425 0.513672
vt 0.0 0.75
vt 0.25 0.0
vt -0.25 0.0
vt -0.081425 0.513672
vt 0.081425 0.513672
vt 0.0 0.75
vt 0.25 0.0
vt -0.25 0.0
vt -0.081425 0.513672
vt 0.081425 0.513672
vt 0.0 0.75
vt 0.25 0.0
vt -0.25 0.0
vt -0.081425 0.513672
vt 0.081425 0.513672
vt 0.0 0.75
vt 0.25 0.0
vt -0.25 0.0
vt -0.081425 0.513672
vt 0.081425 0.513672
vt 0.0 0.75
vt 0.25 0.0
vt -0.25 0.0
vt -0.081425 0.513672
vt 0.081425 0.513672
vt 0.0 0.75
vt 0.25 0.0
vt -0.25 0.0
vt -0.081425 0.513672
vt 0.081425 0.513672
vt 0.0 0.75
vt 0.25 0.0
vt -0.25 0.0
vt 1.5 -0.894531
vt 1.5 -0.597656
vt 0.0 -0.597656
vt 0.0 -0.894531
vt 1.5 -0.515625
vt 0.0 -0.515625
vt 1.5 -0.894531
vt 0.0 -0.894531
vt 0.0 -0.988281
vt 1.5 -0.988281
vt 4.0 8.0
vt 1.0 8.0
vt 1.0 7.5
vt 4.0 7.5
vt 1.0 13.0
vt 4.0 13.0
vt 4.0 13.5
vt 1.0 13.5
vt 2.0 14.5
vt 1.0 14.5
vt 1.0 13.5
vt 2.0 13.5
vt 2.0 16.0
vt 1.0 16.0
vt 1.0 14.5
vt 2.0 14.5
vt -0.081425 0.513672
vt 0.081425 0.513672
vt 0.0 0.75
vt 0.25 0.0
vt -0.25 0.0
vt -0.081425 0.513672
vt 0.081425 0.513672
vt 0.0 0.75
vt 0.25 0.0
vt -0.25 0.0
vt -0.081425 0.513672
vt 0.081425 0.513672
vt 0.0 0.75
vt 0.25 0.0
vt -0.25 0.0
vt -0.081425 0.513672
vt 0.081425 0.513672
vt 0.0 0.75
vt 0.25 0.0
vt -0.25 0.0
vt -0.081425 0.513672
vt 0.081425 0.513672
vt 0.0 0.75
vt 0.25 0.0
vt -0.25 0.0
vt -0.081425 0.513672
vt 0.081425 0.513672
vt 0.0 0.75
vt 0.25 0.0
vt -0.25 0.0
vt -0.081425 0.513672
vt 0.081425 0.513672
vt 0.0 0.75
vt 0.25 0.0
vt -0.25 0.0
vt -0.081425 0.513672
vt 0.081425 0.513672
vt 0.0 0.75
vt 0.25 0.0
vt -0.25 0.0
vt -0.081425 0.513672
vt 0.081425 0.513672
vt 0.0 0.75
vt 0.25 0.0
vt -0.25 0.0
vt -0.470703 -0.892578
vt -0.345703 -0.892578
vt -0.345703 -0.605469
vt -0.158203 -0.892578
vt -0.158203 -0.605469
vt -0.033203 -0.892578
vt -0.158203 -0.109375
vt -0.251953 -0.015625
vt -0.345703 -0.109375
vt -0.345703 -0.986328
vt -0.158203 -0.986328
vt -0.158203 -0.892578
vt -0.345703 -0.892578
vt -0.001953 -0.986328
vt -0.033203 -0.892578
vt -0.501953 -0.986328
vt -0.470703 -0.892578
vt -2.0 -1.486328
vt -2.0 -2.0
vt -1.0 -2.0
vt -1.0 -1.486328
vt -2.0 -1.486328
vt -2.0 -2.0
vt -1.0 -2.0
vt -1.0 -1.486328
vt -2.0 -1.25
vt -1.0 -1.25
vt 1.207031 -2.001953
vt 0.792969 -1.505859
vt 0.207031 -1.505859
vt -0.207031 -2.001953
vt 0.628906 -1.25
vt 0.371094 -1.25
vt -2.0 -1.25
vt -1.0 -1.25
vt 0.4375 -0.09375
vt 0.4375 -0.390625
vt 0.285156 -0.09375
vt 0.285156 -0.390625
vt 0.4375 -0.390625
vt 0.4375 0.105469
vt 0.285156 0.105469
vt 0.285156 0.013672
vt 0.4375 0.105469
vt 1.0 -0.099609
vt 1.279297 -0.099609
vt 1.5 -0.013672
vt 1.0 -0.013672
vt 0.4375 -0.09375
vt 1.0 -0.013672
vt 0.5 -0.013672
vt 0.753906 -0.099609
vt 1.0 -0.099609
vt 0.15 0.75
vt -0.15 0.75
vt -0.0 0.5
vt -0.081425 0.513672
vt 0.081425 0.513672
vt 0.0 0.75
vt 0.25 0.0
vt -0.25 0.0
vt -0.081425 0.513672
vt 0.081425 0.513672
vt 0.0 0.75
vt 0.25 0.0
vt -0.25 0.0
vt -0.081425 0.513672
vt 0.081425 0.513672
vt 0.0 0.75
vt 0.25 0.0
vt -0.25 0.0
vt -0.081425 0.513672
vt 0.081425 0.513672
vt 0.0 0.75
vt 0.25 0.0
vt -0.25 0.0
vt -0.081425 0.513672
vt 0.081425 0.513672
vt 0.0 0.75
vt 0.25 0.0
vt -0.25 0.0
vt -0.081425 0.513672
vt 0.081425 0.513672
vt 0.0 0.75
vt 0.25 0.0
vt -0.25 0.0
vt -0.081425 0.513672
vt 0.081425 0.513672
vt 0.0 0.75
vt 0.25 0.0
vt -0.25 0.0
vt -0.081425 0.513672
vt 0.081425 0.513672
vt 0.0 0.75
vt 0.25 0.0
vt -0.25 0.0
vt -0.081425 0.513672
vt 0.081425 0.513672
vt 0.0 0.75
vt 0.25 0.0
vt -0.25 0.0
vt 0.0 -0.097656
vt 0.0 -0.015625
vt -1.0 -0.015625
vt -1.0 -0.097656
vt 0.0 -0.394531
vt -1.0 -0.394531
vt 0.0 0.109375
vt -1.0 0.109375
vt -1.0 0.015625
vt 0.0 0.015625
vt -6.0 -1.25
vt -6.0 -1.486328
vt -4.0 -1.486328
vt -4.0 -1.25
vt -6.0 -2.0
vt -4.0 -2.0
vt 0.841797 -0.986328
vt 0.998047 -0.986328
vt 0.966797 -0.892578
vt 0.841797 -0.892578
vt 0.498047 -0.986328
vt 0.654297 -0.986328
vt 0.654297 -0.892578
vt 0.529297 -0.892578
vt -0.470703 -1.392578
vt -0.345703 -1.392578
vt -0.345703 -1.105469
vt -0.158203 -1.392578
vt -0.158203 -1.105469
vt -0.033203 -1.392578
vt -0.158203 -0.609375
vt -0.251953 -0.515625
vt -0.345703 -0.609375
vt 1.0 0.5
vt 1.0 0.0
vt 1.03125 0.1875
vt 1.15625 0.03125
vt 1.5 0.0
vt 0.753906 -0.599609
vt 1.0 -0.599609
vt 1.0 -0.513672
vt 0.5 -0.513672
vt 1.0 -0.599609
vt 1.279297 -0.599609
vt 1.5 -0.513672
vt 1.0 -0.513672
vt 0.4375 -0.59375
vt 0.4375 -0.890625
vt 0.285156 -0.59375
vt 0.285156 -0.890625
vt 0.4375 -0.890625
vt 0.4375 -0.394531
vt 0.285156 -0.394531
vt 0.285156 -0.486328
vt 0.4375 -0.394531
vt 0.4375 -0.59375
vt 0.285156 -0.59375
vt 0.4375 -0.890625
vt 0.841797 -0.986328
vt 0.998047 -0.986328
vt 0.966797 -0.892578
vt 0.841797 -0.892578
vt 0.498047 -0.986328
vt 0.654297 -0.986328
vt 0.654297 -0.892578
vt 0.529297 -0.892578
vt -0.470703 -1.392578
vt -0.345703 -1.392578
vt -0.345703 -1.105469
vt -0.158203 -1.392578
vt -0.158203 -1.105469
vt -0.033203 -1.392578
vt -0.158203 -0.609375
vt -0.251953 -0.515625
vt -0.345703 -0.609375
vt 1.0 0.5
vt 1.0 0.0
vt 1.03125 0.1875
vt 1.15625 0.03125
vt 1.5 0.0
vt 0.753906 -0.599609
vt 1.0 -0.599609
vt 1.0 -0.513672
vt 0.5 -0.513672
vt 1.0 -0.599609
vt 1.279297 -0.599609
vt 1.5 -0.513672
vt 1.0 -0.513672
vt 0.4375 -0.59375
vt 0.4375 -0.890625
vt 0.285156 -0.59375
vt 0.285156 -0.890625
vt 0.4375 -0.890625
vt 0.4375 -0.394531
vt 0.285156 -0.394531
vt 0.285156 -0.486328
vt 0.4375 -0.394531
vt 0.4375 -0.59375
vt 0.285156 -0.59375
vt 0.4375 -0.890625
vt 2.0 8.0
vt 2.5 8.0
vt 2.5 9.5
vt 2.0 9.5
vt 0.511719 -0.488281
vt 0.990234 -0.488281
vt 0.990234 -0.011719
vt 0.511719 -0.011719
vt 0.511719 -0.488281
vt 0.990234 -0.488281
vt 0.990234 -0.011719
vt 0.511719 -0.011719
vt 0.511719 -0.488281
vt 0.990234 -0.488281
vt 0.990234 -0.011719
vt 0.511719 -0.011719
vt 0.511719 -0.488281
vt 0.990234 -0.488281
vt 0.990234 -0.011719
vt 0.511719 -0.011719
vt 2.5 12.0
vt 2.0 12.0
vt 2.0 11.5
vt 2.5 11.5
vt 6.0 14.0
vt 2.0 14.0
vt 2.0 13.5
vt 6.0 13.5
vt 0.271484 -0.75
vt 0.960938 -0.75
vt 0.960938 -0.984375
vt 0.271484 -0.984375
vt 0.056641 -0.939453
vt 0.078125 -0.964844
vt 0.078125 -0.951172
vt 0.056641 -0.925781
vt 0.109375 -0.832031
vt 0.109375 -0.791016
vt 0.033203 -0.791016
vt 0.033203 -0.832031
vt 0.023438 -0.943359
vt 0.023438 -0.964844
vt 0.033203 -0.960938
vt 0.033203 -0.943359
vt 0.144531 -0.796875
vt 0.144531 -0.839844
vt 0.222656 -0.839844
vt 0.222656 -0.796875
vt 0.2125 0.0875
vt 0.2125 0.081944
vt 0.2125 0.068273
vt 0.2125 0.0875
vt 0.2125 0.081944
vt 0.2125 0.0875
vt 0.2125 0.0875
vt 0.2125 0.068273
vt 0.042969 -0.964844
vt 0.042969 -0.943359
vt 0.033203 -0.943359
vt 0.033203 -0.960938
vt 0.101562 -0.925781
vt 0.080078 -0.951172
vt 0.080078 -0.964844
vt 0.101562 -0.939453
vt 0.960938 -0.984375
vt 0.960938 -0.75
vt 0.271484 -0.75
vt 0.271484 -0.984375
vt 0.2125 0.081944
vt 0.1625 0.0375
vt 0.1625 0.053342
vt 0.2 0.0875
vt 0.146484 -0.84375
vt 0.224609 -0.84375
vt 0.224609 -0.800781
vt 0.146484 -0.800781
vt 0.109375 -0.925781
vt 0.109375 -0.939453
vt 0.109375 -0.791016
vt 0.03125 -0.791016
vt 0.03125 -0.832031
vt 0.109375 -0.832031
vt 0.1625 0.0375
vt 0.2125 0.081944
vt 0.2 0.0875
vt 0.1625 0.053342
vt 0.048828 -0.939453
vt 0.048828 -0.925781
vt 0.2 0.0875
vt 0.2125 0.081944
vt 0.2125 0.0875
vt 0.2125 0.081944
vt 0.2 0.0875
vt 0.2125 0.0875
vt 1.125 -0.726562
vt 1.125 -0.039062
vt 0.0 -0.039062
vt 0.0 -0.726562
vt 6.0 15.0
vt 2.0 15.0
vt 2.0 14.5
vt 6.0 14.5
vt 3.0 16.0
vt 2.0 16.0
vt 2.0 15.0
vt 3.0 15.0
vt -0.081425 0.513672
vt 0.081425 0.513672
vt 0.0 0.75
vt 0.25 0.0
vt -0.25 0.0
vt -0.081425 0.513672
vt 0.081425 0.513672
vt 0.0 0.75
vt 0.25 0.0
vt -0.25 0.0
vt -0.081425 0.513672
vt 0.081425 0.513672
vt 0.0 0.75
vt 0.25 0.0
vt -0.25 0.0
vt -0.081425 0.513672
vt 0.081425 0.513672
vt 0.0 0.75
vt 0.25 0.0
vt -0.25 0.0
vt -0.081425 0.513672
vt 0.081425 0.513672
vt 0.0 0.75
vt 0.25 0.0
vt -0.25 0.0
vt -0.081425 0.513672
vt 0.081425 0.513672
vt 0.0 0.75
vt 0.25 0.0
vt -0.25 0.0
vt -0.081425 0.513672
vt 0.081425 0.513672
vt 0.0 0.75
vt 0.25 0.0
vt -0.25 0.0
vt -0.081425 0.513672
vt 0.081425 0.513672
vt 0.0 0.75
vt 0.25 0.0
vt -0.25 0.0
vt -0.081425 0.513672
vt 0.081425 0.513672
vt 0.0 0.75
vt 0.25 0.0
vt -0.25 0.0
vt 1.0 -0.894531
vt 1.0 -0.597656
vt 0.0 -0.597656
vt 0.0 -0.894531
vt 1.0 -0.515625
vt 0.0 -0.515625
vt 1.0 -0.894531
vt 0.0 -0.894531
vt 0.0 -0.988281
vt 1.0 -0.988281
vt 6.5 6.0
vt 2.5 6.0
vt 2.5 5.5
vt 6.5 5.5
vt 4.0 -0.894531
vt 4.0 -0.597656
vt 0.0 -0.597656
vt 0.0 -0.894531
vt 4.0 -0.515625
vt 0.0 -0.515625
vt 4.0 -0.894531
vt 0.0 -0.894531
vt 0.0 -0.988281
vt 4.0 -0.988281
vt 0.841797 -0.986328
vt 0.998047 -0.986328
vt 0.966797 -0.892578
vt 0.841797 -0.892578
vt 0.498047 -0.986328
vt 0.654297 -0.986328
vt 0.654297 -0.892578
vt 0.529297 -0.892578
vt -0.470703 -1.392578
vt -0.345703 -1.392578
vt -0.345703 -1.105469
vt -0.158203 -1.392578
vt -0.158203 -1.105469
vt -0.033203 -1.392578
vt -0.158203 -0.609375
vt -0.251953 -0.515625
vt -0.345703 -0.609375
vt 1.0 0.5
vt 1.0 0.0
vt 1.03125 0.1875
vt 1.15625 0.03125
vt 1.5 0.0
vt 0.753906 -0.599609
vt 1.0 -0.599609
vt 1.0 -0.513672
vt 0.5 -0.513672
vt 1.0 -0.599609
vt 1.279297 -0.599609
vt 1.5 -0.513672
vt 1.0 -0.513672
vt 0.4375 -0.59375
vt 0.4375 -0.890625
vt 0.285156 -0.59375
vt 0.285156 -0.890625
vt 0.4375 -0.890625
vt 0.4375 -0.394531
vt 0.285156 -0.394531
vt 0.285156 -0.486328
vt 0.4375 -0.394531
vt 0.4375 -0.59375
vt 0.285156 -0.59375
vt 0.4375 -0.890625
vt 2.5 8.0
vt 3.0 8.0
vt 3.0 8.5
vt 2.5 8.5
vt 0.511719 -0.488281
vt 0.990234 -0.488281
vt 0.990234 -0.011719
vt 0.511719 -0.011719
vt 0.511719 -0.488281
vt 0.990234 -0.488281
vt 0.990234 -0.011719
vt 0.511719 -0.011719
vt 0.511719 -0.488281
vt 0.990234 -0.488281
vt 0.990234 -0.011719
vt 0.511719 -0.011719
vt 0.511719 -0.488281
vt 0.990234 -0.488281
vt 0.990234 -0.011719
vt 0.511719 -0.011719
vt 0.511719 -0.488281
vt 0.990234 -0.488281
vt 0.990234 -0.011719
vt 0.511719 -0.011719
vt 0.511719 -0.488281
vt 0.990234 -0.488281
vt 0.990234 -0.011719
vt 0.511719 -0.011719
vt 0.511719 -0.488281
vt 0.990234 -0.488281
vt 0.990234 -0.011719
vt 0.511719 -0.011719
vt 0.511719 -0.488281
vt 0.990234 -0.488281
vt 0.990234 -0.011719
vt 0.511719 -0.011719
vt 3.0 13.0
vt 2.5 13.0
vt 2.5 12.5
vt 3.0 12.5
vt -0.081425 0.513672
vt 0.081425 0.513672
vt 0.0 0.75
vt 0.25 0.0
vt -0.25 0.0
vt -0.081425 0.513672
vt 0.081425 0.513672
vt 0.0 0.75
vt 0.25 0.0
vt -0.25 0.0
vt -0.081425 0.513672
vt 0.081425 0.513672
vt 0.0 0.75
vt 0.25 0.0
vt -0.25 0.0
vt -0.081425 0.513672
vt 0.081425 0.513672
vt 0.0 0.75
vt 0.25 0.0
vt -0.25 0.0
vt -0.081425 0.513672
vt 0.081425 0.513672
vt 0.0 0.75
vt 0.25 0.0
vt -0.25 0.0
vt -0.081425 0.513672
vt 0.081425 0.513672
vt 0.0 0.75
vt 0.25 0.0
vt -0.25 0.0
vt -0.081425 0.513672
vt 0.081425 0.513672
vt 0.0 0.75
vt 0.25 0.0
vt -0.25 0.0
vt -0.081425 0.513672
vt 0.081425 0.513672
vt 0.0 0.75
vt 0.25 0.0
vt -0.25 0.0
vt -0.470703 -0.892578
vt -0.345703 -0.892578
vt -0.345703 -0.605469
vt -0.158203 -0.892578
vt -0.158203 -0.605469
vt -0.033203 -0.892578
vt -0.158203 -0.109375
vt -0.251953 -0.015625
vt -0.345703 -0.109375
vt -0.345703 -0.986328
vt -0.158203 -0.986328
vt -0.158203 -0.892578
vt -0.345703 -0.892578
vt -0.001953 -0.986328
vt -0.033203 -0.892578
vt -0.501953 -0.986328
vt -0.470703 -0.892578
vt -2.0 -1.486328
vt -2.0 -2.0
vt -1.0 -2.0
vt -1.0 -1.486328
vt -2.0 -1.486328
vt -2.0 -2.0
vt -1.0 -2.0
vt -1.0 -1.486328
vt -2.0 -1.25
vt -1.0 -1.25
vt 1.207031 -2.001953
vt 0.792969 -1.505859
vt 0.207031 -1.505859
vt -0.207031 -2.001953
vt 0.628906 -1.25
vt 0.371094 -1.25
vt -2.0 -1.25
vt -1.0 -1.25
vt 0.4375 -0.09375
vt 0.4375 -0.390625
vt 0.285156 -0.09375
vt 0.285156 -0.390625
vt 0.4375 -0.390625
vt 0.4375 0.105469
vt 0.285156 0.105469
vt 0.285156 0.013672
vt 0.4375 0.105469
vt 1.0 -0.099609
vt 1.279297 -0.099609
vt 1.5 -0.013672
vt 1.0 -0.013672
vt 0.4375 -0.09375
vt 1.0 -0.013672
vt 0.5 -0.013672
vt 0.753906 -0.099609
vt 1.0 -0.099609
vt 0.15 0.75
vt -0.15 0.75
vt -0.0 0.5
vt 3.5 -0.894531
vt 3.5 -0.597656
vt 0.0 -0.597656
vt 0.0 -0.894531
vt 3.5 -0.515625
vt 0.0 -0.515625
vt 3.5 -0.894531
vt 0.0 -0.894531
vt 0.0 -0.988281
vt 3.5 -0.988281
vt 7.0 7.5
vt 3.0 7.5
vt 3.0 7.0
vt 7.0 7.0
vt 0.511719 -0.488281
vt 0.990234 -0.488281
vt 0.990234 -0.011719
vt 0.511719 -0.011719
vt 0.511719 -0.488281
vt 0.990234 -0.488281
vt 0.990234 -0.011719
vt 0.511719 -0.011719
vt 0.511719 -0.488281
vt 0.990234 -0.488281
vt 0.990234 -0.011719
vt 0.511719 -0.011719
vt 0.511719 -0.488281
vt 0.990234 -0.488281
vt 0.990234 -0.011719
vt 0.511719 -0.011719
vt 0.511719 -0.488281
vt 0.990234 -0.488281
vt 0.990234 -0.011719
vt 0.511719 -0.011719
vt 0.511719 -0.488281
vt 0.990234 -0.488281
vt 0.990234 -0.011719
vt 0.511719 -0.011719
vt 0.511719 -0.488281
vt 0.990234 -0.488281
vt 0.990234 -0.011719
vt 0.511719 -0.011719
vt 0.511719 -0.488281
vt 0.990234 -0.488281
vt 0.990234 -0.011719
vt 0.511719 -0.011719
vt 0.511719 -0.488281
vt 0.990234 -0.488281
vt 0.990234 -0.011719
vt 0.511719 -0.011719
vt 0.511719 -0.488281
vt 0.990234 -0.488281
vt 0.990234 -0.011719
vt 0.511719 -0.011719
vt 0.271484 -0.75
vt 0.960938 -0.75
vt 0.960938 -0.984375
vt 0.271484 -0.984375
vt 0.056641 -0.939453
vt 0.078125 -0.964844
vt 0.078125 -0.951172
vt 0.056641 -0.925781
vt 0.109375 -0.832031
vt 0.109375 -0.791016
vt 0.033203 -0.791016
vt 0.033203 -0.832031
vt 0.023438 -0.943359
vt 0.023438 -0.964844
vt 0.033203 -0.960938
vt 0.033203 -0.943359
vt 0.144531 -0.796875
vt 0.144531 -0.839844
vt 0.222656 -0.839844
vt 0.222656 -0.796875
vt 0.2125 0.0875
vt 0.2125 0.081944
vt 0.2125 0.068273
vt 0.2125 0.0875
vt 0.2125 0.081944
vt 0.2125 0.0875
vt 0.2125 0.0875
vt 0.2125 0.068273
vt 0.042969 -0.964844
vt 0.042969 -0.943359
vt 0.033203 -0.943359
vt 0.033203 -0.960938
vt 0.101562 -0.925781
vt 0.080078 -0.951172
vt 0.080078 -0.964844
vt 0.101562 -0.939453
vt 0.960938 -0.984375
vt 0.960938 -0.75
vt 0.271484 -0.75
vt 0.271484 -0.984375
vt 0.2125 0.081944
vt 0.1625 0.0375
vt 0.1625 0.053342
vt 0.2 0.0875
vt 0.146484 -0.84375
vt 0.224609 -0.84375
vt 0.224609 -0.800781
vt 0.146484 -0.800781
vt 0.109375 -0.925781
vt 0.109375 -0.939453
vt 0.109375 -0.791016
vt 0.03125 -0.791016
vt 0.03125 -0.832031
vt 0.109375 -0.832031
vt 0.1625 0.0375
vt 0.2125 0.081944
vt 0.2 0.0875
vt 0.1625 0.053342
vt 0.048828 -0.939453
vt 0.048828 -0.925781
vt 0.2 0.0875
vt 0.2125 0.081944
vt 0.2125 0.0875
vt 0.2125 0.081944
vt 0.2 0.0875
vt 0.2125 0.0875
vt 1.125 -0.726562
vt 1.125 -0.039062
vt 0.0 -0.039062
vt 0.0 -0.726562
vt 6.0 16.0
vt 3.0 16.0
vt 3.0 15.5
vt 6.0 15.5
vt -0.081425 0.513672
vt 0.081425 0.513672
vt 0.0 0.75
vt 0.25 0.0
vt -0.25 0.0
vt -0.081425 0.513672
vt 0.081425 0.513672
vt 0.0 0.75
vt 0.25 0.0
vt -0.25 0.0
vt -0.081425 0.513672
vt 0.081425 0.513672
vt 0.0 0.75
vt 0.25 0.0
vt -0.25 0.0
vt -0.081425 0.513672
vt 0.081425 0.513672
vt 0.0 0.75
vt 0.25 0.0
vt -0.25 0.0
vt -0.081425 0.513672
vt 0.081425 0.513672
vt 0.0 0.75
vt 0.25 0.0
vt -0.25 0.0
vt -0.081425 0.513672
vt 0.081425 0.513672
vt 0.0 0.75
vt 0.25 0.0
vt -0.25 0.0
vt -0.081425 0.513672
vt 0.081425 0.513672
vt 0.0 0.75
vt 0.25 0.0
vt -0.25 0.0
vt -0.081425 0.513672
vt 0.081425 0.513672
vt 0.0 0.75
vt 0.25 0.0
vt -0.25 0.0
vt 0.0 -0.097656
vt 0.0 -0.015625
vt -4.0 -0.015625
vt -4.0 -0.097656
vt 0.0 -0.394531
vt -4.0 -0.394531
vt 0.0 0.109375
vt -4.0 0.109375
vt -4.0 0.015625
vt 0.0 0.015625
vt -24.0 -1.25
vt -24.0 -1.486328
vt -16.0 -1.486328
vt -16.0 -1.25
vt -24.0 -2.0
vt -16.0 -2.0
vt 0.841797 -0.986328
vt 0.998047 -0.986328
vt 0.966797 -0.892578
vt 0.841797 -0.892578
vt 0.498047 -0.986328
vt 0.654297 -0.986328
vt 0.654297 -0.892578
vt 0.529297 -0.892578
vt -0.470703 -1.392578
vt -0.345703 -1.392578
vt -0.345703 -1.105469
vt -0.158203 -1.392578
vt -0.158203 -1.105469
vt -0.033203 -1.392578
vt -0.158203 -0.609375
vt -0.251953 -0.515625
vt -0.345703 -0.609375
vt 1.0 0.5
vt 1.0 0.0
vt 1.03125 0.1875
vt 1.15625 0.03125
vt 1.5 0.0
vt 0.753906 -0.599609
vt 1.0 -0.599609
vt 1.0 -0.513672
vt 0.5 -0.513672
vt 1.0 -0.599609
vt 1.279297 -0.599609
vt 1.5 -0.513672
vt 1.0 -0.513672
vt 0.4375 -0.59375
vt 0.4375 -0.890625
vt 0.285156 -0.59375
vt 0.285156 -0.890625
vt 0.4375 -0.890625
vt 0.4375 -0.394531
vt 0.285156 -0.394531
vt 0.285156 -0.486328
vt 0.4375 -0.394531
vt 0.4375 -0.59375
vt 0.285156 -0.59375
vt 0.4375 -0.890625
vt 0.511719 -0.488281
vt 0.990234 -0.488281
vt 0.990234 -0.011719
vt 0.511719 -0.011719
vt 0.511719 -0.488281
vt 0.990234 -0.488281
vt 0.990234 -0.011719
vt 0.511719 -0.011719
vt 0.511719 -0.488281
vt 0.990234 -0.488281
vt 0.990234 -0.011719
vt 0.511719 -0.011719
vt 0.511719 -0.488281
vt 0.990234 -0.488281
vt 0.990234 -0.011719
vt 0.511719 -0.011719
vt 0.511719 -0.488281
vt 0.990234 -0.488281
vt 0.990234 -0.011719
vt 0.511719 -0.011719
vt 0.511719 -0.488281
vt 0.990234 -0.488281
vt 0.990234 -0.011719
vt 0.511719 -0.011719
vt 0.511719 -0.488281
vt 0.990234 -0.488281
vt 0.990234 -0.011719
vt 0.511719 -0.011719
vt 0.511719 -0.488281
vt 0.990234 -0.488281
vt 0.990234 -0.011719
vt 0.511719 -0.011719
vt 0.511719 -0.488281
vt 0.990234 -0.488281
vt 0.990234 -0.011719
vt 0.511719 -0.011719
vt 0.511719 -0.488281
vt 0.990234 -0.488281
vt 0.990234 -0.011719
vt 0.511719 -0.011719
vt 3.5 14.0
vt 6.5 14.0
vt 6.5 14.5
vt 3.5 14.5
vt -0.081425 0.513672
vt 0.081425 0.513672
vt 0.0 0.75
vt 0.25 0.0
vt -0.25 0.0
vt -0.081425 0.513672
vt 0.081425 0.513672
vt 0.0 0.75
vt 0.25 0.0
vt -0.25 0.0
vt -0.081425 0.513672
vt 0.081425 0.513672
vt 0.0 0.75
vt 0.25 0.0
vt -0.25 0.0
vt -0.081425 0.513672
vt 0.081425 0.513672
vt 0.0 0.75
vt 0.25 0.0
vt -0.25 0.0
vt -0.081425 0.513672
vt 0.081425 0.513672
vt 0.0 0.75
vt 0.25 0.0
vt -0.25 0.0
vt -0.081425 0.513672
vt 0.081425 0.513672
vt 0.0 0.75
vt 0.25 0.0
vt -0.25 0.0
vt -0.081425 0.513672
vt 0.081425 0.513672
vt 0.0 0.75
vt 0.25 0.0
vt -0.25 0.0
vt -0.081425 0.513672
vt 0.081425 0.513672
vt 0.0 0.75
vt 0.25 0.0
vt -0.25 0.0
vt 4.0 -0.894531
vt 4.0 -0.597656
vt 0.0 -0.597656
vt 0.0 -0.894531
vt 4.0 -0.515625
vt 0.0 -0.515625
vt 4.0 -0.894531
vt 0.0 -0.894531
vt 0.0 -0.988281
vt 4.0 -0.988281
vt 8.0 5.5
vt 4.0 5.5
vt 4.0 5.0
vt 8.0 5.0
vt 0.511719 -0.488281
vt 0.990234 -0.488281
vt 0.990234 -0.011719
vt 0.511719 -0.011719
vt 0.511719 -0.488281
vt 0.990234 -0.488281
vt 0.990234 -0.011719
vt 0.511719 -0.011719
vt 0.511719 -0.488281
vt 0.990234 -0.488281
vt 0.990234 -0.011719
vt 0.511719 -0.011719
vt 0.511719 -0.488281
vt 0.990234 -0.488281
vt 0.990234 -0.011719
vt 0.511719 -0.011719
vt 0.511719 -0.488281
vt 0.990234 -0.488281
vt 0.990234 -0.011719
vt 0.511719 -0.011719
vt 0.511719 -0.488281
vt 0.990234 -0.488281
vt 0.990234 -0.011719
vt 0.511719 -0.011719
vt 0.511719 -0.488281
vt 0.990234 -0.488281
vt 0.990234 -0.011719
vt 0.511719 -0.011719
vt 0.511719 -0.488281
vt 0.990234 -0.488281
vt 0.990234 -0.011719
vt 0.511719 -0.011719
vt 0.511719 -0.488281
vt 0.990234 -0.488281
vt 0.990234 -0.011719
vt 0.511719 -0.011719
vt 0.511719 -0.488281
vt 0.990234 -0.488281
vt 0.990234 -0.011719
vt 0.511719 -0.011719
vt 0.511719 -0.488281
vt 0.990234 -0.488281
vt 0.990234 -0.011719
vt 0.511719 -0.011719
vt 0.511719 -0.488281
vt 0.990234 -0.488281
vt 0.990234 -0.011719
vt 0.511719 -0.011719
vt -0.081425 0.513672
vt 0.081425 0.513672
vt 0.0 0.75
vt 0.25 0.0
vt -0.25 0.0
vt -0.081425 0.513672
vt 0.081425 0.513672
vt 0.0 0.75
vt 0.25 0.0
vt -0.25 0.0
vt -0.081425 0.513672
vt 0.081425 0.513672
vt 0.0 0.75
vt 0.25 0.0
vt -0.25 0.0
vt -0.081425 0.513672
vt 0.081425 0.513672
vt 0.0 0.75
vt 0.25 0.0
vt -0.25 0.0
vt -0.081425 0.513672
vt 0.081425 0.513672
vt 0.0 0.75
vt 0.25 0.0
vt -0.25 0.0
vt -0.081425 0.513672
vt 0.081425 0.513672
vt 0.0 0.75
vt 0.25 0.0
vt -0.25 0.0
vt -0.081425 0.513672
vt 0.081425 0.513672
vt 0.0 0.75
vt 0.25 0.0
vt -0.25 0.0
vt -0.081425 0.513672
vt 0.081425 0.513672
vt 0.0 0.75
vt 0.25 0.0
vt -0.25 0.0
vt 0.511719 -0.488281
vt 0.990234 -0.488281
vt 0.990234 -0.011719
vt 0.511719 -0.011719
vt 0.511719 -0.488281
vt 0.990234 -0.488281
vt 0.990234 -0.011719
vt 0.511719 -0.011719
vt 0.511719 -0.488281
vt 0.990234 -0.488281
vt 0.990234 -0.011719
vt 0.511719 -0.011719
vt 0.511719 -0.488281
vt 0.990234 -0.488281
vt 0.990234 -0.011719
vt 0.511719 -0.011719
vt 0.511719 -0.488281
vt 0.990234 -0.488281
vt 0.990234 -0.011719
vt 0.511719 -0.011719
vt 0.511719 -0.488281
vt 0.990234 -0.488281
vt 0.990234 -0.011719
vt 0.511719 -0.011719
vt 0.511719 -0.488281
vt 0.990234 -0.488281
vt 0.990234 -0.011719
vt 0.511719 -0.011719
vt 0.511719 -0.488281
vt 0.990234 -0.488281
vt 0.990234 -0.011719
vt 0.511719 -0.011719
vt 0.511719 -0.488281
vt 0.990234 -0.488281
vt 0.990234 -0.011719
vt 0.511719 -0.011719
vt 0.511719 -0.488281
vt 0.990234 -0.488281
vt 0.990234 -0.011719
vt 0.511719 -0.011719
vt 0.511719 -0.488281
vt 0.990234 -0.488281
vt 0.990234 -0.011719
vt 0.511719 -0.011719
vt 0.511719 -0.488281
vt 0.990234 -0.488281
vt 0.990234 -0.011719
vt 0.511719 -0.011719
vt 4.5 15.0
vt 5.5 15.0
vt 5.5 15.5
vt 4.5 15.5
vt -0.081425 0.513672
vt 0.081425 0.513672
vt 0.0 0.75
vt 0.25 0.0
vt -0.25 0.0
vt -0.081425 0.513672
vt 0.081425 0.513672
vt 0.0 0.75
vt 0.25 0.0
vt -0.25 0.0
vt -0.081425 0.513672
vt 0.081425 0.513672
vt 0.0 0.75
vt 0.25 0.0
vt -0.25 0.0
vt -0.081425 0.513672
vt 0.081425 0.513672
vt 0.0 0.75
vt 0.25 0.0
vt -0.25 0.0
vt -0.081425 0.513672
vt 0.081425 0.513672
vt 0.0 0.75
vt 0.25 0.0
vt -0.25 0.0
vt -0.081425 0.513672
vt 0.081425 0.513672
vt 0.0 0.75
vt 0.25 0.0
vt -0.25 0.0
vt -0.081425 0.513672
vt 0.081425 0.513672
vt 0.0 0.75
vt 0.25 0.0
vt -0.25 0.0
vt -0.081425 0.513672
vt 0.081425 0.513672
vt 0.0 0.75
vt 0.25 0.0
vt -0.25 0.0
vt 0.511719 -0.488281
vt 0.990234 -0.488281
vt 0.990234 -0.011719
vt 0.511719 -0.011719
vt 0.511719 -0.488281
vt 0.990234 -0.488281
vt 0.990234 -0.011719
vt 0.511719 -0.011719
vt 0.511719 -0.488281
vt 0.990234 -0.488281
vt 0.990234 -0.011719
vt 0.511719 -0.011719
vt 0.511719 -0.488281
vt 0.990234 -0.488281
vt 0.990234 -0.011719
vt 0.511719 -0.011719
vt 0.511719 -0.488281
vt 0.990234 -0.488281
vt 0.990234 -0.011719
vt 0.511719 -0.011719
vt 0.511719 -0.488281
vt 0.990234 -0.488281
vt 0.990234 -0.011719
vt 0.511719 -0.011719
vt 0.511719 -0.488281
vt 0.990234 -0.488281
vt 0.990234 -0.011719
vt 0.511719 -0.011719
vt 0.511719 -0.488281
vt 0.990234 -0.488281
vt 0.990234 -0.011719
vt 0.511719 -0.011719
vt 0.511719 -0.488281
vt 0.990234 -0.488281
vt 0.990234 -0.011719
vt 0.511719 -0.011719
vt 0.511719 -0.488281
vt 0.990234 -0.488281
vt 0.990234 -0.011719
vt 0.511719 -0.011719
vt 0.511719 -0.488281
vt 0.990234 -0.488281
vt 0.990234 -0.011719
vt 0.511719 -0.011719
vt 0.511719 -0.488281
vt 0.990234 -0.488281
vt 0.990234 -0.011719
vt 0.511719 -0.011719
vt -0.081425 0.513672
vt 0.081425 0.513672
vt 0.0 0.75
vt 0.25 0.0
vt -0.25 0.0
vt -0.081425 0.513672
vt 0.081425 0.513672
vt 0.0 0.75
vt 0.25 0.0
vt -0.25 0.0
vt -0.081425 0.513672
vt 0.081425 0.513672
vt 0.0 0.75
vt 0.25 0.0
vt -0.25 0.0
vt -0.081425 0.513672
vt 0.081425 0.513672
vt 0.0 0.75
vt 0.25 0.0
vt -0.25 0.0
vt -0.081425 0.513672
vt 0.081425 0.513672
vt 0.0 0.75
vt 0.25 0.0
vt -0.25 0.0
vt -0.081425 0.513672
vt 0.081425 0.513672
vt 0.0 0.75
vt 0.25 0.0
vt -0.25 0.0
vt -0.081425 0.513672
vt 0.081425 0.513672
vt 0.0 0.75
vt 0.25 0.0
vt -0.25 0.0
vt -0.081425 0.513672
vt 0.081425 0.513672
vt 0.0 0.75
vt 0.25 0.0
vt -0.25 0.0
vt 0.511719 -0.488281
vt 0.990234 -0.488281
vt 0.990234 -0.011719
vt 0.511719 -0.011719
vt 0.511719 -0.488281
vt 0.990234 -0.488281
vt 0.990234 -0.011719
vt 0.511719 -0.011719
vt 0.511719 -0.488281
vt 0.990234 -0.488281
vt 0.990234 -0.011719
vt 0.511719 -0.011719
vt 0.511719 -0.488281
vt 0.990234 -0.488281
vt 0.990234 -0.011719
vt 0.511719 -0.011719
vt 0.511719 -0.488281
vt 0.990234 -0.488281
vt 0.990234 -0.011719
vt 0.511719 -0.011719
vt 0.511719 -0.488281
vt 0.990234 -0.488281
vt 0.990234 -0.011719
vt 0.511719 -0.011719
vt 0.511719 -0.488281
vt 0.990234 -0.488281
vt 0.990234 -0.011719
vt 0.511719 -0.011719
vt 0.511719 -0.488281
vt 0.990234 -0.488281
vt 0.990234 -0.011719
vt 0.511719 -0.011719
vt 0.511719 -0.488281
vt 0.990234 -0.488281
vt 0.990234 -0.011719
vt 0.511719 -0.011719
vt 0.511719 -0.488281
vt 0.990234 -0.488281
vt 0.990234 -0.011719
vt 0.511719 -0.011719
vt 0.511719 -0.488281
vt 0.990234 -0.488281
vt 0.990234 -0.011719
vt 0.511719 -0.011719
vt 0.511719 -0.488281
vt 0.990234 -0.488281
vt 0.990234 -0.011719
vt 0.511719 -0.011719
vt 5.5 15.0
vt 6.0 15.0
vt 6.0 15.5
vt 5.5 15.5
vt -0.081425 0.513672
vt 0.081425 0.513672
vt 0.0 0.75
vt 0.25 0.0
vt -0.25 0.0
vt -0.081425 0.513672
vt 0.081425 0.513672
vt 0.0 0.75
vt 0.25 0.0
vt -0.25 0.0
vt -0.081425 0.513672
vt 0.081425 0.513672
vt 0.0 0.75
vt 0.25 0.0
vt -0.25 0.0
vt -0.081425 0.513672
vt 0.081425 0.513672
vt 0.0 0.75
vt 0.25 0.0
vt -0.25 0.0
vt -0.081425 0.513672
vt 0.081425 0.513672
vt 0.0 0.75
vt 0.25 0.0
vt -0.25 0.0
vt -0.081425 0.513672
vt 0.081425 0.513672
vt 0.0 0.75
vt 0.25 0.0
vt -0.25 0.0
vt -0.081425 0.513672
vt 0.081425 0.513672
vt 0.0 0.75
vt 0.25 0.0
vt -0.25 0.0
vt -0.081425 0.513672
vt 0.081425 0.513672
vt 0.0 0.75
vt 0.25 0.0
vt -0.25 0.0
vt 8.0 8.0
vt 6.0 8.0
vt 6.0 7.5
vt 8.0 7.5
vt 0.511719 -0.488281
vt 0.990234 -0.488281
vt 0.990234 -0.011719
vt 0.511719 -0.011719
vt 0.511719 -0.488281
vt 0.990234 -0.488281
vt 0.990234 -0.011719
vt 0.511719 -0.011719
vt 0.511719 -0.488281
vt 0.990234 -0.488281
vt 0.990234 -0.011719
vt 0.511719 -0.011719
vt 0.511719 -0.488281
vt 0.990234 -0.488281
vt 0.990234 -0.011719
vt 0.511719 -0.011719
vt 0.511719 -0.488281
vt 0.990234 -0.488281
vt 0.990234 -0.011719
vt 0.511719 -0.011719
vt 0.511719 -0.488281
vt 0.990234 -0.488281
vt 0.990234 -0.011719
vt 0.511719 -0.011719
vt 0.511719 -0.488281
vt 0.990234 -0.488281
vt 0.990234 -0.011719
vt 0.511719 -0.011719
vt 0.511719 -0.488281
vt 0.990234 -0.488281
vt 0.990234 -0.011719
vt 0.511719 -0.011719
vt 0.511719 -0.488281
vt 0.990234 -0.488281
vt 0.990234 -0.011719
vt 0.511719 -0.011719
vt 0.511719 -0.488281
vt 0.990234 -0.488281
vt 0.990234 -0.011719
vt 0.511719 -0.011719
vt 6.0 13.0
vt 7.5 13.0
vt 7.5 13.5
vt 6.0 13.5
vt 7.0 14.0
vt 6.0 14.0
vt 6.0 13.5
vt 7.0 13.5
vt 0.753906 -0.599609
vt 1.0 -0.599609
vt 1.0 -0.513672
vt 0.5 -0.513672
vt 1.0 -0.599609
vt 1.279297 -0.599609
vt 1.5 -0.513672
vt 1.0 -0.513672
vt 0.4375 -0.59375
vt 0.4375 -0.890625
vt 0.285156 -0.59375
vt 0.285156 -0.890625
vt 0.4375 -0.890625
vt 0.4375 -0.394531
vt 0.285156 -0.394531
vt 0.285156 -0.486328
vt 0.4375 -0.394531
vt 0.4375 -0.59375
vt 0.285156 -0.59375
vt 0.4375 -0.890625
vt 0.841797 -0.986328
vt 0.998047 -0.986328
vt 0.966797 -0.892578
vt 0.841797 -0.892578
vt 0.498047 -0.986328
vt 0.654297 -0.986328
vt 0.654297 -0.892578
vt 0.529297 -0.892578
vt -0.470703 -1.392578
vt -0.345703 -1.392578
vt -0.345703 -1.105469
vt -0.158203 -1.392578
vt -0.158203 -1.105469
vt -0.033203 -1.392578
vt -0.158203 -0.609375
vt -0.251953 -0.515625
vt -0.345703 -0.609375
vt 1.0 0.5
vt 1.0 0.0
vt 1.03125 0.1875
vt 1.15625 0.03125
vt 1.5 0.0
vt 10.0 16.0
vt 6.0 16.0
vt 6.0 15.5
vt 10.0 15.5
vt -0.081425 0.513672
vt 0.081425 0.513672
vt 0.0 0.75
vt 0.25 0.0
vt -0.25 0.0
vt -0.081425 0.513672
vt 0.081425 0.513672
vt 0.0 0.75
vt 0.25 0.0
vt -0.25 0.0
vt -0.081425 0.513672
vt 0.081425 0.513672
vt 0.0 0.75
vt 0.25 0.0
vt -0.25 0.0
vt -0.081425 0.513672
vt 0.081425 0.513672
vt 0.0 0.75
vt 0.25 0.0
vt -0.25 0.0
vt -0.081425 0.513672
vt 0.081425 0.513672
vt 0.0 0.75
vt 0.25 0.0
vt -0.25 0.0
vt -0.081425 0.513672
vt 0.081425 0.513672
vt 0.0 0.75
vt 0.25 0.0
vt -0.25 0.0
vt -0.081425 0.513672
vt 0.081425 0.513672
vt 0.0 0.75
vt 0.25 0.0
vt -0.25 0.0
vt -0.081425 0.513672
vt 0.081425 0.513672
vt 0.0 0.75
vt 0.25 0.0
vt -0.25 0.0
vt 6.5 6.0
vt 6.5 5.5
vt 9.5 6.0
vt 9.5 5.5
vt 0.5 -0.894531
vt 0.5 -0.597656
vt 0.0 -0.597656
vt 0.0 -0.894531
vt 0.5 -0.515625
vt 0.0 -0.515625
vt 0.5 -0.894531
vt 0.0 -0.894531
vt 0.0 -0.988281
vt 0.5 -0.988281
vt 0.841797 -0.986328
vt 0.998047 -0.986328
vt 0.966797 -0.892578
vt 0.841797 -0.892578
vt 0.498047 -0.986328
vt 0.654297 -0.986328
vt 0.654297 -0.892578
vt 0.529297 -0.892578
vt -0.470703 -1.392578
vt -0.345703 -1.392578
vt -0.345703 -1.105469
vt -0.158203 -1.392578
vt -0.158203 -1.105469
vt -0.033203 -1.392578
vt -0.158203 -0.609375
vt -0.251953 -0.515625
vt -0.345703 -0.609375
vt 1.0 0.5
vt 1.0 0.0
vt 1.03125 0.1875
vt 1.15625 0.03125
vt 1.5 0.0
vt 0.511719 -0.488281
vt 0.990234 -0.488281
vt 0.990234 -0.011719
vt 0.511719 -0.011719
vt 0.511719 -0.488281
vt 0.990234 -0.488281
vt 0.990234 -0.011719
vt 0.511719 -0.011719
vt 0.511719 -0.488281
vt 0.990234 -0.488281
vt 0.990234 -0.011719
vt 0.511719 -0.011719
vt 0.511719 -0.488281
vt 0.990234 -0.488281
vt 0.990234 -0.011719
vt 0.511719 -0.011719
vt 0.511719 -0.488281
vt 0.990234 -0.488281
vt 0.990234 -0.011719
vt 0.511719 -0.011719
vt 0.511719 -0.488281
vt 0.990234 -0.488281
vt 0.990234 -0.011719
vt 0.511719 -0.011719
vt 0.511719 -0.488281
vt 0.990234 -0.488281
vt 0.990234 -0.011719
vt 0.511719 -0.011719
vt 0.511719 -0.488281
vt 0.990234 -0.488281
vt 0.990234 -0.011719
vt 0.511719 -0.011719
vt 0.511719 -0.488281
vt 0.990234 -0.488281
vt 0.990234 -0.011719
vt 0.511719 -0.011719
vt 0.511719 -0.488281
vt 0.990234 -0.488281
vt 0.990234 -0.011719
vt 0.511719 -0.011719
vt 0.753906 -0.599609
vt 1.0 -0.599609
vt 1.0 -0.513672
vt 0.5 -0.513672
vt 1.0 -0.599609
vt 1.279297 -0.599609
vt 1.5 -0.513672
vt 1.0 -0.513672
vt 0.4375 -0.59375
vt 0.4375 -0.890625
vt 0.285156 -0.59375
vt 0.285156 -0.890625
vt 0.4375 -0.890625
vt 0.4375 -0.394531
vt 0.285156 -0.394531
vt 0.285156 -0.486328
vt 0.4375 -0.394531
vt 0.4375 -0.59375
vt 0.285156 -0.59375
vt 0.4375 -0.890625
vt 0.841797 -0.986328
vt 0.998047 -0.986328
vt 0.966797 -0.892578
vt 0.841797 -0.892578
vt 0.498047 -0.986328
vt 0.654297 -0.986328
vt 0.654297 -0.892578
vt 0.529297 -0.892578
vt -0.470703 -1.392578
vt -0.345703 -1.392578
vt -0.345703 -1.105469
vt -0.158203 -1.392578
vt -0.158203 -1.105469
vt -0.033203 -1.392578
vt -0.158203 -0.609375
vt -0.251953 -0.515625
vt -0.345703 -0.609375
vt 1.0 0.5
vt 1.0 0.0
vt 1.03125 0.1875
vt 1.15625 0.03125
vt 1.5 0.0
vt 10.5 15.5
vt 6.5 15.0
vt 6.5 15.5
vt 10.5 15.0
vt -0.081425 0.513672
vt 0.081425 0.513672
vt 0.0 0.75
vt 0.25 0.0
vt -0.25 0.0
vt -0.081425 0.513672
vt 0.081425 0.513672
vt 0.0 0.75
vt 0.25 0.0
vt -0.25 0.0
vt -0.081425 0.513672
vt 0.081425 0.513672
vt 0.0 0.75
vt 0.25 0.0
vt -0.25 0.0
vt -0.081425 0.513672
vt 0.081425 0.513672
vt 0.0 0.75
vt 0.25 0.0
vt -0.25 0.0
vt -0.081425 0.513672
vt 0.081425 0.513672
vt 0.0 0.75
vt 0.25 0.0
vt -0.25 0.0
vt -0.081425 0.513672
vt 0.081425 0.513672
vt 0.0 0.75
vt 0.25 0.0
vt -0.25 0.0
vt -0.081425 0.513672
vt 0.081425 0.513672
vt 0.0 0.75
vt 0.25 0.0
vt -0.25 0.0
vt -0.081425 0.513672
vt 0.081425 0.513672
vt 0.0 0.75
vt 0.25 0.0
vt -0.25 0.0
vt 0.841797 -0.986328
vt 0.998047 -0.986328
vt 0.966797 -0.892578
vt 0.841797 -0.892578
vt 0.498047 -0.986328
vt 0.654297 -0.986328
vt 0.654297 -0.892578
vt 0.529297 -0.892578
vt -0.470703 -1.392578
vt -0.345703 -1.392578
vt -0.345703 -1.105469
vt -0.158203 -1.392578
vt -0.158203 -1.105469
vt -0.033203 -1.392578
vt -0.158203 -0.609375
vt -0.251953 -0.515625
vt -0.345703 -0.609375
vt 1.0 0.5
vt 1.0 0.0
vt 1.03125 0.1875
vt 1.15625 0.03125
vt 1.5 0.0
vt 0.753906 -0.599609
vt 1.0 -0.599609
vt 1.0 -0.513672
vt 0.5 -0.513672
vt 1.0 -0.599609
vt 1.279297 -0.599609
vt 1.5 -0.513672
vt 1.0 -0.513672
vt 0.4375 -0.59375
vt 0.4375 -0.890625
vt 0.285156 -0.59375
vt 0.285156 -0.890625
vt 0.4375 -0.890625
vt 0.4375 -0.394531
vt 0.285156 -0.394531
vt 0.285156 -0.486328
vt 0.4375 -0.394531
vt 0.4375 -0.59375
vt 0.285156 -0.59375
vt 0.4375 -0.890625
vt 0.5 -0.894531
vt 0.5 -0.597656
vt 0.0 -0.597656
vt 0.0 -0.894531
vt 0.5 -0.515625
vt 0.0 -0.515625
vt 0.5 -0.894531
vt 0.0 -0.894531
vt 0.0 -0.988281
vt 0.5 -0.988281
vt 7.0 8.0
vt 8.0 8.0
vt 8.0 8.5
vt 7.0 8.5
vt 0.511719 -0.488281
vt 0.990234 -0.488281
vt 0.990234 -0.011719
vt 0.511719 -0.011719
vt 0.511719 -0.488281
vt 0.990234 -0.488281
vt 0.990234 -0.011719
vt 0.511719 -0.011719
vt 0.511719 -0.488281
vt 0.990234 -0.488281
vt 0.990234 -0.011719
vt 0.511719 -0.011719
vt 0.511719 -0.488281
vt 0.990234 -0.488281
vt 0.990234 -0.011719
vt 0.511719 -0.011719
vt 0.511719 -0.488281
vt 0.990234 -0.488281
vt 0.990234 -0.011719
vt 0.511719 -0.011719
vt 0.511719 -0.488281
vt 0.990234 -0.488281
vt 0.990234 -0.011719
vt 0.511719 -0.011719
vt 0.511719 -0.488281
vt 0.990234 -0.488281
vt 0.990234 -0.011719
vt 0.511719 -0.011719
vt 0.511719 -0.488281
vt 0.990234 -0.488281
vt 0.990234 -0.011719
vt 0.511719 -0.011719
vt 8.0 13.0
vt 7.0 13.0
vt 7.0 12.5
vt 8.0 12.5
vt 7.5 14.0
vt 7.0 14.0
vt 7.0 13.5
vt 7.5 13.5
vt 0.5 -0.894531
vt 0.5 -0.597656
vt 0.0 -0.597656
vt 0.0 -0.894531
vt 0.5 -0.515625
vt 0.0 -0.515625
vt 0.5 -0.894531
vt 0.0 -0.894531
vt 0.0 -0.988281
vt 0.5 -0.988281
vt 11.0 15.0
vt 7.0 15.0
vt 7.0 14.5
vt 11.0 14.5
vt -0.081425 0.513672
vt 0.081425 0.513672
vt 0.0 0.75
vt 0.25 0.0
vt -0.25 0.0
vt -0.081425 0.513672
vt 0.081425 0.513672
vt 0.0 0.75
vt 0.25 0.0
vt -0.25 0.0
vt -0.081425 0.513672
vt 0.081425 0.513672
vt 0.0 0.75
vt 0.25 0.0
vt -0.25 0.0
vt -0.081425 0.513672
vt 0.081425 0.513672
vt 0.0 0.75
vt 0.25 0.0
vt -0.25 0.0
vt -0.081425 0.513672
vt 0.081425 0.513672
vt 0.0 0.75
vt 0.25 0.0
vt -0.25 0.0
vt -0.081425 0.513672
vt 0.081425 0.513672
vt 0.0 0.75
vt 0.25 0.0
vt -0.25 0.0
vt -0.081425 0.513672
vt 0.081425 0.513672
vt 0.0 0.75
vt 0.25 0.0
vt -0.25 0.0
vt -0.081425 0.513672
vt 0.081425 0.513672
vt 0.0 0.75
vt 0.25 0.0
vt -0.25 0.0
vt 0.0 -0.097656
vt 0.0 -0.015625
vt -1.5 -0.015625
vt -1.5 -0.097656
vt 0.0 -0.394531
vt -1.5 -0.394531
vt 0.0 0.109375
vt -1.5 0.109375
vt -1.5 0.015625
vt 0.0 0.015625
vt -9.0 -1.25
vt -9.0 -1.486328
vt -6.0 -1.486328
vt -6.0 -1.25
vt -9.0 -2.0
vt -6.0 -2.0
vt 7.5 6.5
vt 7.5 6.0
vt 10.5 6.5
vt 10.5 6.0
vt 0.841797 -0.986328
vt 0.998047 -0.986328
vt 0.966797 -0.892578
vt 0.841797 -0.892578
vt 0.498047 -0.986328
vt 0.654297 -0.986328
vt 0.654297 -0.892578
vt 0.529297 -0.892578
vt -0.470703 -1.392578
vt -0.345703 -1.392578
vt -0.345703 -1.105469
vt -0.158203 -1.392578
vt -0.158203 -1.105469
vt -0.033203 -1.392578
vt -0.158203 -0.609375
vt -0.251953 -0.515625
vt -0.345703 -0.609375
vt 1.0 0.5
vt 1.0 0.0
vt 1.03125 0.1875
vt 1.15625 0.03125
vt 1.5 0.0
vt 0.841797 -0.986328
vt 0.998047 -0.986328
vt 0.966797 -0.892578
vt 0.841797 -0.892578
vt 0.498047 -0.986328
vt 0.654297 -0.986328
vt 0.654297 -0.892578
vt 0.529297 -0.892578
vt -0.470703 -1.392578
vt -0.345703 -1.392578
vt -0.345703 -1.105469
vt -0.158203 -1.392578
vt -0.158203 -1.105469
vt -0.033203 -1.392578
vt -0.158203 -0.609375
vt -0.251953 -0.515625
vt -0.345703 -0.609375
vt 1.0 0.5
vt 1.0 0.0
vt 1.03125 0.1875
vt 1.15625 0.03125
vt 1.5 0.0
vt 8.5 9.5
vt 8.5 8.5
vt 7.5 9.5
vt 7.5 8.5
vt 0.511719 -0.488281
vt 0.990234 -0.488281
vt 0.990234 -0.011719
vt 0.511719 -0.011719
vt 0.511719 -0.488281
vt 0.990234 -0.488281
vt 0.990234 -0.011719
vt 0.511719 -0.011719
vt 0.511719 -0.488281
vt 0.990234 -0.488281
vt 0.990234 -0.011719
vt 0.511719 -0.011719
vt 0.511719 -0.488281
vt 0.990234 -0.488281
vt 0.990234 -0.011719
vt 0.511719 -0.011719
vt 8.0 12.5
vt 7.5 12.5
vt 7.5 11.5
vt 8.0 11.5
vt 0.753906 -0.599609
vt 1.0 -0.599609
vt 1.0 -0.513672
vt 0.5 -0.513672
vt 1.0 -0.599609
vt 1.279297 -0.599609
vt 1.5 -0.513672
vt 1.0 -0.513672
vt 0.4375 -0.59375
vt 0.4375 -0.890625
vt 0.285156 -0.59375
vt 0.285156 -0.890625
vt 0.4375 -0.890625
vt 0.4375 -0.394531
vt 0.285156 -0.394531
vt 0.285156 -0.486328
vt 0.4375 -0.394531
vt 0.4375 -0.59375
vt 0.285156 -0.59375
vt 0.4375 -0.890625
vt 0.5 -0.894531
vt 0.5 -0.597656
vt 0.0 -0.597656
vt 0.0 -0.894531
vt 0.5 -0.515625
vt 0.0 -0.515625
vt 0.5 -0.894531
vt 0.0 -0.894531
vt 0.0 -0.988281
vt 0.5 -0.988281
vt 0.841797 -0.986328
vt 0.998047 -0.986328
vt 0.966797 -0.892578
vt 0.841797 -0.892578
vt 0.498047 -0.986328
vt 0.654297 -0.986328
vt 0.654297 -0.892578
vt 0.529297 -0.892578
vt -0.470703 -1.392578
vt -0.345703 -1.392578
vt -0.345703 -1.105469
vt -0.158203 -1.392578
vt -0.158203 -1.105469
vt -0.033203 -1.392578
vt -0.158203 -0.609375
vt -0.251953 -0.515625
vt -0.345703 -0.609375
vt 1.0 0.5
vt 1.0 0.0
vt 1.03125 0.1875
vt 1.15625 0.03125
vt 1.5 0.0
vt -0.081425 0.513672
vt 0.081425 0.513672
vt 0.0 0.75
vt 0.25 0.0
vt -0.25 0.0
vt -0.081425 0.513672
vt 0.081425 0.513672
vt 0.0 0.75
vt 0.25 0.0
vt -0.25 0.0
vt -0.081425 0.513672
vt 0.081425 0.513672
vt 0.0 0.75
vt 0.25 0.0
vt -0.25 0.0
vt -0.081425 0.513672
vt 0.081425 0.513672
vt 0.0 0.75
vt 0.25 0.0
vt -0.25 0.0
vt -0.081425 0.513672
vt 0.081425 0.513672
vt 0.0 0.75
vt 0.25 0.0
vt -0.25 0.0
vt -0.081425 0.513672
vt 0.081425 0.513672
vt 0.0 0.75
vt 0.25 0.0
vt -0.25 0.0
vt -0.081425 0.513672
vt 0.081425 0.513672
vt 0.0 0.75
vt 0.25 0.0
vt -0.25 0.0
vt -0.081425 0.513672
vt 0.081425 0.513672
vt 0.0 0.75
vt 0.25 0.0
vt -0.25 0.0
vt 0.5 -0.894531
vt 0.5 -0.597656
vt 0.0 -0.597656
vt 0.0 -0.894531
vt 0.5 -0.515625
vt 0.0 -0.515625
vt 0.5 -0.894531
vt 0.0 -0.894531
vt 0.0 -0.988281
vt 0.5 -0.988281
vt 8.0 5.5
vt 8.0 5.0
vt 8.5 5.5
vt 8.5 5.0
vt 11.0 7.0
vt 8.0 7.0
vt 8.0 6.5
vt 11.0 6.5
vt 0.841797 -0.986328
vt 0.998047 -0.986328
vt 0.966797 -0.892578
vt 0.841797 -0.892578
vt 0.498047 -0.986328
vt 0.654297 -0.986328
vt 0.654297 -0.892578
vt 0.529297 -0.892578
vt -0.470703 -1.392578
vt -0.345703 -1.392578
vt -0.345703 -1.105469
vt -0.158203 -1.392578
vt -0.158203 -1.105469
vt -0.033203 -1.392578
vt -0.158203 -0.609375
vt -0.251953 -0.515625
vt -0.345703 -0.609375
vt 1.0 0.5
vt 1.0 0.0
vt 1.03125 0.1875
vt 1.15625 0.03125
vt 1.5 0.0
vt 0.841797 -0.986328
vt 0.998047 -0.986328
vt 0.966797 -0.892578
vt 0.841797 -0.892578
vt 0.498047 -0.986328
vt 0.654297 -0.986328
vt 0.654297 -0.892578
vt 0.529297 -0.892578
vt -0.470703 -1.392578
vt -0.345703 -1.392578
vt -0.345703 -1.105469
vt -0.158203 -1.392578
vt -0.158203 -1.105469
vt -0.033203 -1.392578
vt -0.158203 -0.609375
vt -0.251953 -0.515625
vt -0.345703 -0.609375
vt 1.0 0.5
vt 1.0 0.0
vt 1.03125 0.1875
vt 1.15625 0.03125
vt 1.5 0.0
vt 8.5 8.5
vt 8.0 8.0
vt 8.0 8.5
vt 8.5 8.0
vt 8.0 12.0
vt 8.5 9.5
vt 8.5 12.0
vt 8.0 9.5
vt 0.753906 -0.599609
vt 1.0 -0.599609
vt 1.0 -0.513672
vt 0.5 -0.513672
vt 1.0 -0.599609
vt 1.279297 -0.599609
vt 1.5 -0.513672
vt 1.0 -0.513672
vt 0.4375 -0.59375
vt 0.4375 -0.890625
vt 0.285156 -0.59375
vt 0.285156 -0.890625
vt 0.4375 -0.890625
vt 0.4375 -0.394531
vt 0.285156 -0.394531
vt 0.285156 -0.486328
vt 0.4375 -0.394531
vt 0.4375 -0.59375
vt 0.285156 -0.59375
vt 0.4375 -0.890625
vt 0.5 -0.894531
vt 0.5 -0.597656
vt 0.0 -0.597656
vt 0.0 -0.894531
vt 0.5 -0.515625
vt 0.0 -0.515625
vt 0.5 -0.894531
vt 0.0 -0.894531
vt 0.0 -0.988281
vt 0.5 -0.988281
vt 0.841797 -0.986328
vt 0.998047 -0.986328
vt 0.966797 -0.892578
vt 0.841797 -0.892578
vt 0.498047 -0.986328
vt 0.654297 -0.986328
vt 0.654297 -0.892578
vt 0.529297 -0.892578
vt -0.470703 -1.392578
vt -0.345703 -1.392578
vt -0.345703 -1.105469
vt -0.158203 -1.392578
vt -0.158203 -1.105469
vt -0.033203 -1.392578
vt -0.158203 -0.609375
vt -0.251953 -0.515625
vt -0.345703 -0.609375
vt 1.0 0.5
vt 1.0 0.0
vt 1.03125 0.1875
vt 1.15625 0.03125
vt 1.5 0.0
vt 12.0 14.5
vt 8.0 14.5
vt 8.0 13.5
vt 12.0 13.5
vt -0.081425 0.513672
vt 0.081425 0.513672
vt 0.0 0.75
vt 0.25 0.0
vt -0.25 0.0
vt -0.081425 0.513672
vt 0.081425 0.513672
vt 0.0 0.75
vt 0.25 0.0
vt -0.25 0.0
vt -0.081425 0.513672
vt 0.081425 0.513672
vt 0.0 0.75
vt 0.25 0.0
vt -0.25 0.0
vt -0.081425 0.513672
vt 0.081425 0.513672
vt 0.0 0.75
vt 0.25 0.0
vt -0.25 0.0
vt -0.081425 0.513672
vt 0.081425 0.513672
vt 0.0 0.75
vt 0.25 0.0
vt -0.25 0.0
vt -0.081425 0.513672
vt 0.081425 0.513672
vt 0.0 0.75
vt 0.25 0.0
vt -0.25 0.0
vt -0.081425 0.513672
vt 0.081425 0.513672
vt 0.0 0.75
vt 0.25 0.0
vt -0.25 0.0
vt -0.081425 0.513672
vt 0.081425 0.513672
vt 0.0 0.75
vt 0.25 0.0
vt -0.25 0.0
vt 0.841797 -0.986328
vt 0.998047 -0.986328
vt 0.966797 -0.892578
vt 0.841797 -0.892578
vt 0.498047 -0.986328
vt 0.654297 -0.986328
vt 0.654297 -0.892578
vt 0.529297 -0.892578
vt -0.470703 -1.392578
vt -0.345703 -1.392578
vt -0.345703 -1.105469
vt -0.158203 -1.392578
vt -0.158203 -1.105469
vt -0.033203 -1.392578
vt -0.158203 -0.609375
vt -0.251953 -0.515625
vt -0.345703 -0.609375
vt 1.0 0.5
vt 1.0 0.0
vt 1.03125 0.1875
vt 1.15625 0.03125
vt 1.5 0.0
vt 0.753906 -0.599609
vt 1.0 -0.599609
vt 1.0 -0.513672
vt 0.5 -0.513672
vt 1.0 -0.599609
vt 1.279297 -0.599609
vt 1.5 -0.513672
vt 1.0 -0.513672
vt 0.4375 -0.59375
vt 0.4375 -0.890625
vt 0.285156 -0.59375
vt 0.285156 -0.890625
vt 0.4375 -0.890625
vt 0.4375 -0.394531
vt 0.285156 -0.394531
vt 0.285156 -0.486328
vt 0.4375 -0.394531
vt 0.4375 -0.59375
vt 0.285156 -0.59375
vt 0.4375 -0.890625
vt 11.5 7.5
vt 8.5 7.5
vt 8.5 7.0
vt 11.5 7.0
vt 0.841797 -0.986328
vt 0.998047 -0.986328
vt 0.966797 -0.892578
vt 0.841797 -0.892578
vt 0.498047 -0.986328
vt 0.654297 -0.986328
vt 0.654297 -0.892578
vt 0.529297 -0.892578
vt -0.470703 -1.392578
vt -0.345703 -1.392578
vt -0.345703 -1.105469
vt -0.158203 -1.392578
vt -0.158203 -1.105469
vt -0.033203 -1.392578
vt -0.158203 -0.609375
vt -0.251953 -0.515625
vt -0.345703 -0.609375
vt 1.0 0.5
vt 1.0 0.0
vt 1.03125 0.1875
vt 1.15625 0.03125
vt 1.5 0.0
vt 0.841797 -0.986328
vt 0.998047 -0.986328
vt 0.966797 -0.892578
vt 0.841797 -0.892578
vt 0.498047 -0.986328
vt 0.654297 -0.986328
vt 0.654297 -0.892578
vt 0.529297 -0.892578
vt -0.470703 -1.392578
vt -0.345703 -1.392578
vt -0.345703 -1.105469
vt -0.158203 -1.392578
vt -0.158203 -1.105469
vt -0.033203 -1.392578
vt -0.158203 -0.609375
vt -0.251953 -0.515625
vt -0.345703 -0.609375
vt 1.0 0.5
vt 1.0 0.0
vt 1.03125 0.1875
vt 1.15625 0.03125
vt 1.5 0.0
vt 8.5 9.5
vt 8.5 8.5
vt 9.0 9.5
vt 9.0 8.5
vt 8.5 11.5
vt 8.5 9.5
vt 9.0 11.5
vt 9.0 9.5
vt 0.753906 -0.599609
vt 1.0 -0.599609
vt 1.0 -0.513672
vt 0.5 -0.513672
vt 1.0 -0.599609
vt 1.279297 -0.599609
vt 1.5 -0.513672
vt 1.0 -0.513672
vt 0.4375 -0.59375
vt 0.4375 -0.890625
vt 0.285156 -0.59375
vt 0.285156 -0.890625
vt 0.4375 -0.890625
vt 0.4375 -0.394531
vt 0.285156 -0.394531
vt 0.285156 -0.486328
vt 0.4375 -0.394531
vt 0.4375 -0.59375
vt 0.285156 -0.59375
vt 0.4375 -0.890625
vt 0.841797 -0.986328
vt 0.998047 -0.986328
vt 0.966797 -0.892578
vt 0.841797 -0.892578
vt 0.498047 -0.986328
vt 0.654297 -0.986328
vt 0.654297 -0.892578
vt 0.529297 -0.892578
vt -0.470703 -1.392578
vt -0.345703 -1.392578
vt -0.345703 -1.105469
vt -0.158203 -1.392578
vt -0.158203 -1.105469
vt -0.033203 -1.392578
vt -0.158203 -0.609375
vt -0.251953 -0.515625
vt -0.345703 -0.609375
vt 1.0 0.5
vt 1.0 0.0
vt 1.03125 0.1875
vt 1.15625 0.03125
vt 1.5 0.0
vt 9.0 13.0
vt 8.5 12.5
vt 8.5 13.0
vt 9.0 12.5
vt 12.5 13.5
vt 8.5 13.5
vt 8.5 13.0
vt 12.5 13.0
vt -0.081425 0.513672
vt 0.081425 0.513672
vt 0.0 0.75
vt 0.25 0.0
vt -0.25 0.0
vt -0.081425 0.513672
vt 0.081425 0.513672
vt 0.0 0.75
vt 0.25 0.0
vt -0.25 0.0
vt -0.081425 0.513672
vt 0.081425 0.513672
vt 0.0 0.75
vt 0.25 0.0
vt -0.25 0.0
vt -0.081425 0.513672
vt 0.081425 0.513672
vt 0.0 0.75
vt 0.25 0.0
vt -0.25 0.0
vt -0.081425 0.513672
vt 0.081425 0.513672
vt 0.0 0.75
vt 0.25 0.0
vt -0.25 0.0
vt -0.081425 0.513672
vt 0.081425 0.513672
vt 0.0 0.75
vt 0.25 0.0
vt -0.25 0.0
vt -0.081425 0.513672
vt 0.081425 0.513672
vt 0.0 0.75
vt 0.25 0.0
vt -0.25 0.0
vt -0.081425 0.513672
vt 0.081425 0.513672
vt 0.0 0.75
vt 0.25 0.0
vt -0.25 0.0
vt -0.470703 -0.892578
vt -0.345703 -0.892578
vt -0.345703 -0.605469
vt -0.158203 -0.892578
vt -0.158203 -0.605469
vt -0.033203 -0.892578
vt -0.158203 -0.109375
vt -0.251953 -0.015625
vt -0.345703 -0.109375
vt -0.345703 -0.986328
vt -0.158203 -0.986328
vt -0.158203 -0.892578
vt -0.345703 -0.892578
vt -0.001953 -0.986328
vt -0.033203 -0.892578
vt -0.501953 -0.986328
vt -0.470703 -0.892578
vt -2.0 -1.486328
vt -2.0 -2.0
vt -1.0 -2.0
vt -1.0 -1.486328
vt -2.0 -1.486328
vt -2.0 -2.0
vt -1.0 -2.0
vt -1.0 -1.486328
vt -2.0 -1.25
vt -1.0 -1.25
vt 1.207031 -2.001953
vt 0.792969 -1.505859
vt 0.207031 -1.505859
vt -0.207031 -2.001953
vt 0.628906 -1.25
vt 0.371094 -1.25
vt -2.0 -1.25
vt -1.0 -1.25
vt 0.4375 -0.09375
vt 0.4375 -0.390625
vt 0.285156 -0.09375
vt 0.285156 -0.390625
vt 0.4375 -0.390625
vt 0.4375 0.105469
vt 0.285156 0.105469
vt 0.285156 0.013672
vt 0.4375 0.105469
vt 1.0 -0.099609
vt 1.279297 -0.099609
vt 1.5 -0.013672
vt 1.0 -0.013672
vt 0.4375 -0.09375
vt 1.0 -0.013672
vt 0.5 -0.013672
vt 0.753906 -0.099609
vt 1.0 -0.099609
vt 0.15 0.75
vt -0.15 0.75
vt -0.0 0.5
vt 0.5 -0.894531
vt 0.5 -0.597656
vt 0.0 -0.597656
vt 0.0 -0.894531
vt 0.5 -0.515625
vt 0.0 -0.515625
vt 0.5 -0.894531
vt 0.0 -0.894531
vt 0.0 -0.988281
vt 0.5 -0.988281
vt 9.0 8.0
vt 9.0 7.5
vt 11.5 8.0
vt 11.5 7.5
vt 0.841797 -0.986328
vt 0.998047 -0.986328
vt 0.966797 -0.892578
vt 0.841797 -0.892578
vt 0.498047 -0.986328
vt 0.654297 -0.986328
vt 0.654297 -0.892578
vt 0.529297 -0.892578
vt -0.470703 -1.392578
vt -0.345703 -1.392578
vt -0.345703 -1.105469
vt -0.158203 -1.392578
vt -0.158203 -1.105469
vt -0.033203 -1.392578
vt -0.158203 -0.609375
vt -0.251953 -0.515625
vt -0.345703 -0.609375
vt 1.0 0.5
vt 1.0 0.0
vt 1.03125 0.1875
vt 1.15625 0.03125
vt 1.5 0.0
vt 0.841797 -0.986328
vt 0.998047 -0.986328
vt 0.966797 -0.892578
vt 0.841797 -0.892578
vt 0.498047 -0.986328
vt 0.654297 -0.986328
vt 0.654297 -0.892578
vt 0.529297 -0.892578
vt -0.470703 -1.392578
vt -0.345703 -1.392578
vt -0.345703 -1.105469
vt -0.158203 -1.392578
vt -0.158203 -1.105469
vt -0.033203 -1.392578
vt -0.158203 -0.609375
vt -0.251953 -0.515625
vt -0.345703 -0.609375
vt 1.0 0.5
vt 1.0 0.0
vt 1.03125 0.1875
vt 1.15625 0.03125
vt 1.5 0.0
vt 2.5 -0.894531
vt 2.5 -0.597656
vt 0.0 -0.597656
vt 0.0 -0.894531
vt 2.5 -0.515625
vt 0.0 -0.515625
vt 2.5 -0.894531
vt 0.0 -0.894531
vt 0.0 -0.988281
vt 2.5 -0.988281
vt 0.841797 -0.986328
vt 0.998047 -0.986328
vt 0.966797 -0.892578
vt 0.841797 -0.892578
vt 0.498047 -0.986328
vt 0.654297 -0.986328
vt 0.654297 -0.892578
vt 0.529297 -0.892578
vt -0.470703 -1.392578
vt -0.345703 -1.392578
vt -0.345703 -1.105469
vt -0.158203 -1.392578
vt -0.158203 -1.105469
vt -0.033203 -1.392578
vt -0.158203 -0.609375
vt -0.251953 -0.515625
vt -0.345703 -0.609375
vt 1.0 0.5
vt 1.0 0.0
vt 1.03125 0.1875
vt 1.15625 0.03125
vt 1.5 0.0
vt 13.0 13.0
vt 9.0 13.0
vt 9.0 12.0
vt 13.0 12.0
vt -0.081425 0.513672
vt 0.081425 0.513672
vt 0.0 0.75
vt 0.25 0.0
vt -0.25 0.0
vt -0.081425 0.513672
vt 0.081425 0.513672
vt 0.0 0.75
vt 0.25 0.0
vt -0.25 0.0
vt -0.081425 0.513672
vt 0.081425 0.513672
vt 0.0 0.75
vt 0.25 0.0
vt -0.25 0.0
vt -0.081425 0.513672
vt 0.081425 0.513672
vt 0.0 0.75
vt 0.25 0.0
vt -0.25 0.0
vt -0.081425 0.513672
vt 0.081425 0.513672
vt 0.0 0.75
vt 0.25 0.0
vt -0.25 0.0
vt -0.081425 0.513672
vt 0.081425 0.513672
vt 0.0 0.75
vt 0.25 0.0
vt -0.25 0.0
vt -0.081425 0.513672
vt 0.081425 0.513672
vt 0.0 0.75
vt 0.25 0.0
vt -0.25 0.0
vt -0.081425 0.513672
vt 0.081425 0.513672
vt 0.0 0.75
vt 0.25 0.0
vt -0.25 0.0
vt -0.081425 0.513672
vt 0.081425 0.513672
vt 0.0 0.75
vt 0.25 0.0
vt -0.25 0.0
vt 0.0 -0.097656
vt 0.0 -0.015625
vt -0.5 -0.015625
vt -0.5 -0.097656
vt 0.0 -0.394531
vt -0.5 -0.394531
vt 0.0 0.109375
vt -0.5 0.109375
vt -0.5 0.015625
vt 0.0 0.015625
vt -3.0 -1.25
vt -3.0 -1.486328
vt -2.0 -1.486328
vt -2.0 -1.25
vt -3.0 -2.0
vt -2.0 -2.0
vt 0.841797 -0.986328
vt 0.998047 -0.986328
vt 0.966797 -0.892578
vt 0.841797 -0.892578
vt 0.498047 -0.986328
vt 0.654297 -0.986328
vt 0.654297 -0.892578
vt 0.529297 -0.892578
vt -0.470703 -1.392578
vt -0.345703 -1.392578
vt -0.345703 -1.105469
vt -0.158203 -1.392578
vt -0.158203 -1.105469
vt -0.033203 -1.392578
vt -0.158203 -0.609375
vt -0.251953 -0.515625
vt -0.345703 -0.609375
vt 1.0 0.5
vt 1.0 0.0
vt 1.03125 0.1875
vt 1.15625 0.03125
vt 1.5 0.0
vt 0.753906 -0.599609
vt 1.0 -0.599609
vt 1.0 -0.513672
vt 0.5 -0.513672
vt 1.0 -0.599609
vt 1.279297 -0.599609
vt 1.5 -0.513672
vt 1.0 -0.513672
vt 0.4375 -0.59375
vt 0.4375 -0.890625
vt 0.285156 -0.59375
vt 0.285156 -0.890625
vt 0.4375 -0.890625
vt 0.4375 -0.394531
vt 0.285156 -0.394531
vt 0.285156 -0.486328
vt 0.4375 -0.394531
vt 0.4375 -0.59375
vt 0.285156 -0.59375
vt 0.4375 -0.890625
vt 12.0 12.0
vt 12.0 8.0
vt 9.5 12.0
vt 9.5 8.0
vt -0.081425 0.513672
vt 0.081425 0.513672
vt 0.0 0.75
vt 0.25 0.0
vt -0.25 0.0
vt -0.081425 0.513672
vt 0.081425 0.513672
vt 0.0 0.75
vt 0.25 0.0
vt -0.25 0.0
vt -0.081425 0.513672
vt 0.081425 0.513672
vt 0.0 0.75
vt 0.25 0.0
vt -0.25 0.0
vt -0.081425 0.513672
vt 0.081425 0.513672
vt 0.0 0.75
vt 0.25 0.0
vt -0.25 0.0
vt -0.081425 0.513672
vt 0.081425 0.513672
vt 0.0 0.75
vt 0.25 0.0
vt -0.25 0.0
vt -0.081425 0.513672
vt 0.081425 0.513672
vt 0.0 0.75
vt 0.25 0.0
vt -0.25 0.0
vt -0.081425 0.513672
vt 0.081425 0.513672
vt 0.0 0.75
vt 0.25 0.0
vt -0.25 0.0
vt -0.081425 0.513672
vt 0.081425 0.513672
vt 0.0 0.75
vt 0.25 0.0
vt -0.25 0.0
vt -0.081425 0.513672
vt 0.081425 0.513672
vt 0.0 0.75
vt 0.25 0.0
vt -0.25 0.0
vt -0.470703 -0.892578
vt -0.345703 -0.892578
vt -0.345703 -0.605469
vt -0.158203 -0.892578
vt -0.158203 -0.605469
vt -0.033203 -0.892578
vt -0.158203 -0.109375
vt -0.251953 -0.015625
vt -0.345703 -0.109375
vt -0.345703 -0.986328
vt -0.158203 -0.986328
vt -0.158203 -0.892578
vt -0.345703 -0.892578
vt -0.001953 -0.986328
vt -0.033203 -0.892578
vt -0.501953 -0.986328
vt -0.470703 -0.892578
vt -2.0 -1.486328
vt -2.0 -2.0
vt -1.0 -2.0
vt -1.0 -1.486328
vt -2.0 -1.486328
vt -2.0 -2.0
vt -1.0 -2.0
vt -1.0 -1.486328
vt -2.0 -1.25
vt -1.0 -1.25
vt 1.207031 -2.001953
vt 0.792969 -1.505859
vt 0.207031 -1.505859
vt -0.207031 -2.001953
vt 0.628906 -1.25
vt 0.371094 -1.25
vt -2.0 -1.25
vt -1.0 -1.25
vt 0.4375 -0.09375
vt 0.4375 -0.390625
vt 0.285156 -0.09375
vt 0.285156 -0.390625
vt 0.4375 -0.390625
vt 0.4375 0.105469
vt 0.285156 0.105469
vt 0.285156 0.013672
vt 0.4375 0.105469
vt 1.0 -0.099609
vt 1.279297 -0.099609
vt 1.5 -0.013672
vt 1.0 -0.013672
vt 0.4375 -0.09375
vt 1.0 -0.013672
vt 0.5 -0.013672
vt 0.753906 -0.099609
vt 1.0 -0.099609
vt 0.15 0.75
vt -0.15 0.75
vt -0.0 0.5
vt 0.5 -0.894531
vt 0.5 -0.597656
vt 0.0 -0.597656
vt 0.0 -0.894531
vt 0.5 -0.515625
vt 0.0 -0.515625
vt 0.5 -0.894531
vt 0.0 -0.894531
vt 0.0 -0.988281
vt 0.5 -0.988281
vt 12.0 16.0
vt 10.0 16.0
vt 10.0 15.5
vt 12.0 15.5
vt -0.081425 0.513672
vt 0.081425 0.513672
vt 0.0 0.75
vt 0.25 0.0
vt -0.25 0.0
vt -0.081425 0.513672
vt 0.081425 0.513672
vt 0.0 0.75
vt 0.25 0.0
vt -0.25 0.0
vt -0.081425 0.513672
vt 0.081425 0.513672
vt 0.0 0.75
vt 0.25 0.0
vt -0.25 0.0
vt -0.081425 0.513672
vt 0.081425 0.513672
vt 0.0 0.75
vt 0.25 0.0
vt -0.25 0.0
vt -0.081425 0.513672
vt 0.081425 0.513672
vt 0.0 0.75
vt 0.25 0.0
vt -0.25 0.0
vt -0.081425 0.513672
vt 0.081425 0.513672
vt 0.0 0.75
vt 0.25 0.0
vt -0.25 0.0
vt -0.081425 0.513672
vt 0.081425 0.513672
vt 0.0 0.75
vt 0.25 0.0
vt -0.25 0.0
vt -0.081425 0.513672
vt 0.081425 0.513672
vt 0.0 0.75
vt 0.25 0.0
vt -0.25 0.0
vt -0.081425 0.513672
vt 0.081425 0.513672
vt 0.0 0.75
vt 0.25 0.0
vt -0.25 0.0
vt -0.081425 0.513672
vt 0.081425 0.513672
vt 0.0 0.75
vt 0.25 0.0
vt -0.25 0.0
vt 0.0 -0.097656
vt 0.0 -0.015625
vt -0.5 -0.015625
vt -0.5 -0.097656
vt 0.0 -0.394531
vt -0.5 -0.394531
vt 0.0 0.109375
vt -0.5 0.109375
vt -0.5 0.015625
vt 0.0 0.015625
vt -3.0 -1.25
vt -3.0 -1.486328
vt -2.0 -1.486328
vt -2.0 -1.25
vt -3.0 -2.0
vt -2.0 -2.0
vt 0.841797 -0.986328
vt 0.998047 -0.986328
vt 0.966797 -0.892578
vt 0.841797 -0.892578
vt 0.498047 -0.986328
vt 0.654297 -0.986328
vt 0.654297 -0.892578
vt 0.529297 -0.892578
vt -0.470703 -1.392578
vt -0.345703 -1.392578
vt -0.345703 -1.105469
vt -0.158203 -1.392578
vt -0.158203 -1.105469
vt -0.033203 -1.392578
vt -0.158203 -0.609375
vt -0.251953 -0.515625
vt -0.345703 -0.609375
vt 1.0 0.5
vt 1.0 0.0
vt 1.03125 0.1875
vt 1.15625 0.03125
vt 1.5 0.0
vt 0.753906 -0.599609
vt 1.0 -0.599609
vt 1.0 -0.513672
vt 0.5 -0.513672
vt 1.0 -0.599609
vt 1.279297 -0.599609
vt 1.5 -0.513672
vt 1.0 -0.513672
vt 0.4375 -0.59375
vt 0.4375 -0.890625
vt 0.285156 -0.59375
vt 0.285156 -0.890625
vt 0.4375 -0.890625
vt 0.4375 -0.394531
vt 0.285156 -0.394531
vt 0.285156 -0.486328
vt 0.4375 -0.394531
vt 0.4375 -0.59375
vt 0.285156 -0.59375
vt 0.4375 -0.890625
vt 10.5 15.5
vt 12.0 15.0
vt 12.0 15.5
vt 10.5 15.0
vt -0.081425 0.513672
vt 0.081425 0.513672
vt 0.0 0.75
vt 0.25 0.0
vt -0.25 0.0
vt -0.081425 0.513672
vt 0.081425 0.513672
vt 0.0 0.75
vt 0.25 0.0
vt -0.25 0.0
vt -0.081425 0.513672
vt 0.081425 0.513672
vt 0.0 0.75
vt 0.25 0.0
vt -0.25 0.0
vt -0.081425 0.513672
vt 0.081425 0.513672
vt 0.0 0.75
vt 0.25 0.0
vt -0.25 0.0
vt -0.081425 0.513672
vt 0.081425 0.513672
vt 0.0 0.75
vt 0.25 0.0
vt -0.25 0.0
vt -0.081425 0.513672
vt 0.081425 0.513672
vt 0.0 0.75
vt 0.25 0.0
vt -0.25 0.0
vt -0.081425 0.513672
vt 0.081425 0.513672
vt 0.0 0.75
vt 0.25 0.0
vt -0.25 0.0
vt -0.081425 0.513672
vt 0.081425 0.513672
vt 0.0 0.75
vt 0.25 0.0
vt -0.25 0.0
vt -0.081425 0.513672
vt 0.081425 0.513672
vt 0.0 0.75
vt 0.25 0.0
vt -0.25 0.0
vt -0.081425 0.513672
vt 0.081425 0.513672
vt 0.0 0.75
vt 0.25 0.0
vt -0.25 0.0
vt -0.470703 -0.892578
vt -0.345703 -0.892578
vt -0.345703 -0.605469
vt -0.158203 -0.892578
vt -0.158203 -0.605469
vt -0.033203 -0.892578
vt -0.158203 -0.109375
vt -0.251953 -0.015625
vt -0.345703 -0.109375
vt -0.345703 -0.986328
vt -0.158203 -0.986328
vt -0.158203 -0.892578
vt -0.345703 -0.892578
vt -0.001953 -0.986328
vt -0.033203 -0.892578
vt -0.501953 -0.986328
vt -0.470703 -0.892578
vt -2.0 -1.486328
vt -2.0 -2.0
vt -1.0 -2.0
vt -1.0 -1.486328
vt -2.0 -1.486328
vt -2.0 -2.0
vt -1.0 -2.0
vt -1.0 -1.486328
vt -2.0 -1.25
vt -1.0 -1.25
vt 1.207031 -2.001953
vt 0.792969 -1.505859
vt 0.207031 -1.505859
vt -0.207031 -2.001953
vt 0.628906 -1.25
vt 0.371094 -1.25
vt -2.0 -1.25
vt -1.0 -1.25
vt 0.4375 -0.09375
vt 0.4375 -0.390625
vt 0.285156 -0.09375
vt 0.285156 -0.390625
vt 0.4375 -0.390625
vt 0.4375 0.105469
vt 0.285156 0.105469
vt 0.285156 0.013672
vt 0.4375 0.105469
vt 1.0 -0.099609
vt 1.279297 -0.099609
vt 1.5 -0.013672
vt 1.0 -0.013672
vt 0.4375 -0.09375
vt 1.0 -0.013672
vt 0.5 -0.013672
vt 0.753906 -0.099609
vt 1.0 -0.099609
vt 0.15 0.75
vt -0.15 0.75
vt -0.0 0.5
vt 0.841797 -0.986328
vt 0.998047 -0.986328
vt 0.966797 -0.892578
vt 0.841797 -0.892578
vt 0.498047 -0.986328
vt 0.654297 -0.986328
vt 0.654297 -0.892578
vt 0.529297 -0.892578
vt -0.470703 -1.392578
vt -0.345703 -1.392578
vt -0.345703 -1.105469
vt -0.158203 -1.392578
vt -0.158203 -1.105469
vt -0.033203 -1.392578
vt -0.158203 -0.609375
vt -0.251953 -0.515625
vt -0.345703 -0.609375
vt 1.0 0.5
vt 1.0 0.0
vt 1.03125 0.1875
vt 1.15625 0.03125
vt 1.5 0.0
vt 0.753906 -0.599609
vt 1.0 -0.599609
vt 1.0 -0.513672
vt 0.5 -0.513672
vt 1.0 -0.599609
vt 1.279297 -0.599609
vt 1.5 -0.513672
vt 1.0 -0.513672
vt 0.4375 -0.59375
vt 0.4375 -0.890625
vt 0.285156 -0.59375
vt 0.285156 -0.890625
vt 0.4375 -0.890625
vt 0.4375 -0.394531
vt 0.285156 -0.394531
vt 0.285156 -0.486328
vt 0.4375 -0.394531
vt 0.4375 -0.59375
vt 0.285156 -0.59375
vt 0.4375 -0.890625
vt 12.0 15.0
vt 11.0 15.0
vt 11.0 14.5
vt 12.0 14.5
vt -0.081425 0.513672
vt 0.081425 0.513672
vt 0.0 0.75
vt 0.25 0.0
vt -0.25 0.0
vt -0.081425 0.513672
vt 0.081425 0.513672
vt 0.0 0.75
vt 0.25 0.0
vt -0.25 0.0
vt -0.081425 0.513672
vt 0.081425 0.513672
vt 0.0 0.75
vt 0.25 0.0
vt -0.25 0.0
vt -0.081425 0.513672
vt 0.081425 0.513672
vt 0.0 0.75
vt 0.25 0.0
vt -0.25 0.0
vt -0.081425 0.513672
vt 0.081425 0.513672
vt 0.0 0.75
vt 0.25 0.0
vt -0.25 0.0
vt -0.081425 0.513672
vt 0.081425 0.513672
vt 0.0 0.75
vt 0.25 0.0
vt -0.25 0.0
vt -0.081425 0.513672
vt 0.081425 0.513672
vt 0.0 0.75
vt 0.25 0.0
vt -0.25 0.0
vt -0.081425 0.513672
vt 0.081425 0.513672
vt 0.0 0.75
vt 0.25 0.0
vt -0.25 0.0
vt -0.081425 0.513672
vt 0.081425 0.513672
vt 0.0 0.75
vt 0.25 0.0
vt -0.25 0.0
vt -0.081425 0.513672
vt 0.081425 0.513672
vt 0.0 0.75
vt 0.25 0.0
vt -0.25 0.0
vt -0.081425 0.513672
vt 0.081425 0.513672
vt 0.0 0.75
vt 0.25 0.0
vt -0.25 0.0
vt -0.470703 -0.892578
vt -0.345703 -0.892578
vt -0.345703 -0.605469
vt -0.158203 -0.892578
vt -0.158203 -0.605469
vt -0.033203 -0.892578
vt -0.158203 -0.109375
vt -0.251953 -0.015625
vt -0.345703 -0.109375
vt -0.345703 -0.986328
vt -0.158203 -0.986328
vt -0.158203 -0.892578
vt -0.345703 -0.892578
vt -0.001953 -0.986328
vt -0.033203 -0.892578
vt -0.501953 -0.986328
vt -0.470703 -0.892578
vt -2.0 -1.486328
vt -2.0 -2.0
vt -1.0 -2.0
vt -1.0 -1.486328
vt -2.0 -1.486328
vt -2.0 -2.0
vt -1.0 -2.0
vt -1.0 -1.486328
vt -2.0 -1.25
vt -1.0 -1.25
vt 1.207031 -2.001953
vt 0.792969 -1.505859
vt 0.207031 -1.505859
vt -0.207031 -2.001953
vt 0.628906 -1.25
vt 0.371094 -1.25
vt -2.0 -1.25
vt -1.0 -1.25
vt 0.4375 -0.09375
vt 0.4375 -0.390625
vt 0.285156 -0.09375
vt 0.285156 -0.390625
vt 0.4375 -0.390625
vt 0.4375 0.105469
vt 0.285156 0.105469
vt 0.285156 0.013672
vt 0.4375 0.105469
vt 1.0 -0.099609
vt 1.279297 -0.099609
vt 1.5 -0.013672
vt 1.0 -0.013672
vt 0.4375 -0.09375
vt 1.0 -0.013672
vt 0.5 -0.013672
vt 0.753906 -0.099609
vt 1.0 -0.099609
vt 0.15 0.75
vt -0.15 0.75
vt -0.0 0.5
vt 0.841797 -0.986328
vt 0.998047 -0.986328
vt 0.966797 -0.892578
vt 0.841797 -0.892578
vt 0.498047 -0.986328
vt 0.654297 -0.986328
vt 0.654297 -0.892578
vt 0.529297 -0.892578
vt -0.470703 -1.392578
vt -0.345703 -1.392578
vt -0.345703 -1.105469
vt -0.158203 -1.392578
vt -0.158203 -1.105469
vt -0.033203 -1.392578
vt -0.158203 -0.609375
vt -0.251953 -0.515625
vt -0.345703 -0.609375
vt 1.0 0.5
vt 1.0 0.0
vt 1.03125 0.1875
vt 1.15625 0.03125
vt 1.5 0.0
vt 0.5 -0.894531
vt 0.5 -0.597656
vt 0.0 -0.597656
vt 0.0 -0.894531
vt 0.5 -0.515625
vt 0.0 -0.515625
vt 0.5 -0.894531
vt 0.0 -0.894531
vt 0.0 -0.988281
vt 0.5 -0.988281
vt 0.753906 -0.599609
vt 1.0 -0.599609
vt 1.0 -0.513672
vt 0.5 -0.513672
vt 1.0 -0.599609
vt 1.279297 -0.599609
vt 1.5 -0.513672
vt 1.0 -0.513672
vt 0.4375 -0.59375
vt 0.4375 -0.890625
vt 0.285156 -0.59375
vt 0.285156 -0.890625
vt 0.4375 -0.890625
vt 0.4375 -0.394531
vt 0.285156 -0.394531
vt 0.285156 -0.486328
vt 0.4375 -0.394531
vt 0.4375 -0.59375
vt 0.285156 -0.59375
vt 0.4375 -0.890625
vt -0.081425 0.513672
vt 0.081425 0.513672
vt 0.0 0.75
vt 0.25 0.0
vt -0.25 0.0
vt -0.081425 0.513672
vt 0.081425 0.513672
vt 0.0 0.75
vt 0.25 0.0
vt -0.25 0.0
vt -0.081425 0.513672
vt 0.081425 0.513672
vt 0.0 0.75
vt 0.25 0.0
vt -0.25 0.0
vt -0.081425 0.513672
vt 0.081425 0.513672
vt 0.0 0.75
vt 0.25 0.0
vt -0.25 0.0
vt -0.081425 0.513672
vt 0.081425 0.513672
vt 0.0 0.75
vt 0.25 0.0
vt -0.25 0.0
vt -0.081425 0.513672
vt 0.081425 0.513672
vt 0.0 0.75
vt 0.25 0.0
vt -0.25 0.0
vt -0.081425 0.513672
vt 0.081425 0.513672
vt 0.0 0.75
vt 0.25 0.0
vt -0.25 0.0
vt -0.081425 0.513672
vt 0.081425 0.513672
vt 0.0 0.75
vt 0.25 0.0
vt -0.25 0.0
vt -0.081425 0.513672
vt 0.081425 0.513672
vt 0.0 0.75
vt 0.25 0.0
vt -0.25 0.0
vt -0.081425 0.513672
vt 0.081425 0.513672
vt 0.0 0.75
vt 0.25 0.0
vt -0.25 0.0
vt -0.081425 0.513672
vt 0.081425 0.513672
vt 0.0 0.75
vt 0.25 0.0
vt -0.25 0.0
vt -0.081425 0.513672
vt 0.081425 0.513672
vt 0.0 0.75
vt 0.25 0.0
vt -0.25 0.0
vt -0.470703 -0.892578
vt -0.345703 -0.892578
vt -0.345703 -0.605469
vt -0.158203 -0.892578
vt -0.158203 -0.605469
vt -0.033203 -0.892578
vt -0.158203 -0.109375
vt -0.251953 -0.015625
vt -0.345703 -0.109375
vt -0.345703 -0.986328
vt -0.158203 -0.986328
vt -0.158203 -0.892578
vt -0.345703 -0.892578
vt -0.001953 -0.986328
vt -0.033203 -0.892578
vt -0.501953 -0.986328
vt -0.470703 -0.892578
vt -2.0 -1.486328
vt -2.0 -2.0
vt -1.0 -2.0
vt -1.0 -1.486328
vt -2.0 -1.486328
vt -2.0 -2.0
vt -1.0 -2.0
vt -1.0 -1.486328
vt -2.0 -1.25
vt -1.0 -1.25
vt 1.207031 -2.001953
vt 0.792969 -1.505859
vt 0.207031 -1.505859
vt -0.207031 -2.001953
vt 0.628906 -1.25
vt 0.371094 -1.25
vt -2.0 -1.25
vt -1.0 -1.25
vt 0.0 -0.097656
vt 0.0 -0.015625
vt -0.5 -0.015625
vt -0.5 -0.097656
vt 0.0 -0.394531
vt -0.5 -0.394531
vt 0.0 0.109375
vt -0.5 0.109375
vt -0.5 0.015625
vt 0.0 0.015625
vt -3.0 -1.25
vt -3.0 -1.486328
vt -2.0 -1.486328
vt -2.0 -1.25
vt -3.0 -2.0
vt -2.0 -2.0
vt 0.4375 -0.09375
vt 0.4375 -0.390625
vt 0.285156 -0.09375
vt 0.285156 -0.390625
vt 0.4375 -0.390625
vt 0.4375 0.105469
vt 0.285156 0.105469
vt 0.285156 0.013672
vt 0.4375 0.105469
vt 1.0 -0.099609
vt 1.279297 -0.099609
vt 1.5 -0.013672
vt 1.0 -0.013672
vt 0.4375 -0.09375
vt 1.0 -0.013672
vt 0.5 -0.013672
vt 0.753906 -0.099609
vt 1.0 -0.099609
vt 0.15 0.75
vt -0.15 0.75
vt -0.0 0.5
vt 0.841797 -0.986328
vt 0.998047 -0.986328
vt 0.966797 -0.892578
vt 0.841797 -0.892578
vt 0.498047 -0.986328
vt 0.654297 -0.986328
vt 0.654297 -0.892578
vt 0.529297 -0.892578
vt -0.470703 -1.392578
vt -0.345703 -1.392578
vt -0.345703 -1.105469
vt -0.158203 -1.392578
vt -0.158203 -1.105469
vt -0.033203 -1.392578
vt -0.158203 -0.609375
vt -0.251953 -0.515625
vt -0.345703 -0.609375
vt 1.0 0.5
vt 1.0 0.0
vt 1.03125 0.1875
vt 1.15625 0.03125
vt 1.5 0.0
vt 0.753906 -0.599609
vt 1.0 -0.599609
vt 1.0 -0.513672
vt 0.5 -0.513672
vt 1.0 -0.599609
vt 1.279297 -0.599609
vt 1.5 -0.513672
vt 1.0 -0.513672
vt 0.4375 -0.59375
vt 0.4375 -0.890625
vt 0.285156 -0.59375
vt 0.285156 -0.890625
vt 0.4375 -0.890625
vt 0.4375 -0.394531
vt 0.285156 -0.394531
vt 0.285156 -0.486328
vt 0.4375 -0.394531
vt 0.4375 -0.59375
vt 0.285156 -0.59375
vt 0.4375 -0.890625
vt 12.0 12.0
vt 12.5 8.5
vt 12.5 12.0
vt 12.0 8.5
vt 12.5 14.5
vt 12.5 13.5
vt 12.0 14.5
vt 12.0 13.5
vt 0.753906 -0.599609
vt 1.0 -0.599609
vt 1.0 -0.513672
vt 0.5 -0.513672
vt 1.0 -0.599609
vt 1.279297 -0.599609
vt 1.5 -0.513672
vt 1.0 -0.513672
vt 0.4375 -0.59375
vt 0.4375 -0.890625
vt 0.285156 -0.59375
vt 0.285156 -0.890625
vt 0.4375 -0.890625
vt 0.4375 -0.394531
vt 0.285156 -0.394531
vt 0.285156 -0.486328
vt 0.4375 -0.394531
vt 0.4375 -0.59375
vt 0.285156 -0.59375
vt 0.4375 -0.890625
vt 1.0 -0.894531
vt 1.0 -0.597656
vt 0.0 -0.597656
vt 0.0 -0.894531
vt 1.0 -0.515625
vt 0.0 -0.515625
vt 1.0 -0.894531
vt 0.0 -0.894531
vt 0.0 -0.988281
vt 1.0 -0.988281
vt -0.081425 0.513672
vt 0.081425 0.513672
vt 0.0 0.75
vt 0.25 0.0
vt -0.25 0.0
vt -0.081425 0.513672
vt 0.081425 0.513672
vt 0.0 0.75
vt 0.25 0.0
vt -0.25 0.0
vt -0.081425 0.513672
vt 0.081425 0.513672
vt 0.0 0.75
vt 0.25 0.0
vt -0.25 0.0
vt -0.081425 0.513672
vt 0.081425 0.513672
vt 0.0 0.75
vt 0.25 0.0
vt -0.25 0.0
vt -0.081425 0.513672
vt 0.081425 0.513672
vt 0.0 0.75
vt 0.25 0.0
vt -0.25 0.0
vt -0.081425 0.513672
vt 0.081425 0.513672
vt 0.0 0.75
vt 0.25 0.0
vt -0.25 0.0
vt -0.081425 0.513672
vt 0.081425 0.513672
vt 0.0 0.75
vt 0.25 0.0
vt -0.25 0.0
vt -0.081425 0.513672
vt 0.081425 0.513672
vt 0.0 0.75
vt 0.25 0.0
vt -0.25 0.0
vt -0.081425 0.513672
vt 0.081425 0.513672
vt 0.0 0.75
vt 0.25 0.0
vt -0.25 0.0
vt -0.081425 0.513672
vt 0.081425 0.513672
vt 0.0 0.75
vt 0.25 0.0
vt -0.25 0.0
vt -0.081425 0.513672
vt 0.081425 0.513672
vt 0.0 0.75
vt 0.25 0.0
vt -0.25 0.0
vt -0.081425 0.513672
vt 0.081425 0.513672
vt 0.0 0.75
vt 0.25 0.0
vt -0.25 0.0
vt -0.081425 0.513672
vt 0.081425 0.513672
vt 0.0 0.75
vt 0.25 0.0
vt -0.25 0.0
vt -0.081425 0.513672
vt 0.081425 0.513672
vt 0.0 0.75
vt 0.25 0.0
vt -0.25 0.0
vt -0.470703 -0.892578
vt -0.345703 -0.892578
vt -0.345703 -0.605469
vt -0.158203 -0.892578
vt -0.158203 -0.605469
vt -0.033203 -0.892578
vt -0.158203 -0.109375
vt -0.251953 -0.015625
vt -0.345703 -0.109375
vt -0.345703 -0.986328
vt -0.158203 -0.986328
vt -0.158203 -0.892578
vt -0.345703 -0.892578
vt -0.001953 -0.986328
vt -0.033203 -0.892578
vt -0.501953 -0.986328
vt -0.470703 -0.892578
vt -2.0 -1.486328
vt -2.0 -2.0
vt -1.0 -2.0
vt -1.0 -1.486328
vt -2.0 -1.486328
vt -2.0 -2.0
vt -1.0 -2.0
vt -1.0 -1.486328
vt -2.0 -1.25
vt -1.0 -1.25
vt 1.207031 -2.001953
vt 0.792969 -1.505859
vt 0.207031 -1.505859
vt -0.207031 -2.001953
vt 0.628906 -1.25
vt 0.371094 -1.25
vt -2.0 -1.25
vt -1.0 -1.25
vt 0.4375 -0.09375
vt 0.4375 -0.390625
vt 0.285156 -0.09375
vt 0.285156 -0.390625
vt 0.4375 -0.390625
vt 0.4375 0.105469
vt 0.285156 0.105469
vt 0.285156 0.013672
vt 0.4375 0.105469
vt 1.0 -0.099609
vt 1.279297 -0.099609
vt 1.5 -0.013672
vt 1.0 -0.013672
vt 0.4375 -0.09375
vt 1.0 -0.013672
vt 0.5 -0.013672
vt 0.753906 -0.099609
vt 1.0 -0.099609
vt 0.15 0.75
vt -0.15 0.75
vt -0.0 0.5
vt 0.841797 -0.986328
vt 0.998047 -0.986328
vt 0.966797 -0.892578
vt 0.841797 -0.892578
vt 0.498047 -0.986328
vt 0.654297 -0.986328
vt 0.654297 -0.892578
vt 0.529297 -0.892578
vt -0.470703 -1.392578
vt -0.345703 -1.392578
vt -0.345703 -1.105469
vt -0.158203 -1.392578
vt -0.158203 -1.105469
vt -0.033203 -1.392578
vt -0.158203 -0.609375
vt -0.251953 -0.515625
vt -0.345703 -0.609375
vt 1.0 0.5
vt 1.0 0.0
vt 1.03125 0.1875
vt 1.15625 0.03125
vt 1.5 0.0
vt 0.753906 -0.599609
vt 1.0 -0.599609
vt 1.0 -0.513672
vt 0.5 -0.513672
vt 1.0 -0.599609
vt 1.279297 -0.599609
vt 1.5 -0.513672
vt 1.0 -0.513672
vt 0.4375 -0.59375
vt 0.4375 -0.890625
vt 0.285156 -0.59375
vt 0.285156 -0.890625
vt 0.4375 -0.890625
vt 0.4375 -0.394531
vt 0.285156 -0.394531
vt 0.285156 -0.486328
vt 0.4375 -0.394531
vt 0.4375 -0.59375
vt 0.285156 -0.59375
vt 0.4375 -0.890625
vt 13.0 12.0
vt 13.0 9.0
vt 12.5 12.0
vt 12.5 9.0
vt 12.5 13.5
vt 13.0 13.0
vt 13.0 13.5
vt 12.5 13.0
vt 0.753906 -0.599609
vt 1.0 -0.599609
vt 1.0 -0.513672
vt 0.5 -0.513672
vt 1.0 -0.599609
vt 1.279297 -0.599609
vt 1.5 -0.513672
vt 1.0 -0.513672
vt 0.4375 -0.59375
vt 0.4375 -0.890625
vt 0.285156 -0.59375
vt 0.285156 -0.890625
vt 0.4375 -0.890625
vt 0.4375 -0.394531
vt 0.285156 -0.394531
vt 0.285156 -0.486328
vt 0.4375 -0.394531
vt 0.4375 -0.59375
vt 0.285156 -0.59375
vt 0.4375 -0.890625
vt 0.5 -0.894531
vt 0.5 -0.597656
vt 0.0 -0.597656
vt 0.0 -0.894531
vt 0.5 -0.515625
vt 0.0 -0.515625
vt 0.5 -0.894531
vt 0.0 -0.894531
vt 0.0 -0.988281
vt 0.5 -0.988281
vt 0.841797 -0.986328
vt 0.998047 -0.986328
vt 0.966797 -0.892578
vt 0.841797 -0.892578
vt 0.498047 -0.986328
vt 0.654297 -0.986328
vt 0.654297 -0.892578
vt 0.529297 -0.892578
vt -0.470703 -1.392578
vt -0.345703 -1.392578
vt -0.345703 -1.105469
vt -0.158203 -1.392578
vt -0.158203 -1.105469
vt -0.033203 -1.392578
vt -0.158203 -0.609375
vt -0.251953 -0.515625
vt -0.345703 -0.609375
vt 1.0 0.5
vt 1.0 0.0
vt 1.03125 0.1875
vt 1.15625 0.03125
vt 1.5 0.0
vt 0.4375 -0.09375
vt 0.4375 -0.390625
vt 0.285156 -0.09375
vt 0.285156 -0.390625
vt 0.4375 -0.390625
vt 0.4375 0.105469
vt 0.285156 0.105469
vt 0.285156 0.013672
vt 0.4375 0.105469
vt 1.0 -0.099609
vt 1.279297 -0.099609
vt 1.5 -0.013672
vt 1.0 -0.013672
vt 0.4375 -0.09375
vt 1.0 -0.013672
vt 0.5 -0.013672
vt 0.753906 -0.099609
vt 1.0 -0.099609
vt 0.15 0.75
vt -0.15 0.75
vt -0.0 0.5
vt 0.0 -0.097656
vt 0.0 -0.015625
vt -0.5 -0.015625
vt -0.5 -0.097656
vt 0.0 -0.394531
vt -0.5 -0.394531
vt 0.0 0.109375
vt -0.5 0.109375
vt -0.5 0.015625
vt 0.0 0.015625
vt -3.0 -1.25
vt -3.0 -1.486328
vt -2.0 -1.486328
vt -2.0 -1.25
vt -3.0 -2.0
vt -2.0 -2.0
vt -0.081425 0.513672
vt 0.081425 0.513672
vt 0.0 0.75
vt 0.25 0.0
vt -0.25 0.0
vt -0.081425 0.513672
vt 0.081425 0.513672
vt 0.0 0.75
vt 0.25 0.0
vt -0.25 0.0
vt -0.081425 0.513672
vt 0.081425 0.513672
vt 0.0 0.75
vt 0.25 0.0
vt -0.25 0.0
vt -0.081425 0.513672
vt 0.081425 0.513672
vt 0.0 0.75
vt 0.25 0.0
vt -0.25 0.0
vt -0.081425 0.513672
vt 0.081425 0.513672
vt 0.0 0.75
vt 0.25 0.0
vt -0.25 0.0
vt -0.081425 0.513672
vt 0.081425 0.513672
vt 0.0 0.75
vt 0.25 0.0
vt -0.25 0.0
vt -0.081425 0.513672
vt 0.081425 0.513672
vt 0.0 0.75
vt 0.25 0.0
vt -0.25 0.0
vt -0.081425 0.513672
vt 0.081425 0.513672
vt 0.0 0.75
vt 0.25 0.0
vt -0.25 0.0
vt -0.081425 0.513672
vt 0.081425 0.513672
vt 0.0 0.75
vt 0.25 0.0
vt -0.25 0.0
vt -0.081425 0.513672
vt 0.081425 0.513672
vt 0.0 0.75
vt 0.25 0.0
vt -0.25 0.0
vt -0.081425 0.513672
vt 0.081425 0.513672
vt 0.0 0.75
vt 0.25 0.0
vt -0.25 0.0
vt -0.081425 0.513672
vt 0.081425 0.513672
vt 0.0 0.75
vt 0.25 0.0
vt -0.25 0.0
vt -0.081425 0.513672
vt 0.081425 0.513672
vt 0.0 0.75
vt 0.25 0.0
vt -0.25 0.0
vt -0.081425 0.513672
vt 0.081425 0.513672
vt 0.0 0.75
vt 0.25 0.0
vt -0.25 0.0
vt -0.081425 0.513672
vt 0.081425 0.513672
vt 0.0 0.75
vt 0.25 0.0
vt -0.25 0.0
vt -0.470703 -0.892578
vt -0.345703 -0.892578
vt -0.345703 -0.605469
vt -0.158203 -0.892578
vt -0.158203 -0.605469
vt -0.033203 -0.892578
vt -0.158203 -0.109375
vt -0.251953 -0.015625
vt -0.345703 -0.109375
vt -0.345703 -0.986328
vt -0.158203 -0.986328
vt -0.158203 -0.892578
vt -0.345703 -0.892578
vt -0.001953 -0.986328
vt -0.033203 -0.892578
vt -0.501953 -0.986328
vt -0.470703 -0.892578
vt -2.0 -1.486328
vt -2.0 -2.0
vt -1.0 -2.0
vt -1.0 -1.486328
vt -2.0 -1.486328
vt -2.0 -2.0
vt -1.0 -2.0
vt -1.0 -1.486328
vt -2.0 -1.25
vt -1.0 -1.25
vt 1.207031 -2.001953
vt 0.792969 -1.505859
vt 0.207031 -1.505859
vt -0.207031 -2.001953
vt 0.628906 -1.25
vt 0.371094 -1.25
vt -2.0 -1.25
vt -1.0 -1.25
vt 0.4375 -0.09375
vt 0.4375 -0.390625
vt 0.285156 -0.09375
vt 0.285156 -0.390625
vt 0.4375 -0.390625
vt 0.4375 0.105469
vt 0.285156 0.105469
vt 0.285156 0.013672
vt 0.4375 0.105469
vt 1.0 -0.099609
vt 1.279297 -0.099609
vt 1.5 -0.013672
vt 1.0 -0.013672
vt 0.4375 -0.09375
vt 1.0 -0.013672
vt 0.5 -0.013672
vt 0.753906 -0.099609
vt 1.0 -0.099609
vt 0.15 0.75
vt -0.15 0.75
vt -0.0 0.5
vt 0.841797 -0.986328
vt 0.998047 -0.986328
vt 0.966797 -0.892578
vt 0.841797 -0.892578
vt 0.498047 -0.986328
vt 0.654297 -0.986328
vt 0.654297 -0.892578
vt 0.529297 -0.892578
vt -0.470703 -1.392578
vt -0.345703 -1.392578
vt -0.345703 -1.105469
vt -0.158203 -1.392578
vt -0.158203 -1.105469
vt -0.033203 -1.392578
vt -0.158203 -0.609375
vt -0.251953 -0.515625
vt -0.345703 -0.609375
vt 1.0 0.5
vt 1.0 0.0
vt 1.03125 0.1875
vt 1.15625 0.03125
vt 1.5 0.0
vt 0.5 -0.894531
vt 0.5 -0.597656
vt 0.0 -0.597656
vt 0.0 -0.894531
vt 0.5 -0.515625
vt 0.0 -0.515625
vt 0.5 -0.894531
vt 0.0 -0.894531
vt 0.0 -0.988281
vt 0.5 -0.988281
vt 0.753906 -0.599609
vt 1.0 -0.599609
vt 1.0 -0.513672
vt 0.5 -0.513672
vt 1.0 -0.599609
vt 1.279297 -0.599609
vt 1.5 -0.513672
vt 1.0 -0.513672
vt 0.4375 -0.59375
vt 0.4375 -0.890625
vt 0.285156 -0.59375
vt 0.285156 -0.890625
vt 0.4375 -0.890625
vt 0.4375 -0.394531
vt 0.285156 -0.394531
vt 0.285156 -0.486328
vt 0.4375 -0.394531
vt 0.4375 -0.59375
vt 0.285156 -0.59375
vt 0.4375 -0.890625
vt 13.5 12.5
vt 13.0 10.0
vt 13.0 12.5
vt 13.5 10.0
vt 0.753906 -0.599609
vt 1.0 -0.599609
vt 1.0 -0.513672
vt 0.5 -0.513672
vt 1.0 -0.599609
vt 1.279297 -0.599609
vt 1.5 -0.513672
vt 1.0 -0.513672
vt 0.4375 -0.59375
vt 0.4375 -0.890625
vt 0.285156 -0.59375
vt 0.285156 -0.890625
vt 0.4375 -0.890625
vt 0.4375 -0.394531
vt 0.285156 -0.394531
vt 0.285156 -0.486328
vt 0.4375 -0.394531
vt 0.4375 -0.59375
vt 0.285156 -0.59375
vt 0.4375 -0.890625
vt 0.5 -0.894531
vt 0.5 -0.597656
vt 0.0 -0.597656
vt 0.0 -0.894531
vt 0.5 -0.515625
vt 0.0 -0.515625
vt 0.5 -0.894531
vt 0.0 -0.894531
vt 0.0 -0.988281
vt 0.5 -0.988281
vt 0.841797 -0.986328
vt 0.998047 -0.986328
vt 0.966797 -0.892578
vt 0.841797 -0.892578
vt 0.498047 -0.986328
vt 0.654297 -0.986328
vt 0.654297 -0.892578
vt 0.529297 -0.892578
vt -0.470703 -1.392578
vt -0.345703 -1.392578
vt -0.345703 -1.105469
vt -0.158203 -1.392578
vt -0.158203 -1.105469
vt -0.033203 -1.392578
vt -0.158203 -0.609375
vt -0.251953 -0.515625
vt -0.345703 -0.609375
vt 1.0 0.5
vt 1.0 0.0
vt 1.03125 0.1875
vt 1.15625 0.03125
vt 1.5 0.0
vt 0.4375 -0.09375
vt 0.4375 -0.390625
vt 0.285156 -0.09375
vt 0.285156 -0.390625
vt 0.4375 -0.390625
vt 0.4375 0.105469
vt 0.285156 0.105469
vt 0.285156 0.013672
vt 0.4375 0.105469
vt 1.0 -0.099609
vt 1.279297 -0.099609
vt 1.5 -0.013672
vt 1.0 -0.013672
vt 0.4375 -0.09375
vt 1.0 -0.013672
vt 0.5 -0.013672
vt 0.753906 -0.099609
vt 1.0 -0.099609
vt 0.15 0.75
vt -0.15 0.75
vt -0.0 0.5
vt 0.0 -0.097656
vt 0.0 -0.015625
vt -0.5 -0.015625
vt -0.5 -0.097656
vt 0.0 -0.394531
vt -0.5 -0.394531
vt 0.0 0.109375
vt -0.5 0.109375
vt -0.5 0.015625
vt 0.0 0.015625
vt -3.0 -1.25
vt -3.0 -1.486328
vt -2.0 -1.486328
vt -2.0 -1.25
vt -3.0 -2.0
vt -2.0 -2.0
vt -0.470703 -0.892578
vt -0.345703 -0.892578
vt -0.345703 -0.605469
vt -0.158203 -0.892578
vt -0.158203 -0.605469
vt -0.033203 -0.892578
vt -0.158203 -0.109375
vt -0.251953 -0.015625
vt -0.345703 -0.109375
vt -0.345703 -0.986328
vt -0.158203 -0.986328
vt -0.158203 -0.892578
vt -0.345703 -0.892578
vt -0.001953 -0.986328
vt -0.033203 -0.892578
vt -0.501953 -0.986328
vt -0.470703 -0.892578
vt -2.0 -1.486328
vt -2.0 -2.0
vt -1.0 -2.0
vt -1.0 -1.486328
vt -2.0 -1.486328
vt -2.0 -2.0
vt -1.0 -2.0
vt -1.0 -1.486328
vt -2.0 -1.25
vt -1.0 -1.25
vt 1.207031 -2.001953
vt 0.792969 -1.505859
vt 0.207031 -1.505859
vt -0.207031 -2.001953
vt 0.628906 -1.25
vt 0.371094 -1.25
vt -2.0 -1.25
vt -1.0 -1.25
vt -0.081425 0.513672
vt 0.081425 0.513672
vt 0.0 0.75
vt 0.25 0.0
vt -0.25 0.0
vt -0.081425 0.513672
vt 0.081425 0.513672
vt 0.0 0.75
vt 0.25 0.0
vt -0.25 0.0
vt -0.081425 0.513672
vt 0.081425 0.513672
vt 0.0 0.75
vt 0.25 0.0
vt -0.25 0.0
vt -0.081425 0.513672
vt 0.081425 0.513672
vt 0.0 0.75
vt 0.25 0.0
vt -0.25 0.0
vt -0.081425 0.513672
vt 0.081425 0.513672
vt 0.0 0.75
vt 0.25 0.0
vt -0.25 0.0
vt -0.081425 0.513672
vt 0.081425 0.513672
vt 0.0 0.75
vt 0.25 0.0
vt -0.25 0.0
vt -0.081425 0.513672
vt 0.081425 0.513672
vt 0.0 0.75
vt 0.25 0.0
vt -0.25 0.0
vt -0.081425 0.513672
vt 0.081425 0.513672
vt 0.0 0.75
vt 0.25 0.0
vt -0.25 0.0
vt -0.081425 0.513672
vt 0.081425 0.513672
vt 0.0 0.75
vt 0.25 0.0
vt -0.25 0.0
vt -0.081425 0.513672
vt 0.081425 0.513672
vt 0.0 0.75
vt 0.25 0.0
vt -0.25 0.0
vt -0.081425 0.513672
vt 0.081425 0.513672
vt 0.0 0.75
vt 0.25 0.0
vt -0.25 0.0
vt -0.081425 0.513672
vt 0.081425 0.513672
vt 0.0 0.75
vt 0.25 0.0
vt -0.25 0.0
vt -0.081425 0.513672
vt 0.081425 0.513672
vt 0.0 0.75
vt 0.25 0.0
vt -0.25 0.0
vt -0.081425 0.513672
vt 0.081425 0.513672
vt 0.0 0.75
vt 0.25 0.0
vt -0.25 0.0
vt -0.081425 0.513672
vt 0.081425 0.513672
vt 0.0 0.75
vt 0.25 0.0
vt -0.25 0.0
vt -0.081425 0.513672
vt 0.081425 0.513672
vt 0.0 0.75
vt 0.25 0.0
vt -0.25 0.0
vt -0.081425 0.513672
vt 0.081425 0.513672
vt 0.0 0.75
vt 0.25 0.0
vt -0.25 0.0
vt -0.470703 -0.892578
vt -0.345703 -0.892578
vt -0.345703 -0.605469
vt -0.158203 -0.892578
vt -0.158203 -0.605469
vt -0.033203 -0.892578
vt -0.158203 -0.109375
vt -0.251953 -0.015625
vt -0.345703 -0.109375
vt -0.345703 -0.986328
vt -0.158203 -0.986328
vt -0.158203 -0.892578
vt -0.345703 -0.892578
vt -0.001953 -0.986328
vt -0.033203 -0.892578
vt -0.501953 -0.986328
vt -0.470703 -0.892578
vt -2.0 -1.486328
vt -2.0 -2.0
vt -1.0 -2.0
vt -1.0 -1.486328
vt -2.0 -1.486328
vt -2.0 -2.0
vt -1.0 -2.0
vt -1.0 -1.486328
vt -2.0 -1.25
vt -1.0 -1.25
vt 1.207031 -2.001953
vt 0.792969 -1.505859
vt 0.207031 -1.505859
vt -0.207031 -2.001953
vt 0.628906 -1.25
vt 0.371094 -1.25
vt -2.0 -1.25
vt -1.0 -1.25
vt 0.0 -0.097656
vt 0.0 -0.015625
vt -0.5 -0.015625
vt -0.5 -0.097656
vt 0.0 -0.394531
vt -0.5 -0.394531
vt 0.0 0.109375
vt -0.5 0.109375
vt -0.5 0.015625
vt 0.0 0.015625
vt -3.0 -1.25
vt -3.0 -1.486328
vt -2.0 -1.486328
vt -2.0 -1.25
vt -3.0 -2.0
vt -2.0 -2.0
vt 0.4375 -0.09375
vt 0.4375 -0.390625
vt 0.285156 -0.09375
vt 0.285156 -0.390625
vt 0.4375 -0.390625
vt 0.4375 0.105469
vt 0.285156 0.105469
vt 0.285156 0.013672
vt 0.4375 0.105469
vt 1.0 -0.099609
vt 1.279297 -0.099609
vt 1.5 -0.013672
vt 1.0 -0.013672
vt 0.4375 -0.09375
vt 1.0 -0.013672
vt 0.5 -0.013672
vt 0.753906 -0.099609
vt 1.0 -0.099609
vt 0.15 0.75
vt -0.15 0.75
vt -0.0 0.5
vt 0.841797 -0.986328
vt 0.998047 -0.986328
vt 0.966797 -0.892578
vt 0.841797 -0.892578
vt 0.498047 -0.986328
vt 0.654297 -0.986328
vt 0.654297 -0.892578
vt 0.529297 -0.892578
vt -0.470703 -1.392578
vt -0.345703 -1.392578
vt -0.345703 -1.105469
vt -0.158203 -1.392578
vt -0.158203 -1.105469
vt -0.033203 -1.392578
vt -0.158203 -0.609375
vt -0.251953 -0.515625
vt -0.345703 -0.609375
vt 1.0 0.5
vt 1.0 0.0
vt 1.03125 0.1875
vt 1.15625 0.03125
vt 1.5 0.0
vt 1.0 -0.894531
vt 1.0 -0.597656
vt 0.0 -0.597656
vt 0.0 -0.894531
vt 1.0 -0.515625
vt 0.0 -0.515625
vt 1.0 -0.894531
vt 0.0 -0.894531
vt 0.0 -0.988281
vt 1.0 -0.988281
vt 0.5 -0.894531
vt 0.5 -0.597656
vt 0.0 -0.597656
vt 0.0 -0.894531
vt 0.5 -0.515625
vt 0.0 -0.515625
vt 0.5 -0.894531
vt 0.0 -0.894531
vt 0.0 -0.988281
vt 0.5 -0.988281
vt 1.0 -0.894531
vt 1.0 -0.597656
vt 0.0 -0.597656
vt 0.0 -0.894531
vt 1.0 -0.515625
vt 0.0 -0.515625
vt 1.0 -0.894531
vt 0.0 -0.894531
vt 0.0 -0.988281
vt 1.0 -0.988281
vt 0.841797 -0.986328
vt 0.998047 -0.986328
vt 0.966797 -0.892578
vt 0.841797 -0.892578
vt 0.498047 -0.986328
vt 0.654297 -0.986328
vt 0.654297 -0.892578
vt 0.529297 -0.892578
vt -0.470703 -1.392578
vt -0.345703 -1.392578
vt -0.345703 -1.105469
vt -0.158203 -1.392578
vt -0.158203 -1.105469
vt -0.033203 -1.392578
vt -0.158203 -0.609375
vt -0.251953 -0.515625
vt -0.345703 -0.609375
vt 1.0 0.5
vt 1.0 0.0
vt 1.03125 0.1875
vt 1.15625 0.03125
vt 1.5 0.0
vt 13.5 13.499999
vt 14.0 12.999999
vt 14.0 13.499999
vt 13.5 12.999999
vt 0.4375 -0.09375
vt 0.4375 -0.390625
vt 0.285156 -0.09375
vt 0.285156 -0.390625
vt 0.4375 -0.390625
vt 0.4375 0.105469
vt 0.285156 0.105469
vt 0.285156 0.013672
vt 0.4375 0.105469
vt 1.0 -0.099609
vt 1.279297 -0.099609
vt 1.5 -0.013672
vt 1.0 -0.013672
vt 0.4375 -0.09375
vt 1.0 -0.013672
vt 0.5 -0.013672
vt 0.753906 -0.099609
vt 1.0 -0.099609
vt 0.15 0.75
vt -0.15 0.75
vt -0.0 0.5
vt -0.470703 -0.892578
vt -0.345703 -0.892578
vt -0.345703 -0.605469
vt -0.158203 -0.892578
vt -0.158203 -0.605469
vt -0.033203 -0.892578
vt -0.158203 -0.109375
vt -0.251953 -0.015625
vt -0.345703 -0.109375
vt -0.345703 -0.986328
vt -0.158203 -0.986328
vt -0.158203 -0.892578
vt -0.345703 -0.892578
vt -0.001953 -0.986328
vt -0.033203 -0.892578
vt -0.501953 -0.986328
vt -0.470703 -0.892578
vt -2.0 -1.486328
vt -2.0 -2.0
vt -1.0 -2.0
vt -1.0 -1.486328
vt -2.0 -1.486328
vt -2.0 -2.0
vt -1.0 -2.0
vt -1.0 -1.486328
vt -2.0 -1.25
vt -1.0 -1.25
vt 1.207031 -2.001953
vt 0.792969 -1.505859
vt 0.207031 -1.505859
vt -0.207031 -2.001953
vt 0.628906 -1.25
vt 0.371094 -1.25
vt -2.0 -1.25
vt -1.0 -1.25
vt -0.081425 0.513672
vt 0.081425 0.513672
vt 0.0 0.75
vt 0.25 0.0
vt -0.25 0.0
vt -0.081425 0.513672
vt 0.081425 0.513672
vt 0.0 0.75
vt 0.25 0.0
vt -0.25 0.0
vt -0.081425 0.513672
vt 0.081425 0.513672
vt 0.0 0.75
vt 0.25 0.0
vt -0.25 0.0
vt -0.081425 0.513672
vt 0.081425 0.513672
vt 0.0 0.75
vt 0.25 0.0
vt -0.25 0.0
vt -0.081425 0.513672
vt 0.081425 0.513672
vt 0.0 0.75
vt 0.25 0.0
vt -0.25 0.0
vt -0.081425 0.513672
vt 0.081425 0.513672
vt 0.0 0.75
vt 0.25 0.0
vt -0.25 0.0
vt -0.081425 0.513672
vt 0.081425 0.513672
vt 0.0 0.75
vt 0.25 0.0
vt -0.25 0.0
vt -0.081425 0.513672
vt 0.081425 0.513672
vt 0.0 0.75
vt 0.25 0.0
vt -0.25 0.0
vt -0.081425 0.513672
vt 0.081425 0.513672
vt 0.0 0.75
vt 0.25 0.0
vt -0.25 0.0
vt -0.081425 0.513672
vt 0.081425 0.513672
vt 0.0 0.75
vt 0.25 0.0
vt -0.25 0.0
vt -0.081425 0.513672
vt 0.081425 0.513672
vt 0.0 0.75
vt 0.25 0.0
vt -0.25 0.0
vt -0.081425 0.513672
vt 0.081425 0.513672
vt 0.0 0.75
vt 0.25 0.0
vt -0.25 0.0
vt -0.081425 0.513672
vt 0.081425 0.513672
vt 0.0 0.75
vt 0.25 0.0
vt -0.25 0.0
vt -0.081425 0.513672
vt 0.081425 0.513672
vt 0.0 0.75
vt 0.25 0.0
vt -0.25 0.0
vt -0.081425 0.513672
vt 0.081425 0.513672
vt 0.0 0.75
vt 0.25 0.0
vt -0.25 0.0
vt -0.081425 0.513672
vt 0.081425 0.513672
vt 0.0 0.75
vt 0.25 0.0
vt -0.25 0.0
vt -0.081425 0.513672
vt 0.081425 0.513672
vt 0.0 0.75
vt 0.25 0.0
vt -0.25 0.0
vt -0.081425 0.513672
vt 0.081425 0.513672
vt 0.0 0.75
vt 0.25 0.0
vt -0.25 0.0
vt -0.081425 0.513672
vt 0.081425 0.513672
vt 0.0 0.75
vt 0.25 0.0
vt -0.25 0.0
vt -0.081425 0.513672
vt 0.081425 0.513672
vt 0.0 0.75
vt 0.25 0.0
vt -0.25 0.0
vt -0.081425 0.513672
vt 0.081425 0.513672
vt 0.0 0.75
vt 0.25 0.0
vt -0.25 0.0
vt -0.470703 -0.892578
vt -0.345703 -0.892578
vt -0.345703 -0.605469
vt -0.158203 -0.892578
vt -0.158203 -0.605469
vt -0.033203 -0.892578
vt -0.158203 -0.109375
vt -0.251953 -0.015625
vt -0.345703 -0.109375
vt -0.345703 -0.986328
vt -0.158203 -0.986328
vt -0.158203 -0.892578
vt -0.345703 -0.892578
vt -0.001953 -0.986328
vt -0.033203 -0.892578
vt -0.501953 -0.986328
vt -0.470703 -0.892578
vt -2.0 -1.486328
vt -2.0 -2.0
vt -1.0 -2.0
vt -1.0 -1.486328
vt -2.0 -1.486328
vt -2.0 -2.0
vt -1.0 -2.0
vt -1.0 -1.486328
vt -2.0 -1.25
vt -1.0 -1.25
vt 1.207031 -2.001953
vt 0.792969 -1.505859
vt 0.207031 -1.505859
vt -0.207031 -2.001953
vt 0.628906 -1.25
vt 0.371094 -1.25
vt -2.0 -1.25
vt -1.0 -1.25
vt 0.0 -0.097656
vt 0.0 -0.015625
vt -0.5 -0.015625
vt -0.5 -0.097656
vt 0.0 -0.394531
vt -0.5 -0.394531
vt 0.0 0.109375
vt -0.5 0.109375
vt -0.5 0.015625
vt 0.0 0.015625
vt -3.0 -1.25
vt -3.0 -1.486328
vt -2.0 -1.486328
vt -2.0 -1.25
vt -3.0 -2.0
vt -2.0 -2.0
vt 0.4375 -0.09375
vt 0.4375 -0.390625
vt 0.285156 -0.09375
vt 0.285156 -0.390625
vt 0.4375 -0.390625
vt 0.4375 0.105469
vt 0.285156 0.105469
vt 0.285156 0.013672
vt 0.4375 0.105469
vt 1.0 -0.099609
vt 1.279297 -0.099609
vt 1.5 -0.013672
vt 1.0 -0.013672
vt 0.4375 -0.09375
vt 1.0 -0.013672
vt 0.5 -0.013672
vt 0.753906 -0.099609
vt 1.0 -0.099609
vt 0.15 0.75
vt -0.15 0.75
vt -0.0 0.5
vt 14.0 11.999998
vt 14.5 10.499998
vt 14.5 11.999998
vt 14.0 10.499998
vt 0.4375 -0.09375
vt 0.4375 -0.390625
vt 0.285156 -0.09375
vt 0.285156 -0.390625
vt 0.4375 -0.390625
vt 0.4375 0.105469
vt 0.285156 0.105469
vt 0.285156 0.013672
vt 0.4375 0.105469
vt 1.0 -0.099609
vt 1.279297 -0.099609
vt 1.5 -0.013672
vt 1.0 -0.013672
vt 0.4375 -0.09375
vt 1.0 -0.013672
vt 0.5 -0.013672
vt 0.753906 -0.099609
vt 1.0 -0.099609
vt 0.15 0.75
vt -0.15 0.75
vt -0.0 0.5
vt 0.4375 -0.09375
vt 0.4375 -0.390625
vt 0.285156 -0.09375
vt 0.285156 -0.390625
vt 0.4375 -0.390625
vt 0.4375 0.105469
vt 0.285156 0.105469
vt 0.285156 0.013672
vt 0.4375 0.105469
vt 1.0 -0.099609
vt 1.279297 -0.099609
vt 1.5 -0.013672
vt 1.0 -0.013672
vt 0.4375 -0.09375
vt 1.0 -0.013672
vt 0.5 -0.013672
vt 0.753906 -0.099609
vt 1.0 -0.099609
vt 0.15 0.75
vt -0.15 0.75
vt -0.0 0.5
vt 0.0 -0.097656
vt 0.0 -0.015625
vt -0.5 -0.015625
vt -0.5 -0.097656
vt 0.0 -0.394531
vt -0.5 -0.394531
vt 0.0 0.109375
vt -0.5 0.109375
vt -0.5 0.015625
vt 0.0 0.015625
vt -3.0 -1.25
vt -3.0 -1.486328
vt -2.0 -1.486328
vt -2.0 -1.25
vt -3.0 -2.0
vt -2.0 -2.0
vt -0.470703 -0.892578
vt -0.345703 -0.892578
vt -0.345703 -0.605469
vt -0.158203 -0.892578
vt -0.158203 -0.605469
vt -0.033203 -0.892578
vt -0.158203 -0.109375
vt -0.251953 -0.015625
vt -0.345703 -0.109375
vt -0.345703 -0.986328
vt -0.158203 -0.986328
vt -0.158203 -0.892578
vt -0.345703 -0.892578
vt -0.001953 -0.986328
vt -0.033203 -0.892578
vt -0.501953 -0.986328
vt -0.470703 -0.892578
vt -2.0 -1.486328
vt -2.0 -2.0
vt -1.0 -2.0
vt -1.0 -1.486328
vt -2.0 -1.486328
vt -2.0 -2.0
vt -1.0 -2.0
vt -1.0 -1.486328
vt -2.0 -1.25
vt -1.0 -1.25
vt 1.207031 -2.001953
vt 0.792969 -1.505859
vt 0.207031 -1.505859
vt -0.207031 -2.001953
vt 0.628906 -1.25
vt 0.371094 -1.25
vt -2.0 -1.25
vt -1.0 -1.25
vt -0.081425 0.513672
vt 0.081425 0.513672
vt 0.0 0.75
vt 0.25 0.0
vt -0.25 0.0
vt -0.081425 0.513672
vt 0.081425 0.513672
vt 0.0 0.75
vt 0.25 0.0
vt -0.25 0.0
vt -0.081425 0.513672
vt 0.081425 0.513672
vt 0.0 0.75
vt 0.25 0.0
vt -0.25 0.0
vt -0.081425 0.513672
vt 0.081425 0.513672
vt 0.0 0.75
vt 0.25 0.0
vt -0.25 0.0
vt -0.081425 0.513672
vt 0.081425 0.513672
vt 0.0 0.75
vt 0.25 0.0
vt -0.25 0.0
vt -0.081425 0.513672
vt 0.081425 0.513672
vt 0.0 0.75
vt 0.25 0.0
vt -0.25 0.0
vt -0.081425 0.513672
vt 0.081425 0.513672
vt 0.0 0.75
vt 0.25 0.0
vt -0.25 0.0
vt -0.081425 0.513672
vt 0.081425 0.513672
vt 0.0 0.75
vt 0.25 0.0
vt -0.25 0.0
vt -0.081425 0.513672
vt 0.081425 0.513672
vt 0.0 0.75
vt 0.25 0.0
vt -0.25 0.0
vt -0.081425 0.513672
vt 0.081425 0.513672
vt 0.0 0.75
vt 0.25 0.0
vt -0.25 0.0
vt -0.081425 0.513672
vt 0.081425 0.513672
vt 0.0 0.75
vt 0.25 0.0
vt -0.25 0.0
vt -0.081425 0.513672
vt 0.081425 0.513672
vt 0.0 0.75
vt 0.25 0.0
vt -0.25 0.0
vt -0.081425 0.513672
vt 0.081425 0.513672
vt 0.0 0.75
vt 0.25 0.0
vt -0.25 0.0
vt -0.081425 0.513672
vt 0.081425 0.513672
vt 0.0 0.75
vt 0.25 0.0
vt -0.25 0.0
vt -0.081425 0.513672
vt 0.081425 0.513672
vt 0.0 0.75
vt 0.25 0.0
vt -0.25 0.0
vt -0.081425 0.513672
vt 0.081425 0.513672
vt 0.0 0.75
vt 0.25 0.0
vt -0.25 0.0
vt -0.081425 0.513672
vt 0.081425 0.513672
vt 0.0 0.75
vt 0.25 0.0
vt -0.25 0.0
vt -0.081425 0.513672
vt 0.081425 0.513672
vt 0.0 0.75
vt 0.25 0.0
vt -0.25 0.0
vt -0.081425 0.513672
vt 0.081425 0.513672
vt 0.0 0.75
vt 0.25 0.0
vt -0.25 0.0
vt -0.081425 0.513672
vt 0.081425 0.513672
vt 0.0 0.75
vt 0.25 0.0
vt -0.25 0.0
vt -0.081425 0.513672
vt 0.081425 0.513672
vt 0.0 0.75
vt 0.25 0.0
vt -0.25 0.0
vt -0.081425 0.513672
vt 0.081425 0.513672
vt 0.0 0.75
vt 0.25 0.0
vt -0.25 0.0
vt -0.081425 0.513672
vt 0.081425 0.513672
vt 0.0 0.75
vt 0.25 0.0
vt -0.25 0.0
vt -0.081425 0.513672
vt 0.081425 0.513672
vt 0.0 0.75
vt 0.25 0.0
vt -0.25 0.0
vt -0.470703 -0.892578
vt -0.345703 -0.892578
vt -0.345703 -0.605469
vt -0.158203 -0.892578
vt -0.158203 -0.605469
vt -0.033203 -0.892578
vt -0.158203 -0.109375
vt -0.251953 -0.015625
vt -0.345703 -0.109375
vt -0.345703 -0.986328
vt -0.158203 -0.986328
vt -0.158203 -0.892578
vt -0.345703 -0.892578
vt -0.001953 -0.986328
vt -0.033203 -0.892578
vt -0.501953 -0.986328
vt -0.470703 -0.892578
vt -2.0 -1.486328
vt -2.0 -2.0
vt -1.0 -2.0
vt -1.0 -1.486328
vt -2.0 -1.486328
vt -2.0 -2.0
vt -1.0 -2.0
vt -1.0 -1.486328
vt -2.0 -1.25
vt -1.0 -1.25
vt 1.207031 -2.001953
vt 0.792969 -1.505859
vt 0.207031 -1.505859
vt -0.207031 -2.001953
vt 0.628906 -1.25
vt 0.371094 -1.25
vt -2.0 -1.25
vt -1.0 -1.25
vt 0.0 -0.097656
vt 0.0 -0.015625
vt -1.5 -0.015625
vt -1.5 -0.097656
vt 0.0 -0.394531
vt -1.5 -0.394531
vt 0.0 0.109375
vt -1.5 0.109375
vt -1.5 0.015625
vt 0.0 0.015625
vt -9.0 -1.25
vt -9.0 -1.486328
vt -6.0 -1.486328
vt -6.0 -1.25
vt -9.0 -2.0
vt -6.0 -2.0
vt -0.470703 -0.892578
vt -0.345703 -0.892578
vt -0.345703 -0.605469
vt -0.158203 -0.892578
vt -0.158203 -0.605469
vt -0.033203 -0.892578
vt -0.158203 -0.109375
vt -0.251953 -0.015625
vt -0.345703 -0.109375
vt -0.345703 -0.986328
vt -0.158203 -0.986328
vt -0.158203 -0.892578
vt -0.345703 -0.892578
vt -0.001953 -0.986328
vt -0.033203 -0.892578
vt -0.501953 -0.986328
vt -0.470703 -0.892578
vt -2.0 -1.486328
vt -2.0 -2.0
vt -1.0 -2.0
vt -1.0 -1.486328
vt -2.0 -1.486328
vt -2.0 -2.0
vt -1.0 -2.0
vt -1.0 -1.486328
vt -2.0 -1.25
vt -1.0 -1.25
vt 1.207031 -2.001953
vt 0.792969 -1.505859
vt 0.207031 -1.505859
vt -0.207031 -2.001953
vt 0.628906 -1.25
vt 0.371094 -1.25
vt -2.0 -1.25
vt -1.0 -1.25
vt -0.470703 -0.892578
vt -0.345703 -0.892578
vt -0.345703 -0.605469
vt -0.158203 -0.892578
vt -0.158203 -0.605469
vt -0.033203 -0.892578
vt -0.158203 -0.109375
vt -0.251953 -0.015625
vt -0.345703 -0.109375
vt -0.345703 -0.986328
vt -0.158203 -0.986328
vt -0.158203 -0.892578
vt -0.345703 -0.892578
vt -0.001953 -0.986328
vt -0.033203 -0.892578
vt -0.501953 -0.986328
vt -0.470703 -0.892578
vt -2.0 -1.486328
vt -2.0 -2.0
vt -1.0 -2.0
vt -1.0 -1.486328
vt -2.0 -1.486328
vt -2.0 -2.0
vt -1.0 -2.0
vt -1.0 -1.486328
vt -2.0 -1.25
vt -1.0 -1.25
vt 1.207031 -2.001953
vt 0.792969 -1.505859
vt 0.207031 -1.505859
vt -0.207031 -2.001953
vt 0.628906 -1.25
vt 0.371094 -1.25
vt -2.0 -1.25
vt -1.0 -1.25
vt -0.081425 0.513672
vt 0.081425 0.513672
vt 0.0 0.75
vt 0.25 0.0
vt -0.25 0.0
vt -0.081425 0.513672
vt 0.081425 0.513672
vt 0.0 0.75
vt 0.25 0.0
vt -0.25 0.0
vt -0.081425 0.513672
vt 0.081425 0.513672
vt 0.0 0.75
vt 0.25 0.0
vt -0.25 0.0
vt -0.081425 0.513672
vt 0.081425 0.513672
vt 0.0 0.75
vt 0.25 0.0
vt -0.25 0.0
vt -0.081425 0.513672
vt 0.081425 0.513672
vt 0.0 0.75
vt 0.25 0.0
vt -0.25 0.0
vt -0.081425 0.513672
vt 0.081425 0.513672
vt 0.0 0.75
vt 0.25 0.0
vt -0.25 0.0
vt -0.081425 0.513672
vt 0.081425 0.513672
vt 0.0 0.75
vt 0.25 0.0
vt -0.25 0.0
vt -0.081425 0.513672
vt 0.081425 0.513672
vt 0.0 0.75
vt 0.25 0.0
vt -0.25 0.0
vt -0.081425 0.513672
vt 0.081425 0.513672
vt 0.0 0.75
vt 0.25 0.0
vt -0.25 0.0
vt -0.081425 0.513672
vt 0.081425 0.513672
vt 0.0 0.75
vt 0.25 0.0
vt -0.25 0.0
vt -0.081425 0.513672
vt 0.081425 0.513672
vt 0.0 0.75
vt 0.25 0.0
vt -0.25 0.0
vt -0.081425 0.513672
vt 0.081425 0.513672
vt 0.0 0.75
vt 0.25 0.0
vt -0.25 0.0
vt -0.081425 0.513672
vt 0.081425 0.513672
vt 0.0 0.75
vt 0.25 0.0
vt -0.25 0.0
vt -0.081425 0.513672
vt 0.081425 0.513672
vt 0.0 0.75
vt 0.25 0.0
vt -0.25 0.0
vt -0.081425 0.513672
vt 0.081425 0.513672
vt 0.0 0.75
vt 0.25 0.0
vt -0.25 0.0
vt -0.081425 0.513672
vt 0.081425 0.513672
vt 0.0 0.75
vt 0.25 0.0
vt -0.25 0.0
vt -0.081425 0.513672
vt 0.081425 0.513672
vt 0.0 0.75
vt 0.25 0.0
vt -0.25 0.0
vt -0.081425 0.513672
vt 0.081425 0.513672
vt 0.0 0.75
vt 0.25 0.0
vt -0.25 0.0
vt -0.081425 0.513672
vt 0.081425 0.513672
vt 0.0 0.75
vt 0.25 0.0
vt -0.25 0.0
vt -0.081425 0.513672
vt 0.081425 0.513672
vt 0.0 0.75
vt 0.25 0.0
vt -0.25 0.0
vt -0.081425 0.513672
vt 0.081425 0.513672
vt 0.0 0.75
vt 0.25 0.0
vt -0.25 0.0
vt -0.081425 0.513672
vt 0.081425 0.513672
vt 0.0 0.75
vt 0.25 0.0
vt -0.25 0.0
vt -0.081425 0.513672
vt 0.081425 0.513672
vt 0.0 0.75
vt 0.25 0.0
vt -0.25 0.0
vt -0.081425 0.513672
vt 0.081425 0.513672
vt 0.0 0.75
vt 0.25 0.0
vt -0.25 0.0
vt -0.081425 0.513672
vt 0.081425 0.513672
vt 0.0 0.75
vt 0.25 0.0
vt -0.25 0.0
vt -0.081425 0.513672
vt 0.081425 0.513672
vt 0.0 0.75
vt 0.25 0.0
vt -0.25 0.0
vt -0.081425 0.513672
vt 0.081425 0.513672
vt 0.0 0.75
vt 0.25 0.0
vt -0.25 0.0
vt -0.081425 0.513672
vt 0.081425 0.513672
vt 0.0 0.75
vt 0.25 0.0
vt -0.25 0.0
vt -0.081425 0.513672
vt 0.081425 0.513672
vt 0.0 0.75
vt 0.25 0.0
vt -0.25 0.0
vt -0.081425 0.513672
vt 0.081425 0.513672
vt 0.0 0.75
vt 0.25 0.0
vt -0.25 0.0
vt -0.081425 0.513672
vt 0.081425 0.513672
vt 0.0 0.75
vt 0.25 0.0
vt -0.25 0.0
vt -0.081425 0.513672
vt 0.081425 0.513672
vt 0.0 0.75
vt 0.25 0.0
vt -0.25 0.0
vt -0.081425 0.513672
vt 0.081425 0.513672
vt 0.0 0.75
vt 0.25 0.0
vt -0.25 0.0
vt -0.081425 0.513672
vt 0.081425 0.513672
vt 0.0 0.75
vt 0.25 0.0
vt -0.25 0.0
vt -0.081425 0.513672
vt 0.081425 0.513672
vt 0.0 0.75
vt 0.25 0.0
vt -0.25 0.0
vt -0.081425 0.513672
vt 0.081425 0.513672
vt 0.0 0.75
vt 0.25 0.0
vt -0.25 0.0
vt -0.081425 0.513672
vt 0.081425 0.513672
vt 0.0 0.75
vt 0.25 0.0
vt -0.25 0.0
vt -0.081425 0.513672
vt 0.081425 0.513672
vt 0.0 0.75
vt 0.25 0.0
vt -0.25 0.0
vt -0.081425 0.513672
vt 0.081425 0.513672
vt 0.0 0.75
vt 0.25 0.0
vt -0.25 0.0
vt -0.081425 0.513672
vt 0.081425 0.513672
vt 0.0 0.75
vt 0.25 0.0
vt -0.25 0.0
vt -0.081425 0.513672
vt 0.081425 0.513672
vt 0.0 0.75
vt 0.25 0.0
vt -0.25 0.0
vt -0.081425 0.513672
vt 0.081425 0.513672
vt 0.0 0.75
vt 0.25 0.0
vt -0.25 0.0
vt -0.081425 0.513672
vt 0.081425 0.513672
vt 0.0 0.75
vt 0.25 0.0
vt -0.25 0.0
vt -0.081425 0.513672
vt 0.081425 0.513672
vt 0.0 0.75
vt 0.25 0.0
vt -0.25 0.0
vt -0.081425 0.513672
vt 0.081425 0.513672
vt 0.0 0.75
vt 0.25 0.0
vt -0.25 0.0
vt -0.081425 0.513672
vt 0.081425 0.513672
vt 0.0 0.75
vt 0.25 0.0
vt -0.25 0.0
vt -0.081425 0.513672
vt 0.081425 0.513672
vt 0.0 0.75
vt 0.25 0.0
vt -0.25 0.0
vt -0.081425 0.513672
vt 0.081425 0.513672
vt 0.0 0.75
vt 0.25 0.0
vt -0.25 0.0
vt -0.081425 0.513672
vt 0.081425 0.513672
vt 0.0 0.75
vt 0.25 0.0
vt -0.25 0.0
vt -0.081425 0.513672
vt 0.081425 0.513672
vt 0.0 0.75
vt 0.25 0.0
vt -0.25 0.0
vt -0.081425 0.513672
vt 0.081425 0.513672
vt 0.0 0.75
vt 0.25 0.0
vt -0.25 0.0
vt -0.081425 0.513672
vt 0.081425 0.513672
vt 0.0 0.75
vt 0.25 0.0
vt -0.25 0.0
vt -0.081425 0.513672
vt 0.081425 0.513672
vt 0.0 0.75
vt 0.25 0.0
vt -0.25 0.0
vt -0.081425 0.513672
vt 0.081425 0.513672
vt 0.0 0.75
vt 0.25 0.0
vt -0.25 0.0
vt -0.081425 0.513672
vt 0.081425 0.513672
vt 0.0 0.75
vt 0.25 0.0
vt -0.25 0.0
vt -0.081425 0.513672
vt 0.081425 0.513672
vt 0.0 0.75
vt 0.25 0.0
vt -0.25 0.0
vt -0.081425 0.513672
vt 0.081425 0.513672
vt 0.0 0.75
vt 0.25 0.0
vt -0.25 0.0
vt -0.081425 0.513672
vt 0.081425 0.513672
vt 0.0 0.75
vt 0.25 0.0
vt -0.25 0.0
vt -0.081425 0.513672
vt 0.081425 0.513672
vt 0.0 0.75
vt 0.25 0.0
vt -0.25 0.0
vt -0.081425 0.513672
vt 0.081425 0.513672
vt 0.0 0.75
vt 0.25 0.0
vt -0.25 0.0
vt -0.081425 0.513672
vt 0.081425 0.513672
vt 0.0 0.75
vt 0.25 0.0
vt -0.25 0.0
vt -0.081425 0.513672
vt 0.081425 0.513672
vt 0.0 0.75
vt 0.25 0.0
vt -0.25 0.0
vt -0.081425 0.513672
vt 0.081425 0.513672
vt 0.0 0.75
vt 0.25 0.0
vt -0.25 0.0
vt -0.081425 0.513672
vt 0.081425 0.513672
vt 0.0 0.75
vt 0.25 0.0
vt -0.25 0.0
vt -0.081425 0.513672
vt 0.081425 0.513672
vt 0.0 0.75
vt 0.25 0.0
vt -0.25 0.0
vt -0.081425 0.513672
vt 0.081425 0.513672
vt 0.0 0.75
vt 0.25 0.0
vt -0.25 0.0
vt -0.081425 0.513672
vt 0.081425 0.513672
vt 0.0 0.75
vt 0.25 0.0
vt -0.25 0.0
vt -0.081425 0.513672
vt 0.081425 0.513672
vt 0.0 0.75
vt 0.25 0.0
vt -0.25 0.0
vt -0.081425 0.513672
vt 0.081425 0.513672
vt 0.0 0.75
vt 0.25 0.0
vt -0.25 0.0
vt -0.081425 0.513672
vt 0.081425 0.513672
vt 0.0 0.75
vt 0.25 0.0
vt -0.25 0.0
vn 0.2274 -0.9385 -0.2598
vn 0.9386 -0.2269 -0.2599
vn -0.4859 -0.6759 0.5542
vn 0.0241 -0.7836 0.6208
vn 0.7836 -0.0241 0.6208
vn 0.2274 -0.9385 -0.2598
vn 0.9386 -0.2269 -0.2599
vn -0.4859 -0.6759 0.5542
vn 0.0241 -0.7836 0.6208
vn 0.7836 -0.0241 0.6208
vn 0.2274 -0.9385 -0.2598
vn 0.9386 -0.2269 -0.2599
vn -0.4859 -0.6759 0.5542
vn 0.0241 -0.7836 0.6208
vn 0.7836 -0.0241 0.6208
vn 0.2274 -0.9385 -0.2598
vn 0.9386 -0.2269 -0.2599
vn -0.4859 -0.6759 0.5542
vn 0.0241 -0.7836 0.6208
vn 0.7836 -0.0241 0.6208
vn 0.2274 -0.9385 -0.2598
vn 0.9386 -0.2269 -0.2599
vn -0.4859 -0.6759 0.5542
vn 0.0241 -0.7836 0.6208
vn 0.7836 -0.0241 0.6208
vn 0.2274 -0.9385 -0.2598
vn 0.9386 -0.2269 -0.2599
vn -0.4859 -0.6759 0.5542
vn 0.0241 -0.7836 0.6208
vn 0.7836 -0.0241 0.6208
vn 0.2274 -0.9385 -0.2598
vn 0.9386 -0.2269 -0.2599
vn -0.4859 -0.6759 0.5542
vn 0.0241 -0.7836 0.6208
vn 0.7836 -0.0241 0.6208
vn 0.2274 -0.9385 -0.2598
vn 0.9386 -0.2269 -0.2599
vn -0.4859 -0.6759 0.5542
vn 0.0241 -0.7836 0.6208
vn 0.7836 -0.0241 0.6208
vn 0.2274 -0.9385 -0.2598
vn 0.9386 -0.2269 -0.2599
vn -0.4859 -0.6759 0.5542
vn 0.0241 -0.7836 0.6208
vn 0.7836 -0.0241 0.6208
vn -0.0 -0.5258 0.8506
vn -0.0 0.0098 1.0
vn -0.0186 -0.0089 0.9998
vn -0.0 -0.6953 0.7187
vn 0.3254 -0.4005 0.8566
vn 0.0 -0.426 0.9047
vn 4.0E-4 -0.0 1.0
vn 2.0E-4 -0.0 1.0
vn -0.0 -0.0058 1.0
vn 0.0 -0.7071 0.7071
vn 0.0 -0.5258 0.8506
vn -0.0 -0.0 1.0
vn 0.0 -0.426 0.9047
vn -0.0 -0.0 1.0
vn 0.0 -0.7071 0.7071
vn 0.0 -0.5258 0.8506
vn -0.0 -0.0 1.0
vn 0.0 -0.426 0.9047
vn -0.0 -0.0 1.0
vn 0.0 -0.7071 0.7071
vn 0.0 -0.5258 0.8506
vn -0.0 -0.0 1.0
vn 0.0 -0.426 0.9047
vn -0.0 -0.0 1.0
vn -0.0 -0.0 1.0
vn -0.0 -0.0 1.0
vn 0.2274 -0.9385 -0.2598
vn 0.9386 -0.2269 -0.2599
vn -0.4859 -0.6759 0.5542
vn 0.0241 -0.7836 0.6208
vn 0.7836 -0.0241 0.6208
vn 0.2274 -0.9385 -0.2598
vn 0.9386 -0.2269 -0.2599
vn -0.4859 -0.6759 0.5542
vn 0.0241 -0.7836 0.6208
vn 0.7836 -0.0241 0.6208
vn 0.2274 -0.9385 -0.2598
vn 0.9386 -0.2269 -0.2599
vn -0.4859 -0.6759 0.5542
vn 0.0241 -0.7836 0.6208
vn 0.7836 -0.0241 0.6208
vn 0.2274 -0.9385 -0.2598
vn 0.9386 -0.2269 -0.2599
vn -0.4859 -0.6759 0.5542
vn 0.0241 -0.7836 0.6208
vn 0.7836 -0.0241 0.6208
vn 0.2274 -0.9385 -0.2598
vn 0.9386 -0.2269 -0.2599
vn -0.4859 -0.6759 0.5542
vn 0.0241 -0.7836 0.6208
vn 0.7836 -0.0241 0.6208
vn 0.2274 -0.9385 -0.2598
vn 0.9386 -0.2269 -0.2599
vn -0.4859 -0.6759 0.5542
vn 0.0241 -0.7836 0.6208
vn 0.7836 -0.0241 0.6208
vn 0.2274 -0.9385 -0.2598
vn 0.9386 -0.2269 -0.2599
vn -0.4859 -0.6759 0.5542
vn 0.0241 -0.7836 0.6208
vn 0.7836 -0.0241 0.6208
vn 0.2274 -0.9385 -0.2598
vn 0.9386 -0.2269 -0.2599
vn -0.4859 -0.6759 0.5542
vn 0.0241 -0.7836 0.6208
vn 0.7836 -0.0241 0.6208
vn 0.2274 -0.9385 -0.2598
vn 0.9386 -0.2269 -0.2599
vn -0.4859 -0.6759 0.5542
vn 0.0241 -0.7836 0.6208
vn 0.7836 -0.0241 0.6208
vn 0.2274 -0.9385 -0.2598
vn 0.9386 -0.2269 -0.2599
vn -0.4859 -0.6759 0.5542
vn 0.0241 -0.7836 0.6208
vn 0.7836 -0.0241 0.6208
vn -0.0808 -0.1651 0.983
vn -0.0178 -0.2269 0.9738
vn -0.0558 -0.6983 0.7136
vn -0.3474 -0.5641 0.7491
vn -0.1819 -0.0679 0.981
vn -0.1788 -0.0657 0.9817
vn -0.5999 -0.2295 0.7665
vn -0.6978 -0.0672 0.7132
vn -0.6948 -0.0644 0.7163
vn -0.6012 -0.2303 0.7652
vn -0.6426 -0.3262 0.6933
vn -0.3477 -0.5703 0.7442
vn -0.25 -0.5665 0.7852
vn -0.0567 -0.6961 0.7157
vn 0.0 0.0 1.0
vn -0.6425 -0.3262 0.6933
vn -0.3865 -0.3865 0.8374
vn -0.526 0.0 0.8505
vn -0.0 0.0 1.0
vn 0.0 -0.526 0.8505
vn 0.0 -0.5259 0.8505
vn -0.3262 -0.6425 0.6934
vn -0.4629 -0.4629 0.7559
vn -0.6426 -0.3262 0.6933
vn -0.6426 -0.3262 0.6934
vn -0.3262 -0.6426 0.6934
vn -0.5259 0.0 0.8505
vn -0.0 -0.0 1.0
vn -0.0 -0.0 1.0
vn 0.2274 -0.9385 -0.2598
vn 0.9386 -0.2269 -0.2599
vn -0.4859 -0.6759 0.5542
vn 0.0241 -0.7836 0.6208
vn 0.7836 -0.0241 0.6208
vn 0.2274 -0.9385 -0.2598
vn 0.9386 -0.2269 -0.2599
vn -0.4859 -0.6759 0.5542
vn 0.0241 -0.7836 0.6208
vn 0.7836 -0.0241 0.6208
vn 0.2274 -0.9385 -0.2598
vn 0.9386 -0.2269 -0.2599
vn -0.4859 -0.6759 0.5542
vn 0.0241 -0.7836 0.6208
vn 0.7836 -0.0241 0.6208
vn 0.2274 -0.9385 -0.2598
vn 0.9386 -0.2269 -0.2599
vn -0.4859 -0.6759 0.5542
vn 0.0241 -0.7836 0.6208
vn 0.7836 -0.0241 0.6208
vn 0.2274 -0.9385 -0.2598
vn 0.9386 -0.2269 -0.2599
vn -0.4859 -0.6759 0.5542
vn 0.0241 -0.7836 0.6208
vn 0.7836 -0.0241 0.6208
vn 0.2274 -0.9385 -0.2598
vn 0.9386 -0.2269 -0.2599
vn -0.4859 -0.6759 0.5542
vn 0.0241 -0.7836 0.6208
vn 0.7836 -0.0241 0.6208
vn 0.2274 -0.9385 -0.2598
vn 0.9386 -0.2269 -0.2599
vn -0.4859 -0.6759 0.5542
vn 0.0241 -0.7836 0.6208
vn 0.7836 -0.0241 0.6208
vn 0.2274 -0.9385 -0.2598
vn 0.9386 -0.2269 -0.2599
vn -0.4859 -0.6759 0.5542
vn 0.0241 -0.7836 0.6208
vn 0.7836 -0.0241 0.6208
vn 0.2274 -0.9385 -0.2598
vn 0.9386 -0.2269 -0.2599
vn -0.4859 -0.6759 0.5542
vn 0.0241 -0.7836 0.6208
vn 0.7836 -0.0241 0.6208
vn 0.2274 -0.9385 -0.2598
vn 0.9386 -0.2269 -0.2599
vn -0.4859 -0.6759 0.5542
vn 0.0241 -0.7836 0.6208
vn 0.7836 -0.0241 0.6208
vn 0.0 -0.7071 0.7071
vn 0.0 -0.5258 0.8506
vn -0.0 -0.0 1.0
vn 0.0 -0.426 0.9047
vn -0.0 -0.0 1.0
vn -0.0 -0.0 1.0
vn -0.0 -0.0 1.0
vn -0.0 -0.0 1.0
vn 0.2274 -0.9385 -0.2598
vn 0.9386 -0.2269 -0.2599
vn -0.4859 -0.6759 0.5542
vn 0.0241 -0.7836 0.6208
vn 0.7836 -0.0241 0.6208
vn 0.2274 -0.9385 -0.2598
vn 0.9386 -0.2269 -0.2599
vn -0.4859 -0.6759 0.5542
vn 0.0241 -0.7836 0.6208
vn 0.7836 -0.0241 0.6208
vn 0.2274 -0.9385 -0.2598
vn 0.9386 -0.2269 -0.2599
vn -0.4859 -0.6759 0.5542
vn 0.0241 -0.7836 0.6208
vn 0.7836 -0.0241 0.6208
vn 0.2274 -0.9385 -0.2598
vn 0.9386 -0.2269 -0.2599
vn -0.4859 -0.6759 0.5542
vn 0.0241 -0.7836 0.6208
vn 0.7836 -0.0241 0.6208
vn 0.2274 -0.9385 -0.2598
vn 0.9386 -0.2269 -0.2599
vn -0.4859 -0.6759 0.5542
vn 0.0241 -0.7836 0.6208
vn 0.7836 -0.0241 0.6208
vn 0.2274 -0.9385 -0.2598
vn 0.9386 -0.2269 -0.2599
vn -0.4859 -0.6759 0.5542
vn 0.0241 -0.7836 0.6208
vn 0.7836 -0.0241 0.6208
vn 0.2274 -0.9385 -0.2598
vn 0.9386 -0.2269 -0.2599
vn -0.4859 -0.6759 0.5542
vn 0.0241 -0.7836 0.6208
vn 0.7836 -0.0241 0.6208
vn 0.2274 -0.9385 -0.2598
vn 0.9386 -0.2269 -0.2599
vn -0.4859 -0.6759 0.5542
vn 0.0241 -0.7836 0.6208
vn 0.7836 -0.0241 0.6208
vn 0.2274 -0.9385 -0.2598
vn 0.9386 -0.2269 -0.2599
vn -0.4859 -0.6759 0.5542
vn 0.0241 -0.7836 0.6208
vn 0.7836 -0.0241 0.6208
vn -0.6948 -0.0644 0.7163
vn -0.6012 -0.2303 0.7652
vn -0.5961 -0.3322 0.7309
vn -0.3477 -0.5703 0.7442
vn -0.25 -0.5665 0.7852
vn -0.0567 -0.6961 0.7157
vn -0.0 -0.0098 1.0
vn -0.3525 -0.1302 0.9267
vn -0.1585 -0.3283 0.9312
vn -0.3474 -0.5641 0.7491
vn -0.5999 -0.2295 0.7665
vn 0.0019 -0.4322 0.9018
vn -0.0558 -0.6984 0.7136
vn -0.4281 -0.0014 0.9037
vn -0.6978 -0.0672 0.7132
vn -0.0026 -0.0154 0.9999
vn 0.02 0.0132 0.9997
vn -0.0048 -0.0142 0.9999
vn -0.0062 -0.0294 0.9995
vn 1.0E-4 -0.0116 0.9999
vn -0.0079 -0.0104 0.9999
vn 0.0082 -0.0097 0.9999
vn -0.0217 -0.0096 0.9997
vn 0.0067 -0.0032 1.0
vn -0.0036 -0.0133 0.9999
vn -0.0034 -0.0209 0.9998
vn 0.0109 0.0255 0.9996
vn -0.0 -0.5258 0.8506
vn -0.3985 -0.5864 0.7052
vn -0.1727 -0.1727 0.9697
vn -0.4632 -0.4632 0.7555
vn -0.5864 -0.3985 0.7052
vn -0.39 -0.39 0.8341
vn -0.0044 -0.0044 1.0
vn -0.0 -0.0089 1.0
vn -0.5258 0.0 0.8506
vn -0.0089 0.0 1.0
vn -0.6335 -0.6335 0.4443
vn 0.2274 -0.9385 -0.2598
vn 0.9386 -0.2269 -0.2599
vn -0.4859 -0.6759 0.5542
vn 0.0241 -0.7836 0.6208
vn 0.7836 -0.0241 0.6208
vn 0.2274 -0.9385 -0.2598
vn 0.9386 -0.2269 -0.2599
vn -0.4859 -0.6759 0.5542
vn 0.0241 -0.7836 0.6208
vn 0.7836 -0.0241 0.6208
vn 0.2274 -0.9385 -0.2598
vn 0.9386 -0.2269 -0.2599
vn -0.4859 -0.6759 0.5542
vn 0.0241 -0.7836 0.6208
vn 0.7836 -0.0241 0.6208
vn 0.2274 -0.9385 -0.2598
vn 0.9386 -0.2269 -0.2599
vn -0.4859 -0.6759 0.5542
vn 0.0241 -0.7836 0.6208
vn 0.7836 -0.0241 0.6208
vn 0.2274 -0.9385 -0.2598
vn 0.9386 -0.2269 -0.2599
vn -0.4859 -0.6759 0.5542
vn 0.0241 -0.7836 0.6208
vn 0.7836 -0.0241 0.6208
vn 0.2274 -0.9385 -0.2598
vn 0.9386 -0.2269 -0.2599
vn -0.4859 -0.6759 0.5542
vn 0.0241 -0.7836 0.6208
vn 0.7836 -0.0241 0.6208
vn 0.2274 -0.9385 -0.2598
vn 0.9386 -0.2269 -0.2599
vn -0.4859 -0.6759 0.5542
vn 0.0241 -0.7836 0.6208
vn 0.7836 -0.0241 0.6208
vn 0.2274 -0.9385 -0.2598
vn 0.9386 -0.2269 -0.2599
vn -0.4859 -0.6759 0.5542
vn 0.0241 -0.7836 0.6208
vn 0.7836 -0.0241 0.6208
vn 0.2274 -0.9385 -0.2598
vn 0.9386 -0.2269 -0.2599
vn -0.4859 -0.6759 0.5542
vn 0.0241 -0.7836 0.6208
vn 0.7836 -0.0241 0.6208
vn -0.0 -0.5258 0.8506
vn -0.0 0.0098 1.0
vn -0.0186 -0.0089 0.9998
vn -0.0 -0.6953 0.7187
vn 0.3254 -0.4005 0.8566
vn 0.0 -0.426 0.9047
vn 4.0E-4 -0.0 1.0
vn 2.0E-4 -0.0 1.0
vn -0.0 -0.0058 1.0
vn -0.0808 -0.1651 0.983
vn -0.0178 -0.2269 0.9738
vn -0.0558 -0.6983 0.7136
vn -0.3474 -0.5641 0.7491
vn -0.1819 -0.0679 0.981
vn -0.1788 -0.0657 0.9817
vn -0.5999 -0.2295 0.7665
vn -0.6978 -0.0672 0.7132
vn -0.6948 -0.0644 0.7163
vn -0.6012 -0.2303 0.7652
vn -0.6426 -0.3262 0.6933
vn -0.3477 -0.5703 0.7442
vn -0.25 -0.5665 0.7852
vn -0.0567 -0.6961 0.7157
vn 0.0 0.0 1.0
vn -0.6425 -0.3262 0.6933
vn -0.3865 -0.3865 0.8374
vn -0.526 0.0 0.8505
vn -0.0 0.0 1.0
vn 0.0 -0.526 0.8505
vn 0.0 -0.5259 0.8505
vn -0.3262 -0.6425 0.6934
vn -0.4629 -0.4629 0.7559
vn -0.6426 -0.3262 0.6933
vn -0.6426 -0.3262 0.6934
vn -0.3262 -0.6426 0.6934
vn -0.5259 0.0 0.8505
vn -0.0808 -0.1651 0.983
vn -0.0178 -0.2269 0.9738
vn -0.0558 -0.6983 0.7136
vn -0.3474 -0.5641 0.7491
vn -0.1819 -0.0679 0.981
vn -0.1788 -0.0657 0.9817
vn -0.5999 -0.2295 0.7665
vn -0.6978 -0.0672 0.7132
vn -0.6948 -0.0644 0.7163
vn -0.6012 -0.2303 0.7652
vn -0.6426 -0.3262 0.6933
vn -0.3477 -0.5703 0.7442
vn -0.25 -0.5665 0.7852
vn -0.0567 -0.6961 0.7157
vn 0.0 0.0 1.0
vn -0.6425 -0.3262 0.6933
vn -0.3865 -0.3865 0.8374
vn -0.526 0.0 0.8505
vn -0.0 0.0 1.0
vn 0.0 -0.526 0.8505
vn 0.0 -0.5259 0.8505
vn -0.3262 -0.6425 0.6934
vn -0.4629 -0.4629 0.7559
vn -0.6426 -0.3262 0.6933
vn -0.6426 -0.3262 0.6934
vn -0.3262 -0.6426 0.6934
vn -0.5259 0.0 0.8505
vn -0.0 -0.0 1.0
vn 0.0 -0.0 1.0
vn 0.0 -0.0 1.0
vn 0.0 -0.0 1.0
vn 0.0 -0.0 1.0
vn -0.0 -0.0 1.0
vn -0.0 -0.0 1.0
vn 0.0 0.6953 0.7187
vn 1.0 -0.0 0.0
vn -0.0 -0.0 1.0
vn 0.0 1.0 0.0
vn -0.0 -1.0 0.0
vn -1.0 0.0 0.0
vn -0.0 -0.0 1.0
vn -0.0 -0.0 1.0
vn 0.2274 -0.9385 -0.2598
vn 0.9386 -0.2269 -0.2599
vn -0.4859 -0.6759 0.5542
vn 0.0241 -0.7836 0.6208
vn 0.7836 -0.0241 0.6208
vn 0.2274 -0.9385 -0.2598
vn 0.9386 -0.2269 -0.2599
vn -0.4859 -0.6759 0.5542
vn 0.0241 -0.7836 0.6208
vn 0.7836 -0.0241 0.6208
vn 0.2274 -0.9385 -0.2598
vn 0.9386 -0.2269 -0.2599
vn -0.4859 -0.6759 0.5542
vn 0.0241 -0.7836 0.6208
vn 0.7836 -0.0241 0.6208
vn 0.2274 -0.9385 -0.2598
vn 0.9386 -0.2269 -0.2599
vn -0.4859 -0.6759 0.5542
vn 0.0241 -0.7836 0.6208
vn 0.7836 -0.0241 0.6208
vn 0.2274 -0.9385 -0.2598
vn 0.9386 -0.2269 -0.2599
vn -0.4859 -0.6759 0.5542
vn 0.0241 -0.7836 0.6208
vn 0.7836 -0.0241 0.6208
vn 0.2274 -0.9385 -0.2598
vn 0.9386 -0.2269 -0.2599
vn -0.4859 -0.6759 0.5542
vn 0.0241 -0.7836 0.6208
vn 0.7836 -0.0241 0.6208
vn 0.2274 -0.9385 -0.2598
vn 0.9386 -0.2269 -0.2599
vn -0.4859 -0.6759 0.5542
vn 0.0241 -0.7836 0.6208
vn 0.7836 -0.0241 0.6208
vn 0.2274 -0.9385 -0.2598
vn 0.9386 -0.2269 -0.2599
vn -0.4859 -0.6759 0.5542
vn 0.0241 -0.7836 0.6208
vn 0.7836 -0.0241 0.6208
vn 0.2274 -0.9385 -0.2598
vn 0.9386 -0.2269 -0.2599
vn -0.4859 -0.6759 0.5542
vn 0.0241 -0.7836 0.6208
vn 0.7836 -0.0241 0.6208
vn 0.0 -0.7071 0.7071
vn 0.0 -0.5258 0.8506
vn -0.0 -0.0 1.0
vn 0.0 -0.426 0.9047
vn -0.0 -0.0 1.0
vn 0.0 -0.7071 0.7071
vn 0.0 -0.5258 0.8506
vn -0.0 -0.0 1.0
vn 0.0 -0.426 0.9047
vn -0.0808 -0.1651 0.983
vn -0.0178 -0.2269 0.9738
vn -0.0558 -0.6983 0.7136
vn -0.3474 -0.5641 0.7491
vn -0.1819 -0.0679 0.981
vn -0.1788 -0.0657 0.9817
vn -0.5999 -0.2295 0.7665
vn -0.6978 -0.0672 0.7132
vn -0.6948 -0.0644 0.7163
vn -0.6012 -0.2303 0.7652
vn -0.6426 -0.3262 0.6933
vn -0.3477 -0.5703 0.7442
vn -0.25 -0.5665 0.7852
vn -0.0567 -0.6961 0.7157
vn 0.0 0.0 1.0
vn -0.6425 -0.3262 0.6933
vn -0.3865 -0.3865 0.8374
vn -0.526 0.0 0.8505
vn -0.0 0.0 1.0
vn 0.0 -0.526 0.8505
vn 0.0 -0.5259 0.8505
vn -0.3262 -0.6425 0.6934
vn -0.4629 -0.4629 0.7559
vn -0.6426 -0.3262 0.6933
vn -0.6426 -0.3262 0.6934
vn -0.3262 -0.6426 0.6934
vn -0.5259 0.0 0.8505
vn -0.0 -0.0 1.0
vn 0.0 -0.0 1.0
vn 0.0 -0.0 1.0
vn 0.0 -0.0 1.0
vn 0.0 -0.0 1.0
vn 0.0 -0.0 1.0
vn 0.0 -0.0 1.0
vn 0.0 -0.0 1.0
vn 0.0 -0.0 1.0
vn -0.0 -0.0 1.0
vn 0.2274 -0.9385 -0.2598
vn 0.9386 -0.2269 -0.2599
vn -0.4859 -0.6759 0.5542
vn 0.0241 -0.7836 0.6208
vn 0.7836 -0.0241 0.6208
vn 0.2274 -0.9385 -0.2598
vn 0.9386 -0.2269 -0.2599
vn -0.4859 -0.6759 0.5542
vn 0.0241 -0.7836 0.6208
vn 0.7836 -0.0241 0.6208
vn 0.2274 -0.9385 -0.2598
vn 0.9386 -0.2269 -0.2599
vn -0.4859 -0.6759 0.5542
vn 0.0241 -0.7836 0.6208
vn 0.7836 -0.0241 0.6208
vn 0.2274 -0.9385 -0.2598
vn 0.9386 -0.2269 -0.2599
vn -0.4859 -0.6759 0.5542
vn 0.0241 -0.7836 0.6208
vn 0.7836 -0.0241 0.6208
vn 0.2274 -0.9385 -0.2598
vn 0.9386 -0.2269 -0.2599
vn -0.4859 -0.6759 0.5542
vn 0.0241 -0.7836 0.6208
vn 0.7836 -0.0241 0.6208
vn 0.2274 -0.9385 -0.2598
vn 0.9386 -0.2269 -0.2599
vn -0.4859 -0.6759 0.5542
vn 0.0241 -0.7836 0.6208
vn 0.7836 -0.0241 0.6208
vn 0.2274 -0.9385 -0.2598
vn 0.9386 -0.2269 -0.2599
vn -0.4859 -0.6759 0.5542
vn 0.0241 -0.7836 0.6208
vn 0.7836 -0.0241 0.6208
vn 0.2274 -0.9385 -0.2598
vn 0.9386 -0.2269 -0.2599
vn -0.4859 -0.6759 0.5542
vn 0.0241 -0.7836 0.6208
vn 0.7836 -0.0241 0.6208
vn -0.6948 -0.0644 0.7163
vn -0.6012 -0.2303 0.7652
vn -0.5961 -0.3322 0.7309
vn -0.3477 -0.5703 0.7442
vn -0.25 -0.5665 0.7852
vn -0.0567 -0.6961 0.7157
vn -0.0 -0.0098 1.0
vn -0.3525 -0.1302 0.9267
vn -0.1585 -0.3283 0.9312
vn -0.3474 -0.5641 0.7491
vn -0.5999 -0.2295 0.7665
vn 0.0019 -0.4322 0.9018
vn -0.0558 -0.6984 0.7136
vn -0.4281 -0.0014 0.9037
vn -0.6978 -0.0672 0.7132
vn -0.0026 -0.0154 0.9999
vn 0.02 0.0132 0.9997
vn -0.0048 -0.0142 0.9999
vn -0.0062 -0.0294 0.9995
vn 1.0E-4 -0.0116 0.9999
vn -0.0079 -0.0104 0.9999
vn 0.0082 -0.0097 0.9999
vn -0.0217 -0.0096 0.9997
vn 0.0067 -0.0032 1.0
vn -0.0036 -0.0133 0.9999
vn -0.0034 -0.0209 0.9998
vn 0.0109 0.0255 0.9996
vn -0.0 -0.5258 0.8506
vn -0.3985 -0.5864 0.7052
vn -0.1727 -0.1727 0.9697
vn -0.4632 -0.4632 0.7555
vn -0.5864 -0.3985 0.7052
vn -0.39 -0.39 0.8341
vn -0.0044 -0.0044 1.0
vn -0.0 -0.0089 1.0
vn -0.5258 0.0 0.8506
vn -0.0089 0.0 1.0
vn -0.6335 -0.6335 0.4443
vn 0.0 -0.7071 0.7071
vn 0.0 -0.5258 0.8506
vn -0.0 -0.0 1.0
vn 0.0 -0.426 0.9047
vn -0.0 -0.0 1.0
vn 0.0 -0.0 1.0
vn 0.0 -0.0 1.0
vn 0.0 -0.0 1.0
vn 0.0 -0.0 1.0
vn 0.0 -0.0 1.0
vn 0.0 -0.0 1.0
vn 0.0 -0.0 1.0
vn 0.0 -0.0 1.0
vn 0.0 -0.0 1.0
vn 0.0 -0.0 1.0
vn 0.0 0.6953 0.7187
vn 1.0 -0.0 0.0
vn -0.0 -0.0 1.0
vn 0.0 1.0 0.0
vn -0.0 -1.0 0.0
vn -1.0 0.0 0.0
vn -0.0 -0.0 1.0
vn 0.2274 -0.9385 -0.2598
vn 0.9386 -0.2269 -0.2599
vn -0.4859 -0.6759 0.5542
vn 0.0241 -0.7836 0.6208
vn 0.7836 -0.0241 0.6208
vn 0.2274 -0.9385 -0.2598
vn 0.9386 -0.2269 -0.2599
vn -0.4859 -0.6759 0.5542
vn 0.0241 -0.7836 0.6208
vn 0.7836 -0.0241 0.6208
vn 0.2274 -0.9385 -0.2598
vn 0.9386 -0.2269 -0.2599
vn -0.4859 -0.6759 0.5542
vn 0.0241 -0.7836 0.6208
vn 0.7836 -0.0241 0.6208
vn 0.2274 -0.9385 -0.2598
vn 0.9386 -0.2269 -0.2599
vn -0.4859 -0.6759 0.5542
vn 0.0241 -0.7836 0.6208
vn 0.7836 -0.0241 0.6208
vn 0.2274 -0.9385 -0.2598
vn 0.9386 -0.2269 -0.2599
vn -0.4859 -0.6759 0.5542
vn 0.0241 -0.7836 0.6208
vn 0.7836 -0.0241 0.6208
vn 0.2274 -0.9385 -0.2598
vn 0.9386 -0.2269 -0.2599
vn -0.4859 -0.6759 0.5542
vn 0.0241 -0.7836 0.6208
vn 0.7836 -0.0241 0.6208
vn 0.2274 -0.9385 -0.2598
vn 0.9386 -0.2269 -0.2599
vn -0.4859 -0.6759 0.5542
vn 0.0241 -0.7836 0.6208
vn 0.7836 -0.0241 0.6208
vn 0.2274 -0.9385 -0.2598
vn 0.9386 -0.2269 -0.2599
vn -0.4859 -0.6759 0.5542
vn 0.0241 -0.7836 0.6208
vn 0.7836 -0.0241 0.6208
vn -0.0 -0.5258 0.8506
vn -0.0 0.0098 1.0
vn -0.0186 -0.0089 0.9998
vn -0.0 -0.6953 0.7187
vn 0.3254 -0.4005 0.8566
vn 0.0 -0.426 0.9047
vn 4.0E-4 -0.0 1.0
vn 2.0E-4 -0.0 1.0
vn -0.0 -0.0058 1.0
vn -0.0808 -0.1651 0.983
vn -0.0178 -0.2269 0.9738
vn -0.0558 -0.6983 0.7136
vn -0.3474 -0.5641 0.7491
vn -0.1819 -0.0679 0.981
vn -0.1788 -0.0657 0.9817
vn -0.5999 -0.2295 0.7665
vn -0.6978 -0.0672 0.7132
vn -0.6948 -0.0644 0.7163
vn -0.6012 -0.2303 0.7652
vn -0.6426 -0.3262 0.6933
vn -0.3477 -0.5703 0.7442
vn -0.25 -0.5665 0.7852
vn -0.0567 -0.6961 0.7157
vn 0.0 0.0 1.0
vn -0.6425 -0.3262 0.6933
vn -0.3865 -0.3865 0.8374
vn -0.526 0.0 0.8505
vn -0.0 0.0 1.0
vn 0.0 -0.526 0.8505
vn 0.0 -0.5259 0.8505
vn -0.3262 -0.6425 0.6934
vn -0.4629 -0.4629 0.7559
vn -0.6426 -0.3262 0.6933
vn -0.6426 -0.3262 0.6934
vn -0.3262 -0.6426 0.6934
vn -0.5259 0.0 0.8505
vn 0.0 -0.0 1.0
vn 0.0 -0.0 1.0
vn 0.0 -0.0 1.0
vn 0.0 -0.0 1.0
vn 0.0 -0.0 1.0
vn 0.0 -0.0 1.0
vn 0.0 -0.0 1.0
vn 0.0 -0.0 1.0
vn 0.0 -0.0 1.0
vn 0.0 -0.0 1.0
vn -0.0 -0.0 1.0
vn 0.2274 -0.9385 -0.2598
vn 0.9386 -0.2269 -0.2599
vn -0.4859 -0.6759 0.5542
vn 0.0241 -0.7836 0.6208
vn 0.7836 -0.0241 0.6208
vn 0.2274 -0.9385 -0.2598
vn 0.9386 -0.2269 -0.2599
vn -0.4859 -0.6759 0.5542
vn 0.0241 -0.7836 0.6208
vn 0.7836 -0.0241 0.6208
vn 0.2274 -0.9385 -0.2598
vn 0.9386 -0.2269 -0.2599
vn -0.4859 -0.6759 0.5542
vn 0.0241 -0.7836 0.6208
vn 0.7836 -0.0241 0.6208
vn 0.2274 -0.9385 -0.2598
vn 0.9386 -0.2269 -0.2599
vn -0.4859 -0.6759 0.5542
vn 0.0241 -0.7836 0.6208
vn 0.7836 -0.0241 0.6208
vn 0.2274 -0.9385 -0.2598
vn 0.9386 -0.2269 -0.2599
vn -0.4859 -0.6759 0.5542
vn 0.0241 -0.7836 0.6208
vn 0.7836 -0.0241 0.6208
vn 0.2274 -0.9385 -0.2598
vn 0.9386 -0.2269 -0.2599
vn -0.4859 -0.6759 0.5542
vn 0.0241 -0.7836 0.6208
vn 0.7836 -0.0241 0.6208
vn 0.2274 -0.9385 -0.2598
vn 0.9386 -0.2269 -0.2599
vn -0.4859 -0.6759 0.5542
vn 0.0241 -0.7836 0.6208
vn 0.7836 -0.0241 0.6208
vn 0.2274 -0.9385 -0.2598
vn 0.9386 -0.2269 -0.2599
vn -0.4859 -0.6759 0.5542
vn 0.0241 -0.7836 0.6208
vn 0.7836 -0.0241 0.6208
vn 0.0 -0.7071 0.7071
vn 0.0 -0.5258 0.8506
vn -0.0 -0.0 1.0
vn 0.0 -0.426 0.9047
vn -0.0 -0.0 1.0
vn 0.0 -0.0 1.0
vn 0.0 -0.0 1.0
vn 0.0 -0.0 1.0
vn 0.0 -0.0 1.0
vn 0.0 -0.0 1.0
vn 0.0 -0.0 1.0
vn 0.0 -0.0 1.0
vn 0.0 -0.0 1.0
vn 0.0 -0.0 1.0
vn 0.0 -0.0 1.0
vn 0.0 -0.0 1.0
vn 0.0 -0.0 1.0
vn 0.2274 -0.9385 -0.2598
vn 0.9386 -0.2269 -0.2599
vn -0.4859 -0.6759 0.5542
vn 0.0241 -0.7836 0.6208
vn 0.7836 -0.0241 0.6208
vn 0.2274 -0.9385 -0.2598
vn 0.9386 -0.2269 -0.2599
vn -0.4859 -0.6759 0.5542
vn 0.0241 -0.7836 0.6208
vn 0.7836 -0.0241 0.6208
vn 0.2274 -0.9385 -0.2598
vn 0.9386 -0.2269 -0.2599
vn -0.4859 -0.6759 0.5542
vn 0.0241 -0.7836 0.6208
vn 0.7836 -0.0241 0.6208
vn 0.2274 -0.9385 -0.2598
vn 0.9386 -0.2269 -0.2599
vn -0.4859 -0.6759 0.5542
vn 0.0241 -0.7836 0.6208
vn 0.7836 -0.0241 0.6208
vn 0.2274 -0.9385 -0.2598
vn 0.9386 -0.2269 -0.2599
vn -0.4859 -0.6759 0.5542
vn 0.0241 -0.7836 0.6208
vn 0.7836 -0.0241 0.6208
vn 0.2274 -0.9385 -0.2598
vn 0.9386 -0.2269 -0.2599
vn -0.4859 -0.6759 0.5542
vn 0.0241 -0.7836 0.6208
vn 0.7836 -0.0241 0.6208
vn 0.2274 -0.9385 -0.2598
vn 0.9386 -0.2269 -0.2599
vn -0.4859 -0.6759 0.5542
vn 0.0241 -0.7836 0.6208
vn 0.7836 -0.0241 0.6208
vn 0.2274 -0.9385 -0.2598
vn 0.9386 -0.2269 -0.2599
vn -0.4859 -0.6759 0.5542
vn 0.0241 -0.7836 0.6208
vn 0.7836 -0.0241 0.6208
vn 0.0 -0.0 1.0
vn 0.0 -0.0 1.0
vn 0.0 -0.0 1.0
vn 0.0 -0.0 1.0
vn 0.0 -0.0 1.0
vn 0.0 -0.0 1.0
vn 0.0 -0.0 1.0
vn 0.0 -0.0 1.0
vn 0.0 -0.0 1.0
vn 0.0 -0.0 1.0
vn 0.0 -0.0 1.0
vn 0.0 -0.0 1.0
vn -0.0 -0.0 1.0
vn 0.2274 -0.9385 -0.2598
vn 0.9386 -0.2269 -0.2599
vn -0.4859 -0.6759 0.5542
vn 0.0241 -0.7836 0.6208
vn 0.7836 -0.0241 0.6208
vn 0.2274 -0.9385 -0.2598
vn 0.9386 -0.2269 -0.2599
vn -0.4859 -0.6759 0.5542
vn 0.0241 -0.7836 0.6208
vn 0.7836 -0.0241 0.6208
vn 0.2274 -0.9385 -0.2598
vn 0.9386 -0.2269 -0.2599
vn -0.4859 -0.6759 0.5542
vn 0.0241 -0.7836 0.6208
vn 0.7836 -0.0241 0.6208
vn 0.2274 -0.9385 -0.2598
vn 0.9386 -0.2269 -0.2599
vn -0.4859 -0.6759 0.5542
vn 0.0241 -0.7836 0.6208
vn 0.7836 -0.0241 0.6208
vn 0.2274 -0.9385 -0.2598
vn 0.9386 -0.2269 -0.2599
vn -0.4859 -0.6759 0.5542
vn 0.0241 -0.7836 0.6208
vn 0.7836 -0.0241 0.6208
vn 0.2274 -0.9385 -0.2598
vn 0.9386 -0.2269 -0.2599
vn -0.4859 -0.6759 0.5542
vn 0.0241 -0.7836 0.6208
vn 0.7836 -0.0241 0.6208
vn 0.2274 -0.9385 -0.2598
vn 0.9386 -0.2269 -0.2599
vn -0.4859 -0.6759 0.5542
vn 0.0241 -0.7836 0.6208
vn 0.7836 -0.0241 0.6208
vn 0.2274 -0.9385 -0.2598
vn 0.9386 -0.2269 -0.2599
vn -0.4859 -0.6759 0.5542
vn 0.0241 -0.7836 0.6208
vn 0.7836 -0.0241 0.6208
vn 0.0 -0.0 1.0
vn 0.0 -0.0 1.0
vn 0.0 -0.0 1.0
vn 0.0 -0.0 1.0
vn 0.0 -0.0 1.0
vn 0.0 -0.0 1.0
vn 0.0 -0.0 1.0
vn 0.0 -0.0 1.0
vn 0.0 -0.0 1.0
vn 0.0 -0.0 1.0
vn 0.0 -0.0 1.0
vn 0.0 -0.0 1.0
vn 0.2274 -0.9385 -0.2598
vn 0.9386 -0.2269 -0.2599
vn -0.4859 -0.6759 0.5542
vn 0.0241 -0.7836 0.6208
vn 0.7836 -0.0241 0.6208
vn 0.2274 -0.9385 -0.2598
vn 0.9386 -0.2269 -0.2599
vn -0.4859 -0.6759 0.5542
vn 0.0241 -0.7836 0.6208
vn 0.7836 -0.0241 0.6208
vn 0.2274 -0.9385 -0.2598
vn 0.9386 -0.2269 -0.2599
vn -0.4859 -0.6759 0.5542
vn 0.0241 -0.7836 0.6208
vn 0.7836 -0.0241 0.6208
vn 0.2274 -0.9385 -0.2598
vn 0.9386 -0.2269 -0.2599
vn -0.4859 -0.6759 0.5542
vn 0.0241 -0.7836 0.6208
vn 0.7836 -0.0241 0.6208
vn 0.2274 -0.9385 -0.2598
vn 0.9386 -0.2269 -0.2599
vn -0.4859 -0.6759 0.5542
vn 0.0241 -0.7836 0.6208
vn 0.7836 -0.0241 0.6208
vn 0.2274 -0.9385 -0.2598
vn 0.9386 -0.2269 -0.2599
vn -0.4859 -0.6759 0.5542
vn 0.0241 -0.7836 0.6208
vn 0.7836 -0.0241 0.6208
vn 0.2274 -0.9385 -0.2598
vn 0.9386 -0.2269 -0.2599
vn -0.4859 -0.6759 0.5542
vn 0.0241 -0.7836 0.6208
vn 0.7836 -0.0241 0.6208
vn 0.2274 -0.9385 -0.2598
vn 0.9386 -0.2269 -0.2599
vn -0.4859 -0.6759 0.5542
vn 0.0241 -0.7836 0.6208
vn 0.7836 -0.0241 0.6208
vn 0.0 -0.0 1.0
vn 0.0 -0.0 1.0
vn 0.0 -0.0 1.0
vn 0.0 -0.0 1.0
vn 0.0 -0.0 1.0
vn 0.0 -0.0 1.0
vn 0.0 -0.0 1.0
vn 0.0 -0.0 1.0
vn 0.0 -0.0 1.0
vn 0.0 -0.0 1.0
vn 0.0 -0.0 1.0
vn 0.0 -0.0 1.0
vn -0.0 -0.0 1.0
vn 0.2274 -0.9385 -0.2598
vn 0.9386 -0.2269 -0.2599
vn -0.4859 -0.6759 0.5542
vn 0.0241 -0.7836 0.6208
vn 0.7836 -0.0241 0.6208
vn 0.2274 -0.9385 -0.2598
vn 0.9386 -0.2269 -0.2599
vn -0.4859 -0.6759 0.5542
vn 0.0241 -0.7836 0.6208
vn 0.7836 -0.0241 0.6208
vn 0.2274 -0.9385 -0.2598
vn 0.9386 -0.2269 -0.2599
vn -0.4859 -0.6759 0.5542
vn 0.0241 -0.7836 0.6208
vn 0.7836 -0.0241 0.6208
vn 0.2274 -0.9385 -0.2598
vn 0.9386 -0.2269 -0.2599
vn -0.4859 -0.6759 0.5542
vn 0.0241 -0.7836 0.6208
vn 0.7836 -0.0241 0.6208
vn 0.2274 -0.9385 -0.2598
vn 0.9386 -0.2269 -0.2599
vn -0.4859 -0.6759 0.5542
vn 0.0241 -0.7836 0.6208
vn 0.7836 -0.0241 0.6208
vn 0.2274 -0.9385 -0.2598
vn 0.9386 -0.2269 -0.2599
vn -0.4859 -0.6759 0.5542
vn 0.0241 -0.7836 0.6208
vn 0.7836 -0.0241 0.6208
vn 0.2274 -0.9385 -0.2598
vn 0.9386 -0.2269 -0.2599
vn -0.4859 -0.6759 0.5542
vn 0.0241 -0.7836 0.6208
vn 0.7836 -0.0241 0.6208
vn 0.2274 -0.9385 -0.2598
vn 0.9386 -0.2269 -0.2599
vn -0.4859 -0.6759 0.5542
vn 0.0241 -0.7836 0.6208
vn 0.7836 -0.0241 0.6208
vn -0.0 -0.0 1.0
vn 0.0 -0.0 1.0
vn 0.0 -0.0 1.0
vn 0.0 -0.0 1.0
vn 0.0 -0.0 1.0
vn 0.0 -0.0 1.0
vn 0.0 -0.0 1.0
vn 0.0 -0.0 1.0
vn 0.0 -0.0 1.0
vn 0.0 -0.0 1.0
vn 0.0 -0.0 1.0
vn -0.0 -0.0 1.0
vn -0.0 -0.0 1.0
vn 0.3865 0.3865 0.8374
vn 0.526 -0.0 0.8505
vn 0.0 -0.0 1.0
vn -0.0 0.526 0.8505
vn -0.0 0.5259 0.8505
vn 0.3262 0.6425 0.6934
vn 0.4629 0.4629 0.7559
vn 0.6426 0.3262 0.6933
vn 0.6426 0.3262 0.6934
vn 0.3262 0.6426 0.6934
vn 0.5259 -0.0 0.8505
vn 0.0808 0.1651 0.983
vn 0.0178 0.2269 0.9738
vn 0.0558 0.6983 0.7136
vn 0.3474 0.5641 0.7491
vn 0.1819 0.0679 0.981
vn 0.1788 0.0657 0.9817
vn 0.5999 0.2295 0.7665
vn 0.6978 0.0672 0.7132
vn 0.6948 0.0644 0.7163
vn 0.6012 0.2303 0.7652
vn 0.6426 0.3262 0.6933
vn 0.3477 0.5703 0.7442
vn 0.25 0.5665 0.7852
vn 0.0567 0.6961 0.7157
vn -0.0 -0.0 1.0
vn 0.6425 0.3262 0.6933
vn -0.0 -0.0 1.0
vn 0.2274 -0.9385 -0.2598
vn 0.9386 -0.2269 -0.2599
vn -0.4859 -0.6759 0.5542
vn 0.0241 -0.7836 0.6208
vn 0.7836 -0.0241 0.6208
vn 0.2274 -0.9385 -0.2598
vn 0.9386 -0.2269 -0.2599
vn -0.4859 -0.6759 0.5542
vn 0.0241 -0.7836 0.6208
vn 0.7836 -0.0241 0.6208
vn 0.2274 -0.9385 -0.2598
vn 0.9386 -0.2269 -0.2599
vn -0.4859 -0.6759 0.5542
vn 0.0241 -0.7836 0.6208
vn 0.7836 -0.0241 0.6208
vn 0.2274 -0.9385 -0.2598
vn 0.9386 -0.2269 -0.2599
vn -0.4859 -0.6759 0.5542
vn 0.0241 -0.7836 0.6208
vn 0.7836 -0.0241 0.6208
vn 0.2274 -0.9385 -0.2598
vn 0.9386 -0.2269 -0.2599
vn -0.4859 -0.6759 0.5542
vn 0.0241 -0.7836 0.6208
vn 0.7836 -0.0241 0.6208
vn 0.2274 -0.9385 -0.2598
vn 0.9386 -0.2269 -0.2599
vn -0.4859 -0.6759 0.5542
vn 0.0241 -0.7836 0.6208
vn 0.7836 -0.0241 0.6208
vn 0.2274 -0.9385 -0.2598
vn 0.9386 -0.2269 -0.2599
vn -0.4859 -0.6759 0.5542
vn 0.0241 -0.7836 0.6208
vn 0.7836 -0.0241 0.6208
vn 0.2274 -0.9385 -0.2598
vn 0.9386 -0.2269 -0.2599
vn -0.4859 -0.6759 0.5542
vn 0.0241 -0.7836 0.6208
vn 0.7836 -0.0241 0.6208
vn -0.0 -0.0 1.0
vn 0.0 -0.7071 0.7071
vn 0.0 -0.5258 0.8506
vn -0.0 -0.0 1.0
vn 0.0 -0.426 0.9047
vn 0.1651 -0.0808 0.983
vn 0.2269 -0.0178 0.9738
vn 0.6983 -0.0558 0.7136
vn 0.5641 -0.3474 0.7491
vn 0.0679 -0.1819 0.981
vn 0.0657 -0.1788 0.9817
vn 0.2295 -0.5999 0.7665
vn 0.0672 -0.6978 0.7132
vn 0.0644 -0.6948 0.7163
vn 0.2303 -0.6012 0.7652
vn 0.3262 -0.6426 0.6933
vn 0.5703 -0.3477 0.7442
vn 0.5665 -0.25 0.7852
vn 0.6961 -0.0567 0.7157
vn -0.0 0.0 1.0
vn 0.3262 -0.6425 0.6933
vn 0.0 -0.0 1.0
vn 0.0 -0.0 1.0
vn 0.0 -0.0 1.0
vn 0.0 -0.0 1.0
vn 0.0 -0.0 1.0
vn 0.0 -0.0 1.0
vn 0.0 -0.0 1.0
vn 0.0 -0.0 1.0
vn 0.0 -0.0 1.0
vn 0.0 -0.0 1.0
vn 0.3865 0.3865 0.8374
vn 0.526 -0.0 0.8505
vn 0.0 -0.0 1.0
vn -0.0 0.526 0.8505
vn -0.0 0.5259 0.8505
vn 0.3262 0.6425 0.6934
vn 0.4629 0.4629 0.7559
vn 0.6426 0.3262 0.6933
vn 0.6426 0.3262 0.6934
vn 0.3262 0.6426 0.6934
vn 0.5259 -0.0 0.8505
vn 0.0808 0.1651 0.983
vn 0.0178 0.2269 0.9738
vn 0.0558 0.6983 0.7136
vn 0.3474 0.5641 0.7491
vn 0.1819 0.0679 0.981
vn 0.1788 0.0657 0.9817
vn 0.5999 0.2295 0.7665
vn 0.6978 0.0672 0.7132
vn 0.6948 0.0644 0.7163
vn 0.6012 0.2303 0.7652
vn 0.6426 0.3262 0.6933
vn 0.3477 0.5703 0.7442
vn 0.25 0.5665 0.7852
vn 0.0567 0.6961 0.7157
vn -0.0 -0.0 1.0
vn 0.6425 0.3262 0.6933
vn -0.0 -0.0 1.0
vn 0.2274 -0.9385 -0.2598
vn 0.9386 -0.2269 -0.2599
vn -0.4859 -0.6759 0.5542
vn 0.0241 -0.7836 0.6208
vn 0.7836 -0.0241 0.6208
vn 0.2274 -0.9385 -0.2598
vn 0.9386 -0.2269 -0.2599
vn -0.4859 -0.6759 0.5542
vn 0.0241 -0.7836 0.6208
vn 0.7836 -0.0241 0.6208
vn 0.2274 -0.9385 -0.2598
vn 0.9386 -0.2269 -0.2599
vn -0.4859 -0.6759 0.5542
vn 0.0241 -0.7836 0.6208
vn 0.7836 -0.0241 0.6208
vn 0.2274 -0.9385 -0.2598
vn 0.9386 -0.2269 -0.2599
vn -0.4859 -0.6759 0.5542
vn 0.0241 -0.7836 0.6208
vn 0.7836 -0.0241 0.6208
vn 0.2274 -0.9385 -0.2598
vn 0.9386 -0.2269 -0.2599
vn -0.4859 -0.6759 0.5542
vn 0.0241 -0.7836 0.6208
vn 0.7836 -0.0241 0.6208
vn 0.2274 -0.9385 -0.2598
vn 0.9386 -0.2269 -0.2599
vn -0.4859 -0.6759 0.5542
vn 0.0241 -0.7836 0.6208
vn 0.7836 -0.0241 0.6208
vn 0.2274 -0.9385 -0.2598
vn 0.9386 -0.2269 -0.2599
vn -0.4859 -0.6759 0.5542
vn 0.0241 -0.7836 0.6208
vn 0.7836 -0.0241 0.6208
vn 0.2274 -0.9385 -0.2598
vn 0.9386 -0.2269 -0.2599
vn -0.4859 -0.6759 0.5542
vn 0.0241 -0.7836 0.6208
vn 0.7836 -0.0241 0.6208
vn 0.1651 -0.0808 0.983
vn 0.2269 -0.0178 0.9738
vn 0.6983 -0.0558 0.7136
vn 0.5641 -0.3474 0.7491
vn 0.0679 -0.1819 0.981
vn 0.0657 -0.1788 0.9817
vn 0.2295 -0.5999 0.7665
vn 0.0672 -0.6978 0.7132
vn 0.0644 -0.6948 0.7163
vn 0.2303 -0.6012 0.7652
vn 0.3262 -0.6426 0.6933
vn 0.5703 -0.3477 0.7442
vn 0.5665 -0.25 0.7852
vn 0.6961 -0.0567 0.7157
vn -0.0 0.0 1.0
vn 0.3262 -0.6425 0.6933
vn 0.3865 -0.3865 0.8374
vn -0.0 -0.526 0.8505
vn -0.0 -0.0 1.0
vn 0.526 0.0 0.8505
vn 0.5259 0.0 0.8505
vn 0.6425 -0.3262 0.6934
vn 0.4629 -0.4629 0.7559
vn 0.3262 -0.6426 0.6933
vn 0.3262 -0.6426 0.6934
vn 0.6426 -0.3262 0.6934
vn -0.0 -0.5259 0.8505
vn 0.0 -0.7071 0.7071
vn 0.0 -0.5258 0.8506
vn -0.0 -0.0 1.0
vn 0.0 -0.426 0.9047
vn -0.0 -0.0 1.0
vn 0.0 -0.0 1.0
vn 0.0 -0.0 1.0
vn 0.0 -0.0 1.0
vn 0.0 -0.0 1.0
vn 0.0 -0.0 1.0
vn 0.0 -0.0 1.0
vn 0.0 -0.0 1.0
vn 0.0 -0.0 1.0
vn -0.0 -0.0 1.0
vn -0.0 -0.0 1.0
vn -0.0 0.7071 0.7071
vn -0.0 0.5258 0.8506
vn 0.0 0.0 1.0
vn -0.0 0.426 0.9047
vn -0.0 -0.0 1.0
vn 0.2274 -0.9385 -0.2598
vn 0.9386 -0.2269 -0.2599
vn -0.4859 -0.6759 0.5542
vn 0.0241 -0.7836 0.6208
vn 0.7836 -0.0241 0.6208
vn 0.2274 -0.9385 -0.2598
vn 0.9386 -0.2269 -0.2599
vn -0.4859 -0.6759 0.5542
vn 0.0241 -0.7836 0.6208
vn 0.7836 -0.0241 0.6208
vn 0.2274 -0.9385 -0.2598
vn 0.9386 -0.2269 -0.2599
vn -0.4859 -0.6759 0.5542
vn 0.0241 -0.7836 0.6208
vn 0.7836 -0.0241 0.6208
vn 0.2274 -0.9385 -0.2598
vn 0.9386 -0.2269 -0.2599
vn -0.4859 -0.6759 0.5542
vn 0.0241 -0.7836 0.6208
vn 0.7836 -0.0241 0.6208
vn 0.2274 -0.9385 -0.2598
vn 0.9386 -0.2269 -0.2599
vn -0.4859 -0.6759 0.5542
vn 0.0241 -0.7836 0.6208
vn 0.7836 -0.0241 0.6208
vn 0.2274 -0.9385 -0.2598
vn 0.9386 -0.2269 -0.2599
vn -0.4859 -0.6759 0.5542
vn 0.0241 -0.7836 0.6208
vn 0.7836 -0.0241 0.6208
vn 0.2274 -0.9385 -0.2598
vn 0.9386 -0.2269 -0.2599
vn -0.4859 -0.6759 0.5542
vn 0.0241 -0.7836 0.6208
vn 0.7836 -0.0241 0.6208
vn 0.2274 -0.9385 -0.2598
vn 0.9386 -0.2269 -0.2599
vn -0.4859 -0.6759 0.5542
vn 0.0241 -0.7836 0.6208
vn 0.7836 -0.0241 0.6208
vn -0.0 -0.5258 0.8506
vn -0.0 0.0098 1.0
vn -0.0186 -0.0089 0.9998
vn -0.0 -0.6953 0.7187
vn 0.3254 -0.4005 0.8566
vn 0.0 -0.426 0.9047
vn 4.0E-4 -0.0 1.0
vn 2.0E-4 -0.0 1.0
vn -0.0 -0.0058 1.0
vn -0.0 -0.0 1.0
vn 0.1651 -0.0808 0.983
vn 0.2269 -0.0178 0.9738
vn 0.6983 -0.0558 0.7136
vn 0.5641 -0.3474 0.7491
vn 0.0679 -0.1819 0.981
vn 0.0657 -0.1788 0.9817
vn 0.2295 -0.5999 0.7665
vn 0.0672 -0.6978 0.7132
vn 0.0644 -0.6948 0.7163
vn 0.2303 -0.6012 0.7652
vn 0.3262 -0.6426 0.6933
vn 0.5703 -0.3477 0.7442
vn 0.5665 -0.25 0.7852
vn 0.6961 -0.0567 0.7157
vn -0.0 0.0 1.0
vn 0.3262 -0.6425 0.6933
vn 0.1651 -0.0808 0.983
vn 0.2269 -0.0178 0.9738
vn 0.6983 -0.0558 0.7136
vn 0.5641 -0.3474 0.7491
vn 0.0679 -0.1819 0.981
vn 0.0657 -0.1788 0.9817
vn 0.2295 -0.5999 0.7665
vn 0.0672 -0.6978 0.7132
vn 0.0644 -0.6948 0.7163
vn 0.2303 -0.6012 0.7652
vn 0.3262 -0.6426 0.6933
vn 0.5703 -0.3477 0.7442
vn 0.5665 -0.25 0.7852
vn 0.6961 -0.0567 0.7157
vn -0.0 0.0 1.0
vn 0.3262 -0.6425 0.6933
vn -0.0 -0.0 1.0
vn 0.0 -0.0 1.0
vn 0.0 -0.0 1.0
vn 0.0 -0.0 1.0
vn 0.0 -0.0 1.0
vn -0.0 -0.0 1.0
vn 0.3865 0.3865 0.8374
vn 0.526 -0.0 0.8505
vn 0.0 -0.0 1.0
vn -0.0 0.526 0.8505
vn -0.0 0.5259 0.8505
vn 0.3262 0.6425 0.6934
vn 0.4629 0.4629 0.7559
vn 0.6426 0.3262 0.6933
vn 0.6426 0.3262 0.6934
vn 0.3262 0.6426 0.6934
vn 0.5259 -0.0 0.8505
vn 0.7071 0.0 0.7071
vn 0.5258 0.0 0.8506
vn 0.0 -0.0 1.0
vn 0.426 0.0 0.9047
vn 0.0808 0.1651 0.983
vn 0.0178 0.2269 0.9738
vn 0.0558 0.6983 0.7136
vn 0.3474 0.5641 0.7491
vn 0.1819 0.0679 0.981
vn 0.1788 0.0657 0.9817
vn 0.5999 0.2295 0.7665
vn 0.6978 0.0672 0.7132
vn 0.6948 0.0644 0.7163
vn 0.6012 0.2303 0.7652
vn 0.6426 0.3262 0.6933
vn 0.3477 0.5703 0.7442
vn 0.25 0.5665 0.7852
vn 0.0567 0.6961 0.7157
vn -0.0 -0.0 1.0
vn 0.6425 0.3262 0.6933
vn 0.2274 -0.9385 -0.2598
vn 0.9386 -0.2269 -0.2599
vn -0.4859 -0.6759 0.5542
vn 0.0241 -0.7836 0.6208
vn 0.7836 -0.0241 0.6208
vn 0.2274 -0.9385 -0.2598
vn 0.9386 -0.2269 -0.2599
vn -0.4859 -0.6759 0.5542
vn 0.0241 -0.7836 0.6208
vn 0.7836 -0.0241 0.6208
vn 0.2274 -0.9385 -0.2598
vn 0.9386 -0.2269 -0.2599
vn -0.4859 -0.6759 0.5542
vn 0.0241 -0.7836 0.6208
vn 0.7836 -0.0241 0.6208
vn 0.2274 -0.9385 -0.2598
vn 0.9386 -0.2269 -0.2599
vn -0.4859 -0.6759 0.5542
vn 0.0241 -0.7836 0.6208
vn 0.7836 -0.0241 0.6208
vn 0.2274 -0.9385 -0.2598
vn 0.9386 -0.2269 -0.2599
vn -0.4859 -0.6759 0.5542
vn 0.0241 -0.7836 0.6208
vn 0.7836 -0.0241 0.6208
vn 0.2274 -0.9385 -0.2598
vn 0.9386 -0.2269 -0.2599
vn -0.4859 -0.6759 0.5542
vn 0.0241 -0.7836 0.6208
vn 0.7836 -0.0241 0.6208
vn 0.2274 -0.9385 -0.2598
vn 0.9386 -0.2269 -0.2599
vn -0.4859 -0.6759 0.5542
vn 0.0241 -0.7836 0.6208
vn 0.7836 -0.0241 0.6208
vn 0.2274 -0.9385 -0.2598
vn 0.9386 -0.2269 -0.2599
vn -0.4859 -0.6759 0.5542
vn 0.0241 -0.7836 0.6208
vn 0.7836 -0.0241 0.6208
vn 0.0 -0.7071 0.7071
vn 0.0 -0.5258 0.8506
vn -0.0 -0.0 1.0
vn 0.0 -0.426 0.9047
vn -0.0 -0.0 1.0
vn -0.0 -0.0 1.0
vn 0.1651 -0.0808 0.983
vn 0.2269 -0.0178 0.9738
vn 0.6983 -0.0558 0.7136
vn 0.5641 -0.3474 0.7491
vn 0.0679 -0.1819 0.981
vn 0.0657 -0.1788 0.9817
vn 0.2295 -0.5999 0.7665
vn 0.0672 -0.6978 0.7132
vn 0.0644 -0.6948 0.7163
vn 0.2303 -0.6012 0.7652
vn 0.3262 -0.6426 0.6933
vn 0.5703 -0.3477 0.7442
vn 0.5665 -0.25 0.7852
vn 0.6961 -0.0567 0.7157
vn -0.0 0.0 1.0
vn 0.3262 -0.6425 0.6933
vn 0.1651 -0.0808 0.983
vn 0.2269 -0.0178 0.9738
vn 0.6983 -0.0558 0.7136
vn 0.5641 -0.3474 0.7491
vn 0.0679 -0.1819 0.981
vn 0.0657 -0.1788 0.9817
vn 0.2295 -0.5999 0.7665
vn 0.0672 -0.6978 0.7132
vn 0.0644 -0.6948 0.7163
vn 0.2303 -0.6012 0.7652
vn 0.3262 -0.6426 0.6933
vn 0.5703 -0.3477 0.7442
vn 0.5665 -0.25 0.7852
vn 0.6961 -0.0567 0.7157
vn -0.0 0.0 1.0
vn 0.3262 -0.6425 0.6933
vn -0.0 -0.0 1.0
vn -0.0 -0.0 1.0
vn 0.3865 0.3865 0.8374
vn 0.526 -0.0 0.8505
vn 0.0 -0.0 1.0
vn -0.0 0.526 0.8505
vn -0.0 0.5259 0.8505
vn 0.3262 0.6425 0.6934
vn 0.4629 0.4629 0.7559
vn 0.6426 0.3262 0.6933
vn 0.6426 0.3262 0.6934
vn 0.3262 0.6426 0.6934
vn 0.5259 -0.0 0.8505
vn 0.7071 0.0 0.7071
vn 0.5258 0.0 0.8506
vn 0.0 -0.0 1.0
vn 0.426 0.0 0.9047
vn 0.0808 0.1651 0.983
vn 0.0178 0.2269 0.9738
vn 0.0558 0.6983 0.7136
vn 0.3474 0.5641 0.7491
vn 0.1819 0.0679 0.981
vn 0.1788 0.0657 0.9817
vn 0.5999 0.2295 0.7665
vn 0.6978 0.0672 0.7132
vn 0.6948 0.0644 0.7163
vn 0.6012 0.2303 0.7652
vn 0.6426 0.3262 0.6933
vn 0.3477 0.5703 0.7442
vn 0.25 0.5665 0.7852
vn 0.0567 0.6961 0.7157
vn -0.0 -0.0 1.0
vn 0.6425 0.3262 0.6933
vn -0.0 -0.0 1.0
vn 0.2274 -0.9385 -0.2598
vn 0.9386 -0.2269 -0.2599
vn -0.4859 -0.6759 0.5542
vn 0.0241 -0.7836 0.6208
vn 0.7836 -0.0241 0.6208
vn 0.2274 -0.9385 -0.2598
vn 0.9386 -0.2269 -0.2599
vn -0.4859 -0.6759 0.5542
vn 0.0241 -0.7836 0.6208
vn 0.7836 -0.0241 0.6208
vn 0.2274 -0.9385 -0.2598
vn 0.9386 -0.2269 -0.2599
vn -0.4859 -0.6759 0.5542
vn 0.0241 -0.7836 0.6208
vn 0.7836 -0.0241 0.6208
vn 0.2274 -0.9385 -0.2598
vn 0.9386 -0.2269 -0.2599
vn -0.4859 -0.6759 0.5542
vn 0.0241 -0.7836 0.6208
vn 0.7836 -0.0241 0.6208
vn 0.2274 -0.9385 -0.2598
vn 0.9386 -0.2269 -0.2599
vn -0.4859 -0.6759 0.5542
vn 0.0241 -0.7836 0.6208
vn 0.7836 -0.0241 0.6208
vn 0.2274 -0.9385 -0.2598
vn 0.9386 -0.2269 -0.2599
vn -0.4859 -0.6759 0.5542
vn 0.0241 -0.7836 0.6208
vn 0.7836 -0.0241 0.6208
vn 0.2274 -0.9385 -0.2598
vn 0.9386 -0.2269 -0.2599
vn -0.4859 -0.6759 0.5542
vn 0.0241 -0.7836 0.6208
vn 0.7836 -0.0241 0.6208
vn 0.2274 -0.9385 -0.2598
vn 0.9386 -0.2269 -0.2599
vn -0.4859 -0.6759 0.5542
vn 0.0241 -0.7836 0.6208
vn 0.7836 -0.0241 0.6208
vn 0.1651 -0.0808 0.983
vn 0.2269 -0.0178 0.9738
vn 0.6983 -0.0558 0.7136
vn 0.5641 -0.3474 0.7491
vn 0.0679 -0.1819 0.981
vn 0.0657 -0.1788 0.9817
vn 0.2295 -0.5999 0.7665
vn 0.0672 -0.6978 0.7132
vn 0.0644 -0.6948 0.7163
vn 0.2303 -0.6012 0.7652
vn 0.3262 -0.6426 0.6933
vn 0.5703 -0.3477 0.7442
vn 0.5665 -0.25 0.7852
vn 0.6961 -0.0567 0.7157
vn -0.0 0.0 1.0
vn 0.3262 -0.6425 0.6933
vn 0.3865 -0.3865 0.8374
vn -0.0 -0.526 0.8505
vn -0.0 -0.0 1.0
vn 0.526 0.0 0.8505
vn 0.5259 0.0 0.8505
vn 0.6425 -0.3262 0.6934
vn 0.4629 -0.4629 0.7559
vn 0.3262 -0.6426 0.6933
vn 0.3262 -0.6426 0.6934
vn 0.6426 -0.3262 0.6934
vn -0.0 -0.5259 0.8505
vn -0.0 -0.0 1.0
vn 0.1651 -0.0808 0.983
vn 0.2269 -0.0178 0.9738
vn 0.6983 -0.0558 0.7136
vn 0.5641 -0.3474 0.7491
vn 0.0679 -0.1819 0.981
vn 0.0657 -0.1788 0.9817
vn 0.2295 -0.5999 0.7665
vn 0.0672 -0.6978 0.7132
vn 0.0644 -0.6948 0.7163
vn 0.2303 -0.6012 0.7652
vn 0.3262 -0.6426 0.6933
vn 0.5703 -0.3477 0.7442
vn 0.5665 -0.25 0.7852
vn 0.6961 -0.0567 0.7157
vn -0.0 0.0 1.0
vn 0.3262 -0.6425 0.6933
vn 0.1651 -0.0808 0.983
vn 0.2269 -0.0178 0.9738
vn 0.6983 -0.0558 0.7136
vn 0.5641 -0.3474 0.7491
vn 0.0679 -0.1819 0.981
vn 0.0657 -0.1788 0.9817
vn 0.2295 -0.5999 0.7665
vn 0.0672 -0.6978 0.7132
vn 0.0644 -0.6948 0.7163
vn 0.2303 -0.6012 0.7652
vn 0.3262 -0.6426 0.6933
vn 0.5703 -0.3477 0.7442
vn 0.5665 -0.25 0.7852
vn 0.6961 -0.0567 0.7157
vn -0.0 0.0 1.0
vn 0.3262 -0.6425 0.6933
vn -0.0 -0.0 1.0
vn -0.0 -0.0 1.0
vn 0.3865 0.3865 0.8374
vn 0.526 -0.0 0.8505
vn 0.0 -0.0 1.0
vn -0.0 0.526 0.8505
vn -0.0 0.5259 0.8505
vn 0.3262 0.6425 0.6934
vn 0.4629 0.4629 0.7559
vn 0.6426 0.3262 0.6933
vn 0.6426 0.3262 0.6934
vn 0.3262 0.6426 0.6934
vn 0.5259 -0.0 0.8505
vn 0.0808 0.1651 0.983
vn 0.0178 0.2269 0.9738
vn 0.0558 0.6983 0.7136
vn 0.3474 0.5641 0.7491
vn 0.1819 0.0679 0.981
vn 0.1788 0.0657 0.9817
vn 0.5999 0.2295 0.7665
vn 0.6978 0.0672 0.7132
vn 0.6948 0.0644 0.7163
vn 0.6012 0.2303 0.7652
vn 0.6426 0.3262 0.6933
vn 0.3477 0.5703 0.7442
vn 0.25 0.5665 0.7852
vn 0.0567 0.6961 0.7157
vn -0.0 -0.0 1.0
vn 0.6425 0.3262 0.6933
vn -0.0 -0.0 1.0
vn -0.0 -0.0 1.0
vn 0.2274 -0.9385 -0.2598
vn 0.9386 -0.2269 -0.2599
vn -0.4859 -0.6759 0.5542
vn 0.0241 -0.7836 0.6208
vn 0.7836 -0.0241 0.6208
vn 0.2274 -0.9385 -0.2598
vn 0.9386 -0.2269 -0.2599
vn -0.4859 -0.6759 0.5542
vn 0.0241 -0.7836 0.6208
vn 0.7836 -0.0241 0.6208
vn 0.2274 -0.9385 -0.2598
vn 0.9386 -0.2269 -0.2599
vn -0.4859 -0.6759 0.5542
vn 0.0241 -0.7836 0.6208
vn 0.7836 -0.0241 0.6208
vn 0.2274 -0.9385 -0.2598
vn 0.9386 -0.2269 -0.2599
vn -0.4859 -0.6759 0.5542
vn 0.0241 -0.7836 0.6208
vn 0.7836 -0.0241 0.6208
vn 0.2274 -0.9385 -0.2598
vn 0.9386 -0.2269 -0.2599
vn -0.4859 -0.6759 0.5542
vn 0.0241 -0.7836 0.6208
vn 0.7836 -0.0241 0.6208
vn 0.2274 -0.9385 -0.2598
vn 0.9386 -0.2269 -0.2599
vn -0.4859 -0.6759 0.5542
vn 0.0241 -0.7836 0.6208
vn 0.7836 -0.0241 0.6208
vn 0.2274 -0.9385 -0.2598
vn 0.9386 -0.2269 -0.2599
vn -0.4859 -0.6759 0.5542
vn 0.0241 -0.7836 0.6208
vn 0.7836 -0.0241 0.6208
vn 0.2274 -0.9385 -0.2598
vn 0.9386 -0.2269 -0.2599
vn -0.4859 -0.6759 0.5542
vn 0.0241 -0.7836 0.6208
vn 0.7836 -0.0241 0.6208
vn 0.0644 -0.6948 0.7163
vn 0.2303 -0.6012 0.7652
vn 0.3322 -0.5961 0.7309
vn 0.5703 -0.3477 0.7442
vn 0.5665 -0.25 0.7852
vn 0.6961 -0.0567 0.7157
vn 0.0098 -0.0 1.0
vn 0.1302 -0.3525 0.9267
vn 0.3283 -0.1585 0.9312
vn 0.5641 -0.3474 0.7491
vn 0.2295 -0.5999 0.7665
vn 0.4322 0.0019 0.9018
vn 0.6984 -0.0558 0.7136
vn 0.0014 -0.4281 0.9037
vn 0.0672 -0.6978 0.7132
vn 0.0154 -0.0026 0.9999
vn -0.0132 0.02 0.9997
vn 0.0142 -0.0048 0.9999
vn 0.0294 -0.0062 0.9995
vn 0.0116 1.0E-4 0.9999
vn 0.0104 -0.0079 0.9999
vn 0.0097 0.0082 0.9999
vn 0.0096 -0.0217 0.9997
vn 0.0032 0.0067 1.0
vn 0.0133 -0.0036 0.9999
vn 0.0209 -0.0034 0.9998
vn -0.0255 0.0109 0.9996
vn 0.5258 -0.0 0.8506
vn 0.5864 -0.3985 0.7052
vn 0.1727 -0.1727 0.9697
vn 0.4632 -0.4632 0.7555
vn 0.3985 -0.5864 0.7052
vn 0.39 -0.39 0.8341
vn 0.0044 -0.0044 1.0
vn 0.0089 -0.0 1.0
vn -0.0 -0.5258 0.8506
vn -0.0 -0.0089 1.0
vn 0.6335 -0.6335 0.4443
vn 0.0 -0.7071 0.7071
vn 0.0 -0.5258 0.8506
vn -0.0 -0.0 1.0
vn 0.0 -0.426 0.9047
vn -0.0 -0.0 1.0
vn 0.1651 -0.0808 0.983
vn 0.2269 -0.0178 0.9738
vn 0.6983 -0.0558 0.7136
vn 0.5641 -0.3474 0.7491
vn 0.0679 -0.1819 0.981
vn 0.0657 -0.1788 0.9817
vn 0.2295 -0.5999 0.7665
vn 0.0672 -0.6978 0.7132
vn 0.0644 -0.6948 0.7163
vn 0.2303 -0.6012 0.7652
vn 0.3262 -0.6426 0.6933
vn 0.5703 -0.3477 0.7442
vn 0.5665 -0.25 0.7852
vn 0.6961 -0.0567 0.7157
vn -0.0 0.0 1.0
vn 0.3262 -0.6425 0.6933
vn 0.1651 -0.0808 0.983
vn 0.2269 -0.0178 0.9738
vn 0.6983 -0.0558 0.7136
vn 0.5641 -0.3474 0.7491
vn 0.0679 -0.1819 0.981
vn 0.0657 -0.1788 0.9817
vn 0.2295 -0.5999 0.7665
vn 0.0672 -0.6978 0.7132
vn 0.0644 -0.6948 0.7163
vn 0.2303 -0.6012 0.7652
vn 0.3262 -0.6426 0.6933
vn 0.5703 -0.3477 0.7442
vn 0.5665 -0.25 0.7852
vn 0.6961 -0.0567 0.7157
vn -0.0 0.0 1.0
vn 0.3262 -0.6425 0.6933
vn 0.7071 0.0 0.7071
vn 0.5258 0.0 0.8506
vn 0.0 -0.0 1.0
vn 0.426 0.0 0.9047
vn 0.0808 0.1651 0.983
vn 0.0178 0.2269 0.9738
vn 0.0558 0.6983 0.7136
vn 0.3474 0.5641 0.7491
vn 0.1819 0.0679 0.981
vn 0.1788 0.0657 0.9817
vn 0.5999 0.2295 0.7665
vn 0.6978 0.0672 0.7132
vn 0.6948 0.0644 0.7163
vn 0.6012 0.2303 0.7652
vn 0.6426 0.3262 0.6933
vn 0.3477 0.5703 0.7442
vn 0.25 0.5665 0.7852
vn 0.0567 0.6961 0.7157
vn -0.0 -0.0 1.0
vn 0.6425 0.3262 0.6933
vn -0.0 -0.0 1.0
vn 0.2274 -0.9385 -0.2598
vn 0.9386 -0.2269 -0.2599
vn -0.4859 -0.6759 0.5542
vn 0.0241 -0.7836 0.6208
vn 0.7836 -0.0241 0.6208
vn 0.2274 -0.9385 -0.2598
vn 0.9386 -0.2269 -0.2599
vn -0.4859 -0.6759 0.5542
vn 0.0241 -0.7836 0.6208
vn 0.7836 -0.0241 0.6208
vn 0.2274 -0.9385 -0.2598
vn 0.9386 -0.2269 -0.2599
vn -0.4859 -0.6759 0.5542
vn 0.0241 -0.7836 0.6208
vn 0.7836 -0.0241 0.6208
vn 0.2274 -0.9385 -0.2598
vn 0.9386 -0.2269 -0.2599
vn -0.4859 -0.6759 0.5542
vn 0.0241 -0.7836 0.6208
vn 0.7836 -0.0241 0.6208
vn 0.2274 -0.9385 -0.2598
vn 0.9386 -0.2269 -0.2599
vn -0.4859 -0.6759 0.5542
vn 0.0241 -0.7836 0.6208
vn 0.7836 -0.0241 0.6208
vn 0.2274 -0.9385 -0.2598
vn 0.9386 -0.2269 -0.2599
vn -0.4859 -0.6759 0.5542
vn 0.0241 -0.7836 0.6208
vn 0.7836 -0.0241 0.6208
vn 0.2274 -0.9385 -0.2598
vn 0.9386 -0.2269 -0.2599
vn -0.4859 -0.6759 0.5542
vn 0.0241 -0.7836 0.6208
vn 0.7836 -0.0241 0.6208
vn 0.2274 -0.9385 -0.2598
vn 0.9386 -0.2269 -0.2599
vn -0.4859 -0.6759 0.5542
vn 0.0241 -0.7836 0.6208
vn 0.7836 -0.0241 0.6208
vn 0.2274 -0.9385 -0.2598
vn 0.9386 -0.2269 -0.2599
vn -0.4859 -0.6759 0.5542
vn 0.0241 -0.7836 0.6208
vn 0.7836 -0.0241 0.6208
vn -0.0 -0.5258 0.8506
vn -0.0 0.0098 1.0
vn -0.0186 -0.0089 0.9998
vn -0.0 -0.6953 0.7187
vn 0.3254 -0.4005 0.8566
vn 0.0 -0.426 0.9047
vn 4.0E-4 -0.0 1.0
vn 2.0E-4 -0.0 1.0
vn -0.0 -0.0058 1.0
vn 0.1651 -0.0808 0.983
vn 0.2269 -0.0178 0.9738
vn 0.6983 -0.0558 0.7136
vn 0.5641 -0.3474 0.7491
vn 0.0679 -0.1819 0.981
vn 0.0657 -0.1788 0.9817
vn 0.2295 -0.5999 0.7665
vn 0.0672 -0.6978 0.7132
vn 0.0644 -0.6948 0.7163
vn 0.2303 -0.6012 0.7652
vn 0.3262 -0.6426 0.6933
vn 0.5703 -0.3477 0.7442
vn 0.5665 -0.25 0.7852
vn 0.6961 -0.0567 0.7157
vn -0.0 0.0 1.0
vn 0.3262 -0.6425 0.6933
vn 0.3865 -0.3865 0.8374
vn -0.0 -0.526 0.8505
vn -0.0 -0.0 1.0
vn 0.526 0.0 0.8505
vn 0.5259 0.0 0.8505
vn 0.6425 -0.3262 0.6934
vn 0.4629 -0.4629 0.7559
vn 0.3262 -0.6426 0.6933
vn 0.3262 -0.6426 0.6934
vn 0.6426 -0.3262 0.6934
vn -0.0 -0.5259 0.8505
vn -0.0 -0.0 1.0
vn 0.2274 -0.9385 -0.2598
vn 0.9386 -0.2269 -0.2599
vn -0.4859 -0.6759 0.5542
vn 0.0241 -0.7836 0.6208
vn 0.7836 -0.0241 0.6208
vn 0.2274 -0.9385 -0.2598
vn 0.9386 -0.2269 -0.2599
vn -0.4859 -0.6759 0.5542
vn 0.0241 -0.7836 0.6208
vn 0.7836 -0.0241 0.6208
vn 0.2274 -0.9385 -0.2598
vn 0.9386 -0.2269 -0.2599
vn -0.4859 -0.6759 0.5542
vn 0.0241 -0.7836 0.6208
vn 0.7836 -0.0241 0.6208
vn 0.2274 -0.9385 -0.2598
vn 0.9386 -0.2269 -0.2599
vn -0.4859 -0.6759 0.5542
vn 0.0241 -0.7836 0.6208
vn 0.7836 -0.0241 0.6208
vn 0.2274 -0.9385 -0.2598
vn 0.9386 -0.2269 -0.2599
vn -0.4859 -0.6759 0.5542
vn 0.0241 -0.7836 0.6208
vn 0.7836 -0.0241 0.6208
vn 0.2274 -0.9385 -0.2598
vn 0.9386 -0.2269 -0.2599
vn -0.4859 -0.6759 0.5542
vn 0.0241 -0.7836 0.6208
vn 0.7836 -0.0241 0.6208
vn 0.2274 -0.9385 -0.2598
vn 0.9386 -0.2269 -0.2599
vn -0.4859 -0.6759 0.5542
vn 0.0241 -0.7836 0.6208
vn 0.7836 -0.0241 0.6208
vn 0.2274 -0.9385 -0.2598
vn 0.9386 -0.2269 -0.2599
vn -0.4859 -0.6759 0.5542
vn 0.0241 -0.7836 0.6208
vn 0.7836 -0.0241 0.6208
vn 0.2274 -0.9385 -0.2598
vn 0.9386 -0.2269 -0.2599
vn -0.4859 -0.6759 0.5542
vn 0.0241 -0.7836 0.6208
vn 0.7836 -0.0241 0.6208
vn 0.0644 -0.6948 0.7163
vn 0.2303 -0.6012 0.7652
vn 0.3322 -0.5961 0.7309
vn 0.5703 -0.3477 0.7442
vn 0.5665 -0.25 0.7852
vn 0.6961 -0.0567 0.7157
vn 0.0098 -0.0 1.0
vn 0.1302 -0.3525 0.9267
vn 0.3283 -0.1585 0.9312
vn 0.5641 -0.3474 0.7491
vn 0.2295 -0.5999 0.7665
vn 0.4322 0.0019 0.9018
vn 0.6984 -0.0558 0.7136
vn 0.0014 -0.4281 0.9037
vn 0.0672 -0.6978 0.7132
vn 0.0154 -0.0026 0.9999
vn -0.0132 0.02 0.9997
vn 0.0142 -0.0048 0.9999
vn 0.0294 -0.0062 0.9995
vn 0.0116 1.0E-4 0.9999
vn 0.0104 -0.0079 0.9999
vn 0.0097 0.0082 0.9999
vn 0.0096 -0.0217 0.9997
vn 0.0032 0.0067 1.0
vn 0.0133 -0.0036 0.9999
vn 0.0209 -0.0034 0.9998
vn -0.0255 0.0109 0.9996
vn 0.5258 -0.0 0.8506
vn 0.5864 -0.3985 0.7052
vn 0.1727 -0.1727 0.9697
vn 0.4632 -0.4632 0.7555
vn 0.3985 -0.5864 0.7052
vn 0.39 -0.39 0.8341
vn 0.0044 -0.0044 1.0
vn 0.0089 -0.0 1.0
vn -0.0 -0.5258 0.8506
vn -0.0 -0.0089 1.0
vn 0.6335 -0.6335 0.4443
vn 0.0 -0.7071 0.7071
vn 0.0 -0.5258 0.8506
vn -0.0 -0.0 1.0
vn 0.0 -0.426 0.9047
vn -0.0 -0.0 1.0
vn 0.2274 -0.9385 -0.2598
vn 0.9386 -0.2269 -0.2599
vn -0.4859 -0.6759 0.5542
vn 0.0241 -0.7836 0.6208
vn 0.7836 -0.0241 0.6208
vn 0.2274 -0.9385 -0.2598
vn 0.9386 -0.2269 -0.2599
vn -0.4859 -0.6759 0.5542
vn 0.0241 -0.7836 0.6208
vn 0.7836 -0.0241 0.6208
vn 0.2274 -0.9385 -0.2598
vn 0.9386 -0.2269 -0.2599
vn -0.4859 -0.6759 0.5542
vn 0.0241 -0.7836 0.6208
vn 0.7836 -0.0241 0.6208
vn 0.2274 -0.9385 -0.2598
vn 0.9386 -0.2269 -0.2599
vn -0.4859 -0.6759 0.5542
vn 0.0241 -0.7836 0.6208
vn 0.7836 -0.0241 0.6208
vn 0.2274 -0.9385 -0.2598
vn 0.9386 -0.2269 -0.2599
vn -0.4859 -0.6759 0.5542
vn 0.0241 -0.7836 0.6208
vn 0.7836 -0.0241 0.6208
vn 0.2274 -0.9385 -0.2598
vn 0.9386 -0.2269 -0.2599
vn -0.4859 -0.6759 0.5542
vn 0.0241 -0.7836 0.6208
vn 0.7836 -0.0241 0.6208
vn 0.2274 -0.9385 -0.2598
vn 0.9386 -0.2269 -0.2599
vn -0.4859 -0.6759 0.5542
vn 0.0241 -0.7836 0.6208
vn 0.7836 -0.0241 0.6208
vn 0.2274 -0.9385 -0.2598
vn 0.9386 -0.2269 -0.2599
vn -0.4859 -0.6759 0.5542
vn 0.0241 -0.7836 0.6208
vn 0.7836 -0.0241 0.6208
vn 0.2274 -0.9385 -0.2598
vn 0.9386 -0.2269 -0.2599
vn -0.4859 -0.6759 0.5542
vn 0.0241 -0.7836 0.6208
vn 0.7836 -0.0241 0.6208
vn 0.2274 -0.9385 -0.2598
vn 0.9386 -0.2269 -0.2599
vn -0.4859 -0.6759 0.5542
vn 0.0241 -0.7836 0.6208
vn 0.7836 -0.0241 0.6208
vn -0.0 -0.5258 0.8506
vn -0.0 0.0098 1.0
vn -0.0186 -0.0089 0.9998
vn -0.0 -0.6953 0.7187
vn 0.3254 -0.4005 0.8566
vn 0.0 -0.426 0.9047
vn 4.0E-4 -0.0 1.0
vn 2.0E-4 -0.0 1.0
vn -0.0 -0.0058 1.0
vn 0.1651 -0.0808 0.983
vn 0.2269 -0.0178 0.9738
vn 0.6983 -0.0558 0.7136
vn 0.5641 -0.3474 0.7491
vn 0.0679 -0.1819 0.981
vn 0.0657 -0.1788 0.9817
vn 0.2295 -0.5999 0.7665
vn 0.0672 -0.6978 0.7132
vn 0.0644 -0.6948 0.7163
vn 0.2303 -0.6012 0.7652
vn 0.3262 -0.6426 0.6933
vn 0.5703 -0.3477 0.7442
vn 0.5665 -0.25 0.7852
vn 0.6961 -0.0567 0.7157
vn -0.0 0.0 1.0
vn 0.3262 -0.6425 0.6933
vn 0.3865 -0.3865 0.8374
vn -0.0 -0.526 0.8505
vn -0.0 -0.0 1.0
vn 0.526 0.0 0.8505
vn 0.5259 0.0 0.8505
vn 0.6425 -0.3262 0.6934
vn 0.4629 -0.4629 0.7559
vn 0.3262 -0.6426 0.6933
vn 0.3262 -0.6426 0.6934
vn 0.6426 -0.3262 0.6934
vn -0.0 -0.5259 0.8505
vn -0.0 -0.0 1.0
vn 0.2274 -0.9385 -0.2598
vn 0.9386 -0.2269 -0.2599
vn -0.4859 -0.6759 0.5542
vn 0.0241 -0.7836 0.6208
vn 0.7836 -0.0241 0.6208
vn 0.2274 -0.9385 -0.2598
vn 0.9386 -0.2269 -0.2599
vn -0.4859 -0.6759 0.5542
vn 0.0241 -0.7836 0.6208
vn 0.7836 -0.0241 0.6208
vn 0.2274 -0.9385 -0.2598
vn 0.9386 -0.2269 -0.2599
vn -0.4859 -0.6759 0.5542
vn 0.0241 -0.7836 0.6208
vn 0.7836 -0.0241 0.6208
vn 0.2274 -0.9385 -0.2598
vn 0.9386 -0.2269 -0.2599
vn -0.4859 -0.6759 0.5542
vn 0.0241 -0.7836 0.6208
vn 0.7836 -0.0241 0.6208
vn 0.2274 -0.9385 -0.2598
vn 0.9386 -0.2269 -0.2599
vn -0.4859 -0.6759 0.5542
vn 0.0241 -0.7836 0.6208
vn 0.7836 -0.0241 0.6208
vn 0.2274 -0.9385 -0.2598
vn 0.9386 -0.2269 -0.2599
vn -0.4859 -0.6759 0.5542
vn 0.0241 -0.7836 0.6208
vn 0.7836 -0.0241 0.6208
vn 0.2274 -0.9385 -0.2598
vn 0.9386 -0.2269 -0.2599
vn -0.4859 -0.6759 0.5542
vn 0.0241 -0.7836 0.6208
vn 0.7836 -0.0241 0.6208
vn 0.2274 -0.9385 -0.2598
vn 0.9386 -0.2269 -0.2599
vn -0.4859 -0.6759 0.5542
vn 0.0241 -0.7836 0.6208
vn 0.7836 -0.0241 0.6208
vn 0.2274 -0.9385 -0.2598
vn 0.9386 -0.2269 -0.2599
vn -0.4859 -0.6759 0.5542
vn 0.0241 -0.7836 0.6208
vn 0.7836 -0.0241 0.6208
vn 0.2274 -0.9385 -0.2598
vn 0.9386 -0.2269 -0.2599
vn -0.4859 -0.6759 0.5542
vn 0.0241 -0.7836 0.6208
vn 0.7836 -0.0241 0.6208
vn 0.0644 -0.6948 0.7163
vn 0.2303 -0.6012 0.7652
vn 0.3322 -0.5961 0.7309
vn 0.5703 -0.3477 0.7442
vn 0.5665 -0.25 0.7852
vn 0.6961 -0.0567 0.7157
vn 0.0098 -0.0 1.0
vn 0.1302 -0.3525 0.9267
vn 0.3283 -0.1585 0.9312
vn 0.5641 -0.3474 0.7491
vn 0.2295 -0.5999 0.7665
vn 0.4322 0.0019 0.9018
vn 0.6984 -0.0558 0.7136
vn 0.0014 -0.4281 0.9037
vn 0.0672 -0.6978 0.7132
vn 0.0154 -0.0026 0.9999
vn -0.0132 0.02 0.9997
vn 0.0142 -0.0048 0.9999
vn 0.0294 -0.0062 0.9995
vn 0.0116 1.0E-4 0.9999
vn 0.0104 -0.0079 0.9999
vn 0.0097 0.0082 0.9999
vn 0.0096 -0.0217 0.9997
vn 0.0032 0.0067 1.0
vn 0.0133 -0.0036 0.9999
vn 0.0209 -0.0034 0.9998
vn -0.0255 0.0109 0.9996
vn 0.5258 -0.0 0.8506
vn 0.5864 -0.3985 0.7052
vn 0.1727 -0.1727 0.9697
vn 0.4632 -0.4632 0.7555
vn 0.3985 -0.5864 0.7052
vn 0.39 -0.39 0.8341
vn 0.0044 -0.0044 1.0
vn 0.0089 -0.0 1.0
vn -0.0 -0.5258 0.8506
vn -0.0 -0.0089 1.0
vn 0.6335 -0.6335 0.4443
vn 0.1651 -0.0808 0.983
vn 0.2269 -0.0178 0.9738
vn 0.6983 -0.0558 0.7136
vn 0.5641 -0.3474 0.7491
vn 0.0679 -0.1819 0.981
vn 0.0657 -0.1788 0.9817
vn 0.2295 -0.5999 0.7665
vn 0.0672 -0.6978 0.7132
vn 0.0644 -0.6948 0.7163
vn 0.2303 -0.6012 0.7652
vn 0.3262 -0.6426 0.6933
vn 0.5703 -0.3477 0.7442
vn 0.5665 -0.25 0.7852
vn 0.6961 -0.0567 0.7157
vn -0.0 0.0 1.0
vn 0.3262 -0.6425 0.6933
vn 0.3865 -0.3865 0.8374
vn -0.0 -0.526 0.8505
vn -0.0 -0.0 1.0
vn 0.526 0.0 0.8505
vn 0.5259 0.0 0.8505
vn 0.6425 -0.3262 0.6934
vn 0.4629 -0.4629 0.7559
vn 0.3262 -0.6426 0.6933
vn 0.3262 -0.6426 0.6934
vn 0.6426 -0.3262 0.6934
vn -0.0 -0.5259 0.8505
vn -0.0 -0.0 1.0
vn 0.2274 -0.9385 -0.2598
vn 0.9386 -0.2269 -0.2599
vn -0.4859 -0.6759 0.5542
vn 0.0241 -0.7836 0.6208
vn 0.7836 -0.0241 0.6208
vn 0.2274 -0.9385 -0.2598
vn 0.9386 -0.2269 -0.2599
vn -0.4859 -0.6759 0.5542
vn 0.0241 -0.7836 0.6208
vn 0.7836 -0.0241 0.6208
vn 0.2274 -0.9385 -0.2598
vn 0.9386 -0.2269 -0.2599
vn -0.4859 -0.6759 0.5542
vn 0.0241 -0.7836 0.6208
vn 0.7836 -0.0241 0.6208
vn 0.2274 -0.9385 -0.2598
vn 0.9386 -0.2269 -0.2599
vn -0.4859 -0.6759 0.5542
vn 0.0241 -0.7836 0.6208
vn 0.7836 -0.0241 0.6208
vn 0.2274 -0.9385 -0.2598
vn 0.9386 -0.2269 -0.2599
vn -0.4859 -0.6759 0.5542
vn 0.0241 -0.7836 0.6208
vn 0.7836 -0.0241 0.6208
vn 0.2274 -0.9385 -0.2598
vn 0.9386 -0.2269 -0.2599
vn -0.4859 -0.6759 0.5542
vn 0.0241 -0.7836 0.6208
vn 0.7836 -0.0241 0.6208
vn 0.2274 -0.9385 -0.2598
vn 0.9386 -0.2269 -0.2599
vn -0.4859 -0.6759 0.5542
vn 0.0241 -0.7836 0.6208
vn 0.7836 -0.0241 0.6208
vn 0.2274 -0.9385 -0.2598
vn 0.9386 -0.2269 -0.2599
vn -0.4859 -0.6759 0.5542
vn 0.0241 -0.7836 0.6208
vn 0.7836 -0.0241 0.6208
vn 0.2274 -0.9385 -0.2598
vn 0.9386 -0.2269 -0.2599
vn -0.4859 -0.6759 0.5542
vn 0.0241 -0.7836 0.6208
vn 0.7836 -0.0241 0.6208
vn 0.2274 -0.9385 -0.2598
vn 0.9386 -0.2269 -0.2599
vn -0.4859 -0.6759 0.5542
vn 0.0241 -0.7836 0.6208
vn 0.7836 -0.0241 0.6208
vn 0.2274 -0.9385 -0.2598
vn 0.9386 -0.2269 -0.2599
vn -0.4859 -0.6759 0.5542
vn 0.0241 -0.7836 0.6208
vn 0.7836 -0.0241 0.6208
vn 0.0644 -0.6948 0.7163
vn 0.2303 -0.6012 0.7652
vn 0.3322 -0.5961 0.7309
vn 0.5703 -0.3477 0.7442
vn 0.5665 -0.25 0.7852
vn 0.6961 -0.0567 0.7157
vn 0.0098 -0.0 1.0
vn 0.1302 -0.3525 0.9267
vn 0.3283 -0.1585 0.9312
vn 0.5641 -0.3474 0.7491
vn 0.2295 -0.5999 0.7665
vn 0.4322 0.0019 0.9018
vn 0.6984 -0.0558 0.7136
vn 0.0014 -0.4281 0.9037
vn 0.0672 -0.6978 0.7132
vn 0.0154 -0.0026 0.9999
vn -0.0132 0.02 0.9997
vn 0.0142 -0.0048 0.9999
vn 0.0294 -0.0062 0.9995
vn 0.0116 1.0E-4 0.9999
vn 0.0104 -0.0079 0.9999
vn 0.0097 0.0082 0.9999
vn 0.0096 -0.0217 0.9997
vn 0.0032 0.0067 1.0
vn 0.0133 -0.0036 0.9999
vn 0.0209 -0.0034 0.9998
vn -0.0255 0.0109 0.9996
vn 0.5258 -0.0 0.8506
vn 0.5864 -0.3985 0.7052
vn 0.1727 -0.1727 0.9697
vn 0.4632 -0.4632 0.7555
vn 0.3985 -0.5864 0.7052
vn 0.39 -0.39 0.8341
vn 0.0044 -0.0044 1.0
vn 0.0089 -0.0 1.0
vn -0.0 -0.5258 0.8506
vn -0.0 -0.0089 1.0
vn 0.6335 -0.6335 0.4443
vn 0.1651 -0.0808 0.983
vn 0.2269 -0.0178 0.9738
vn 0.6983 -0.0558 0.7136
vn 0.5641 -0.3474 0.7491
vn 0.0679 -0.1819 0.981
vn 0.0657 -0.1788 0.9817
vn 0.2295 -0.5999 0.7665
vn 0.0672 -0.6978 0.7132
vn 0.0644 -0.6948 0.7163
vn 0.2303 -0.6012 0.7652
vn 0.3262 -0.6426 0.6933
vn 0.5703 -0.3477 0.7442
vn 0.5665 -0.25 0.7852
vn 0.6961 -0.0567 0.7157
vn -0.0 0.0 1.0
vn 0.3262 -0.6425 0.6933
vn 0.7071 0.0 0.7071
vn 0.5258 0.0 0.8506
vn 0.0 -0.0 1.0
vn 0.426 0.0 0.9047
vn 0.3865 -0.3865 0.8374
vn -0.0 -0.526 0.8505
vn -0.0 -0.0 1.0
vn 0.526 0.0 0.8505
vn 0.5259 0.0 0.8505
vn 0.6425 -0.3262 0.6934
vn 0.4629 -0.4629 0.7559
vn 0.3262 -0.6426 0.6933
vn 0.3262 -0.6426 0.6934
vn 0.6426 -0.3262 0.6934
vn -0.0 -0.5259 0.8505
vn 0.2274 -0.9385 -0.2598
vn 0.9386 -0.2269 -0.2599
vn -0.4859 -0.6759 0.5542
vn 0.0241 -0.7836 0.6208
vn 0.7836 -0.0241 0.6208
vn 0.2274 -0.9385 -0.2598
vn 0.9386 -0.2269 -0.2599
vn -0.4859 -0.6759 0.5542
vn 0.0241 -0.7836 0.6208
vn 0.7836 -0.0241 0.6208
vn 0.2274 -0.9385 -0.2598
vn 0.9386 -0.2269 -0.2599
vn -0.4859 -0.6759 0.5542
vn 0.0241 -0.7836 0.6208
vn 0.7836 -0.0241 0.6208
vn 0.2274 -0.9385 -0.2598
vn 0.9386 -0.2269 -0.2599
vn -0.4859 -0.6759 0.5542
vn 0.0241 -0.7836 0.6208
vn 0.7836 -0.0241 0.6208
vn 0.2274 -0.9385 -0.2598
vn 0.9386 -0.2269 -0.2599
vn -0.4859 -0.6759 0.5542
vn 0.0241 -0.7836 0.6208
vn 0.7836 -0.0241 0.6208
vn 0.2274 -0.9385 -0.2598
vn 0.9386 -0.2269 -0.2599
vn -0.4859 -0.6759 0.5542
vn 0.0241 -0.7836 0.6208
vn 0.7836 -0.0241 0.6208
vn 0.2274 -0.9385 -0.2598
vn 0.9386 -0.2269 -0.2599
vn -0.4859 -0.6759 0.5542
vn 0.0241 -0.7836 0.6208
vn 0.7836 -0.0241 0.6208
vn 0.2274 -0.9385 -0.2598
vn 0.9386 -0.2269 -0.2599
vn -0.4859 -0.6759 0.5542
vn 0.0241 -0.7836 0.6208
vn 0.7836 -0.0241 0.6208
vn 0.2274 -0.9385 -0.2598
vn 0.9386 -0.2269 -0.2599
vn -0.4859 -0.6759 0.5542
vn 0.0241 -0.7836 0.6208
vn 0.7836 -0.0241 0.6208
vn 0.2274 -0.9385 -0.2598
vn 0.9386 -0.2269 -0.2599
vn -0.4859 -0.6759 0.5542
vn 0.0241 -0.7836 0.6208
vn 0.7836 -0.0241 0.6208
vn 0.2274 -0.9385 -0.2598
vn 0.9386 -0.2269 -0.2599
vn -0.4859 -0.6759 0.5542
vn 0.0241 -0.7836 0.6208
vn 0.7836 -0.0241 0.6208
vn 0.2274 -0.9385 -0.2598
vn 0.9386 -0.2269 -0.2599
vn -0.4859 -0.6759 0.5542
vn 0.0241 -0.7836 0.6208
vn 0.7836 -0.0241 0.6208
vn 0.0644 -0.6948 0.7163
vn 0.2303 -0.6012 0.7652
vn 0.3322 -0.5961 0.7309
vn 0.5703 -0.3477 0.7442
vn 0.5665 -0.25 0.7852
vn 0.6961 -0.0567 0.7157
vn 0.0098 -0.0 1.0
vn 0.1302 -0.3525 0.9267
vn 0.3283 -0.1585 0.9312
vn 0.5641 -0.3474 0.7491
vn 0.2295 -0.5999 0.7665
vn 0.4322 0.0019 0.9018
vn 0.6984 -0.0558 0.7136
vn 0.0014 -0.4281 0.9037
vn 0.0672 -0.6978 0.7132
vn 0.0154 -0.0026 0.9999
vn -0.0132 0.02 0.9997
vn 0.0142 -0.0048 0.9999
vn 0.0294 -0.0062 0.9995
vn 0.0116 1.0E-4 0.9999
vn 0.0104 -0.0079 0.9999
vn 0.0097 0.0082 0.9999
vn 0.0096 -0.0217 0.9997
vn 0.0032 0.0067 1.0
vn 0.0133 -0.0036 0.9999
vn 0.0209 -0.0034 0.9998
vn -0.0255 0.0109 0.9996
vn 0.5258 -0.0 0.8506
vn -0.0098 -0.0 1.0
vn 0.0089 -0.0186 0.9998
vn 0.6953 -0.0 0.7187
vn 0.4005 0.3254 0.8566
vn 0.426 0.0 0.9047
vn 0.0 4.0E-4 1.0
vn 0.0 2.0E-4 1.0
vn 0.0058 -0.0 1.0
vn 0.5258 -0.0 0.8506
vn 0.5864 -0.3985 0.7052
vn 0.1727 -0.1727 0.9697
vn 0.4632 -0.4632 0.7555
vn 0.3985 -0.5864 0.7052
vn 0.39 -0.39 0.8341
vn 0.0044 -0.0044 1.0
vn 0.0089 -0.0 1.0
vn -0.0 -0.5258 0.8506
vn -0.0 -0.0089 1.0
vn 0.6335 -0.6335 0.4443
vn 0.1651 -0.0808 0.983
vn 0.2269 -0.0178 0.9738
vn 0.6983 -0.0558 0.7136
vn 0.5641 -0.3474 0.7491
vn 0.0679 -0.1819 0.981
vn 0.0657 -0.1788 0.9817
vn 0.2295 -0.5999 0.7665
vn 0.0672 -0.6978 0.7132
vn 0.0644 -0.6948 0.7163
vn 0.2303 -0.6012 0.7652
vn 0.3262 -0.6426 0.6933
vn 0.5703 -0.3477 0.7442
vn 0.5665 -0.25 0.7852
vn 0.6961 -0.0567 0.7157
vn -0.0 0.0 1.0
vn 0.3262 -0.6425 0.6933
vn 0.3865 -0.3865 0.8374
vn -0.0 -0.526 0.8505
vn -0.0 -0.0 1.0
vn 0.526 0.0 0.8505
vn 0.5259 0.0 0.8505
vn 0.6425 -0.3262 0.6934
vn 0.4629 -0.4629 0.7559
vn 0.3262 -0.6426 0.6933
vn 0.3262 -0.6426 0.6934
vn 0.6426 -0.3262 0.6934
vn -0.0 -0.5259 0.8505
vn -0.0 -0.0 1.0
vn -0.0 -0.0 1.0
vn 0.3865 0.3865 0.8374
vn 0.526 -0.0 0.8505
vn 0.0 -0.0 1.0
vn -0.0 0.526 0.8505
vn -0.0 0.5259 0.8505
vn 0.3262 0.6425 0.6934
vn 0.4629 0.4629 0.7559
vn 0.6426 0.3262 0.6933
vn 0.6426 0.3262 0.6934
vn 0.3262 0.6426 0.6934
vn 0.5259 -0.0 0.8505
vn 0.7071 0.0 0.7071
vn 0.5258 0.0 0.8506
vn 0.0 -0.0 1.0
vn 0.426 0.0 0.9047
vn 0.2274 -0.9385 -0.2598
vn 0.9386 -0.2269 -0.2599
vn -0.4859 -0.6759 0.5542
vn 0.0241 -0.7836 0.6208
vn 0.7836 -0.0241 0.6208
vn 0.2274 -0.9385 -0.2598
vn 0.9386 -0.2269 -0.2599
vn -0.4859 -0.6759 0.5542
vn 0.0241 -0.7836 0.6208
vn 0.7836 -0.0241 0.6208
vn 0.2274 -0.9385 -0.2598
vn 0.9386 -0.2269 -0.2599
vn -0.4859 -0.6759 0.5542
vn 0.0241 -0.7836 0.6208
vn 0.7836 -0.0241 0.6208
vn 0.2274 -0.9385 -0.2598
vn 0.9386 -0.2269 -0.2599
vn -0.4859 -0.6759 0.5542
vn 0.0241 -0.7836 0.6208
vn 0.7836 -0.0241 0.6208
vn 0.2274 -0.9385 -0.2598
vn 0.9386 -0.2269 -0.2599
vn -0.4859 -0.6759 0.5542
vn 0.0241 -0.7836 0.6208
vn 0.7836 -0.0241 0.6208
vn 0.2274 -0.9385 -0.2598
vn 0.9386 -0.2269 -0.2599
vn -0.4859 -0.6759 0.5542
vn 0.0241 -0.7836 0.6208
vn 0.7836 -0.0241 0.6208
vn 0.2274 -0.9385 -0.2598
vn 0.9386 -0.2269 -0.2599
vn -0.4859 -0.6759 0.5542
vn 0.0241 -0.7836 0.6208
vn 0.7836 -0.0241 0.6208
vn 0.2274 -0.9385 -0.2598
vn 0.9386 -0.2269 -0.2599
vn -0.4859 -0.6759 0.5542
vn 0.0241 -0.7836 0.6208
vn 0.7836 -0.0241 0.6208
vn 0.2274 -0.9385 -0.2598
vn 0.9386 -0.2269 -0.2599
vn -0.4859 -0.6759 0.5542
vn 0.0241 -0.7836 0.6208
vn 0.7836 -0.0241 0.6208
vn 0.2274 -0.9385 -0.2598
vn 0.9386 -0.2269 -0.2599
vn -0.4859 -0.6759 0.5542
vn 0.0241 -0.7836 0.6208
vn 0.7836 -0.0241 0.6208
vn 0.2274 -0.9385 -0.2598
vn 0.9386 -0.2269 -0.2599
vn -0.4859 -0.6759 0.5542
vn 0.0241 -0.7836 0.6208
vn 0.7836 -0.0241 0.6208
vn 0.2274 -0.9385 -0.2598
vn 0.9386 -0.2269 -0.2599
vn -0.4859 -0.6759 0.5542
vn 0.0241 -0.7836 0.6208
vn 0.7836 -0.0241 0.6208
vn 0.2274 -0.9385 -0.2598
vn 0.9386 -0.2269 -0.2599
vn -0.4859 -0.6759 0.5542
vn 0.0241 -0.7836 0.6208
vn 0.7836 -0.0241 0.6208
vn 0.2274 -0.9385 -0.2598
vn 0.9386 -0.2269 -0.2599
vn -0.4859 -0.6759 0.5542
vn 0.0241 -0.7836 0.6208
vn 0.7836 -0.0241 0.6208
vn 0.0644 -0.6948 0.7163
vn 0.2303 -0.6012 0.7652
vn 0.3322 -0.5961 0.7309
vn 0.5703 -0.3477 0.7442
vn 0.5665 -0.25 0.7852
vn 0.6961 -0.0567 0.7157
vn 0.0098 -0.0 1.0
vn 0.1302 -0.3525 0.9267
vn 0.3283 -0.1585 0.9312
vn 0.5641 -0.3474 0.7491
vn 0.2295 -0.5999 0.7665
vn 0.4322 0.0019 0.9018
vn 0.6984 -0.0558 0.7136
vn 0.0014 -0.4281 0.9037
vn 0.0672 -0.6978 0.7132
vn 0.0154 -0.0026 0.9999
vn -0.0132 0.02 0.9997
vn 0.0142 -0.0048 0.9999
vn 0.0294 -0.0062 0.9995
vn 0.0116 1.0E-4 0.9999
vn 0.0104 -0.0079 0.9999
vn 0.0097 0.0082 0.9999
vn 0.0096 -0.0217 0.9997
vn 0.0032 0.0067 1.0
vn 0.0133 -0.0036 0.9999
vn 0.0209 -0.0034 0.9998
vn -0.0255 0.0109 0.9996
vn 0.5258 -0.0 0.8506
vn 0.5864 -0.3985 0.7052
vn 0.1727 -0.1727 0.9697
vn 0.4632 -0.4632 0.7555
vn 0.3985 -0.5864 0.7052
vn 0.39 -0.39 0.8341
vn 0.0044 -0.0044 1.0
vn 0.0089 -0.0 1.0
vn -0.0 -0.5258 0.8506
vn -0.0 -0.0089 1.0
vn 0.6335 -0.6335 0.4443
vn 0.1651 -0.0808 0.983
vn 0.2269 -0.0178 0.9738
vn 0.6983 -0.0558 0.7136
vn 0.5641 -0.3474 0.7491
vn 0.0679 -0.1819 0.981
vn 0.0657 -0.1788 0.9817
vn 0.2295 -0.5999 0.7665
vn 0.0672 -0.6978 0.7132
vn 0.0644 -0.6948 0.7163
vn 0.2303 -0.6012 0.7652
vn 0.3262 -0.6426 0.6933
vn 0.5703 -0.3477 0.7442
vn 0.5665 -0.25 0.7852
vn 0.6961 -0.0567 0.7157
vn -0.0 0.0 1.0
vn 0.3262 -0.6425 0.6933
vn 0.3865 -0.3865 0.8374
vn -0.0 -0.526 0.8505
vn -0.0 -0.0 1.0
vn 0.526 0.0 0.8505
vn 0.5259 0.0 0.8505
vn 0.6425 -0.3262 0.6934
vn 0.4629 -0.4629 0.7559
vn 0.3262 -0.6426 0.6933
vn 0.3262 -0.6426 0.6934
vn 0.6426 -0.3262 0.6934
vn -0.0 -0.5259 0.8505
vn -0.0 -0.0 1.0
vn -0.0 -0.0 1.0
vn 0.3865 0.3865 0.8374
vn 0.526 -0.0 0.8505
vn 0.0 -0.0 1.0
vn -0.0 0.526 0.8505
vn -0.0 0.5259 0.8505
vn 0.3262 0.6425 0.6934
vn 0.4629 0.4629 0.7559
vn 0.6426 0.3262 0.6933
vn 0.6426 0.3262 0.6934
vn 0.3262 0.6426 0.6934
vn 0.5259 -0.0 0.8505
vn 0.7071 0.0 0.7071
vn 0.5258 0.0 0.8506
vn 0.0 -0.0 1.0
vn 0.426 0.0 0.9047
vn 0.0808 0.1651 0.983
vn 0.0178 0.2269 0.9738
vn 0.0558 0.6983 0.7136
vn 0.3474 0.5641 0.7491
vn 0.1819 0.0679 0.981
vn 0.1788 0.0657 0.9817
vn 0.5999 0.2295 0.7665
vn 0.6978 0.0672 0.7132
vn 0.6948 0.0644 0.7163
vn 0.6012 0.2303 0.7652
vn 0.6426 0.3262 0.6933
vn 0.3477 0.5703 0.7442
vn 0.25 0.5665 0.7852
vn 0.0567 0.6961 0.7157
vn -0.0 -0.0 1.0
vn 0.6425 0.3262 0.6933
vn 0.0 0.5258 0.8506
vn 0.3985 0.5864 0.7052
vn 0.1727 0.1727 0.9697
vn 0.4632 0.4632 0.7555
vn 0.5864 0.3985 0.7052
vn 0.39 0.39 0.8341
vn 0.0044 0.0044 1.0
vn 0.0 0.0089 1.0
vn 0.5258 -0.0 0.8506
vn 0.0089 -0.0 1.0
vn 0.6335 0.6335 0.4443
vn 0.5258 -0.0 0.8506
vn -0.0098 -0.0 1.0
vn 0.0089 -0.0186 0.9998
vn 0.6953 -0.0 0.7187
vn 0.4005 0.3254 0.8566
vn 0.426 0.0 0.9047
vn 0.0 4.0E-4 1.0
vn 0.0 2.0E-4 1.0
vn 0.0058 -0.0 1.0
vn 0.2274 -0.9385 -0.2598
vn 0.9386 -0.2269 -0.2599
vn -0.4859 -0.6759 0.5542
vn 0.0241 -0.7836 0.6208
vn 0.7836 -0.0241 0.6208
vn 0.2274 -0.9385 -0.2598
vn 0.9386 -0.2269 -0.2599
vn -0.4859 -0.6759 0.5542
vn 0.0241 -0.7836 0.6208
vn 0.7836 -0.0241 0.6208
vn 0.2274 -0.9385 -0.2598
vn 0.9386 -0.2269 -0.2599
vn -0.4859 -0.6759 0.5542
vn 0.0241 -0.7836 0.6208
vn 0.7836 -0.0241 0.6208
vn 0.2274 -0.9385 -0.2598
vn 0.9386 -0.2269 -0.2599
vn -0.4859 -0.6759 0.5542
vn 0.0241 -0.7836 0.6208
vn 0.7836 -0.0241 0.6208
vn 0.2274 -0.9385 -0.2598
vn 0.9386 -0.2269 -0.2599
vn -0.4859 -0.6759 0.5542
vn 0.0241 -0.7836 0.6208
vn 0.7836 -0.0241 0.6208
vn 0.2274 -0.9385 -0.2598
vn 0.9386 -0.2269 -0.2599
vn -0.4859 -0.6759 0.5542
vn 0.0241 -0.7836 0.6208
vn 0.7836 -0.0241 0.6208
vn 0.2274 -0.9385 -0.2598
vn 0.9386 -0.2269 -0.2599
vn -0.4859 -0.6759 0.5542
vn 0.0241 -0.7836 0.6208
vn 0.7836 -0.0241 0.6208
vn 0.2274 -0.9385 -0.2598
vn 0.9386 -0.2269 -0.2599
vn -0.4859 -0.6759 0.5542
vn 0.0241 -0.7836 0.6208
vn 0.7836 -0.0241 0.6208
vn 0.2274 -0.9385 -0.2598
vn 0.9386 -0.2269 -0.2599
vn -0.4859 -0.6759 0.5542
vn 0.0241 -0.7836 0.6208
vn 0.7836 -0.0241 0.6208
vn 0.2274 -0.9385 -0.2598
vn 0.9386 -0.2269 -0.2599
vn -0.4859 -0.6759 0.5542
vn 0.0241 -0.7836 0.6208
vn 0.7836 -0.0241 0.6208
vn 0.2274 -0.9385 -0.2598
vn 0.9386 -0.2269 -0.2599
vn -0.4859 -0.6759 0.5542
vn 0.0241 -0.7836 0.6208
vn 0.7836 -0.0241 0.6208
vn 0.2274 -0.9385 -0.2598
vn 0.9386 -0.2269 -0.2599
vn -0.4859 -0.6759 0.5542
vn 0.0241 -0.7836 0.6208
vn 0.7836 -0.0241 0.6208
vn 0.2274 -0.9385 -0.2598
vn 0.9386 -0.2269 -0.2599
vn -0.4859 -0.6759 0.5542
vn 0.0241 -0.7836 0.6208
vn 0.7836 -0.0241 0.6208
vn 0.2274 -0.9385 -0.2598
vn 0.9386 -0.2269 -0.2599
vn -0.4859 -0.6759 0.5542
vn 0.0241 -0.7836 0.6208
vn 0.7836 -0.0241 0.6208
vn 0.2274 -0.9385 -0.2598
vn 0.9386 -0.2269 -0.2599
vn -0.4859 -0.6759 0.5542
vn 0.0241 -0.7836 0.6208
vn 0.7836 -0.0241 0.6208
vn 0.0644 -0.6948 0.7163
vn 0.2303 -0.6012 0.7652
vn 0.3322 -0.5961 0.7309
vn 0.5703 -0.3477 0.7442
vn 0.5665 -0.25 0.7852
vn 0.6961 -0.0567 0.7157
vn 0.0098 -0.0 1.0
vn 0.1302 -0.3525 0.9267
vn 0.3283 -0.1585 0.9312
vn 0.5641 -0.3474 0.7491
vn 0.2295 -0.5999 0.7665
vn 0.4322 0.0019 0.9018
vn 0.6984 -0.0558 0.7136
vn 0.0014 -0.4281 0.9037
vn 0.0672 -0.6978 0.7132
vn 0.0154 -0.0026 0.9999
vn -0.0132 0.02 0.9997
vn 0.0142 -0.0048 0.9999
vn 0.0294 -0.0062 0.9995
vn 0.0116 1.0E-4 0.9999
vn 0.0104 -0.0079 0.9999
vn 0.0097 0.0082 0.9999
vn 0.0096 -0.0217 0.9997
vn 0.0032 0.0067 1.0
vn 0.0133 -0.0036 0.9999
vn 0.0209 -0.0034 0.9998
vn -0.0255 0.0109 0.9996
vn 0.5258 -0.0 0.8506
vn 0.5864 -0.3985 0.7052
vn 0.1727 -0.1727 0.9697
vn 0.4632 -0.4632 0.7555
vn 0.3985 -0.5864 0.7052
vn 0.39 -0.39 0.8341
vn 0.0044 -0.0044 1.0
vn 0.0089 -0.0 1.0
vn -0.0 -0.5258 0.8506
vn -0.0 -0.0089 1.0
vn 0.6335 -0.6335 0.4443
vn 0.1651 -0.0808 0.983
vn 0.2269 -0.0178 0.9738
vn 0.6983 -0.0558 0.7136
vn 0.5641 -0.3474 0.7491
vn 0.0679 -0.1819 0.981
vn 0.0657 -0.1788 0.9817
vn 0.2295 -0.5999 0.7665
vn 0.0672 -0.6978 0.7132
vn 0.0644 -0.6948 0.7163
vn 0.2303 -0.6012 0.7652
vn 0.3262 -0.6426 0.6933
vn 0.5703 -0.3477 0.7442
vn 0.5665 -0.25 0.7852
vn 0.6961 -0.0567 0.7157
vn -0.0 0.0 1.0
vn 0.3262 -0.6425 0.6933
vn 0.7071 0.0 0.7071
vn 0.5258 0.0 0.8506
vn 0.0 -0.0 1.0
vn 0.426 0.0 0.9047
vn 0.3865 -0.3865 0.8374
vn -0.0 -0.526 0.8505
vn -0.0 -0.0 1.0
vn 0.526 0.0 0.8505
vn 0.5259 0.0 0.8505
vn 0.6425 -0.3262 0.6934
vn 0.4629 -0.4629 0.7559
vn 0.3262 -0.6426 0.6933
vn 0.3262 -0.6426 0.6934
vn 0.6426 -0.3262 0.6934
vn -0.0 -0.5259 0.8505
vn -0.0 -0.0 1.0
vn 0.3865 0.3865 0.8374
vn 0.526 -0.0 0.8505
vn 0.0 -0.0 1.0
vn -0.0 0.526 0.8505
vn -0.0 0.5259 0.8505
vn 0.3262 0.6425 0.6934
vn 0.4629 0.4629 0.7559
vn 0.6426 0.3262 0.6933
vn 0.6426 0.3262 0.6934
vn 0.3262 0.6426 0.6934
vn 0.5259 -0.0 0.8505
vn 0.7071 0.0 0.7071
vn 0.5258 0.0 0.8506
vn 0.0 -0.0 1.0
vn 0.426 0.0 0.9047
vn 0.0808 0.1651 0.983
vn 0.0178 0.2269 0.9738
vn 0.0558 0.6983 0.7136
vn 0.3474 0.5641 0.7491
vn 0.1819 0.0679 0.981
vn 0.1788 0.0657 0.9817
vn 0.5999 0.2295 0.7665
vn 0.6978 0.0672 0.7132
vn 0.6948 0.0644 0.7163
vn 0.6012 0.2303 0.7652
vn 0.6426 0.3262 0.6933
vn 0.3477 0.5703 0.7442
vn 0.25 0.5665 0.7852
vn 0.0567 0.6961 0.7157
vn -0.0 -0.0 1.0
vn 0.6425 0.3262 0.6933
vn 0.0 0.5258 0.8506
vn 0.3985 0.5864 0.7052
vn 0.1727 0.1727 0.9697
vn 0.4632 0.4632 0.7555
vn 0.5864 0.3985 0.7052
vn 0.39 0.39 0.8341
vn 0.0044 0.0044 1.0
vn 0.0 0.0089 1.0
vn 0.5258 -0.0 0.8506
vn 0.0089 -0.0 1.0
vn 0.6335 0.6335 0.4443
vn 0.5258 -0.0 0.8506
vn -0.0098 -0.0 1.0
vn 0.0089 -0.0186 0.9998
vn 0.6953 -0.0 0.7187
vn 0.4005 0.3254 0.8566
vn 0.426 0.0 0.9047
vn 0.0 4.0E-4 1.0
vn 0.0 2.0E-4 1.0
vn 0.0058 -0.0 1.0
vn 0.6948 0.0644 0.7163
vn 0.6012 0.2303 0.7652
vn 0.5961 0.3322 0.7309
vn 0.3477 0.5703 0.7442
vn 0.25 0.5665 0.7852
vn 0.0567 0.6961 0.7157
vn 0.0 0.0098 1.0
vn 0.3525 0.1302 0.9267
vn 0.1585 0.3283 0.9312
vn 0.3474 0.5641 0.7491
vn 0.5999 0.2295 0.7665
vn -0.0019 0.4322 0.9018
vn 0.0558 0.6984 0.7136
vn 0.4281 0.0014 0.9037
vn 0.6978 0.0672 0.7132
vn 0.0026 0.0154 0.9999
vn -0.02 -0.0132 0.9997
vn 0.0048 0.0142 0.9999
vn 0.0062 0.0294 0.9995
vn -1.0E-4 0.0116 0.9999
vn 0.0079 0.0104 0.9999
vn -0.0082 0.0097 0.9999
vn 0.0217 0.0096 0.9997
vn -0.0067 0.0032 1.0
vn 0.0036 0.0133 0.9999
vn 0.0034 0.0209 0.9998
vn -0.0109 -0.0255 0.9996
vn 0.2274 -0.9385 -0.2598
vn 0.9386 -0.2269 -0.2599
vn -0.4859 -0.6759 0.5542
vn 0.0241 -0.7836 0.6208
vn 0.7836 -0.0241 0.6208
vn 0.2274 -0.9385 -0.2598
vn 0.9386 -0.2269 -0.2599
vn -0.4859 -0.6759 0.5542
vn 0.0241 -0.7836 0.6208
vn 0.7836 -0.0241 0.6208
vn 0.2274 -0.9385 -0.2598
vn 0.9386 -0.2269 -0.2599
vn -0.4859 -0.6759 0.5542
vn 0.0241 -0.7836 0.6208
vn 0.7836 -0.0241 0.6208
vn 0.2274 -0.9385 -0.2598
vn 0.9386 -0.2269 -0.2599
vn -0.4859 -0.6759 0.5542
vn 0.0241 -0.7836 0.6208
vn 0.7836 -0.0241 0.6208
vn 0.2274 -0.9385 -0.2598
vn 0.9386 -0.2269 -0.2599
vn -0.4859 -0.6759 0.5542
vn 0.0241 -0.7836 0.6208
vn 0.7836 -0.0241 0.6208
vn 0.2274 -0.9385 -0.2598
vn 0.9386 -0.2269 -0.2599
vn -0.4859 -0.6759 0.5542
vn 0.0241 -0.7836 0.6208
vn 0.7836 -0.0241 0.6208
vn 0.2274 -0.9385 -0.2598
vn 0.9386 -0.2269 -0.2599
vn -0.4859 -0.6759 0.5542
vn 0.0241 -0.7836 0.6208
vn 0.7836 -0.0241 0.6208
vn 0.2274 -0.9385 -0.2598
vn 0.9386 -0.2269 -0.2599
vn -0.4859 -0.6759 0.5542
vn 0.0241 -0.7836 0.6208
vn 0.7836 -0.0241 0.6208
vn 0.2274 -0.9385 -0.2598
vn 0.9386 -0.2269 -0.2599
vn -0.4859 -0.6759 0.5542
vn 0.0241 -0.7836 0.6208
vn 0.7836 -0.0241 0.6208
vn 0.2274 -0.9385 -0.2598
vn 0.9386 -0.2269 -0.2599
vn -0.4859 -0.6759 0.5542
vn 0.0241 -0.7836 0.6208
vn 0.7836 -0.0241 0.6208
vn 0.2274 -0.9385 -0.2598
vn 0.9386 -0.2269 -0.2599
vn -0.4859 -0.6759 0.5542
vn 0.0241 -0.7836 0.6208
vn 0.7836 -0.0241 0.6208
vn 0.2274 -0.9385 -0.2598
vn 0.9386 -0.2269 -0.2599
vn -0.4859 -0.6759 0.5542
vn 0.0241 -0.7836 0.6208
vn 0.7836 -0.0241 0.6208
vn 0.2274 -0.9385 -0.2598
vn 0.9386 -0.2269 -0.2599
vn -0.4859 -0.6759 0.5542
vn 0.0241 -0.7836 0.6208
vn 0.7836 -0.0241 0.6208
vn 0.2274 -0.9385 -0.2598
vn 0.9386 -0.2269 -0.2599
vn -0.4859 -0.6759 0.5542
vn 0.0241 -0.7836 0.6208
vn 0.7836 -0.0241 0.6208
vn 0.2274 -0.9385 -0.2598
vn 0.9386 -0.2269 -0.2599
vn -0.4859 -0.6759 0.5542
vn 0.0241 -0.7836 0.6208
vn 0.7836 -0.0241 0.6208
vn 0.2274 -0.9385 -0.2598
vn 0.9386 -0.2269 -0.2599
vn -0.4859 -0.6759 0.5542
vn 0.0241 -0.7836 0.6208
vn 0.7836 -0.0241 0.6208
vn 0.2274 -0.9385 -0.2598
vn 0.9386 -0.2269 -0.2599
vn -0.4859 -0.6759 0.5542
vn 0.0241 -0.7836 0.6208
vn 0.7836 -0.0241 0.6208
vn 0.0644 -0.6948 0.7163
vn 0.2303 -0.6012 0.7652
vn 0.3322 -0.5961 0.7309
vn 0.5703 -0.3477 0.7442
vn 0.5665 -0.25 0.7852
vn 0.6961 -0.0567 0.7157
vn 0.0098 -0.0 1.0
vn 0.1302 -0.3525 0.9267
vn 0.3283 -0.1585 0.9312
vn 0.5641 -0.3474 0.7491
vn 0.2295 -0.5999 0.7665
vn 0.4322 0.0019 0.9018
vn 0.6984 -0.0558 0.7136
vn 0.0014 -0.4281 0.9037
vn 0.0672 -0.6978 0.7132
vn 0.0154 -0.0026 0.9999
vn -0.0132 0.02 0.9997
vn 0.0142 -0.0048 0.9999
vn 0.0294 -0.0062 0.9995
vn 0.0116 1.0E-4 0.9999
vn 0.0104 -0.0079 0.9999
vn 0.0097 0.0082 0.9999
vn 0.0096 -0.0217 0.9997
vn 0.0032 0.0067 1.0
vn 0.0133 -0.0036 0.9999
vn 0.0209 -0.0034 0.9998
vn -0.0255 0.0109 0.9996
vn 0.5258 -0.0 0.8506
vn -0.0098 -0.0 1.0
vn 0.0089 -0.0186 0.9998
vn 0.6953 -0.0 0.7187
vn 0.4005 0.3254 0.8566
vn 0.426 0.0 0.9047
vn 0.0 4.0E-4 1.0
vn 0.0 2.0E-4 1.0
vn 0.0058 -0.0 1.0
vn 0.5258 -0.0 0.8506
vn 0.5864 -0.3985 0.7052
vn 0.1727 -0.1727 0.9697
vn 0.4632 -0.4632 0.7555
vn 0.3985 -0.5864 0.7052
vn 0.39 -0.39 0.8341
vn 0.0044 -0.0044 1.0
vn 0.0089 -0.0 1.0
vn -0.0 -0.5258 0.8506
vn -0.0 -0.0089 1.0
vn 0.6335 -0.6335 0.4443
vn 0.1651 -0.0808 0.983
vn 0.2269 -0.0178 0.9738
vn 0.6983 -0.0558 0.7136
vn 0.5641 -0.3474 0.7491
vn 0.0679 -0.1819 0.981
vn 0.0657 -0.1788 0.9817
vn 0.2295 -0.5999 0.7665
vn 0.0672 -0.6978 0.7132
vn 0.0644 -0.6948 0.7163
vn 0.2303 -0.6012 0.7652
vn 0.3262 -0.6426 0.6933
vn 0.5703 -0.3477 0.7442
vn 0.5665 -0.25 0.7852
vn 0.6961 -0.0567 0.7157
vn -0.0 0.0 1.0
vn 0.3262 -0.6425 0.6933
vn 0.7071 0.0 0.7071
vn 0.5258 0.0 0.8506
vn 0.0 -0.0 1.0
vn 0.426 0.0 0.9047
vn 0.7071 0.0 0.7071
vn 0.5258 0.0 0.8506
vn 0.0 -0.0 1.0
vn 0.426 0.0 0.9047
vn 0.7071 0.0 0.7071
vn 0.5258 0.0 0.8506
vn 0.0 -0.0 1.0
vn 0.426 0.0 0.9047
vn 0.0808 0.1651 0.983
vn 0.0178 0.2269 0.9738
vn 0.0558 0.6983 0.7136
vn 0.3474 0.5641 0.7491
vn 0.1819 0.0679 0.981
vn 0.1788 0.0657 0.9817
vn 0.5999 0.2295 0.7665
vn 0.6978 0.0672 0.7132
vn 0.6948 0.0644 0.7163
vn 0.6012 0.2303 0.7652
vn 0.6426 0.3262 0.6933
vn 0.3477 0.5703 0.7442
vn 0.25 0.5665 0.7852
vn 0.0567 0.6961 0.7157
vn -0.0 -0.0 1.0
vn 0.6425 0.3262 0.6933
vn 0.0 0.0 1.0
vn 0.0 0.5258 0.8506
vn 0.3985 0.5864 0.7052
vn 0.1727 0.1727 0.9697
vn 0.4632 0.4632 0.7555
vn 0.5864 0.3985 0.7052
vn 0.39 0.39 0.8341
vn 0.0044 0.0044 1.0
vn 0.0 0.0089 1.0
vn 0.5258 -0.0 0.8506
vn 0.0089 -0.0 1.0
vn 0.6335 0.6335 0.4443
vn 0.6948 0.0644 0.7163
vn 0.6012 0.2303 0.7652
vn 0.5961 0.3322 0.7309
vn 0.3477 0.5703 0.7442
vn 0.25 0.5665 0.7852
vn 0.0567 0.6961 0.7157
vn 0.0 0.0098 1.0
vn 0.3525 0.1302 0.9267
vn 0.1585 0.3283 0.9312
vn 0.3474 0.5641 0.7491
vn 0.5999 0.2295 0.7665
vn -0.0019 0.4322 0.9018
vn 0.0558 0.6984 0.7136
vn 0.4281 0.0014 0.9037
vn 0.6978 0.0672 0.7132
vn 0.0026 0.0154 0.9999
vn -0.02 -0.0132 0.9997
vn 0.0048 0.0142 0.9999
vn 0.0062 0.0294 0.9995
vn -1.0E-4 0.0116 0.9999
vn 0.0079 0.0104 0.9999
vn -0.0082 0.0097 0.9999
vn 0.0217 0.0096 0.9997
vn -0.0067 0.0032 1.0
vn 0.0036 0.0133 0.9999
vn 0.0034 0.0209 0.9998
vn -0.0109 -0.0255 0.9996
vn 0.2274 -0.9385 -0.2598
vn 0.9386 -0.2269 -0.2599
vn -0.4859 -0.6759 0.5542
vn 0.0241 -0.7836 0.6208
vn 0.7836 -0.0241 0.6208
vn 0.2274 -0.9385 -0.2598
vn 0.9386 -0.2269 -0.2599
vn -0.4859 -0.6759 0.5542
vn 0.0241 -0.7836 0.6208
vn 0.7836 -0.0241 0.6208
vn 0.2274 -0.9385 -0.2598
vn 0.9386 -0.2269 -0.2599
vn -0.4859 -0.6759 0.5542
vn 0.0241 -0.7836 0.6208
vn 0.7836 -0.0241 0.6208
vn 0.2274 -0.9385 -0.2598
vn 0.9386 -0.2269 -0.2599
vn -0.4859 -0.6759 0.5542
vn 0.0241 -0.7836 0.6208
vn 0.7836 -0.0241 0.6208
vn 0.2274 -0.9385 -0.2598
vn 0.9386 -0.2269 -0.2599
vn -0.4859 -0.6759 0.5542
vn 0.0241 -0.7836 0.6208
vn 0.7836 -0.0241 0.6208
vn 0.2274 -0.9385 -0.2598
vn 0.9386 -0.2269 -0.2599
vn -0.4859 -0.6759 0.5542
vn 0.0241 -0.7836 0.6208
vn 0.7836 -0.0241 0.6208
vn 0.2274 -0.9385 -0.2598
vn 0.9386 -0.2269 -0.2599
vn -0.4859 -0.6759 0.5542
vn 0.0241 -0.7836 0.6208
vn 0.7836 -0.0241 0.6208
vn 0.2274 -0.9385 -0.2598
vn 0.9386 -0.2269 -0.2599
vn -0.4859 -0.6759 0.5542
vn 0.0241 -0.7836 0.6208
vn 0.7836 -0.0241 0.6208
vn 0.2274 -0.9385 -0.2598
vn 0.9386 -0.2269 -0.2599
vn -0.4859 -0.6759 0.5542
vn 0.0241 -0.7836 0.6208
vn 0.7836 -0.0241 0.6208
vn 0.2274 -0.9385 -0.2598
vn 0.9386 -0.2269 -0.2599
vn -0.4859 -0.6759 0.5542
vn 0.0241 -0.7836 0.6208
vn 0.7836 -0.0241 0.6208
vn 0.2274 -0.9385 -0.2598
vn 0.9386 -0.2269 -0.2599
vn -0.4859 -0.6759 0.5542
vn 0.0241 -0.7836 0.6208
vn 0.7836 -0.0241 0.6208
vn 0.2274 -0.9385 -0.2598
vn 0.9386 -0.2269 -0.2599
vn -0.4859 -0.6759 0.5542
vn 0.0241 -0.7836 0.6208
vn 0.7836 -0.0241 0.6208
vn 0.2274 -0.9385 -0.2598
vn 0.9386 -0.2269 -0.2599
vn -0.4859 -0.6759 0.5542
vn 0.0241 -0.7836 0.6208
vn 0.7836 -0.0241 0.6208
vn 0.2274 -0.9385 -0.2598
vn 0.9386 -0.2269 -0.2599
vn -0.4859 -0.6759 0.5542
vn 0.0241 -0.7836 0.6208
vn 0.7836 -0.0241 0.6208
vn 0.2274 -0.9385 -0.2598
vn 0.9386 -0.2269 -0.2599
vn -0.4859 -0.6759 0.5542
vn 0.0241 -0.7836 0.6208
vn 0.7836 -0.0241 0.6208
vn 0.2274 -0.9385 -0.2598
vn 0.9386 -0.2269 -0.2599
vn -0.4859 -0.6759 0.5542
vn 0.0241 -0.7836 0.6208
vn 0.7836 -0.0241 0.6208
vn 0.2274 -0.9385 -0.2598
vn 0.9386 -0.2269 -0.2599
vn -0.4859 -0.6759 0.5542
vn 0.0241 -0.7836 0.6208
vn 0.7836 -0.0241 0.6208
vn 0.2274 -0.9385 -0.2598
vn 0.9386 -0.2269 -0.2599
vn -0.4859 -0.6759 0.5542
vn 0.0241 -0.7836 0.6208
vn 0.7836 -0.0241 0.6208
vn 0.2274 -0.9385 -0.2598
vn 0.9386 -0.2269 -0.2599
vn -0.4859 -0.6759 0.5542
vn 0.0241 -0.7836 0.6208
vn 0.7836 -0.0241 0.6208
vn 0.2274 -0.9385 -0.2598
vn 0.9386 -0.2269 -0.2599
vn -0.4859 -0.6759 0.5542
vn 0.0241 -0.7836 0.6208
vn 0.7836 -0.0241 0.6208
vn 0.2274 -0.9385 -0.2598
vn 0.9386 -0.2269 -0.2599
vn -0.4859 -0.6759 0.5542
vn 0.0241 -0.7836 0.6208
vn 0.7836 -0.0241 0.6208
vn 0.0644 -0.6948 0.7163
vn 0.2303 -0.6012 0.7652
vn 0.3322 -0.5961 0.7309
vn 0.5703 -0.3477 0.7442
vn 0.5665 -0.25 0.7852
vn 0.6961 -0.0567 0.7157
vn 0.0098 -0.0 1.0
vn 0.1302 -0.3525 0.9267
vn 0.3283 -0.1585 0.9312
vn 0.5641 -0.3474 0.7491
vn 0.2295 -0.5999 0.7665
vn 0.4322 0.0019 0.9018
vn 0.6984 -0.0558 0.7136
vn 0.0014 -0.4281 0.9037
vn 0.0672 -0.6978 0.7132
vn 0.0154 -0.0026 0.9999
vn -0.0132 0.02 0.9997
vn 0.0142 -0.0048 0.9999
vn 0.0294 -0.0062 0.9995
vn 0.0116 1.0E-4 0.9999
vn 0.0104 -0.0079 0.9999
vn 0.0097 0.0082 0.9999
vn 0.0096 -0.0217 0.9997
vn 0.0032 0.0067 1.0
vn 0.0133 -0.0036 0.9999
vn 0.0209 -0.0034 0.9998
vn -0.0255 0.0109 0.9996
vn 0.5258 -0.0 0.8506
vn -0.0098 -0.0 1.0
vn 0.0089 -0.0186 0.9998
vn 0.6953 -0.0 0.7187
vn 0.4005 0.3254 0.8566
vn 0.426 0.0 0.9047
vn 0.0 4.0E-4 1.0
vn 0.0 2.0E-4 1.0
vn 0.0058 -0.0 1.0
vn 0.5258 -0.0 0.8506
vn 0.5864 -0.3985 0.7052
vn 0.1727 -0.1727 0.9697
vn 0.4632 -0.4632 0.7555
vn 0.3985 -0.5864 0.7052
vn 0.39 -0.39 0.8341
vn 0.0044 -0.0044 1.0
vn 0.0089 -0.0 1.0
vn -0.0 -0.5258 0.8506
vn -0.0 -0.0089 1.0
vn 0.6335 -0.6335 0.4443
vn 0.0 0.0 1.0
vn 0.0 0.5258 0.8506
vn 0.3985 0.5864 0.7052
vn 0.1727 0.1727 0.9697
vn 0.4632 0.4632 0.7555
vn 0.5864 0.3985 0.7052
vn 0.39 0.39 0.8341
vn 0.0044 0.0044 1.0
vn 0.0 0.0089 1.0
vn 0.5258 -0.0 0.8506
vn 0.0089 -0.0 1.0
vn 0.6335 0.6335 0.4443
vn 0.0 0.5258 0.8506
vn 0.3985 0.5864 0.7052
vn 0.1727 0.1727 0.9697
vn 0.4632 0.4632 0.7555
vn 0.5864 0.3985 0.7052
vn 0.39 0.39 0.8341
vn 0.0044 0.0044 1.0
vn 0.0 0.0089 1.0
vn 0.5258 -0.0 0.8506
vn 0.0089 -0.0 1.0
vn 0.6335 0.6335 0.4443
vn 0.5258 -0.0 0.8506
vn -0.0098 -0.0 1.0
vn 0.0089 -0.0186 0.9998
vn 0.6953 -0.0 0.7187
vn 0.4005 0.3254 0.8566
vn 0.426 0.0 0.9047
vn 0.0 4.0E-4 1.0
vn 0.0 2.0E-4 1.0
vn 0.0058 -0.0 1.0
vn 0.6948 0.0644 0.7163
vn 0.6012 0.2303 0.7652
vn 0.5961 0.3322 0.7309
vn 0.3477 0.5703 0.7442
vn 0.25 0.5665 0.7852
vn 0.0567 0.6961 0.7157
vn 0.0 0.0098 1.0
vn 0.3525 0.1302 0.9267
vn 0.1585 0.3283 0.9312
vn 0.3474 0.5641 0.7491
vn 0.5999 0.2295 0.7665
vn -0.0019 0.4322 0.9018
vn 0.0558 0.6984 0.7136
vn 0.4281 0.0014 0.9037
vn 0.6978 0.0672 0.7132
vn 0.0026 0.0154 0.9999
vn -0.02 -0.0132 0.9997
vn 0.0048 0.0142 0.9999
vn 0.0062 0.0294 0.9995
vn -1.0E-4 0.0116 0.9999
vn 0.0079 0.0104 0.9999
vn -0.0082 0.0097 0.9999
vn 0.0217 0.0096 0.9997
vn -0.0067 0.0032 1.0
vn 0.0036 0.0133 0.9999
vn 0.0034 0.0209 0.9998
vn -0.0109 -0.0255 0.9996
vn 0.2274 -0.9385 -0.2598
vn 0.9386 -0.2269 -0.2599
vn -0.4859 -0.6759 0.5542
vn 0.0241 -0.7836 0.6208
vn 0.7836 -0.0241 0.6208
vn 0.2274 -0.9385 -0.2598
vn 0.9386 -0.2269 -0.2599
vn -0.4859 -0.6759 0.5542
vn 0.0241 -0.7836 0.6208
vn 0.7836 -0.0241 0.6208
vn 0.2274 -0.9385 -0.2598
vn 0.9386 -0.2269 -0.2599
vn -0.4859 -0.6759 0.5542
vn 0.0241 -0.7836 0.6208
vn 0.7836 -0.0241 0.6208
vn 0.2274 -0.9385 -0.2598
vn 0.9386 -0.2269 -0.2599
vn -0.4859 -0.6759 0.5542
vn 0.0241 -0.7836 0.6208
vn 0.7836 -0.0241 0.6208
vn 0.2274 -0.9385 -0.2598
vn 0.9386 -0.2269 -0.2599
vn -0.4859 -0.6759 0.5542
vn 0.0241 -0.7836 0.6208
vn 0.7836 -0.0241 0.6208
vn 0.2274 -0.9385 -0.2598
vn 0.9386 -0.2269 -0.2599
vn -0.4859 -0.6759 0.5542
vn 0.0241 -0.7836 0.6208
vn 0.7836 -0.0241 0.6208
vn 0.2274 -0.9385 -0.2598
vn 0.9386 -0.2269 -0.2599
vn -0.4859 -0.6759 0.5542
vn 0.0241 -0.7836 0.6208
vn 0.7836 -0.0241 0.6208
vn 0.2274 -0.9385 -0.2598
vn 0.9386 -0.2269 -0.2599
vn -0.4859 -0.6759 0.5542
vn 0.0241 -0.7836 0.6208
vn 0.7836 -0.0241 0.6208
vn 0.2274 -0.9385 -0.2598
vn 0.9386 -0.2269 -0.2599
vn -0.4859 -0.6759 0.5542
vn 0.0241 -0.7836 0.6208
vn 0.7836 -0.0241 0.6208
vn 0.2274 -0.9385 -0.2598
vn 0.9386 -0.2269 -0.2599
vn -0.4859 -0.6759 0.5542
vn 0.0241 -0.7836 0.6208
vn 0.7836 -0.0241 0.6208
vn 0.2274 -0.9385 -0.2598
vn 0.9386 -0.2269 -0.2599
vn -0.4859 -0.6759 0.5542
vn 0.0241 -0.7836 0.6208
vn 0.7836 -0.0241 0.6208
vn 0.2274 -0.9385 -0.2598
vn 0.9386 -0.2269 -0.2599
vn -0.4859 -0.6759 0.5542
vn 0.0241 -0.7836 0.6208
vn 0.7836 -0.0241 0.6208
vn 0.2274 -0.9385 -0.2598
vn 0.9386 -0.2269 -0.2599
vn -0.4859 -0.6759 0.5542
vn 0.0241 -0.7836 0.6208
vn 0.7836 -0.0241 0.6208
vn 0.2274 -0.9385 -0.2598
vn 0.9386 -0.2269 -0.2599
vn -0.4859 -0.6759 0.5542
vn 0.0241 -0.7836 0.6208
vn 0.7836 -0.0241 0.6208
vn 0.2274 -0.9385 -0.2598
vn 0.9386 -0.2269 -0.2599
vn -0.4859 -0.6759 0.5542
vn 0.0241 -0.7836 0.6208
vn 0.7836 -0.0241 0.6208
vn 0.2274 -0.9385 -0.2598
vn 0.9386 -0.2269 -0.2599
vn -0.4859 -0.6759 0.5542
vn 0.0241 -0.7836 0.6208
vn 0.7836 -0.0241 0.6208
vn 0.2274 -0.9385 -0.2598
vn 0.9386 -0.2269 -0.2599
vn -0.4859 -0.6759 0.5542
vn 0.0241 -0.7836 0.6208
vn 0.7836 -0.0241 0.6208
vn 0.2274 -0.9385 -0.2598
vn 0.9386 -0.2269 -0.2599
vn -0.4859 -0.6759 0.5542
vn 0.0241 -0.7836 0.6208
vn 0.7836 -0.0241 0.6208
vn 0.2274 -0.9385 -0.2598
vn 0.9386 -0.2269 -0.2599
vn -0.4859 -0.6759 0.5542
vn 0.0241 -0.7836 0.6208
vn 0.7836 -0.0241 0.6208
vn 0.2274 -0.9385 -0.2598
vn 0.9386 -0.2269 -0.2599
vn -0.4859 -0.6759 0.5542
vn 0.0241 -0.7836 0.6208
vn 0.7836 -0.0241 0.6208
vn 0.2274 -0.9385 -0.2598
vn 0.9386 -0.2269 -0.2599
vn -0.4859 -0.6759 0.5542
vn 0.0241 -0.7836 0.6208
vn 0.7836 -0.0241 0.6208
vn 0.2274 -0.9385 -0.2598
vn 0.9386 -0.2269 -0.2599
vn -0.4859 -0.6759 0.5542
vn 0.0241 -0.7836 0.6208
vn 0.7836 -0.0241 0.6208
vn 0.2274 -0.9385 -0.2598
vn 0.9386 -0.2269 -0.2599
vn -0.4859 -0.6759 0.5542
vn 0.0241 -0.7836 0.6208
vn 0.7836 -0.0241 0.6208
vn 0.2274 -0.9385 -0.2598
vn 0.9386 -0.2269 -0.2599
vn -0.4859 -0.6759 0.5542
vn 0.0241 -0.7836 0.6208
vn 0.7836 -0.0241 0.6208
vn 0.0644 -0.6948 0.7163
vn 0.2303 -0.6012 0.7652
vn 0.3322 -0.5961 0.7309
vn 0.5703 -0.3477 0.7442
vn 0.5665 -0.25 0.7852
vn 0.6961 -0.0567 0.7157
vn 0.0098 -0.0 1.0
vn 0.1302 -0.3525 0.9267
vn 0.3283 -0.1585 0.9312
vn 0.5641 -0.3474 0.7491
vn 0.2295 -0.5999 0.7665
vn 0.4322 0.0019 0.9018
vn 0.6984 -0.0558 0.7136
vn 0.0014 -0.4281 0.9037
vn 0.0672 -0.6978 0.7132
vn 0.0154 -0.0026 0.9999
vn -0.0132 0.02 0.9997
vn 0.0142 -0.0048 0.9999
vn 0.0294 -0.0062 0.9995
vn 0.0116 1.0E-4 0.9999
vn 0.0104 -0.0079 0.9999
vn 0.0097 0.0082 0.9999
vn 0.0096 -0.0217 0.9997
vn 0.0032 0.0067 1.0
vn 0.0133 -0.0036 0.9999
vn 0.0209 -0.0034 0.9998
vn -0.0255 0.0109 0.9996
vn 0.5258 -0.0 0.8506
vn -0.0098 -0.0 1.0
vn 0.0089 -0.0186 0.9998
vn 0.6953 -0.0 0.7187
vn 0.4005 0.3254 0.8566
vn 0.426 0.0 0.9047
vn 0.0 4.0E-4 1.0
vn 0.0 2.0E-4 1.0
vn 0.0058 -0.0 1.0
vn 0.6948 0.0644 0.7163
vn 0.6012 0.2303 0.7652
vn 0.5961 0.3322 0.7309
vn 0.3477 0.5703 0.7442
vn 0.25 0.5665 0.7852
vn 0.0567 0.6961 0.7157
vn 0.0 0.0098 1.0
vn 0.3525 0.1302 0.9267
vn 0.1585 0.3283 0.9312
vn 0.3474 0.5641 0.7491
vn 0.5999 0.2295 0.7665
vn -0.0019 0.4322 0.9018
vn 0.0558 0.6984 0.7136
vn 0.4281 0.0014 0.9037
vn 0.6978 0.0672 0.7132
vn 0.0026 0.0154 0.9999
vn -0.02 -0.0132 0.9997
vn 0.0048 0.0142 0.9999
vn 0.0062 0.0294 0.9995
vn -1.0E-4 0.0116 0.9999
vn 0.0079 0.0104 0.9999
vn -0.0082 0.0097 0.9999
vn 0.0217 0.0096 0.9997
vn -0.0067 0.0032 1.0
vn 0.0036 0.0133 0.9999
vn 0.0034 0.0209 0.9998
vn -0.0109 -0.0255 0.9996
vn 0.6948 0.0644 0.7163
vn 0.6012 0.2303 0.7652
vn 0.5961 0.3322 0.7309
vn 0.3477 0.5703 0.7442
vn 0.25 0.5665 0.7852
vn 0.0567 0.6961 0.7157
vn 0.0 0.0098 1.0
vn 0.3525 0.1302 0.9267
vn 0.1585 0.3283 0.9312
vn 0.3474 0.5641 0.7491
vn 0.5999 0.2295 0.7665
vn -0.0019 0.4322 0.9018
vn 0.0558 0.6984 0.7136
vn 0.4281 0.0014 0.9037
vn 0.6978 0.0672 0.7132
vn 0.0026 0.0154 0.9999
vn -0.02 -0.0132 0.9997
vn 0.0048 0.0142 0.9999
vn 0.0062 0.0294 0.9995
vn -1.0E-4 0.0116 0.9999
vn 0.0079 0.0104 0.9999
vn -0.0082 0.0097 0.9999
vn 0.0217 0.0096 0.9997
vn -0.0067 0.0032 1.0
vn 0.0036 0.0133 0.9999
vn 0.0034 0.0209 0.9998
vn -0.0109 -0.0255 0.9996
vn 0.2274 -0.9385 -0.2598
vn 0.9386 -0.2269 -0.2599
vn -0.4859 -0.6759 0.5542
vn 0.0241 -0.7836 0.6208
vn 0.7836 -0.0241 0.6208
vn 0.2274 -0.9385 -0.2598
vn 0.9386 -0.2269 -0.2599
vn -0.4859 -0.6759 0.5542
vn 0.0241 -0.7836 0.6208
vn 0.7836 -0.0241 0.6208
vn 0.2274 -0.9385 -0.2598
vn 0.9386 -0.2269 -0.2599
vn -0.4859 -0.6759 0.5542
vn 0.0241 -0.7836 0.6208
vn 0.7836 -0.0241 0.6208
vn 0.2274 -0.9385 -0.2598
vn 0.9386 -0.2269 -0.2599
vn -0.4859 -0.6759 0.5542
vn 0.0241 -0.7836 0.6208
vn 0.7836 -0.0241 0.6208
vn 0.2274 -0.9385 -0.2598
vn 0.9386 -0.2269 -0.2599
vn -0.4859 -0.6759 0.5542
vn 0.0241 -0.7836 0.6208
vn 0.7836 -0.0241 0.6208
vn 0.2274 -0.9385 -0.2598
vn 0.9386 -0.2269 -0.2599
vn -0.4859 -0.6759 0.5542
vn 0.0241 -0.7836 0.6208
vn 0.7836 -0.0241 0.6208
vn 0.2274 -0.9385 -0.2598
vn 0.9386 -0.2269 -0.2599
vn -0.4859 -0.6759 0.5542
vn 0.0241 -0.7836 0.6208
vn 0.7836 -0.0241 0.6208
vn 0.2274 -0.9385 -0.2598
vn 0.9386 -0.2269 -0.2599
vn -0.4859 -0.6759 0.5542
vn 0.0241 -0.7836 0.6208
vn 0.7836 -0.0241 0.6208
vn 0.2274 -0.9385 -0.2598
vn 0.9386 -0.2269 -0.2599
vn -0.4859 -0.6759 0.5542
vn 0.0241 -0.7836 0.6208
vn 0.7836 -0.0241 0.6208
vn 0.2274 -0.9385 -0.2598
vn 0.9386 -0.2269 -0.2599
vn -0.4859 -0.6759 0.5542
vn 0.0241 -0.7836 0.6208
vn 0.7836 -0.0241 0.6208
vn 0.2274 -0.9385 -0.2598
vn 0.9386 -0.2269 -0.2599
vn -0.4859 -0.6759 0.5542
vn 0.0241 -0.7836 0.6208
vn 0.7836 -0.0241 0.6208
vn 0.2274 -0.9385 -0.2598
vn 0.9386 -0.2269 -0.2599
vn -0.4859 -0.6759 0.5542
vn 0.0241 -0.7836 0.6208
vn 0.7836 -0.0241 0.6208
vn 0.2274 -0.9385 -0.2598
vn 0.9386 -0.2269 -0.2599
vn -0.4859 -0.6759 0.5542
vn 0.0241 -0.7836 0.6208
vn 0.7836 -0.0241 0.6208
vn 0.2274 -0.9385 -0.2598
vn 0.9386 -0.2269 -0.2599
vn -0.4859 -0.6759 0.5542
vn 0.0241 -0.7836 0.6208
vn 0.7836 -0.0241 0.6208
vn 0.2274 -0.9385 -0.2598
vn 0.9386 -0.2269 -0.2599
vn -0.4859 -0.6759 0.5542
vn 0.0241 -0.7836 0.6208
vn 0.7836 -0.0241 0.6208
vn 0.2274 -0.9385 -0.2598
vn 0.9386 -0.2269 -0.2599
vn -0.4859 -0.6759 0.5542
vn 0.0241 -0.7836 0.6208
vn 0.7836 -0.0241 0.6208
vn 0.2274 -0.9385 -0.2598
vn 0.9386 -0.2269 -0.2599
vn -0.4859 -0.6759 0.5542
vn 0.0241 -0.7836 0.6208
vn 0.7836 -0.0241 0.6208
vn 0.2274 -0.9385 -0.2598
vn 0.9386 -0.2269 -0.2599
vn -0.4859 -0.6759 0.5542
vn 0.0241 -0.7836 0.6208
vn 0.7836 -0.0241 0.6208
vn 0.2274 -0.9385 -0.2598
vn 0.9386 -0.2269 -0.2599
vn -0.4859 -0.6759 0.5542
vn 0.0241 -0.7836 0.6208
vn 0.7836 -0.0241 0.6208
vn 0.2274 -0.9385 -0.2598
vn 0.9386 -0.2269 -0.2599
vn -0.4859 -0.6759 0.5542
vn 0.0241 -0.7836 0.6208
vn 0.7836 -0.0241 0.6208
vn 0.2274 -0.9385 -0.2598
vn 0.9386 -0.2269 -0.2599
vn -0.4859 -0.6759 0.5542
vn 0.0241 -0.7836 0.6208
vn 0.7836 -0.0241 0.6208
vn 0.2274 -0.9385 -0.2598
vn 0.9386 -0.2269 -0.2599
vn -0.4859 -0.6759 0.5542
vn 0.0241 -0.7836 0.6208
vn 0.7836 -0.0241 0.6208
vn 0.2274 -0.9385 -0.2598
vn 0.9386 -0.2269 -0.2599
vn -0.4859 -0.6759 0.5542
vn 0.0241 -0.7836 0.6208
vn 0.7836 -0.0241 0.6208
vn 0.2274 -0.9385 -0.2598
vn 0.9386 -0.2269 -0.2599
vn -0.4859 -0.6759 0.5542
vn 0.0241 -0.7836 0.6208
vn 0.7836 -0.0241 0.6208
vn 0.2274 -0.9385 -0.2598
vn 0.9386 -0.2269 -0.2599
vn -0.4859 -0.6759 0.5542
vn 0.0241 -0.7836 0.6208
vn 0.7836 -0.0241 0.6208
vn 0.2274 -0.9385 -0.2598
vn 0.9386 -0.2269 -0.2599
vn -0.4859 -0.6759 0.5542
vn 0.0241 -0.7836 0.6208
vn 0.7836 -0.0241 0.6208
vn 0.2274 -0.9385 -0.2598
vn 0.9386 -0.2269 -0.2599
vn -0.4859 -0.6759 0.5542
vn 0.0241 -0.7836 0.6208
vn 0.7836 -0.0241 0.6208
vn 0.2274 -0.9385 -0.2598
vn 0.9386 -0.2269 -0.2599
vn -0.4859 -0.6759 0.5542
vn 0.0241 -0.7836 0.6208
vn 0.7836 -0.0241 0.6208
vn 0.2274 -0.9385 -0.2598
vn 0.9386 -0.2269 -0.2599
vn -0.4859 -0.6759 0.5542
vn 0.0241 -0.7836 0.6208
vn 0.7836 -0.0241 0.6208
vn 0.2274 -0.9385 -0.2598
vn 0.9386 -0.2269 -0.2599
vn -0.4859 -0.6759 0.5542
vn 0.0241 -0.7836 0.6208
vn 0.7836 -0.0241 0.6208
vn 0.2274 -0.9385 -0.2598
vn 0.9386 -0.2269 -0.2599
vn -0.4859 -0.6759 0.5542
vn 0.0241 -0.7836 0.6208
vn 0.7836 -0.0241 0.6208
vn 0.2274 -0.9385 -0.2598
vn 0.9386 -0.2269 -0.2599
vn -0.4859 -0.6759 0.5542
vn 0.0241 -0.7836 0.6208
vn 0.7836 -0.0241 0.6208
vn 0.2274 -0.9385 -0.2598
vn 0.9386 -0.2269 -0.2599
vn -0.4859 -0.6759 0.5542
vn 0.0241 -0.7836 0.6208
vn 0.7836 -0.0241 0.6208
vn 0.2274 -0.9385 -0.2598
vn 0.9386 -0.2269 -0.2599
vn -0.4859 -0.6759 0.5542
vn 0.0241 -0.7836 0.6208
vn 0.7836 -0.0241 0.6208
vn 0.2274 -0.9385 -0.2598
vn 0.9386 -0.2269 -0.2599
vn -0.4859 -0.6759 0.5542
vn 0.0241 -0.7836 0.6208
vn 0.7836 -0.0241 0.6208
vn 0.2274 -0.9385 -0.2598
vn 0.9386 -0.2269 -0.2599
vn -0.4859 -0.6759 0.5542
vn 0.0241 -0.7836 0.6208
vn 0.7836 -0.0241 0.6208
vn 0.2274 -0.9385 -0.2598
vn 0.9386 -0.2269 -0.2599
vn -0.4859 -0.6759 0.5542
vn 0.0241 -0.7836 0.6208
vn 0.7836 -0.0241 0.6208
vn 0.2274 -0.9385 -0.2598
vn 0.9386 -0.2269 -0.2599
vn -0.4859 -0.6759 0.5542
vn 0.0241 -0.7836 0.6208
vn 0.7836 -0.0241 0.6208
vn 0.2274 -0.9385 -0.2598
vn 0.9386 -0.2269 -0.2599
vn -0.4859 -0.6759 0.5542
vn 0.0241 -0.7836 0.6208
vn 0.7836 -0.0241 0.6208
vn 0.2274 -0.9385 -0.2598
vn 0.9386 -0.2269 -0.2599
vn -0.4859 -0.6759 0.5542
vn 0.0241 -0.7836 0.6208
vn 0.7836 -0.0241 0.6208
vn 0.2274 -0.9385 -0.2598
vn 0.9386 -0.2269 -0.2599
vn -0.4859 -0.6759 0.5542
vn 0.0241 -0.7836 0.6208
vn 0.7836 -0.0241 0.6208
vn 0.2274 -0.9385 -0.2598
vn 0.9386 -0.2269 -0.2599
vn -0.4859 -0.6759 0.5542
vn 0.0241 -0.7836 0.6208
vn 0.7836 -0.0241 0.6208
vn 0.2274 -0.9385 -0.2598
vn 0.9386 -0.2269 -0.2599
vn -0.4859 -0.6759 0.5542
vn 0.0241 -0.7836 0.6208
vn 0.7836 -0.0241 0.6208
vn 0.2274 -0.9385 -0.2598
vn 0.9386 -0.2269 -0.2599
vn -0.4859 -0.6759 0.5542
vn 0.0241 -0.7836 0.6208
vn 0.7836 -0.0241 0.6208
vn 0.2274 -0.9385 -0.2598
vn 0.9386 -0.2269 -0.2599
vn -0.4859 -0.6759 0.5542
vn 0.0241 -0.7836 0.6208
vn 0.7836 -0.0241 0.6208
vn 0.2274 -0.9385 -0.2598
vn 0.9386 -0.2269 -0.2599
vn -0.4859 -0.6759 0.5542
vn 0.0241 -0.7836 0.6208
vn 0.7836 -0.0241 0.6208
vn 0.2274 -0.9385 -0.2598
vn 0.9386 -0.2269 -0.2599
vn -0.4859 -0.6759 0.5542
vn 0.0241 -0.7836 0.6208
vn 0.7836 -0.0241 0.6208
vn 0.2274 -0.9385 -0.2598
vn 0.9386 -0.2269 -0.2599
vn -0.4859 -0.6759 0.5542
vn 0.0241 -0.7836 0.6208
vn 0.7836 -0.0241 0.6208
vn 0.2274 -0.9385 -0.2598
vn 0.9386 -0.2269 -0.2599
vn -0.4859 -0.6759 0.5542
vn 0.0241 -0.7836 0.6208
vn 0.7836 -0.0241 0.6208
vn 0.2274 -0.9385 -0.2598
vn 0.9386 -0.2269 -0.2599
vn -0.4859 -0.6759 0.5542
vn 0.0241 -0.7836 0.6208
vn 0.7836 -0.0241 0.6208
vn 0.2274 -0.9385 -0.2598
vn 0.9386 -0.2269 -0.2599
vn -0.4859 -0.6759 0.5542
vn 0.0241 -0.7836 0.6208
vn 0.7836 -0.0241 0.6208
vn 0.2274 -0.9385 -0.2598
vn 0.9386 -0.2269 -0.2599
vn -0.4859 -0.6759 0.5542
vn 0.0241 -0.7836 0.6208
vn 0.7836 -0.0241 0.6208
vn 0.2274 -0.9385 -0.2598
vn 0.9386 -0.2269 -0.2599
vn -0.4859 -0.6759 0.5542
vn 0.0241 -0.7836 0.6208
vn 0.7836 -0.0241 0.6208
vn 0.2274 -0.9385 -0.2598
vn 0.9386 -0.2269 -0.2599
vn -0.4859 -0.6759 0.5542
vn 0.0241 -0.7836 0.6208
vn 0.7836 -0.0241 0.6208
vn 0.2274 -0.9385 -0.2598
vn 0.9386 -0.2269 -0.2599
vn -0.4859 -0.6759 0.5542
vn 0.0241 -0.7836 0.6208
vn 0.7836 -0.0241 0.6208
vn 0.2274 -0.9385 -0.2598
vn 0.9386 -0.2269 -0.2599
vn -0.4859 -0.6759 0.5542
vn 0.0241 -0.7836 0.6208
vn 0.7836 -0.0241 0.6208
vn 0.2274 -0.9385 -0.2598
vn 0.9386 -0.2269 -0.2599
vn -0.4859 -0.6759 0.5542
vn 0.0241 -0.7836 0.6208
vn 0.7836 -0.0241 0.6208
vn 0.2274 -0.9385 -0.2598
vn 0.9386 -0.2269 -0.2599
vn -0.4859 -0.6759 0.5542
vn 0.0241 -0.7836 0.6208
vn 0.7836 -0.0241 0.6208
vn 0.2274 -0.9385 -0.2598
vn 0.9386 -0.2269 -0.2599
vn -0.4859 -0.6759 0.5542
vn 0.0241 -0.7836 0.6208
vn 0.7836 -0.0241 0.6208
vn 0.2274 -0.9385 -0.2598
vn 0.9386 -0.2269 -0.2599
vn -0.4859 -0.6759 0.5542
vn 0.0241 -0.7836 0.6208
vn 0.7836 -0.0241 0.6208
vn 0.2274 -0.9385 -0.2598
vn 0.9386 -0.2269 -0.2599
vn -0.4859 -0.6759 0.5542
vn 0.0241 -0.7836 0.6208
vn 0.7836 -0.0241 0.6208
vn 0.2274 -0.9385 -0.2598
vn 0.9386 -0.2269 -0.2599
vn -0.4859 -0.6759 0.5542
vn 0.0241 -0.7836 0.6208
vn 0.7836 -0.0241 0.6208
vn 0.2274 -0.9385 -0.2598
vn 0.9386 -0.2269 -0.2599
vn -0.4859 -0.6759 0.5542
vn 0.0241 -0.7836 0.6208
vn 0.7836 -0.0241 0.6208
vn 0.2274 -0.9385 -0.2598
vn 0.9386 -0.2269 -0.2599
vn -0.4859 -0.6759 0.5542
vn 0.0241 -0.7836 0.6208
vn 0.7836 -0.0241 0.6208
vn 0.2274 -0.9385 -0.2598
vn 0.9386 -0.2269 -0.2599
vn -0.4859 -0.6759 0.5542
vn 0.0241 -0.7836 0.6208
vn 0.7836 -0.0241 0.6208
vn 0.2274 -0.9385 -0.2598
vn 0.9386 -0.2269 -0.2599
vn -0.4859 -0.6759 0.5542
vn 0.0241 -0.7836 0.6208
vn 0.7836 -0.0241 0.6208
vn 0.2274 -0.9385 -0.2598
vn 0.9386 -0.2269 -0.2599
vn -0.4859 -0.6759 0.5542
vn 0.0241 -0.7836 0.6208
vn 0.7836 -0.0241 0.6208
vn 0.2274 -0.9385 -0.2598
vn 0.9386 -0.2269 -0.2599
vn -0.4859 -0.6759 0.5542
vn 0.0241 -0.7836 0.6208
vn 0.7836 -0.0241 0.6208
vn 0.2274 -0.9385 -0.2598
vn 0.9386 -0.2269 -0.2599
vn -0.4859 -0.6759 0.5542
vn 0.0241 -0.7836 0.6208
vn 0.7836 -0.0241 0.6208
vn 0.2274 -0.9385 -0.2598
vn 0.9386 -0.2269 -0.2599
vn -0.4859 -0.6759 0.5542
vn 0.0241 -0.7836 0.6208
vn 0.7836 -0.0241 0.6208
c 1.0 1.0 1.0
c 1.0 1.0 1.0
c 1.0 1.0 1.0
c 1.0 1.0 1.0
c 1.0 1.0 1.0
c 1.0 1.0 1.0
c 1.0 1.0 1.0
c 1.0 1.0 1.0
c 1.0 1.0 1.0
c 1.0 1.0 1.0
c 1.0 1.0 1.0
c 1.0 1.0 1.0
c 1.0 1.0 1.0
c 1.0 1.0 1.0
c 1.0 1.0 1.0
c 1.0 1.0 1.0
c 1.0 1.0 1.0
c 1.0 1.0 1.0
c 1.0 1.0 1.0
c 1.0 1.0 1.0
c 1.0 1.0 1.0
c 1.0 1.0 1.0
c 1.0 1.0 1.0
c 1.0 1.0 1.0
c 1.0 1.0 1.0
c 1.0 1.0 1.0
c 1.0 1.0 1.0
c 1.0 1.0 1.0
c 1.0 1.0 1.0
c 1.0 1.0 1.0
c 1.0 1.0 1.0
c 1.0 1.0 1.0
c 1.0 1.0 1.0
c 1.0 1.0 1.0
c 1.0 1.0 1.0
c 1.0 1.0 1.0
c 1.0 1.0 1.0
c 1.0 1.0 1.0
c 1.0 1.0 1.0
c 1.0 1.0 1.0
c 1.0 1.0 1.0
c 1.0 1.0 1.0
c 1.0 1.0 1.0
c 1.0 1.0 1.0
c 1.0 1.0 1.0
c 1.0 1.0 1.0
c 1.0 1.0 1.0
c 1.0 1.0 1.0
c 1.0 1.0 1.0
c 1.0 1.0 1.0
c 1.0 1.0 1.0
c 1.0 1.0 1.0
c 1.0 1.0 1.0
c 1.0 1.0 1.0
c 1.0 1.0 1.0
c 1.0 1.0 1.0
c 1.0 1.0 1.0
c 1.0 1.0 1.0
c 1.0 1.0 1.0
c 1.0 1.0 1.0
c 1.0 1.0 1.0
c 1.0 1.0 1.0
c 1.0 1.0 1.0
c 1.0 1.0 1.0
c 1.0 1.0 1.0
c 1.0 1.0 1.0
c 1.0 1.0 1.0
c 1.0 1.0 1.0
c 1.0 1.0 1.0
c 1.0 1.0 1.0
c 1.0 1.0 1.0
c 1.0 1.0 1.0
c 1.0 1.0 1.0
c 1.0 1.0 1.0
c 1.0 1.0 1.0
c 1.0 1.0 1.0
c 1.0 1.0 1.0
c 1.0 1.0 1.0
c 1.0 1.0 1.0
c 1.0 1.0 1.0
c 1.0 1.0 1.0
c 1.0 1.0 1.0
c 1.0 1.0 1.0
c 1.0 1.0 1.0
c 1.0 1.0 1.0
c 1.0 1.0 1.0
c 1.0 1.0 1.0
c 1.0 1.0 1.0
c 1.0 1.0 1.0
c 1.0 1.0 1.0
c 1.0 1.0 1.0
c 1.0 1.0 1.0
c 1.0 1.0 1.0
c 1.0 1.0 1.0
c 1.0 1.0 1.0
c 1.0 1.0 1.0
c 1.0 1.0 1.0
c 1.0 1.0 1.0
c 1.0 1.0 1.0
c 1.0 1.0 1.0
c 1.0 1.0 1.0
c 1.0 1.0 1.0
c 1.0 1.0 1.0
c 1.0 1.0 1.0
c 1.0 1.0 1.0
c 1.0 1.0 1.0
c 1.0 1.0 1.0
c 1.0 1.0 1.0
c 1.0 1.0 1.0
c 1.0 1.0 1.0
c 1.0 1.0 1.0
c 1.0 1.0 1.0
c 1.0 1.0 1.0
c 1.0 1.0 1.0
c 1.0 1.0 1.0
c 1.0 1.0 1.0
c 1.0 1.0 1.0
c 1.0 1.0 1.0
c 1.0 1.0 1.0
c 1.0 1.0 1.0
c 1.0 1.0 1.0
c 1.0 1.0 1.0
c 1.0 1.0 1.0
c 1.0 1.0 1.0
c 1.0 1.0 1.0
c 1.0 1.0 1.0
c 1.0 1.0 1.0
c 1.0 1.0 1.0
c 1.0 1.0 1.0
c 1.0 1.0 1.0
c 1.0 1.0 1.0
c 1.0 1.0 1.0
c 1.0 1.0 1.0
c 1.0 1.0 1.0
c 1.0 1.0 1.0
c 1.0 1.0 1.0
c 1.0 1.0 1.0
c 1.0 1.0 1.0
c 1.0 1.0 1.0
c 1.0 1.0 1.0
c 1.0 1.0 1.0
c 1.0 1.0 1.0
c 1.0 1.0 1.0
c 1.0 1.0 1.0
c 1.0 1.0 1.0
c 1.0 1.0 1.0
c 1.0 1.0 1.0
c 1.0 1.0 1.0
c 1.0 1.0 1.0
c 1.0 1.0 1.0
c 1.0 1.0 1.0
c 1.0 1.0 1.0
c 1.0 1.0 1.0
c 1.0 1.0 1.0
c 1.0 1.0 1.0
c 1.0 1.0 1.0
c 1.0 1.0 1.0
c 1.0 1.0 1.0
c 1.0 1.0 1.0
c 1.0 1.0 1.0
c 1.0 1.0 1.0
c 1.0 1.0 1.0
c 1.0 1.0 1.0
c 1.0 1.0 1.0
c 1.0 1.0 1.0
c 1.0 1.0 1.0
c 1.0 1.0 1.0
c 1.0 1.0 1.0
c 1.0 1.0 1.0
c 1.0 1.0 1.0
c 1.0 1.0 1.0
c 1.0 1.0 1.0
c 1.0 1.0 1.0
c 1.0 1.0 1.0
c 1.0 1.0 1.0
c 1.0 1.0 1.0
c 1.0 1.0 1.0
c 1.0 1.0 1.0
c 1.0 1.0 1.0
c 1.0 1.0 1.0
c 1.0 1.0 1.0
c 1.0 1.0 1.0
c 1.0 1.0 1.0
c 1.0 1.0 1.0
c 1.0 1.0 1.0
c 1.0 1.0 1.0
c 1.0 1.0 1.0
c 1.0 1.0 1.0
c 1.0 1.0 1.0
c 1.0 1.0 1.0
c 1.0 1.0 1.0
c 1.0 1.0 1.0
c 1.0 1.0 1.0
c 1.0 1.0 1.0
c 1.0 1.0 1.0
c 1.0 1.0 1.0
c 1.0 1.0 1.0
c 1.0 1.0 1.0
c 1.0 1.0 1.0
c 1.0 1.0 1.0
c 1.0 1.0 1.0
c 1.0 1.0 1.0
c 1.0 1.0 1.0
c 1.0 1.0 1.0
c 1.0 1.0 1.0
c 1.0 1.0 1.0
c 1.0 1.0 1.0
c 1.0 1.0 1.0
c 1.0 1.0 1.0
c 1.0 1.0 1.0
c 1.0 1.0 1.0
c 1.0 1.0 1.0
c 1.0 1.0 1.0
c 1.0 1.0 1.0
c 1.0 1.0 1.0
c 1.0 1.0 1.0
c 1.0 1.0 1.0
c 1.0 1.0 1.0
c 1.0 1.0 1.0
c 1.0 1.0 1.0
c 1.0 1.0 1.0
c 1.0 1.0 1.0
c 1.0 1.0 1.0
c 1.0 1.0 1.0
c 1.0 1.0 1.0
c 1.0 1.0 1.0
c 1.0 1.0 1.0
c 1.0 1.0 1.0
c 1.0 1.0 1.0
c 1.0 1.0 1.0
c 1.0 1.0 1.0
c 1.0 1.0 1.0
c 1.0 1.0 1.0
c 1.0 1.0 1.0
c 1.0 1.0 1.0
c 1.0 1.0 1.0
c 1.0 1.0 1.0
c 1.0 1.0 1.0
c 1.0 1.0 1.0
c 1.0 1.0 1.0
c 1.0 1.0 1.0
c 1.0 1.0 1.0
c 1.0 1.0 1.0
c 1.0 1.0 1.0
c 1.0 1.0 1.0
c 1.0 1.0 1.0
c 1.0 1.0 1.0
c 1.0 1.0 1.0
c 1.0 1.0 1.0
c 1.0 1.0 1.0
c 1.0 1.0 1.0
c 1.0 1.0 1.0
c 1.0 1.0 1.0
c 1.0 1.0 1.0
c 1.0 1.0 1.0
c 1.0 1.0 1.0
c 1.0 1.0 1.0
c 1.0 1.0 1.0
c 1.0 1.0 1.0
c 1.0 1.0 1.0
c 1.0 1.0 1.0
c 1.0 1.0 1.0
c 1.0 1.0 1.0
c 1.0 1.0 1.0
c 1.0 1.0 1.0
c 1.0 1.0 1.0
c 1.0 1.0 1.0
c 1.0 1.0 1.0
c 1.0 1.0 1.0
c 1.0 1.0 1.0
c 1.0 1.0 1.0
c 1.0 1.0 1.0
c 1.0 1.0 1.0
c 1.0 1.0 1.0
c 1.0 1.0 1.0
c 1.0 1.0 1.0
c 1.0 1.0 1.0
c 1.0 1.0 1.0
c 1.0 1.0 1.0
c 1.0 1.0 1.0
c 1.0 1.0 1.0
c 1.0 1.0 1.0
c 1.0 1.0 1.0
c 1.0 1.0 1.0
c 1.0 1.0 1.0
c 1.0 1.0 1.0
c 1.0 1.0 1.0
c 1.0 1.0 1.0
c 1.0 1.0 1.0
c 1.0 1.0 1.0
c 1.0 1.0 1.0
c 1.0 1.0 1.0
c 1.0 1.0 1.0
c 1.0 1.0 1.0
c 1.0 1.0 1.0
c 1.0 1.0 1.0
c 1.0 1.0 1.0
c 1.0 1.0 1.0
c 1.0 1.0 1.0
c 1.0 1.0 1.0
c 1.0 1.0 1.0
c 1.0 1.0 1.0
c 1.0 1.0 1.0
c 1.0 1.0 1.0
c 1.0 1.0 1.0
c 1.0 1.0 1.0
c 1.0 1.0 1.0
c 1.0 1.0 1.0
c 1.0 1.0 1.0
c 1.0 1.0 1.0
c 1.0 1.0 1.0
c 1.0 1.0 1.0
c 1.0 1.0 1.0
c 1.0 1.0 1.0
c 1.0 1.0 1.0
c 1.0 1.0 1.0
c 1.0 1.0 1.0
c 1.0 1.0 1.0
c 1.0 1.0 1.0
c 1.0 1.0 1.0
c 1.0 1.0 1.0
c 1.0 1.0 1.0
c 1.0 1.0 1.0
c 1.0 1.0 1.0
c 1.0 1.0 1.0
c 1.0 1.0 1.0
c 1.0 1.0 1.0
c 1.0 1.0 1.0
c 1.0 1.0 1.0
c 1.0 1.0 1.0
c 1.0 1.0 1.0
c 1.0 1.0 1.0
c 1.0 1.0 1.0
c 1.0 1.0 1.0
c 1.0 1.0 1.0
c 1.0 1.0 1.0
c 1.0 1.0 1.0
c 1.0 1.0 1.0
c 1.0 1.0 1.0
c 1.0 1.0 1.0
c 1.0 1.0 1.0
c 1.0 1.0 1.0
c 1.0 1.0 1.0
c 1.0 1.0 1.0
c 1.0 1.0 1.0
c 1.0 1.0 1.0
c 1.0 1.0 1.0
c 1.0 1.0 1.0
c 1.0 1.0 1.0
c 1.0 1.0 1.0
c 1.0 1.0 1.0
c 1.0 1.0 1.0
c 1.0 1.0 1.0
c 1.0 1.0 1.0
c 1.0 1.0 1.0
c 1.0 1.0 1.0
c 1.0 1.0 1.0
c 1.0 1.0 1.0
c 1.0 1.0 1.0
c 1.0 1.0 1.0
c 1.0 1.0 1.0
c 1.0 1.0 1.0
c 1.0 1.0 1.0
c 1.0 1.0 1.0
c 1.0 1.0 1.0
c 1.0 1.0 1.0
c 1.0 1.0 1.0
c 1.0 1.0 1.0
c 1.0 1.0 1.0
c 1.0 1.0 1.0
c 1.0 1.0 1.0
c 1.0 1.0 1.0
c 1.0 1.0 1.0
c 1.0 1.0 1.0
c 1.0 1.0 1.0
c 1.0 1.0 1.0
c 1.0 1.0 1.0
c 1.0 1.0 1.0
c 1.0 1.0 1.0
c 1.0 1.0 1.0
c 1.0 1.0 1.0
c 1.0 1.0 1.0
c 1.0 1.0 1.0
c 1.0 1.0 1.0
c 1.0 1.0 1.0
c 1.0 1.0 1.0
c 1.0 1.0 1.0
c 1.0 1.0 1.0
c 1.0 1.0 1.0
c 1.0 1.0 1.0
c 1.0 1.0 1.0
c 1.0 1.0 1.0
c 1.0 1.0 1.0
c 1.0 1.0 1.0
c 1.0 1.0 1.0
c 1.0 1.0 1.0
c 1.0 1.0 1.0
c 1.0 1.0 1.0
c 1.0 1.0 1.0
c 1.0 1.0 1.0
c 1.0 1.0 1.0
c 1.0 1.0 1.0
c 1.0 1.0 1.0
c 1.0 1.0 1.0
c 1.0 1.0 1.0
c 1.0 1.0 1.0
c 1.0 1.0 1.0
c 1.0 1.0 1.0
c 1.0 1.0 1.0
c 1.0 1.0 1.0
c 1.0 1.0 1.0
c 1.0 1.0 1.0
c 1.0 1.0 1.0
c 1.0 1.0 1.0
c 1.0 1.0 1.0
c 1.0 1.0 1.0
c 1.0 1.0 1.0
c 1.0 1.0 1.0
c 1.0 1.0 1.0
c 1.0 1.0 1.0
c 1.0 1.0 1.0
c 1.0 1.0 1.0
c 1.0 1.0 1.0
c 1.0 1.0 1.0
c 1.0 1.0 1.0
c 1.0 1.0 1.0
c 1.0 1.0 1.0
c 1.0 1.0 1.0
c 1.0 1.0 1.0
c 1.0 1.0 1.0
c 1.0 1.0 1.0
c 1.0 1.0 1.0
c 1.0 1.0 1.0
c 1.0 1.0 1.0
c 1.0 1.0 1.0
c 1.0 1.0 1.0
c 1.0 1.0 1.0
c 1.0 1.0 1.0
c 1.0 1.0 1.0
c 1.0 1.0 1.0
c 1.0 1.0 1.0
c 1.0 1.0 1.0
c 1.0 1.0 1.0
c 1.0 1.0 1.0
c 1.0 1.0 1.0
c 1.0 1.0 1.0
c 1.0 1.0 1.0
c 1.0 1.0 1.0
c 1.0 1.0 1.0
c 1.0 1.0 1.0
c 1.0 1.0 1.0
c 1.0 1.0 1.0
c 1.0 1.0 1.0
c 1.0 1.0 1.0
c 1.0 1.0 1.0
c 1.0 1.0 1.0
c 1.0 1.0 1.0
c 1.0 1.0 1.0
c 1.0 1.0 1.0
c 1.0 1.0 1.0
c 1.0 1.0 1.0
c 1.0 1.0 1.0
c 1.0 1.0 1.0
c 1.0 1.0 1.0
c 1.0 1.0 1.0
c 1.0 1.0 1.0
c 1.0 1.0 1.0
c 1.0 1.0 1.0
c 1.0 1.0 1.0
c 1.0 1.0 1.0
c 1.0 1.0 1.0
c 1.0 1.0 1.0
c 1.0 1.0 1.0
c 1.0 1.0 1.0
c 1.0 1.0 1.0
c 1.0 1.0 1.0
c 1.0 1.0 1.0
c 1.0 1.0 1.0
c 1.0 1.0 1.0
c 1.0 1.0 1.0
c 1.0 1.0 1.0
c 1.0 1.0 1.0
c 1.0 1.0 1.0
c 1.0 1.0 1.0
c 1.0 1.0 1.0
c 1.0 1.0 1.0
c 1.0 1.0 1.0
c 1.0 1.0 1.0
c 1.0 1.0 1.0
c 1.0 1.0 1.0
c 1.0 1.0 1.0
c 1.0 1.0 1.0
c 1.0 1.0 1.0
c 1.0 1.0 1.0
c 1.0 1.0 1.0
c 1.0 1.0 1.0
c 1.0 1.0 1.0
c 1.0 1.0 1.0
c 1.0 1.0 1.0
c 1.0 1.0 1.0
c 1.0 1.0 1.0
c 1.0 1.0 1.0
c 1.0 1.0 1.0
c 1.0 1.0 1.0
c 1.0 1.0 1.0
c 1.0 1.0 1.0
c 1.0 1.0 1.0
c 1.0 1.0 1.0
c 1.0 1.0 1.0
c 1.0 1.0 1.0
c 1.0 1.0 1.0
c 1.0 1.0 1.0
c 1.0 1.0 1.0
c 1.0 1.0 1.0
c 1.0 1.0 1.0
c 1.0 1.0 1.0
c 1.0 1.0 1.0
c 1.0 1.0 1.0
c 1.0 1.0 1.0
c 1.0 1.0 1.0
c 1.0 1.0 1.0
c 1.0 1.0 1.0
c 1.0 1.0 1.0
c 1.0 1.0 1.0
c 1.0 1.0 1.0
c 1.0 1.0 1.0
c 1.0 1.0 1.0
c 1.0 1.0 1.0
c 1.0 1.0 1.0
c 1.0 1.0 1.0
c 1.0 1.0 1.0
c 1.0 1.0 1.0
c 1.0 1.0 1.0
c 1.0 1.0 1.0
c 1.0 1.0 1.0
c 1.0 1.0 1.0
c 1.0 1.0 1.0
c 1.0 1.0 1.0
c 1.0 1.0 1.0
c 1.0 1.0 1.0
c 1.0 1.0 1.0
c 1.0 1.0 1.0
c 1.0 1.0 1.0
c 1.0 1.0 1.0
c 1.0 1.0 1.0
c 1.0 1.0 1.0
c 1.0 1.0 1.0
c 1.0 1.0 1.0
c 1.0 1.0 1.0
c 1.0 1.0 1.0
c 1.0 1.0 1.0
c 1.0 1.0 1.0
c 1.0 1.0 1.0
c 1.0 1.0 1.0
c 1.0 1.0 1.0
c 1.0 1.0 1.0
c 1.0 1.0 1.0
c 1.0 1.0 1.0
c 1.0 1.0 1.0
c 1.0 1.0 1.0
c 1.0 1.0 1.0
c 1.0 1.0 1.0
c 1.0 1.0 1.0
c 1.0 1.0 1.0
c 1.0 1.0 1.0
c 1.0 1.0 1.0
c 1.0 1.0 1.0
c 1.0 1.0 1.0
c 1.0 1.0 1.0
c 1.0 1.0 1.0
c 1.0 1.0 1.0
c 1.0 1.0 1.0
c 1.0 1.0 1.0
c 1.0 1.0 1.0
c 1.0 1.0 1.0
c 1.0 1.0 1.0
c 1.0 1.0 1.0
c 1.0 1.0 1.0
c 1.0 1.0 1.0
c 1.0 1.0 1.0
c 1.0 1.0 1.0
c 1.0 1.0 1.0
c 1.0 1.0 1.0
c 1.0 1.0 1.0
c 1.0 1.0 1.0
c 1.0 1.0 1.0
c 1.0 1.0 1.0
c 1.0 1.0 1.0
c 1.0 1.0 1.0
c 1.0 1.0 1.0
c 1.0 1.0 1.0
c 1.0 1.0 1.0
c 1.0 1.0 1.0
c 1.0 1.0 1.0
c 1.0 1.0 1.0
c 1.0 1.0 1.0
c 1.0 1.0 1.0
c 1.0 1.0 1.0
c 1.0 1.0 1.0
c 1.0 1.0 1.0
c 1.0 1.0 1.0
c 1.0 1.0 1.0
c 1.0 1.0 1.0
c 1.0 1.0 1.0
c 1.0 1.0 1.0
c 1.0 1.0 1.0
c 1.0 1.0 1.0
c 1.0 1.0 1.0
c 1.0 1.0 1.0
c 1.0 1.0 1.0
c 1.0 1.0 1.0
c 1.0 1.0 1.0
c 1.0 1.0 1.0
c 1.0 1.0 1.0
c 1.0 1.0 1.0
c 1.0 1.0 1.0
c 1.0 1.0 1.0
c 1.0 1.0 1.0
c 1.0 1.0 1.0
c 1.0 1.0 1.0
c 1.0 1.0 1.0
c 1.0 1.0 1.0
c 1.0 1.0 1.0
c 1.0 1.0 1.0
c 1.0 1.0 1.0
c 1.0 1.0 1.0
c 1.0 1.0 1.0
c 1.0 1.0 1.0
c 1.0 1.0 1.0
c 1.0 1.0 1.0
c 1.0 1.0 1.0
c 1.0 1.0 1.0
c 1.0 1.0 1.0
c 1.0 1.0 1.0
c 1.0 1.0 1.0
c 1.0 1.0 1.0
c 1.0 1.0 1.0
c 1.0 1.0 1.0
c 1.0 1.0 1.0
c 1.0 1.0 1.0
c 1.0 1.0 1.0
c 1.0 1.0 1.0
c 1.0 1.0 1.0
c 1.0 1.0 1.0
c 1.0 1.0 1.0
c 1.0 1.0 1.0
c 1.0 1.0 1.0
c 1.0 1.0 1.0
c 1.0 1.0 1.0
c 1.0 1.0 1.0
c 1.0 1.0 1.0
c 1.0 1.0 1.0
c 1.0 1.0 1.0
c 1.0 1.0 1.0
c 1.0 1.0 1.0
c 1.0 1.0 1.0
c 1.0 1.0 1.0
c 1.0 1.0 1.0
c 1.0 1.0 1.0
c 1.0 1.0 1.0
c 1.0 1.0 1.0
c 1.0 1.0 1.0
c 1.0 1.0 1.0
c 1.0 1.0 1.0
c 1.0 1.0 1.0
c 1.0 1.0 1.0
c 1.0 1.0 1.0
c 1.0 1.0 1.0
c 1.0 1.0 1.0
c 1.0 1.0 1.0
c 1.0 1.0 1.0
c 1.0 1.0 1.0
c 1.0 1.0 1.0
c 1.0 1.0 1.0
c 1.0 1.0 1.0
c 1.0 1.0 1.0
c 1.0 1.0 1.0
c 1.0 1.0 1.0
c 1.0 1.0 1.0
c 1.0 1.0 1.0
c 1.0 1.0 1.0
c 1.0 1.0 1.0
c 1.0 1.0 1.0
usemtl sea_line02
s off
f 59/56/52/10 57/57/53/10 52/58/54/10 51/59/47/10
f 57/57/53/10 58/60/47/10 53/61/47/10 52/58/54/10
f 359/350/269/57 361/351/270/57 360/352/271/57 358/353/272/57
f 365/354/273/57 367/355/260/57 366/356/260/57 364/357/274/57
f 363/358/275/57 365/354/273/57 364/357/274/57 362/359/276/57
f 351/360/260/57 353/361/277/57 352/362/278/57 350/363/260/57
f 353/361/277/57 355/364/260/57 354/365/260/57 352/362/278/57
f 357/366/279/57 359/350/269/57 358/353/272/57 356/367/280/57
f 439/444/343/68 437/445/344/68 432/446/345/68 431/447/338/68
f 437/445/344/68 438/448/338/68 433/449/338/68 432/446/345/68
f 849/848/561/115 851/849/562/115 850/850/563/115 848/851/564/115
f 855/852/565/115 857/853/552/115 856/854/552/115 854/855/566/115
f 853/856/567/115 855/852/565/115 854/855/566/115 852/857/568/115
f 841/858/552/115 843/859/569/115 842/860/570/115 840/861/552/115
f 843/859/569/115 845/862/552/115 844/863/552/115 842/860/570/115
f 847/864/571/115 849/848/561/115 848/851/564/115 846/865/572/115
f 1052/1065/652/139 1050/1066/653/139 1045/1067/654/139 1044/1068/647/139
f 1050/1066/653/139 1051/1069/647/139 1046/1070/647/139 1045/1067/654/139
f 2018/2031/1221/317 2016/2032/1222/317 2011/2033/1223/317 2010/2034/1216/317
f 2016/2032/1222/317 2017/2035/1216/317 2012/2036/1216/317 2011/2033/1223/317
f 2565/2572/1592/376 2567/2573/1593/376 2566/2574/1594/376 2564/2575/1595/376
f 2571/2576/1596/376 2573/2577/1583/376 2572/2578/1583/376 2570/2579/1597/376
f 2569/2580/1598/376 2571/2576/1596/376 2570/2579/1597/376 2568/2581/1599/376
f 2557/2582/1583/376 2559/2583/1600/376 2558/2584/1601/376 2556/2585/1583/376
f 2559/2583/1600/376 2561/2586/1583/376 2560/2587/1583/376 2558/2584/1601/376
f 2563/2588/1602/376 2565/2572/1592/376 2564/2575/1595/376 2562/2589/1603/376
f 2739/2760/1724/394 2737/2761/1725/394 2732/2762/1726/394 2731/2763/1719/394
f 2737/2761/1725/394 2738/2764/1719/394 2733/2765/1719/394 2732/2762/1726/394
f 2859/2874/1815/407 2861/2875/1816/407 2860/2876/1817/407 2858/2877/1818/407
f 2865/2878/1819/407 2867/2879/1806/407 2866/2880/1806/407 2864/2881/1820/407
f 2863/2882/1821/407 2865/2878/1819/407 2864/2881/1820/407 2862/2883/1822/407
f 2851/2884/1806/407 2853/2885/1823/407 2852/2886/1824/407 2850/2887/1806/407
f 2853/2885/1823/407 2855/2888/1806/407 2854/2889/1806/407 2852/2886/1824/407
f 2857/2890/1825/407 2859/2874/1815/407 2858/2877/1818/407 2856/2891/1826/407
f 2958/2987/1899/421 2956/2988/1900/421 2951/2989/1901/421 2950/2990/1894/421
f 2956/2988/1900/421 2957/2991/1894/421 2952/2992/1894/421 2951/2989/1901/421
f 3083/3106/1995/435 3085/3107/1996/435 3084/3108/1997/435 3082/3109/1998/435
f 3089/3110/1999/435 3091/3111/1986/435 3090/3112/1986/435 3088/3113/2000/435
f 3087/3114/2001/435 3089/3110/1999/435 3088/3113/2000/435 3086/3115/2002/435
f 3075/3116/1986/435 3077/3117/2003/435 3076/3118/2004/435 3074/3119/1986/435
f 3077/3117/2003/435 3079/3120/1986/435 3078/3121/1986/435 3076/3118/2004/435
f 3081/3122/2005/435 3083/3106/1995/435 3082/3109/1998/435 3080/3123/2006/435
f 3232/3263/2116/451 3234/3264/2117/451 3233/3265/2118/451 3231/3266/2119/451
f 3238/3267/2120/451 3240/3268/2107/451 3239/3269/2107/451 3237/3270/2121/451
f 3236/3271/2122/451 3238/3267/2120/451 3237/3270/2121/451 3235/3272/2123/451
f 3224/3273/2107/451 3226/3274/2124/451 3225/3275/2125/451 3223/3276/2107/451
f 3226/3274/2124/451 3228/3277/2107/451 3227/3278/2107/451 3225/3275/2125/451
f 3230/3279/2126/451 3232/3263/2116/451 3231/3266/2119/451 3229/3280/2127/451
f 3392/3431/2245/468 3394/3432/2246/468 3393/3433/2247/468 3391/3434/2248/468
f 3398/3435/2249/468 3400/3436/2236/468 3399/3437/2236/468 3397/3438/2250/468
f 3396/3439/2251/468 3398/3435/2249/468 3397/3438/2250/468 3395/3440/2252/468
f 3384/3441/2236/468 3386/3442/2253/468 3385/3443/2254/468 3383/3444/2236/468
f 3386/3442/2253/468 3388/3445/2236/468 3387/3446/2236/468 3385/3443/2254/468
f 3390/3447/2255/468 3392/3431/2245/468 3391/3434/2248/468 3389/3448/2256/468
f 3414/3459/2263/469 3412/3460/2264/469 3407/3461/2265/469 3406/3462/2258/469
f 3412/3460/2264/469 3413/3463/2258/469 3408/3464/2258/469 3407/3461/2265/469
f 3606/3653/2406/491 3608/3654/2407/491 3607/3655/2408/491 3605/3656/2409/491
f 3612/3657/2410/491 3614/3658/2397/491 3613/3659/2397/491 3611/3660/2411/491
f 3610/3661/2412/491 3612/3657/2410/491 3611/3660/2411/491 3609/3662/2413/491
f 3598/3663/2397/491 3600/3664/2414/491 3599/3665/2415/491 3597/3666/2397/491
f 3600/3664/2414/491 3602/3667/2397/491 3601/3668/2397/491 3599/3665/2415/491
f 3604/3669/2416/491 3606/3653/2406/491 3605/3656/2409/491 3603/3670/2417/491
f 3756/3825/2506/501 3754/3826/2507/501 3749/3827/2508/501 3748/3828/2501/501
f 3754/3826/2507/501 3755/3829/2501/501 3750/3830/2501/501 3749/3827/2508/501
f 3860/3923/2599/517 3862/3924/2600/517 3861/3925/2601/517 3859/3926/2602/517
f 3866/3927/2603/517 3868/3928/2590/517 3867/3929/2590/517 3865/3930/2604/517
f 3864/3931/2605/517 3866/3927/2603/517 3865/3930/2604/517 3863/3932/2606/517
f 3852/3933/2590/517 3854/3934/2607/517 3853/3935/2608/517 3851/3936/2590/517
f 3854/3934/2607/517 3856/3937/2590/517 3855/3938/2590/517 3853/3935/2608/517
f 3858/3939/2609/517 3860/3923/2599/517 3859/3926/2602/517 3857/3940/2610/517
f 4016/4101/2702/527 4014/4102/2703/527 4009/4103/2704/527 4008/4104/2697/527
f 4014/4102/2703/527 4015/4105/2697/527 4010/4106/2697/527 4009/4103/2704/527
f 4045/4124/2720/528 4047/4125/2721/528 4046/4126/2722/528 4044/4127/2723/528
f 4051/4128/2724/528 4053/4129/2711/528 4052/4130/2711/528 4050/4131/2725/528
f 4049/4132/2726/528 4051/4128/2724/528 4050/4131/2725/528 4048/4133/2727/528
f 4037/4134/2711/528 4039/4135/2728/528 4038/4136/2729/528 4036/4137/2711/528
f 4039/4135/2728/528 4041/4138/2711/528 4040/4139/2711/528 4038/4136/2729/528
f 4043/4140/2730/528 4045/4124/2720/528 4044/4127/2723/528 4042/4141/2731/528
f 4165/4244/2832/546 4167/4245/2833/546 4166/4246/2834/546 4164/4247/2835/546
f 4171/4248/2836/546 4173/4249/2823/546 4172/4250/2823/546 4170/4251/2837/546
f 4169/4252/2838/546 4171/4248/2836/546 4170/4251/2837/546 4168/4253/2839/546
f 4157/4254/2823/546 4159/4255/2840/546 4158/4256/2841/546 4156/4257/2823/546
f 4159/4255/2840/546 4161/4258/2823/546 4160/4259/2823/546 4158/4256/2841/546
f 4163/4260/2842/546 4165/4244/2832/546 4164/4247/2835/546 4162/4261/2843/546
f 4187/4272/2850/547 4185/4273/2851/547 4180/4274/2852/547 4179/4275/2845/547
f 4185/4273/2851/547 4186/4276/2845/547 4181/4277/2845/547 4180/4274/2852/547
f 4320/4415/2935/556 4322/4416/2936/556 4321/4417/2937/556 4319/4418/2938/556
f 4326/4419/2939/556 4328/4420/2926/556 4327/4421/2926/556 4325/4422/2940/556
f 4324/4423/2941/556 4326/4419/2939/556 4325/4422/2940/556 4323/4424/2942/556
f 4312/4425/2926/556 4314/4426/2943/556 4313/4427/2944/556 4311/4428/2926/556
f 4314/4426/2943/556 4316/4429/2926/556 4315/4430/2926/556 4313/4427/2944/556
f 4318/4431/2945/556 4320/4415/2935/556 4319/4418/2938/556 4317/4432/2946/556
f 4460/4555/3067/578 4462/4556/3068/578 4461/4557/3069/578 4459/4558/3070/578
f 4466/4559/3071/578 4468/4560/3058/578 4467/4561/3058/578 4465/4562/3072/578
f 4464/4563/3073/578 4466/4559/3071/578 4465/4562/3072/578 4463/4564/3074/578
f 4452/4565/3058/578 4454/4566/3075/578 4453/4567/3076/578 4451/4568/3058/578
f 4454/4566/3075/578 4456/4569/3058/578 4455/4570/3058/578 4453/4567/3076/578
f 4458/4571/3077/578 4460/4555/3067/578 4459/4558/3070/578 4457/4572/3078/578
f 4482/4583/3085/579 4480/4584/3086/579 4475/4585/3087/579 4474/4586/3080/579
f 4480/4584/3086/579 4481/4587/3080/579 4476/4588/3080/579 4475/4585/3087/579
f 4541/4666/3128/584 4539/4667/3129/584 4534/4668/3130/584 4533/4669/3123/584
f 4539/4667/3129/584 4540/4670/3123/584 4535/4671/3123/584 4534/4668/3130/584
f 4570/4689/3146/585 4572/4690/3147/585 4571/4691/3148/585 4569/4692/3149/585
f 4576/4693/3150/585 4578/4694/3137/585 4577/4695/3137/585 4575/4696/3151/585
f 4574/4697/3152/585 4576/4693/3150/585 4575/4696/3151/585 4573/4698/3153/585
f 4562/4699/3137/585 4564/4700/3154/585 4563/4701/3155/585 4561/4702/3137/585
f 4564/4700/3154/585 4566/4703/3137/585 4565/4704/3137/585 4563/4701/3155/585
f 4568/4705/3156/585 4570/4689/3146/585 4569/4692/3149/585 4567/4706/3157/585
f 4725/4844/3293/610 4727/4845/3294/610 4726/4846/3295/610 4724/4847/3296/610
f 4731/4848/3297/610 4733/4849/3284/610 4732/4850/3284/610 4730/4851/3298/610
f 4729/4852/3299/610 4731/4848/3297/610 4730/4851/3298/610 4728/4853/3300/610
f 4717/4854/3284/610 4719/4855/3301/610 4718/4856/3302/610 4716/4857/3284/610
f 4719/4855/3301/610 4721/4858/3284/610 4720/4859/3284/610 4718/4856/3302/610
f 4723/4860/3303/610 4725/4844/3293/610 4724/4847/3296/610 4722/4861/3304/610
f 4747/4872/3311/611 4745/4873/3312/611 4740/4874/3313/611 4739/4875/3306/611
f 4745/4873/3312/611 4746/4876/3306/611 4741/4877/3306/611 4740/4874/3313/611
f 4776/4895/3329/612 4778/4896/3330/612 4777/4897/3331/612 4775/4898/3332/612
f 4782/4899/3333/612 4784/4900/3320/612 4783/4901/3320/612 4781/4902/3334/612
f 4780/4903/3335/612 4782/4899/3333/612 4781/4902/3334/612 4779/4904/3336/612
f 4768/4905/3320/612 4770/4906/3337/612 4769/4907/3338/612 4767/4908/3320/612
f 4770/4906/3337/612 4772/4909/3320/612 4771/4910/3320/612 4769/4907/3338/612
f 4774/4911/3339/612 4776/4895/3329/612 4775/4898/3332/612 4773/4912/3340/612
f 4811/4930/3356/613 4813/4931/3357/613 4812/4932/3358/613 4810/4933/3359/613
f 4817/4934/3360/613 4819/4935/3347/613 4818/4936/3347/613 4816/4937/3361/613
f 4815/4938/3362/613 4817/4934/3360/613 4816/4937/3361/613 4814/4939/3363/613
f 4803/4940/3347/613 4805/4941/3364/613 4804/4942/3365/613 4802/4943/3347/613
f 4805/4941/3364/613 4807/4944/3347/613 4806/4945/3347/613 4804/4942/3365/613
f 4809/4946/3366/613 4811/4930/3356/613 4810/4933/3359/613 4808/4947/3367/613
f 2/1/1/1 3/2/2/1 5/3/3/1
f 4/4/4/1 2/1/1/1 1/5/5/1
f 4/4/4/1 3/2/2/1 2/1/1/1
f 7/6/6/2 8/7/7/2 10/8/8/2
f 9/9/9/2 7/6/6/2 6/10/10/2
f 9/9/9/2 8/7/7/2 7/6/6/2
f 12/11/11/3 13/12/12/3 15/13/13/3
f 14/14/14/3 12/11/11/3 11/15/15/3
f 14/14/14/3 13/12/12/3 12/11/11/3
f 17/16/16/4 18/17/17/4 20/18/18/4
f 19/19/19/4 17/16/16/4 16/20/20/4
f 19/19/19/4 18/17/17/4 17/16/16/4
f 22/21/21/5 23/22/22/5 25/23/23/5
f 24/24/24/5 22/21/21/5 21/25/25/5
f 24/24/24/5 23/22/22/5 22/21/21/5
f 27/26/26/6 28/27/27/6 30/28/28/6
f 29/29/29/6 27/26/26/6 26/30/30/6
f 29/29/29/6 28/27/27/6 27/26/26/6
f 32/31/31/7 33/32/32/7 35/33/33/7
f 34/34/34/7 32/31/31/7 31/35/35/7
f 34/34/34/7 33/32/32/7 32/31/31/7
f 37/36/36/8 38/37/37/8 40/38/38/8
f 39/39/39/8 37/36/36/8 36/40/40/8
f 39/39/39/8 38/37/37/8 37/36/36/8
f 42/41/41/9 43/42/42/9 45/43/43/9
f 44/44/44/9 42/41/41/9 41/45/45/9
f 44/44/44/9 43/42/42/9 42/41/41/9
f 113/112/72/19 114/113/73/19 116/114/74/19
f 115/115/75/19 113/112/72/19 112/116/76/19
f 115/115/75/19 114/113/73/19 113/112/72/19
f 118/117/77/20 119/118/78/20 121/119/79/20
f 120/120/80/20 118/117/77/20 117/121/81/20
f 120/120/80/20 119/118/78/20 118/117/77/20
f 123/122/82/21 124/123/83/21 126/124/84/21
f 125/125/85/21 123/122/82/21 122/126/86/21
f 125/125/85/21 124/123/83/21 123/122/82/21
f 128/127/87/22 129/128/88/22 131/129/89/22
f 130/130/90/22 128/127/87/22 127/131/91/22
f 130/130/90/22 129/128/88/22 128/127/87/22
f 133/132/92/23 134/133/93/23 136/134/94/23
f 135/135/95/23 133/132/92/23 132/136/96/23
f 135/135/95/23 134/133/93/23 133/132/92/23
f 138/137/97/24 139/138/98/24 141/139/99/24
f 140/140/100/24 138/137/97/24 137/141/101/24
f 140/140/100/24 139/138/98/24 138/137/97/24
f 143/142/102/25 144/143/103/25 146/144/104/25
f 145/145/105/25 143/142/102/25 142/146/106/25
f 145/145/105/25 144/143/103/25 143/142/102/25
f 148/147/107/26 149/148/108/26 151/149/109/26
f 150/150/110/26 148/147/107/26 147/151/111/26
f 150/150/110/26 149/148/108/26 148/147/107/26
f 153/152/112/27 154/153/113/27 156/154/114/27
f 155/155/115/27 153/152/112/27 152/156/116/27
f 155/155/115/27 154/153/113/27 153/152/112/27
f 158/157/117/28 159/158/118/28 161/159/119/28
f 160/160/120/28 158/157/117/28 157/161/121/28
f 160/160/120/28 159/158/118/28 158/157/117/28
f 213/212/151/33 214/213/152/33 216/214/153/33
f 215/215/154/33 213/212/151/33 212/216/155/33
f 215/215/154/33 214/213/152/33 213/212/151/33
f 218/217/156/34 219/218/157/34 221/219/158/34
f 220/220/159/34 218/217/156/34 217/221/160/34
f 220/220/159/34 219/218/157/34 218/217/156/34
f 223/222/161/35 224/223/162/35 226/224/163/35
f 225/225/164/35 223/222/161/35 222/226/165/35
f 225/225/164/35 224/223/162/35 223/222/161/35
f 228/227/166/36 229/228/167/36 231/229/168/36
f 230/230/169/36 228/227/166/36 227/231/170/36
f 230/230/169/36 229/228/167/36 228/227/166/36
f 233/232/171/37 234/233/172/37 236/234/173/37
f 235/235/174/37 233/232/171/37 232/236/175/37
f 235/235/174/37 234/233/172/37 233/232/171/37
f 238/237/176/38 239/238/177/38 241/239/178/38
f 240/240/179/38 238/237/176/38 237/241/180/38
f 240/240/179/38 239/238/177/38 238/237/176/38
f 243/242/181/39 244/243/182/39 246/244/183/39
f 245/245/184/39 243/242/181/39 242/246/185/39
f 245/245/184/39 244/243/182/39 243/242/181/39
f 248/247/186/40 249/248/187/40 251/249/188/40
f 250/250/189/40 248/247/186/40 247/251/190/40
f 250/250/189/40 249/248/187/40 248/247/186/40
f 253/252/191/41 254/253/192/41 256/254/193/41
f 255/255/194/41 253/252/191/41 252/256/195/41
f 255/255/194/41 254/253/192/41 253/252/191/41
f 258/257/196/42 259/258/197/42 261/259/198/42
f 260/260/199/42 258/257/196/42 257/261/200/42
f 260/260/199/42 259/258/197/42 258/257/196/42
f 289/288/209/48 290/289/210/48 292/290/211/48
f 291/291/212/48 289/288/209/48 288/292/213/48
f 291/291/212/48 290/289/210/48 289/288/209/48
f 294/293/214/49 295/294/215/49 297/295/216/49
f 296/296/217/49 294/293/214/49 293/297/218/49
f 296/296/217/49 295/294/215/49 294/293/214/49
f 299/298/219/50 300/299/220/50 302/300/221/50
f 301/301/222/50 299/298/219/50 298/302/223/50
f 301/301/222/50 300/299/220/50 299/298/219/50
f 304/303/224/51 305/304/225/51 307/305/226/51
f 306/306/227/51 304/303/224/51 303/307/228/51
f 306/306/227/51 305/304/225/51 304/303/224/51
f 309/308/229/52 310/309/230/52 312/310/231/52
f 311/311/232/52 309/308/229/52 308/312/233/52
f 311/311/232/52 310/309/230/52 309/308/229/52
f 314/313/234/53 315/314/235/53 317/315/236/53
f 316/316/237/53 314/313/234/53 313/317/238/53
f 316/316/237/53 315/314/235/53 314/313/234/53
f 319/318/239/54 320/319/240/54 322/320/241/54
f 321/321/242/54 319/318/239/54 318/322/243/54
f 321/321/242/54 320/319/240/54 319/318/239/54
f 324/323/244/55 325/324/245/55 327/325/246/55
f 326/326/247/55 324/323/244/55 323/327/248/55
f 326/326/247/55 325/324/245/55 324/323/244/55
f 329/328/249/56 330/329/250/56 332/330/251/56
f 331/331/252/56 329/328/249/56 328/332/253/56
f 331/331/252/56 330/329/250/56 329/328/249/56
f 378/386/291/58 379/387/291/58 380/388/291/58
f 382/389/292/59 383/390/293/59 385/391/294/59
f 384/392/295/59 382/389/292/59 381/393/296/59
f 384/392/295/59 383/390/293/59 382/389/292/59
f 387/394/297/60 388/395/298/60 390/396/299/60
f 389/397/300/60 387/394/297/60 386/398/301/60
f 389/397/300/60 388/395/298/60 387/394/297/60
f 392/399/302/61 393/400/303/61 395/401/304/61
f 394/402/305/61 392/399/302/61 391/403/306/61
f 394/402/305/61 393/400/303/61 392/399/302/61
f 397/404/307/62 398/405/308/62 400/406/309/62
f 399/407/310/62 397/404/307/62 396/408/311/62
f 399/407/310/62 398/405/308/62 397/404/307/62
f 402/409/312/63 403/410/313/63 405/411/314/63
f 404/412/315/63 402/409/312/63 401/413/316/63
f 404/412/315/63 403/410/313/63 402/409/312/63
f 407/414/317/64 408/415/318/64 410/416/319/64
f 409/417/320/64 407/414/317/64 406/418/321/64
f 409/417/320/64 408/415/318/64 407/414/317/64
f 412/419/322/65 413/420/323/65 415/421/324/65
f 414/422/325/65 412/419/322/65 411/423/326/65
f 414/422/325/65 413/420/323/65 412/419/322/65
f 417/424/327/66 418/425/328/66 420/426/329/66
f 419/427/330/66 417/424/327/66 416/428/331/66
f 419/427/330/66 418/425/328/66 417/424/327/66
f 422/429/332/67 423/430/333/67 425/431/334/67
f 424/432/335/67 422/429/332/67 421/433/336/67
f 424/432/335/67 423/430/333/67 422/429/332/67
f 633/640/415/83 634/641/416/83 636/642/417/83
f 635/643/418/83 633/640/415/83 632/644/419/83
f 635/643/418/83 634/641/416/83 633/640/415/83
f 638/645/420/84 639/646/421/84 641/647/422/84
f 640/648/423/84 638/645/420/84 637/649/424/84
f 640/648/423/84 639/646/421/84 638/645/420/84
f 643/650/425/85 644/651/426/85 646/652/427/85
f 645/653/428/85 643/650/425/85 642/654/429/85
f 645/653/428/85 644/651/426/85 643/650/425/85
f 648/655/430/86 649/656/431/86 651/657/432/86
f 650/658/433/86 648/655/430/86 647/659/434/86
f 650/658/433/86 649/656/431/86 648/655/430/86
f 653/660/435/87 654/661/436/87 656/662/437/87
f 655/663/438/87 653/660/435/87 652/664/439/87
f 655/663/438/87 654/661/436/87 653/660/435/87
f 658/665/440/88 659/666/441/88 661/667/442/88
f 660/668/443/88 658/665/440/88 657/669/444/88
f 660/668/443/88 659/666/441/88 658/665/440/88
f 663/670/445/89 664/671/446/89 666/672/447/89
f 665/673/448/89 663/670/445/89 662/674/449/89
f 665/673/448/89 664/671/446/89 663/670/445/89
f 668/675/450/90 669/676/451/90 671/677/452/90
f 670/678/453/90 668/675/450/90 667/679/454/90
f 670/678/453/90 669/676/451/90 668/675/450/90
f 673/680/455/91 674/681/456/91 676/682/457/91
f 675/683/458/91 673/680/455/91 672/684/459/91
f 675/683/458/91 674/681/456/91 673/680/455/91
f 784/791/506/107 785/792/507/107 787/793/508/107
f 786/794/509/107 784/791/506/107 783/795/510/107
f 786/794/509/107 785/792/507/107 784/791/506/107
f 789/796/511/108 790/797/512/108 792/798/513/108
f 791/799/514/108 789/796/511/108 788/800/515/108
f 791/799/514/108 790/797/512/108 789/796/511/108
f 794/801/516/109 795/802/517/109 797/803/518/109
f 796/804/519/109 794/801/516/109 793/805/520/109
f 796/804/519/109 795/802/517/109 794/801/516/109
f 799/806/521/110 800/807/522/110 802/808/523/110
f 801/809/524/110 799/806/521/110 798/810/525/110
f 801/809/524/110 800/807/522/110 799/806/521/110
f 804/811/526/111 805/812/527/111 807/813/528/111
f 806/814/529/111 804/811/526/111 803/815/530/111
f 806/814/529/111 805/812/527/111 804/811/526/111
f 809/816/531/112 810/817/532/112 812/818/533/112
f 811/819/534/112 809/816/531/112 808/820/535/112
f 811/819/534/112 810/817/532/112 809/816/531/112
f 814/821/536/113 815/822/537/113 817/823/538/113
f 816/824/539/113 814/821/536/113 813/825/540/113
f 816/824/539/113 815/822/537/113 814/821/536/113
f 819/826/541/114 820/827/542/114 822/828/543/114
f 821/829/544/114 819/826/541/114 818/830/545/114
f 821/829/544/114 820/827/542/114 819/826/541/114
f 868/884/583/116 869/885/583/116 870/886/583/116
f 1000/1015/606/131 1001/1016/607/131 1003/1017/608/131
f 1002/1018/609/131 1000/1015/606/131 999/1019/610/131
f 1002/1018/609/131 1001/1016/607/131 1000/1015/606/131
f 1005/1020/611/132 1006/1021/612/132 1008/1022/613/132
f 1007/1023/614/132 1005/1020/611/132 1004/1024/615/132
f 1007/1023/614/132 1006/1021/612/132 1005/1020/611/132
f 1010/1025/616/133 1011/1026/617/133 1013/1027/618/133
f 1012/1028/619/133 1010/1025/616/133 1009/1029/620/133
f 1012/1028/619/133 1011/1026/617/133 1010/1025/616/133
f 1015/1030/621/134 1016/1031/622/134 1018/1032/623/134
f 1017/1033/624/134 1015/1030/621/134 1014/1034/625/134
f 1017/1033/624/134 1016/1031/622/134 1015/1030/621/134
f 1020/1035/626/135 1021/1036/627/135 1023/1037/628/135
f 1022/1038/629/135 1020/1035/626/135 1019/1039/630/135
f 1022/1038/629/135 1021/1036/627/135 1020/1035/626/135
f 1025/1040/631/136 1026/1041/632/136 1028/1042/633/136
f 1027/1043/634/136 1025/1040/631/136 1024/1044/635/136
f 1027/1043/634/136 1026/1041/632/136 1025/1040/631/136
f 1030/1045/636/137 1031/1046/637/137 1033/1047/638/137
f 1032/1048/639/137 1030/1045/636/137 1029/1049/640/137
f 1032/1048/639/137 1031/1046/637/137 1030/1045/636/137
f 1035/1050/641/138 1036/1051/642/138 1038/1052/643/138
f 1037/1053/644/138 1035/1050/641/138 1034/1054/645/138
f 1037/1053/644/138 1036/1051/642/138 1035/1050/641/138
f 1142/1157/693/153 1143/1158/694/153 1145/1159/695/153
f 1144/1160/696/153 1142/1157/693/153 1141/1161/697/153
f 1144/1160/696/153 1143/1158/694/153 1142/1157/693/153
f 1147/1162/698/154 1148/1163/699/154 1150/1164/700/154
f 1149/1165/701/154 1147/1162/698/154 1146/1166/702/154
f 1149/1165/701/154 1148/1163/699/154 1147/1162/698/154
f 1152/1167/703/155 1153/1168/704/155 1155/1169/705/155
f 1154/1170/706/155 1152/1167/703/155 1151/1171/707/155
f 1154/1170/706/155 1153/1168/704/155 1152/1167/703/155
f 1157/1172/708/156 1158/1173/709/156 1160/1174/710/156
f 1159/1175/711/156 1157/1172/708/156 1156/1176/712/156
f 1159/1175/711/156 1158/1173/709/156 1157/1172/708/156
f 1162/1177/713/157 1163/1178/714/157 1165/1179/715/157
f 1164/1180/716/157 1162/1177/713/157 1161/1181/717/157
f 1164/1180/716/157 1163/1178/714/157 1162/1177/713/157
f 1167/1182/718/158 1168/1183/719/158 1170/1184/720/158
f 1169/1185/721/158 1167/1182/718/158 1166/1186/722/158
f 1169/1185/721/158 1168/1183/719/158 1167/1182/718/158
f 1172/1187/723/159 1173/1188/724/159 1175/1189/725/159
f 1174/1190/726/159 1172/1187/723/159 1171/1191/727/159
f 1174/1190/726/159 1173/1188/724/159 1172/1187/723/159
f 1177/1192/728/160 1178/1193/729/160 1180/1194/730/160
f 1179/1195/731/160 1177/1192/728/160 1176/1196/732/160
f 1179/1195/731/160 1178/1193/729/160 1177/1192/728/160
f 1244/1259/750/175 1245/1260/751/175 1247/1261/752/175
f 1246/1262/753/175 1244/1259/750/175 1243/1263/754/175
f 1246/1262/753/175 1245/1260/751/175 1244/1259/750/175
f 1249/1264/755/176 1250/1265/756/176 1252/1266/757/176
f 1251/1267/758/176 1249/1264/755/176 1248/1268/759/176
f 1251/1267/758/176 1250/1265/756/176 1249/1264/755/176
f 1254/1269/760/177 1255/1270/761/177 1257/1271/762/177
f 1256/1272/763/177 1254/1269/760/177 1253/1273/764/177
f 1256/1272/763/177 1255/1270/761/177 1254/1269/760/177
f 1259/1274/765/178 1260/1275/766/178 1262/1276/767/178
f 1261/1277/768/178 1259/1274/765/178 1258/1278/769/178
f 1261/1277/768/178 1260/1275/766/178 1259/1274/765/178
f 1264/1279/770/179 1265/1280/771/179 1267/1281/772/179
f 1266/1282/773/179 1264/1279/770/179 1263/1283/774/179
f 1266/1282/773/179 1265/1280/771/179 1264/1279/770/179
f 1269/1284/775/180 1270/1285/776/180 1272/1286/777/180
f 1271/1287/778/180 1269/1284/775/180 1268/1288/779/180
f 1271/1287/778/180 1270/1285/776/180 1269/1284/775/180
f 1274/1289/780/181 1275/1290/781/181 1277/1291/782/181
f 1276/1292/783/181 1274/1289/780/181 1273/1293/784/181
f 1276/1292/783/181 1275/1290/781/181 1274/1289/780/181
f 1279/1294/785/182 1280/1295/786/182 1282/1296/787/182
f 1281/1297/788/182 1279/1294/785/182 1278/1298/789/182
f 1281/1297/788/182 1280/1295/786/182 1279/1294/785/182
f 1336/1351/803/196 1337/1352/804/196 1339/1353/805/196
f 1338/1354/806/196 1336/1351/803/196 1335/1355/807/196
f 1338/1354/806/196 1337/1352/804/196 1336/1351/803/196
f 1341/1356/808/197 1342/1357/809/197 1344/1358/810/197
f 1343/1359/811/197 1341/1356/808/197 1340/1360/812/197
f 1343/1359/811/197 1342/1357/809/197 1341/1356/808/197
f 1346/1361/813/198 1347/1362/814/198 1349/1363/815/198
f 1348/1364/816/198 1346/1361/813/198 1345/1365/817/198
f 1348/1364/816/198 1347/1362/814/198 1346/1361/813/198
f 1351/1366/818/199 1352/1367/819/199 1354/1368/820/199
f 1353/1369/821/199 1351/1366/818/199 1350/1370/822/199
f 1353/1369/821/199 1352/1367/819/199 1351/1366/818/199
f 1356/1371/823/200 1357/1372/824/200 1359/1373/825/200
f 1358/1374/826/200 1356/1371/823/200 1355/1375/827/200
f 1358/1374/826/200 1357/1372/824/200 1356/1371/823/200
f 1361/1376/828/201 1362/1377/829/201 1364/1378/830/201
f 1363/1379/831/201 1361/1376/828/201 1360/1380/832/201
f 1363/1379/831/201 1362/1377/829/201 1361/1376/828/201
f 1366/1381/833/202 1367/1382/834/202 1369/1383/835/202
f 1368/1384/836/202 1366/1381/833/202 1365/1385/837/202
f 1368/1384/836/202 1367/1382/834/202 1366/1381/833/202
f 1371/1386/838/203 1372/1387/839/203 1374/1388/840/203
f 1373/1389/841/203 1371/1386/838/203 1370/1390/842/203
f 1373/1389/841/203 1372/1387/839/203 1371/1386/838/203
f 1424/1439/855/216 1425/1440/856/216 1427/1441/857/216
f 1426/1442/858/216 1424/1439/855/216 1423/1443/859/216
f 1426/1442/858/216 1425/1440/856/216 1424/1439/855/216
f 1429/1444/860/217 1430/1445/861/217 1432/1446/862/217
f 1431/1447/863/217 1429/1444/860/217 1428/1448/864/217
f 1431/1447/863/217 1430/1445/861/217 1429/1444/860/217
f 1434/1449/865/218 1435/1450/866/218 1437/1451/867/218
f 1436/1452/868/218 1434/1449/865/218 1433/1453/869/218
f 1436/1452/868/218 1435/1450/866/218 1434/1449/865/218
f 1439/1454/870/219 1440/1455/871/219 1442/1456/872/219
f 1441/1457/873/219 1439/1454/870/219 1438/1458/874/219
f 1441/1457/873/219 1440/1455/871/219 1439/1454/870/219
f 1444/1459/875/220 1445/1460/876/220 1447/1461/877/220
f 1446/1462/878/220 1444/1459/875/220 1443/1463/879/220
f 1446/1462/878/220 1445/1460/876/220 1444/1459/875/220
f 1449/1464/880/221 1450/1465/881/221 1452/1466/882/221
f 1451/1467/883/221 1449/1464/880/221 1448/1468/884/221
f 1451/1467/883/221 1450/1465/881/221 1449/1464/880/221
f 1454/1469/885/222 1455/1470/886/222 1457/1471/887/222
f 1456/1472/888/222 1454/1469/885/222 1453/1473/889/222
f 1456/1472/888/222 1455/1470/886/222 1454/1469/885/222
f 1459/1474/890/223 1460/1475/891/223 1462/1476/892/223
f 1461/1477/893/223 1459/1474/890/223 1458/1478/894/223
f 1461/1477/893/223 1460/1475/891/223 1459/1474/890/223
f 1516/1531/908/237 1517/1532/909/237 1519/1533/910/237
f 1518/1534/911/237 1516/1531/908/237 1515/1535/912/237
f 1518/1534/911/237 1517/1532/909/237 1516/1531/908/237
f 1521/1536/913/238 1522/1537/914/238 1524/1538/915/238
f 1523/1539/916/238 1521/1536/913/238 1520/1540/917/238
f 1523/1539/916/238 1522/1537/914/238 1521/1536/913/238
f 1526/1541/918/239 1527/1542/919/239 1529/1543/920/239
f 1528/1544/921/239 1526/1541/918/239 1525/1545/922/239
f 1528/1544/921/239 1527/1542/919/239 1526/1541/918/239
f 1531/1546/923/240 1532/1547/924/240 1534/1548/925/240
f 1533/1549/926/240 1531/1546/923/240 1530/1550/927/240
f 1533/1549/926/240 1532/1547/924/240 1531/1546/923/240
f 1536/1551/928/241 1537/1552/929/241 1539/1553/930/241
f 1538/1554/931/241 1536/1551/928/241 1535/1555/932/241
f 1538/1554/931/241 1537/1552/929/241 1536/1551/928/241
f 1541/1556/933/242 1542/1557/934/242 1544/1558/935/242
f 1543/1559/936/242 1541/1556/933/242 1540/1560/937/242
f 1543/1559/936/242 1542/1557/934/242 1541/1556/933/242
f 1546/1561/938/243 1547/1562/939/243 1549/1563/940/243
f 1548/1564/941/243 1546/1561/938/243 1545/1565/942/243
f 1548/1564/941/243 1547/1562/939/243 1546/1561/938/243
f 1551/1566/943/244 1552/1567/944/244 1554/1568/945/244
f 1553/1569/946/244 1551/1566/943/244 1550/1570/947/244
f 1553/1569/946/244 1552/1567/944/244 1551/1566/943/244
f 1654/1669/989/261 1655/1670/990/261 1657/1671/991/261
f 1656/1672/992/261 1654/1669/989/261 1653/1673/993/261
f 1656/1672/992/261 1655/1670/990/261 1654/1669/989/261
f 1659/1674/994/262 1660/1675/995/262 1662/1676/996/262
f 1661/1677/997/262 1659/1674/994/262 1658/1678/998/262
f 1661/1677/997/262 1660/1675/995/262 1659/1674/994/262
f 1664/1679/999/263 1665/1680/1000/263 1667/1681/1001/263
f 1666/1682/1002/263 1664/1679/999/263 1663/1683/1003/263
f 1666/1682/1002/263 1665/1680/1000/263 1664/1679/999/263
f 1669/1684/1004/264 1670/1685/1005/264 1672/1686/1006/264
f 1671/1687/1007/264 1669/1684/1004/264 1668/1688/1008/264
f 1671/1687/1007/264 1670/1685/1005/264 1669/1684/1004/264
f 1674/1689/1009/265 1675/1690/1010/265 1677/1691/1011/265
f 1676/1692/1012/265 1674/1689/1009/265 1673/1693/1013/265
f 1676/1692/1012/265 1675/1690/1010/265 1674/1689/1009/265
f 1679/1694/1014/266 1680/1695/1015/266 1682/1696/1016/266
f 1681/1697/1017/266 1679/1694/1014/266 1678/1698/1018/266
f 1681/1697/1017/266 1680/1695/1015/266 1679/1694/1014/266
f 1684/1699/1019/267 1685/1700/1020/267 1687/1701/1021/267
f 1686/1702/1022/267 1684/1699/1019/267 1683/1703/1023/267
f 1686/1702/1022/267 1685/1700/1020/267 1684/1699/1019/267
f 1689/1704/1024/268 1690/1705/1025/268 1692/1706/1026/268
f 1691/1707/1027/268 1689/1704/1024/268 1688/1708/1028/268
f 1691/1707/1027/268 1690/1705/1025/268 1689/1704/1024/268
f 1816/1831/1088/285 1817/1832/1089/285 1819/1833/1090/285
f 1818/1834/1091/285 1816/1831/1088/285 1815/1835/1092/285
f 1818/1834/1091/285 1817/1832/1089/285 1816/1831/1088/285
f 1821/1836/1093/286 1822/1837/1094/286 1824/1838/1095/286
f 1823/1839/1096/286 1821/1836/1093/286 1820/1840/1097/286
f 1823/1839/1096/286 1822/1837/1094/286 1821/1836/1093/286
f 1826/1841/1098/287 1827/1842/1099/287 1829/1843/1100/287
f 1828/1844/1101/287 1826/1841/1098/287 1825/1845/1102/287
f 1828/1844/1101/287 1827/1842/1099/287 1826/1841/1098/287
f 1831/1846/1103/288 1832/1847/1104/288 1834/1848/1105/288
f 1833/1849/1106/288 1831/1846/1103/288 1830/1850/1107/288
f 1833/1849/1106/288 1832/1847/1104/288 1831/1846/1103/288
f 1836/1851/1108/289 1837/1852/1109/289 1839/1853/1110/289
f 1838/1854/1111/289 1836/1851/1108/289 1835/1855/1112/289
f 1838/1854/1111/289 1837/1852/1109/289 1836/1851/1108/289
f 1841/1856/1113/290 1842/1857/1114/290 1844/1858/1115/290
f 1843/1859/1116/290 1841/1856/1113/290 1840/1860/1117/290
f 1843/1859/1116/290 1842/1857/1114/290 1841/1856/1113/290
f 1846/1861/1118/291 1847/1862/1119/291 1849/1863/1120/291
f 1848/1864/1121/291 1846/1861/1118/291 1845/1865/1122/291
f 1848/1864/1121/291 1847/1862/1119/291 1846/1861/1118/291
f 1851/1866/1123/292 1852/1867/1124/292 1854/1868/1125/292
f 1853/1869/1126/292 1851/1866/1123/292 1850/1870/1127/292
f 1853/1869/1126/292 1852/1867/1124/292 1851/1866/1123/292
f 1966/1981/1175/309 1967/1982/1176/309 1969/1983/1177/309
f 1968/1984/1178/309 1966/1981/1175/309 1965/1985/1179/309
f 1968/1984/1178/309 1967/1982/1176/309 1966/1981/1175/309
f 1971/1986/1180/310 1972/1987/1181/310 1974/1988/1182/310
f 1973/1989/1183/310 1971/1986/1180/310 1970/1990/1184/310
f 1973/1989/1183/310 1972/1987/1181/310 1971/1986/1180/310
f 1976/1991/1185/311 1977/1992/1186/311 1979/1993/1187/311
f 1978/1994/1188/311 1976/1991/1185/311 1975/1995/1189/311
f 1978/1994/1188/311 1977/1992/1186/311 1976/1991/1185/311
f 1981/1996/1190/312 1982/1997/1191/312 1984/1998/1192/312
f 1983/1999/1193/312 1981/1996/1190/312 1980/2000/1194/312
f 1983/1999/1193/312 1982/1997/1191/312 1981/1996/1190/312
f 1986/2001/1195/313 1987/2002/1196/313 1989/2003/1197/313
f 1988/2004/1198/313 1986/2001/1195/313 1985/2005/1199/313
f 1988/2004/1198/313 1987/2002/1196/313 1986/2001/1195/313
f 1991/2006/1200/314 1992/2007/1201/314 1994/2008/1202/314
f 1993/2009/1203/314 1991/2006/1200/314 1990/2010/1204/314
f 1993/2009/1203/314 1992/2007/1201/314 1991/2006/1200/314
f 1996/2011/1205/315 1997/2012/1206/315 1999/2013/1207/315
f 1998/2014/1208/315 1996/2011/1205/315 1995/2015/1209/315
f 1998/2014/1208/315 1997/2012/1206/315 1996/2011/1205/315
f 2001/2016/1210/316 2002/2017/1211/316 2004/2018/1212/316
f 2003/2019/1213/316 2001/2016/1210/316 2000/2020/1214/316
f 2003/2019/1213/316 2002/2017/1211/316 2001/2016/1210/316
f 2146/2161/1294/330 2147/2162/1295/330 2149/2163/1296/330
f 2148/2164/1297/330 2146/2161/1294/330 2145/2165/1298/330
f 2148/2164/1297/330 2147/2162/1295/330 2146/2161/1294/330
f 2151/2166/1299/331 2152/2167/1300/331 2154/2168/1301/331
f 2153/2169/1302/331 2151/2166/1299/331 2150/2170/1303/331
f 2153/2169/1302/331 2152/2167/1300/331 2151/2166/1299/331
f 2156/2171/1304/332 2157/2172/1305/332 2159/2173/1306/332
f 2158/2174/1307/332 2156/2171/1304/332 2155/2175/1308/332
f 2158/2174/1307/332 2157/2172/1305/332 2156/2171/1304/332
f 2161/2176/1309/333 2162/2177/1310/333 2164/2178/1311/333
f 2163/2179/1312/333 2161/2176/1309/333 2160/2180/1313/333
f 2163/2179/1312/333 2162/2177/1310/333 2161/2176/1309/333
f 2166/2181/1314/334 2167/2182/1315/334 2169/2183/1316/334
f 2168/2184/1317/334 2166/2181/1314/334 2165/2185/1318/334
f 2168/2184/1317/334 2167/2182/1315/334 2166/2181/1314/334
f 2171/2186/1319/335 2172/2187/1320/335 2174/2188/1321/335
f 2173/2189/1322/335 2171/2186/1319/335 2170/2190/1323/335
f 2173/2189/1322/335 2172/2187/1320/335 2171/2186/1319/335
f 2176/2191/1324/336 2177/2192/1325/336 2179/2193/1326/336
f 2178/2194/1327/336 2176/2191/1324/336 2175/2195/1328/336
f 2178/2194/1327/336 2177/2192/1325/336 2176/2191/1324/336
f 2181/2196/1329/337 2182/2197/1330/337 2184/2198/1331/337
f 2183/2199/1332/337 2181/2196/1329/337 2180/2200/1333/337
f 2183/2199/1332/337 2182/2197/1330/337 2181/2196/1329/337
f 2312/2327/1406/349 2313/2328/1407/349 2315/2329/1408/349
f 2314/2330/1409/349 2312/2327/1406/349 2311/2331/1410/349
f 2314/2330/1409/349 2313/2328/1407/349 2312/2327/1406/349
f 2317/2332/1411/350 2318/2333/1412/350 2320/2334/1413/350
f 2319/2335/1414/350 2317/2332/1411/350 2316/2336/1415/350
f 2319/2335/1414/350 2318/2333/1412/350 2317/2332/1411/350
f 2322/2337/1416/351 2323/2338/1417/351 2325/2339/1418/351
f 2324/2340/1419/351 2322/2337/1416/351 2321/2341/1420/351
f 2324/2340/1419/351 2323/2338/1417/351 2322/2337/1416/351
f 2327/2342/1421/352 2328/2343/1422/352 2330/2344/1423/352
f 2329/2345/1424/352 2327/2342/1421/352 2326/2346/1425/352
f 2329/2345/1424/352 2328/2343/1422/352 2327/2342/1421/352
f 2332/2347/1426/353 2333/2348/1427/353 2335/2349/1428/353
f 2334/2350/1429/353 2332/2347/1426/353 2331/2351/1430/353
f 2334/2350/1429/353 2333/2348/1427/353 2332/2347/1426/353
f 2337/2352/1431/354 2338/2353/1432/354 2340/2354/1433/354
f 2339/2355/1434/354 2337/2352/1431/354 2336/2356/1435/354
f 2339/2355/1434/354 2338/2353/1432/354 2337/2352/1431/354
f 2342/2357/1436/355 2343/2358/1437/355 2345/2359/1438/355
f 2344/2360/1439/355 2342/2357/1436/355 2341/2361/1440/355
f 2344/2360/1439/355 2343/2358/1437/355 2342/2357/1436/355
f 2347/2362/1441/356 2348/2363/1442/356 2350/2364/1443/356
f 2349/2365/1444/356 2347/2362/1441/356 2346/2366/1445/356
f 2349/2365/1444/356 2348/2363/1442/356 2347/2362/1441/356
f 2500/2515/1537/368 2501/2516/1538/368 2503/2517/1539/368
f 2502/2518/1540/368 2500/2515/1537/368 2499/2519/1541/368
f 2502/2518/1540/368 2501/2516/1538/368 2500/2515/1537/368
f 2505/2520/1542/369 2506/2521/1543/369 2508/2522/1544/369
f 2507/2523/1545/369 2505/2520/1542/369 2504/2524/1546/369
f 2507/2523/1545/369 2506/2521/1543/369 2505/2520/1542/369
f 2510/2525/1547/370 2511/2526/1548/370 2513/2527/1549/370
f 2512/2528/1550/370 2510/2525/1547/370 2509/2529/1551/370
f 2512/2528/1550/370 2511/2526/1548/370 2510/2525/1547/370
f 2515/2530/1552/371 2516/2531/1553/371 2518/2532/1554/371
f 2517/2533/1555/371 2515/2530/1552/371 2514/2534/1556/371
f 2517/2533/1555/371 2516/2531/1553/371 2515/2530/1552/371
f 2520/2535/1557/372 2521/2536/1558/372 2523/2537/1559/372
f 2522/2538/1560/372 2520/2535/1557/372 2519/2539/1561/372
f 2522/2538/1560/372 2521/2536/1558/372 2520/2535/1557/372
f 2525/2540/1562/373 2526/2541/1563/373 2528/2542/1564/373
f 2527/2543/1565/373 2525/2540/1562/373 2524/2544/1566/373
f 2527/2543/1565/373 2526/2541/1563/373 2525/2540/1562/373
f 2530/2545/1567/374 2531/2546/1568/374 2533/2547/1569/374
f 2532/2548/1570/374 2530/2545/1567/374 2529/2549/1571/374
f 2532/2548/1570/374 2531/2546/1568/374 2530/2545/1567/374
f 2535/2550/1572/375 2536/2551/1573/375 2538/2552/1574/375
f 2537/2553/1575/375 2535/2550/1572/375 2534/2554/1576/375
f 2537/2553/1575/375 2536/2551/1573/375 2535/2550/1572/375
f 2584/2608/1614/377 2585/2609/1614/377 2586/2610/1614/377
f 2682/2705/1673/385 2683/2706/1674/385 2685/2707/1675/385
f 2684/2708/1676/385 2682/2705/1673/385 2681/2709/1677/385
f 2684/2708/1676/385 2683/2706/1674/385 2682/2705/1673/385
f 2687/2710/1678/386 2688/2711/1679/386 2690/2712/1680/386
f 2689/2713/1681/386 2687/2710/1678/386 2686/2714/1682/386
f 2689/2713/1681/386 2688/2711/1679/386 2687/2710/1678/386
f 2692/2715/1683/387 2693/2716/1684/387 2695/2717/1685/387
f 2694/2718/1686/387 2692/2715/1683/387 2691/2719/1687/387
f 2694/2718/1686/387 2693/2716/1684/387 2692/2715/1683/387
f 2697/2720/1688/388 2698/2721/1689/388 2700/2722/1690/388
f 2699/2723/1691/388 2697/2720/1688/388 2696/2724/1692/388
f 2699/2723/1691/388 2698/2721/1689/388 2697/2720/1688/388
f 2702/2725/1693/389 2703/2726/1694/389 2705/2727/1695/389
f 2704/2728/1696/389 2702/2725/1693/389 2701/2729/1697/389
f 2704/2728/1696/389 2703/2726/1694/389 2702/2725/1693/389
f 2707/2730/1698/390 2708/2731/1699/390 2710/2732/1700/390
f 2709/2733/1701/390 2707/2730/1698/390 2706/2734/1702/390
f 2709/2733/1701/390 2708/2731/1699/390 2707/2730/1698/390
f 2712/2735/1703/391 2713/2736/1704/391 2715/2737/1705/391
f 2714/2738/1706/391 2712/2735/1703/391 2711/2739/1707/391
f 2714/2738/1706/391 2713/2736/1704/391 2712/2735/1703/391
f 2717/2740/1708/392 2718/2741/1709/392 2720/2742/1710/392
f 2719/2743/1711/392 2717/2740/1708/392 2716/2744/1712/392
f 2719/2743/1711/392 2718/2741/1709/392 2717/2740/1708/392
f 2722/2745/1713/393 2723/2746/1714/393 2725/2747/1715/393
f 2724/2748/1716/393 2722/2745/1713/393 2721/2749/1717/393
f 2724/2748/1716/393 2723/2746/1714/393 2722/2745/1713/393
f 2789/2812/1755/398 2790/2813/1756/398 2792/2814/1757/398
f 2791/2815/1758/398 2789/2812/1755/398 2788/2816/1759/398
f 2791/2815/1758/398 2790/2813/1756/398 2789/2812/1755/398
f 2794/2817/1760/399 2795/2818/1761/399 2797/2819/1762/399
f 2796/2820/1763/399 2794/2817/1760/399 2793/2821/1764/399
f 2796/2820/1763/399 2795/2818/1761/399 2794/2817/1760/399
f 2799/2822/1765/400 2800/2823/1766/400 2802/2824/1767/400
f 2801/2825/1768/400 2799/2822/1765/400 2798/2826/1769/400
f 2801/2825/1768/400 2800/2823/1766/400 2799/2822/1765/400
f 2804/2827/1770/401 2805/2828/1771/401 2807/2829/1772/401
f 2806/2830/1773/401 2804/2827/1770/401 2803/2831/1774/401
f 2806/2830/1773/401 2805/2828/1771/401 2804/2827/1770/401
f 2809/2832/1775/402 2810/2833/1776/402 2812/2834/1777/402
f 2811/2835/1778/402 2809/2832/1775/402 2808/2836/1779/402
f 2811/2835/1778/402 2810/2833/1776/402 2809/2832/1775/402
f 2814/2837/1780/403 2815/2838/1781/403 2817/2839/1782/403
f 2816/2840/1783/403 2814/2837/1780/403 2813/2841/1784/403
f 2816/2840/1783/403 2815/2838/1781/403 2814/2837/1780/403
f 2819/2842/1785/404 2820/2843/1786/404 2822/2844/1787/404
f 2821/2845/1788/404 2819/2842/1785/404 2818/2846/1789/404
f 2821/2845/1788/404 2820/2843/1786/404 2819/2842/1785/404
f 2824/2847/1790/405 2825/2848/1791/405 2827/2849/1792/405
f 2826/2850/1793/405 2824/2847/1790/405 2823/2851/1794/405
f 2826/2850/1793/405 2825/2848/1791/405 2824/2847/1790/405
f 2829/2852/1795/406 2830/2853/1796/406 2832/2854/1797/406
f 2831/2855/1798/406 2829/2852/1795/406 2828/2856/1799/406
f 2831/2855/1798/406 2830/2853/1796/406 2829/2852/1795/406
f 2878/2910/1837/408 2879/2911/1837/408 2880/2912/1837/408
f 2896/2927/1843/411 2897/2928/1844/411 2899/2929/1845/411
f 2898/2930/1846/411 2896/2927/1843/411 2895/2931/1847/411
f 2898/2930/1846/411 2897/2928/1844/411 2896/2927/1843/411
f 2901/2932/1848/412 2902/2933/1849/412 2904/2934/1850/412
f 2903/2935/1851/412 2901/2932/1848/412 2900/2936/1852/412
f 2903/2935/1851/412 2902/2933/1849/412 2901/2932/1848/412
f 2906/2937/1853/413 2907/2938/1854/413 2909/2939/1855/413
f 2908/2940/1856/413 2906/2937/1853/413 2905/2941/1857/413
f 2908/2940/1856/413 2907/2938/1854/413 2906/2937/1853/413
f 2911/2942/1858/414 2912/2943/1859/414 2914/2944/1860/414
f 2913/2945/1861/414 2911/2942/1858/414 2910/2946/1862/414
f 2913/2945/1861/414 2912/2943/1859/414 2911/2942/1858/414
f 2916/2947/1863/415 2917/2948/1864/415 2919/2949/1865/415
f 2918/2950/1866/415 2916/2947/1863/415 2915/2951/1867/415
f 2918/2950/1866/415 2917/2948/1864/415 2916/2947/1863/415
f 2921/2952/1868/416 2922/2953/1869/416 2924/2954/1870/416
f 2923/2955/1871/416 2921/2952/1868/416 2920/2956/1872/416
f 2923/2955/1871/416 2922/2953/1869/416 2921/2952/1868/416
f 2926/2957/1873/417 2927/2958/1874/417 2929/2959/1875/417
f 2928/2960/1876/417 2926/2957/1873/417 2925/2961/1877/417
f 2928/2960/1876/417 2927/2958/1874/417 2926/2957/1873/417
f 2931/2962/1878/418 2932/2963/1879/418 2934/2964/1880/418
f 2933/2965/1881/418 2931/2962/1878/418 2930/2966/1882/418
f 2933/2965/1881/418 2932/2963/1879/418 2931/2962/1878/418
f 2936/2967/1883/419 2937/2968/1884/419 2939/2969/1885/419
f 2938/2970/1886/419 2936/2967/1883/419 2935/2971/1887/419
f 2938/2970/1886/419 2937/2968/1884/419 2936/2967/1883/419
f 2941/2972/1888/420 2942/2973/1889/420 2944/2974/1890/420
f 2943/2975/1891/420 2941/2972/1888/420 2940/2976/1892/420
f 2943/2975/1891/420 2942/2973/1889/420 2941/2972/1888/420
f 3008/3039/1930/425 3009/3040/1931/425 3011/3041/1932/425
f 3010/3042/1933/425 3008/3039/1930/425 3007/3043/1934/425
f 3010/3042/1933/425 3009/3040/1931/425 3008/3039/1930/425
f 3013/3044/1935/426 3014/3045/1936/426 3016/3046/1937/426
f 3015/3047/1938/426 3013/3044/1935/426 3012/3048/1939/426
f 3015/3047/1938/426 3014/3045/1936/426 3013/3044/1935/426
f 3018/3049/1940/427 3019/3050/1941/427 3021/3051/1942/427
f 3020/3052/1943/427 3018/3049/1940/427 3017/3053/1944/427
f 3020/3052/1943/427 3019/3050/1941/427 3018/3049/1940/427
f 3023/3054/1945/428 3024/3055/1946/428 3026/3056/1947/428
f 3025/3057/1948/428 3023/3054/1945/428 3022/3058/1949/428
f 3025/3057/1948/428 3024/3055/1946/428 3023/3054/1945/428
f 3028/3059/1950/429 3029/3060/1951/429 3031/3061/1952/429
f 3030/3062/1953/429 3028/3059/1950/429 3027/3063/1954/429
f 3030/3062/1953/429 3029/3060/1951/429 3028/3059/1950/429
f 3033/3064/1955/430 3034/3065/1956/430 3036/3066/1957/430
f 3035/3067/1958/430 3033/3064/1955/430 3032/3068/1959/430
f 3035/3067/1958/430 3034/3065/1956/430 3033/3064/1955/430
f 3038/3069/1960/431 3039/3070/1961/431 3041/3071/1962/431
f 3040/3072/1963/431 3038/3069/1960/431 3037/3073/1964/431
f 3040/3072/1963/431 3039/3070/1961/431 3038/3069/1960/431
f 3043/3074/1965/432 3044/3075/1966/432 3046/3076/1967/432
f 3045/3077/1968/432 3043/3074/1965/432 3042/3078/1969/432
f 3045/3077/1968/432 3044/3075/1966/432 3043/3074/1965/432
f 3048/3079/1970/433 3049/3080/1971/433 3051/3081/1972/433
f 3050/3082/1973/433 3048/3079/1970/433 3047/3083/1974/433
f 3050/3082/1973/433 3049/3080/1971/433 3048/3079/1970/433
f 3053/3084/1975/434 3054/3085/1976/434 3056/3086/1977/434
f 3055/3087/1978/434 3053/3084/1975/434 3052/3088/1979/434
f 3055/3087/1978/434 3054/3085/1976/434 3053/3084/1975/434
f 3102/3142/2017/436 3103/3143/2017/436 3104/3144/2017/436
f 3152/3191/2046/440 3153/3192/2047/440 3155/3193/2048/440
f 3154/3194/2049/440 3152/3191/2046/440 3151/3195/2050/440
f 3154/3194/2049/440 3153/3192/2047/440 3152/3191/2046/440
f 3157/3196/2051/441 3158/3197/2052/441 3160/3198/2053/441
f 3159/3199/2054/441 3157/3196/2051/441 3156/3200/2055/441
f 3159/3199/2054/441 3158/3197/2052/441 3157/3196/2051/441
f 3162/3201/2056/442 3163/3202/2057/442 3165/3203/2058/442
f 3164/3204/2059/442 3162/3201/2056/442 3161/3205/2060/442
f 3164/3204/2059/442 3163/3202/2057/442 3162/3201/2056/442
f 3167/3206/2061/443 3168/3207/2062/443 3170/3208/2063/443
f 3169/3209/2064/443 3167/3206/2061/443 3166/3210/2065/443
f 3169/3209/2064/443 3168/3207/2062/443 3167/3206/2061/443
f 3172/3211/2066/444 3173/3212/2067/444 3175/3213/2068/444
f 3174/3214/2069/444 3172/3211/2066/444 3171/3215/2070/444
f 3174/3214/2069/444 3173/3212/2067/444 3172/3211/2066/444
f 3177/3216/2071/445 3178/3217/2072/445 3180/3218/2073/445
f 3179/3219/2074/445 3177/3216/2071/445 3176/3220/2075/445
f 3179/3219/2074/445 3178/3217/2072/445 3177/3216/2071/445
f 3182/3221/2076/446 3183/3222/2077/446 3185/3223/2078/446
f 3184/3224/2079/446 3182/3221/2076/446 3181/3225/2080/446
f 3184/3224/2079/446 3183/3222/2077/446 3182/3221/2076/446
f 3187/3226/2081/447 3188/3227/2082/447 3190/3228/2083/447
f 3189/3229/2084/447 3187/3226/2081/447 3186/3230/2085/447
f 3189/3229/2084/447 3188/3227/2082/447 3187/3226/2081/447
f 3192/3231/2086/448 3193/3232/2087/448 3195/3233/2088/448
f 3194/3234/2089/448 3192/3231/2086/448 3191/3235/2090/448
f 3194/3234/2089/448 3193/3232/2087/448 3192/3231/2086/448
f 3197/3236/2091/449 3198/3237/2092/449 3200/3238/2093/449
f 3199/3239/2094/449 3197/3236/2091/449 3196/3240/2095/449
f 3199/3239/2094/449 3198/3237/2092/449 3197/3236/2091/449
f 3202/3241/2096/450 3203/3242/2097/450 3205/3243/2098/450
f 3204/3244/2099/450 3202/3241/2096/450 3201/3245/2100/450
f 3204/3244/2099/450 3203/3242/2097/450 3202/3241/2096/450
f 3251/3299/2138/452 3252/3300/2138/452 3253/3301/2138/452
f 3307/3354/2170/456 3308/3355/2171/456 3310/3356/2172/456
f 3309/3357/2173/456 3307/3354/2170/456 3306/3358/2174/456
f 3309/3357/2173/456 3308/3355/2171/456 3307/3354/2170/456
f 3312/3359/2175/457 3313/3360/2176/457 3315/3361/2177/457
f 3314/3362/2178/457 3312/3359/2175/457 3311/3363/2179/457
f 3314/3362/2178/457 3313/3360/2176/457 3312/3359/2175/457
f 3317/3364/2180/458 3318/3365/2181/458 3320/3366/2182/458
f 3319/3367/2183/458 3317/3364/2180/458 3316/3368/2184/458
f 3319/3367/2183/458 3318/3365/2181/458 3317/3364/2180/458
f 3322/3369/2185/459 3323/3370/2186/459 3325/3371/2187/459
f 3324/3372/2188/459 3322/3369/2185/459 3321/3373/2189/459
f 3324/3372/2188/459 3323/3370/2186/459 3322/3369/2185/459
f 3327/3374/2190/460 3328/3375/2191/460 3330/3376/2192/460
f 3329/3377/2193/460 3327/3374/2190/460 3326/3378/2194/460
f 3329/3377/2193/460 3328/3375/2191/460 3327/3374/2190/460
f 3332/3379/2195/461 3333/3380/2196/461 3335/3381/2197/461
f 3334/3382/2198/461 3332/3379/2195/461 3331/3383/2199/461
f 3334/3382/2198/461 3333/3380/2196/461 3332/3379/2195/461
f 3337/3384/2200/462 3338/3385/2201/462 3340/3386/2202/462
f 3339/3387/2203/462 3337/3384/2200/462 3336/3388/2204/462
f 3339/3387/2203/462 3338/3385/2201/462 3337/3384/2200/462
f 3342/3389/2205/463 3343/3390/2206/463 3345/3391/2207/463
f 3344/3392/2208/463 3342/3389/2205/463 3341/3393/2209/463
f 3344/3392/2208/463 3343/3390/2206/463 3342/3389/2205/463
f 3347/3394/2210/464 3348/3395/2211/464 3350/3396/2212/464
f 3349/3397/2213/464 3347/3394/2210/464 3346/3398/2214/464
f 3349/3397/2213/464 3348/3395/2211/464 3347/3394/2210/464
f 3352/3399/2215/465 3353/3400/2216/465 3355/3401/2217/465
f 3354/3402/2218/465 3352/3399/2215/465 3351/3403/2219/465
f 3354/3402/2218/465 3353/3400/2216/465 3352/3399/2215/465
f 3357/3404/2220/466 3358/3405/2221/466 3360/3406/2222/466
f 3359/3407/2223/466 3357/3404/2220/466 3356/3408/2224/466
f 3359/3407/2223/466 3358/3405/2221/466 3357/3404/2220/466
f 3362/3409/2225/467 3363/3410/2226/467 3365/3411/2227/467
f 3364/3412/2228/467 3362/3409/2225/467 3361/3413/2229/467
f 3364/3412/2228/467 3363/3410/2226/467 3362/3409/2225/467
f 3427/3483/2276/470 3428/3484/2276/470 3429/3485/2276/470
f 3511/3566/2321/477 3512/3567/2322/477 3514/3568/2323/477
f 3513/3569/2324/477 3511/3566/2321/477 3510/3570/2325/477
f 3513/3569/2324/477 3512/3567/2322/477 3511/3566/2321/477
f 3516/3571/2326/478 3517/3572/2327/478 3519/3573/2328/478
f 3518/3574/2329/478 3516/3571/2326/478 3515/3575/2330/478
f 3518/3574/2329/478 3517/3572/2327/478 3516/3571/2326/478
f 3521/3576/2331/479 3522/3577/2332/479 3524/3578/2333/479
f 3523/3579/2334/479 3521/3576/2331/479 3520/3580/2335/479
f 3523/3579/2334/479 3522/3577/2332/479 3521/3576/2331/479
f 3526/3581/2336/480 3527/3582/2337/480 3529/3583/2338/480
f 3528/3584/2339/480 3526/3581/2336/480 3525/3585/2340/480
f 3528/3584/2339/480 3527/3582/2337/480 3526/3581/2336/480
f 3531/3586/2341/481 3532/3587/2342/481 3534/3588/2343/481
f 3533/3589/2344/481 3531/3586/2341/481 3530/3590/2345/481
f 3533/3589/2344/481 3532/3587/2342/481 3531/3586/2341/481
f 3536/3591/2346/482 3537/3592/2347/482 3539/3593/2348/482
f 3538/3594/2349/482 3536/3591/2346/482 3535/3595/2350/482
f 3538/3594/2349/482 3537/3592/2347/482 3536/3591/2346/482
f 3541/3596/2351/483 3542/3597/2352/483 3544/3598/2353/483
f 3543/3599/2354/483 3541/3596/2351/483 3540/3600/2355/483
f 3543/3599/2354/483 3542/3597/2352/483 3541/3596/2351/483
f 3546/3601/2356/484 3547/3602/2357/484 3549/3603/2358/484
f 3548/3604/2359/484 3546/3601/2356/484 3545/3605/2360/484
f 3548/3604/2359/484 3547/3602/2357/484 3546/3601/2356/484
f 3551/3606/2361/485 3552/3607/2362/485 3554/3608/2363/485
f 3553/3609/2364/485 3551/3606/2361/485 3550/3610/2365/485
f 3553/3609/2364/485 3552/3607/2362/485 3551/3606/2361/485
f 3556/3611/2366/486 3557/3612/2367/486 3559/3613/2368/486
f 3558/3614/2369/486 3556/3611/2366/486 3555/3615/2370/486
f 3558/3614/2369/486 3557/3612/2367/486 3556/3611/2366/486
f 3561/3616/2371/487 3562/3617/2372/487 3564/3618/2373/487
f 3563/3619/2374/487 3561/3616/2371/487 3560/3620/2375/487
f 3563/3619/2374/487 3562/3617/2372/487 3561/3616/2371/487
f 3566/3621/2376/488 3567/3622/2377/488 3569/3623/2378/488
f 3568/3624/2379/488 3566/3621/2376/488 3565/3625/2380/488
f 3568/3624/2379/488 3567/3622/2377/488 3566/3621/2376/488
f 3571/3626/2381/489 3572/3627/2382/489 3574/3628/2383/489
f 3573/3629/2384/489 3571/3626/2381/489 3570/3630/2385/489
f 3573/3629/2384/489 3572/3627/2382/489 3571/3626/2381/489
f 3576/3631/2386/490 3577/3632/2387/490 3579/3633/2388/490
f 3578/3634/2389/490 3576/3631/2386/490 3575/3635/2390/490
f 3578/3634/2389/490 3577/3632/2387/490 3576/3631/2386/490
f 3625/3689/2428/492 3626/3690/2428/492 3627/3691/2428/492
f 3740/3812/2499/500 3741/3813/2499/500 3742/3814/2499/500
f 3760/3831/2509/502 3761/3832/2510/502 3763/3833/2511/502
f 3762/3834/2512/502 3760/3831/2509/502 3759/3835/2513/502
f 3762/3834/2512/502 3761/3832/2510/502 3760/3831/2509/502
f 3765/3836/2514/503 3766/3837/2515/503 3768/3838/2516/503
f 3767/3839/2517/503 3765/3836/2514/503 3764/3840/2518/503
f 3767/3839/2517/503 3766/3837/2515/503 3765/3836/2514/503
f 3770/3841/2519/504 3771/3842/2520/504 3773/3843/2521/504
f 3772/3844/2522/504 3770/3841/2519/504 3769/3845/2523/504
f 3772/3844/2522/504 3771/3842/2520/504 3770/3841/2519/504
f 3775/3846/2524/505 3776/3847/2525/505 3778/3848/2526/505
f 3777/3849/2527/505 3775/3846/2524/505 3774/3850/2528/505
f 3777/3849/2527/505 3776/3847/2525/505 3775/3846/2524/505
f 3780/3851/2529/506 3781/3852/2530/506 3783/3853/2531/506
f 3782/3854/2532/506 3780/3851/2529/506 3779/3855/2533/506
f 3782/3854/2532/506 3781/3852/2530/506 3780/3851/2529/506
f 3785/3856/2534/507 3786/3857/2535/507 3788/3858/2536/507
f 3787/3859/2537/507 3785/3856/2534/507 3784/3860/2538/507
f 3787/3859/2537/507 3786/3857/2535/507 3785/3856/2534/507
f 3790/3861/2539/508 3791/3862/2540/508 3793/3863/2541/508
f 3792/3864/2542/508 3790/3861/2539/508 3789/3865/2543/508
f 3792/3864/2542/508 3791/3862/2540/508 3790/3861/2539/508
f 3795/3866/2544/509 3796/3867/2545/509 3798/3868/2546/509
f 3797/3869/2547/509 3795/3866/2544/509 3794/3870/2548/509
f 3797/3869/2547/509 3796/3867/2545/509 3795/3866/2544/509
f 3800/3871/2549/510 3801/3872/2550/510 3803/3873/2551/510
f 3802/3874/2552/510 3800/3871/2549/510 3799/3875/2553/510
f 3802/3874/2552/510 3801/3872/2550/510 3800/3871/2549/510
f 3805/3876/2554/511 3806/3877/2555/511 3808/3878/2556/511
f 3807/3879/2557/511 3805/3876/2554/511 3804/3880/2558/511
f 3807/3879/2557/511 3806/3877/2555/511 3805/3876/2554/511
f 3810/3881/2559/512 3811/3882/2560/512 3813/3883/2561/512
f 3812/3884/2562/512 3810/3881/2559/512 3809/3885/2563/512
f 3812/3884/2562/512 3811/3882/2560/512 3810/3881/2559/512
f 3815/3886/2564/513 3816/3887/2565/513 3818/3888/2566/513
f 3817/3889/2567/513 3815/3886/2564/513 3814/3890/2568/513
f 3817/3889/2567/513 3816/3887/2565/513 3815/3886/2564/513
f 3820/3891/2569/514 3821/3892/2570/514 3823/3893/2571/514
f 3822/3894/2572/514 3820/3891/2569/514 3819/3895/2573/514
f 3822/3894/2572/514 3821/3892/2570/514 3820/3891/2569/514
f 3825/3896/2574/515 3826/3897/2575/515 3828/3898/2576/515
f 3827/3899/2577/515 3825/3896/2574/515 3824/3900/2578/515
f 3827/3899/2577/515 3826/3897/2575/515 3825/3896/2574/515
f 3830/3901/2579/516 3831/3902/2580/516 3833/3903/2581/516
f 3832/3904/2582/516 3830/3901/2579/516 3829/3905/2583/516
f 3832/3904/2582/516 3831/3902/2580/516 3830/3901/2579/516
f 3879/3959/2621/518 3880/3960/2621/518 3881/3961/2621/518
f 4000/4088/2695/526 4001/4089/2695/526 4002/4090/2695/526
f 4055/4142/2732/529 4056/4143/2733/529 4058/4144/2734/529
f 4057/4145/2735/529 4055/4142/2732/529 4054/4146/2736/529
f 4057/4145/2735/529 4056/4143/2733/529 4055/4142/2732/529
f 4060/4147/2737/530 4061/4148/2738/530 4063/4149/2739/530
f 4062/4150/2740/530 4060/4147/2737/530 4059/4151/2741/530
f 4062/4150/2740/530 4061/4148/2738/530 4060/4147/2737/530
f 4065/4152/2742/531 4066/4153/2743/531 4068/4154/2744/531
f 4067/4155/2745/531 4065/4152/2742/531 4064/4156/2746/531
f 4067/4155/2745/531 4066/4153/2743/531 4065/4152/2742/531
f 4070/4157/2747/532 4071/4158/2748/532 4073/4159/2749/532
f 4072/4160/2750/532 4070/4157/2747/532 4069/4161/2751/532
f 4072/4160/2750/532 4071/4158/2748/532 4070/4157/2747/532
f 4075/4162/2752/533 4076/4163/2753/533 4078/4164/2754/533
f 4077/4165/2755/533 4075/4162/2752/533 4074/4166/2756/533
f 4077/4165/2755/533 4076/4163/2753/533 4075/4162/2752/533
f 4080/4167/2757/534 4081/4168/2758/534 4083/4169/2759/534
f 4082/4170/2760/534 4080/4167/2757/534 4079/4171/2761/534
f 4082/4170/2760/534 4081/4168/2758/534 4080/4167/2757/534
f 4085/4172/2762/535 4086/4173/2763/535 4088/4174/2764/535
f 4087/4175/2765/535 4085/4172/2762/535 4084/4176/2766/535
f 4087/4175/2765/535 4086/4173/2763/535 4085/4172/2762/535
f 4090/4177/2767/536 4091/4178/2768/536 4093/4179/2769/536
f 4092/4180/2770/536 4090/4177/2767/536 4089/4181/2771/536
f 4092/4180/2770/536 4091/4178/2768/536 4090/4177/2767/536
f 4095/4182/2772/537 4096/4183/2773/537 4098/4184/2774/537
f 4097/4185/2775/537 4095/4182/2772/537 4094/4186/2776/537
f 4097/4185/2775/537 4096/4183/2773/537 4095/4182/2772/537
f 4100/4187/2777/538 4101/4188/2778/538 4103/4189/2779/538
f 4102/4190/2780/538 4100/4187/2777/538 4099/4191/2781/538
f 4102/4190/2780/538 4101/4188/2778/538 4100/4187/2777/538
f 4105/4192/2782/539 4106/4193/2783/539 4108/4194/2784/539
f 4107/4195/2785/539 4105/4192/2782/539 4104/4196/2786/539
f 4107/4195/2785/539 4106/4193/2783/539 4105/4192/2782/539
f 4110/4197/2787/540 4111/4198/2788/540 4113/4199/2789/540
f 4112/4200/2790/540 4110/4197/2787/540 4109/4201/2791/540
f 4112/4200/2790/540 4111/4198/2788/540 4110/4197/2787/540
f 4115/4202/2792/541 4116/4203/2793/541 4118/4204/2794/541
f 4117/4205/2795/541 4115/4202/2792/541 4114/4206/2796/541
f 4117/4205/2795/541 4116/4203/2793/541 4115/4202/2792/541
f 4120/4207/2797/542 4121/4208/2798/542 4123/4209/2799/542
f 4122/4210/2800/542 4120/4207/2797/542 4119/4211/2801/542
f 4122/4210/2800/542 4121/4208/2798/542 4120/4207/2797/542
f 4125/4212/2802/543 4126/4213/2803/543 4128/4214/2804/543
f 4127/4215/2805/543 4125/4212/2802/543 4124/4216/2806/543
f 4127/4215/2805/543 4126/4213/2803/543 4125/4212/2802/543
f 4130/4217/2807/544 4131/4218/2808/544 4133/4219/2809/544
f 4132/4220/2810/544 4130/4217/2807/544 4129/4221/2811/544
f 4132/4220/2810/544 4131/4218/2808/544 4130/4217/2807/544
f 4135/4222/2812/545 4136/4223/2813/545 4138/4224/2814/545
f 4137/4225/2815/545 4135/4222/2812/545 4134/4226/2816/545
f 4137/4225/2815/545 4136/4223/2813/545 4135/4222/2812/545
f 4200/4296/2863/548 4201/4297/2863/548 4202/4298/2863/548
f 4291/4395/2919/555 4292/4396/2919/555 4293/4397/2919/555
f 4330/4433/2947/557 4331/4434/2948/557 4333/4435/2949/557
f 4332/4436/2950/557 4330/4433/2947/557 4329/4437/2951/557
f 4332/4436/2950/557 4331/4434/2948/557 4330/4433/2947/557
f 4335/4438/2952/558 4336/4439/2953/558 4338/4440/2954/558
f 4337/4441/2955/558 4335/4438/2952/558 4334/4442/2956/558
f 4337/4441/2955/558 4336/4439/2953/558 4335/4438/2952/558
f 4340/4443/2957/559 4341/4444/2958/559 4343/4445/2959/559
f 4342/4446/2960/559 4340/4443/2957/559 4339/4447/2961/559
f 4342/4446/2960/559 4341/4444/2958/559 4340/4443/2957/559
f 4345/4448/2962/560 4346/4449/2963/560 4348/4450/2964/560
f 4347/4451/2965/560 4345/4448/2962/560 4344/4452/2966/560
f 4347/4451/2965/560 4346/4449/2963/560 4345/4448/2962/560
f 4350/4453/2967/561 4351/4454/2968/561 4353/4455/2969/561
f 4352/4456/2970/561 4350/4453/2967/561 4349/4457/2971/561
f 4352/4456/2970/561 4351/4454/2968/561 4350/4453/2967/561
f 4355/4458/2972/562 4356/4459/2973/562 4358/4460/2974/562
f 4357/4461/2975/562 4355/4458/2972/562 4354/4462/2976/562
f 4357/4461/2975/562 4356/4459/2973/562 4355/4458/2972/562
f 4360/4463/2977/563 4361/4464/2978/563 4363/4465/2979/563
f 4362/4466/2980/563 4360/4463/2977/563 4359/4467/2981/563
f 4362/4466/2980/563 4361/4464/2978/563 4360/4463/2977/563
f 4365/4468/2982/564 4366/4469/2983/564 4368/4470/2984/564
f 4367/4471/2985/564 4365/4468/2982/564 4364/4472/2986/564
f 4367/4471/2985/564 4366/4469/2983/564 4365/4468/2982/564
f 4370/4473/2987/565 4371/4474/2988/565 4373/4475/2989/565
f 4372/4476/2990/565 4370/4473/2987/565 4369/4477/2991/565
f 4372/4476/2990/565 4371/4474/2988/565 4370/4473/2987/565
f 4375/4478/2992/566 4376/4479/2993/566 4378/4480/2994/566
f 4377/4481/2995/566 4375/4478/2992/566 4374/4482/2996/566
f 4377/4481/2995/566 4376/4479/2993/566 4375/4478/2992/566
f 4380/4483/2997/567 4381/4484/2998/567 4383/4485/2999/567
f 4382/4486/3000/567 4380/4483/2997/567 4379/4487/3001/567
f 4382/4486/3000/567 4381/4484/2998/567 4380/4483/2997/567
f 4385/4488/3002/568 4386/4489/3003/568 4388/4490/3004/568
f 4387/4491/3005/568 4385/4488/3002/568 4384/4492/3006/568
f 4387/4491/3005/568 4386/4489/3003/568 4385/4488/3002/568
f 4390/4493/3007/569 4391/4494/3008/569 4393/4495/3009/569
f 4392/4496/3010/569 4390/4493/3007/569 4389/4497/3011/569
f 4392/4496/3010/569 4391/4494/3008/569 4390/4493/3007/569
f 4395/4498/3012/570 4396/4499/3013/570 4398/4500/3014/570
f 4397/4501/3015/570 4395/4498/3012/570 4394/4502/3016/570
f 4397/4501/3015/570 4396/4499/3013/570 4395/4498/3012/570
f 4400/4503/3017/571 4401/4504/3018/571 4403/4505/3019/571
f 4402/4506/3020/571 4400/4503/3017/571 4399/4507/3021/571
f 4402/4506/3020/571 4401/4504/3018/571 4400/4503/3017/571
f 4405/4508/3022/572 4406/4509/3023/572 4408/4510/3024/572
f 4407/4511/3025/572 4405/4508/3022/572 4404/4512/3026/572
f 4407/4511/3025/572 4406/4509/3023/572 4405/4508/3022/572
f 4410/4513/3027/573 4411/4514/3028/573 4413/4515/3029/573
f 4412/4516/3030/573 4410/4513/3027/573 4409/4517/3031/573
f 4412/4516/3030/573 4411/4514/3028/573 4410/4513/3027/573
f 4415/4518/3032/574 4416/4519/3033/574 4418/4520/3034/574
f 4417/4521/3035/574 4415/4518/3032/574 4414/4522/3036/574
f 4417/4521/3035/574 4416/4519/3033/574 4415/4518/3032/574
f 4420/4523/3037/575 4421/4524/3038/575 4423/4525/3039/575
f 4422/4526/3040/575 4420/4523/3037/575 4419/4527/3041/575
f 4422/4526/3040/575 4421/4524/3038/575 4420/4523/3037/575
f 4425/4528/3042/576 4426/4529/3043/576 4428/4530/3044/576
f 4427/4531/3045/576 4425/4528/3042/576 4424/4532/3046/576
f 4427/4531/3045/576 4426/4529/3043/576 4425/4528/3042/576
f 4430/4533/3047/577 4431/4534/3048/577 4433/4535/3049/577
f 4432/4536/3050/577 4430/4533/3047/577 4429/4537/3051/577
f 4432/4536/3050/577 4431/4534/3048/577 4430/4533/3047/577
f 4495/4607/3098/580 4496/4608/3098/580 4497/4609/3098/580
f 4512/4632/3110/582 4513/4633/3110/582 4514/4634/3110/582
f 4525/4653/3121/583 4526/4654/3121/583 4527/4655/3121/583
f 4580/4707/3158/586 4581/4708/3159/586 4583/4709/3160/586
f 4582/4710/3161/586 4580/4707/3158/586 4579/4711/3162/586
f 4582/4710/3161/586 4581/4708/3159/586 4580/4707/3158/586
f 4585/4712/3163/587 4586/4713/3164/587 4588/4714/3165/587
f 4587/4715/3166/587 4585/4712/3163/587 4584/4716/3167/587
f 4587/4715/3166/587 4586/4713/3164/587 4585/4712/3163/587
f 4590/4717/3168/588 4591/4718/3169/588 4593/4719/3170/588
f 4592/4720/3171/588 4590/4717/3168/588 4589/4721/3172/588
f 4592/4720/3171/588 4591/4718/3169/588 4590/4717/3168/588
f 4595/4722/3173/589 4596/4723/3174/589 4598/4724/3175/589
f 4597/4725/3176/589 4595/4722/3173/589 4594/4726/3177/589
f 4597/4725/3176/589 4596/4723/3174/589 4595/4722/3173/589
f 4600/4727/3178/590 4601/4728/3179/590 4603/4729/3180/590
f 4602/4730/3181/590 4600/4727/3178/590 4599/4731/3182/590
f 4602/4730/3181/590 4601/4728/3179/590 4600/4727/3178/590
f 4605/4732/3183/591 4606/4733/3184/591 4608/4734/3185/591
f 4607/4735/3186/591 4605/4732/3183/591 4604/4736/3187/591
f 4607/4735/3186/591 4606/4733/3184/591 4605/4732/3183/591
f 4610/4737/3188/592 4611/4738/3189/592 4613/4739/3190/592
f 4612/4740/3191/592 4610/4737/3188/592 4609/4741/3192/592
f 4612/4740/3191/592 4611/4738/3189/592 4610/4737/3188/592
f 4615/4742/3193/593 4616/4743/3194/593 4618/4744/3195/593
f 4617/4745/3196/593 4615/4742/3193/593 4614/4746/3197/593
f 4617/4745/3196/593 4616/4743/3194/593 4615/4742/3193/593
f 4620/4747/3198/594 4621/4748/3199/594 4623/4749/3200/594
f 4622/4750/3201/594 4620/4747/3198/594 4619/4751/3202/594
f 4622/4750/3201/594 4621/4748/3199/594 4620/4747/3198/594
f 4625/4752/3203/595 4626/4753/3204/595 4628/4754/3205/595
f 4627/4755/3206/595 4625/4752/3203/595 4624/4756/3207/595
f 4627/4755/3206/595 4626/4753/3204/595 4625/4752/3203/595
f 4630/4757/3208/596 4631/4758/3209/596 4633/4759/3210/596
f 4632/4760/3211/596 4630/4757/3208/596 4629/4761/3212/596
f 4632/4760/3211/596 4631/4758/3209/596 4630/4757/3208/596
f 4635/4762/3213/597 4636/4763/3214/597 4638/4764/3215/597
f 4637/4765/3216/597 4635/4762/3213/597 4634/4766/3217/597
f 4637/4765/3216/597 4636/4763/3214/597 4635/4762/3213/597
f 4640/4767/3218/598 4641/4768/3219/598 4643/4769/3220/598
f 4642/4770/3221/598 4640/4767/3218/598 4639/4771/3222/598
f 4642/4770/3221/598 4641/4768/3219/598 4640/4767/3218/598
f 4645/4772/3223/599 4646/4773/3224/599 4648/4774/3225/599
f 4647/4775/3226/599 4645/4772/3223/599 4644/4776/3227/599
f 4647/4775/3226/599 4646/4773/3224/599 4645/4772/3223/599
f 4650/4777/3228/600 4651/4778/3229/600 4653/4779/3230/600
f 4652/4780/3231/600 4650/4777/3228/600 4649/4781/3232/600
f 4652/4780/3231/600 4651/4778/3229/600 4650/4777/3228/600
f 4655/4782/3233/601 4656/4783/3234/601 4658/4784/3235/601
f 4657/4785/3236/601 4655/4782/3233/601 4654/4786/3237/601
f 4657/4785/3236/601 4656/4783/3234/601 4655/4782/3233/601
f 4660/4787/3238/602 4661/4788/3239/602 4663/4789/3240/602
f 4662/4790/3241/602 4660/4787/3238/602 4659/4791/3242/602
f 4662/4790/3241/602 4661/4788/3239/602 4660/4787/3238/602
f 4665/4792/3243/603 4666/4793/3244/603 4668/4794/3245/603
f 4667/4795/3246/603 4665/4792/3243/603 4664/4796/3247/603
f 4667/4795/3246/603 4666/4793/3244/603 4665/4792/3243/603
f 4670/4797/3248/604 4671/4798/3249/604 4673/4799/3250/604
f 4672/4800/3251/604 4670/4797/3248/604 4669/4801/3252/604
f 4672/4800/3251/604 4671/4798/3249/604 4670/4797/3248/604
f 4675/4802/3253/605 4676/4803/3254/605 4678/4804/3255/605
f 4677/4805/3256/605 4675/4802/3253/605 4674/4806/3257/605
f 4677/4805/3256/605 4676/4803/3254/605 4675/4802/3253/605
f 4680/4807/3258/606 4681/4808/3259/606 4683/4809/3260/606
f 4682/4810/3261/606 4680/4807/3258/606 4679/4811/3262/606
f 4682/4810/3261/606 4681/4808/3259/606 4680/4807/3258/606
f 4685/4812/3263/607 4686/4813/3264/607 4688/4814/3265/607
f 4687/4815/3266/607 4685/4812/3263/607 4684/4816/3267/607
f 4687/4815/3266/607 4686/4813/3264/607 4685/4812/3263/607
f 4690/4817/3268/608 4691/4818/3269/608 4693/4819/3270/608
f 4692/4820/3271/608 4690/4817/3268/608 4689/4821/3272/608
f 4692/4820/3271/608 4691/4818/3269/608 4690/4817/3268/608
f 4695/4822/3273/609 4696/4823/3274/609 4698/4824/3275/609
f 4697/4825/3276/609 4695/4822/3273/609 4694/4826/3277/609
f 4697/4825/3276/609 4696/4823/3274/609 4695/4822/3273/609
f 4821/4948/3368/614 4822/4949/3369/614 4824/4950/3370/614
f 4823/4951/3371/614 4821/4948/3368/614 4820/4952/3372/614
f 4823/4951/3371/614 4822/4949/3369/614 4821/4948/3368/614
f 4826/4953/3373/615 4827/4954/3374/615 4829/4955/3375/615
f 4828/4956/3376/615 4826/4953/3373/615 4825/4957/3377/615
f 4828/4956/3376/615 4827/4954/3374/615 4826/4953/3373/615
f 4831/4958/3378/616 4832/4959/3379/616 4834/4960/3380/616
f 4833/4961/3381/616 4831/4958/3378/616 4830/4962/3382/616
f 4833/4961/3381/616 4832/4959/3379/616 4831/4958/3378/616
f 4836/4963/3383/617 4837/4964/3384/617 4839/4965/3385/617
f 4838/4966/3386/617 4836/4963/3383/617 4835/4967/3387/617
f 4838/4966/3386/617 4837/4964/3384/617 4836/4963/3383/617
f 4841/4968/3388/618 4842/4969/3389/618 4844/4970/3390/618
f 4843/4971/3391/618 4841/4968/3388/618 4840/4972/3392/618
f 4843/4971/3391/618 4842/4969/3389/618 4841/4968/3388/618
f 4846/4973/3393/619 4847/4974/3394/619 4849/4975/3395/619
f 4848/4976/3396/619 4846/4973/3393/619 4845/4977/3397/619
f 4848/4976/3396/619 4847/4974/3394/619 4846/4973/3393/619
f 4851/4978/3398/620 4852/4979/3399/620 4854/4980/3400/620
f 4853/4981/3401/620 4851/4978/3398/620 4850/4982/3402/620
f 4853/4981/3401/620 4852/4979/3399/620 4851/4978/3398/620
f 4856/4983/3403/621 4857/4984/3404/621 4859/4985/3405/621
f 4858/4986/3406/621 4856/4983/3403/621 4855/4987/3407/621
f 4858/4986/3406/621 4857/4984/3404/621 4856/4983/3403/621
f 4861/4988/3408/622 4862/4989/3409/622 4864/4990/3410/622
f 4863/4991/3411/622 4861/4988/3408/622 4860/4992/3412/622
f 4863/4991/3411/622 4862/4989/3409/622 4861/4988/3408/622
f 4866/4993/3413/623 4867/4994/3414/623 4869/4995/3415/623
f 4868/4996/3416/623 4866/4993/3413/623 4865/4997/3417/623
f 4868/4996/3416/623 4867/4994/3414/623 4866/4993/3413/623
f 4871/4998/3418/624 4872/4999/3419/624 4874/5000/3420/624
f 4873/5001/3421/624 4871/4998/3418/624 4870/5002/3422/624
f 4873/5001/3421/624 4872/4999/3419/624 4871/4998/3418/624
f 4876/5003/3423/625 4877/5004/3424/625 4879/5005/3425/625
f 4878/5006/3426/625 4876/5003/3423/625 4875/5007/3427/625
f 4878/5006/3426/625 4877/5004/3424/625 4876/5003/3423/625
f 4881/5008/3428/626 4882/5009/3429/626 4884/5010/3430/626
f 4883/5011/3431/626 4881/5008/3428/626 4880/5012/3432/626
f 4883/5011/3431/626 4882/5009/3429/626 4881/5008/3428/626
f 4886/5013/3433/627 4887/5014/3434/627 4889/5015/3435/627
f 4888/5016/3436/627 4886/5013/3433/627 4885/5017/3437/627
f 4888/5016/3436/627 4887/5014/3434/627 4886/5013/3433/627
f 4891/5018/3438/628 4892/5019/3439/628 4894/5020/3440/628
f 4893/5021/3441/628 4891/5018/3438/628 4890/5022/3442/628
f 4893/5021/3441/628 4892/5019/3439/628 4891/5018/3438/628
f 4896/5023/3443/629 4897/5024/3444/629 4899/5025/3445/629
f 4898/5026/3446/629 4896/5023/3443/629 4895/5027/3447/629
f 4898/5026/3446/629 4897/5024/3444/629 4896/5023/3443/629
f 4901/5028/3448/630 4902/5029/3449/630 4904/5030/3450/630
f 4903/5031/3451/630 4901/5028/3448/630 4900/5032/3452/630
f 4903/5031/3451/630 4902/5029/3449/630 4901/5028/3448/630
f 4906/5033/3453/631 4907/5034/3454/631 4909/5035/3455/631
f 4908/5036/3456/631 4906/5033/3453/631 4905/5037/3457/631
f 4908/5036/3456/631 4907/5034/3454/631 4906/5033/3453/631
f 4911/5038/3458/632 4912/5039/3459/632 4914/5040/3460/632
f 4913/5041/3461/632 4911/5038/3458/632 4910/5042/3462/632
f 4913/5041/3461/632 4912/5039/3459/632 4911/5038/3458/632
f 4916/5043/3463/633 4917/5044/3464/633 4919/5045/3465/633
f 4918/5046/3466/633 4916/5043/3463/633 4915/5047/3467/633
f 4918/5046/3466/633 4917/5044/3464/633 4916/5043/3463/633
f 4921/5048/3468/634 4922/5049/3469/634 4924/5050/3470/634
f 4923/5051/3471/634 4921/5048/3468/634 4920/5052/3472/634
f 4923/5051/3471/634 4922/5049/3469/634 4921/5048/3468/634
f 4926/5053/3473/635 4927/5054/3474/635 4929/5055/3475/635
f 4928/5056/3476/635 4926/5053/3473/635 4925/5057/3477/635
f 4928/5056/3476/635 4927/5054/3474/635 4926/5053/3473/635
f 4931/5058/3478/636 4932/5059/3479/636 4934/5060/3480/636
f 4933/5061/3481/636 4931/5058/3478/636 4930/5062/3482/636
f 4933/5061/3481/636 4932/5059/3479/636 4931/5058/3478/636
f 4936/5063/3483/637 4937/5064/3484/637 4939/5065/3485/637
f 4938/5066/3486/637 4936/5063/3483/637 4935/5067/3487/637
f 4938/5066/3486/637 4937/5064/3484/637 4936/5063/3483/637
f 4941/5068/3488/638 4942/5069/3489/638 4944/5070/3490/638
f 4943/5071/3491/638 4941/5068/3488/638 4940/5072/3492/638
f 4943/5071/3491/638 4942/5069/3489/638 4941/5068/3488/638
f 4946/5073/3493/639 4947/5074/3494/639 4949/5075/3495/639
f 4948/5076/3496/639 4946/5073/3493/639 4945/5077/3497/639
f 4948/5076/3496/639 4947/5074/3494/639 4946/5073/3493/639
f 4951/5078/3498/640 4952/5079/3499/640 4954/5080/3500/640
f 4953/5081/3501/640 4951/5078/3498/640 4950/5082/3502/640
f 4953/5081/3501/640 4952/5079/3499/640 4951/5078/3498/640
f 4956/5083/3503/641 4957/5084/3504/641 4959/5085/3505/641
f 4958/5086/3506/641 4956/5083/3503/641 4955/5087/3507/641
f 4958/5086/3506/641 4957/5084/3504/641 4956/5083/3503/641
f 4961/5088/3508/642 4962/5089/3509/642 4964/5090/3510/642
f 4963/5091/3511/642 4961/5088/3508/642 4960/5092/3512/642
f 4963/5091/3511/642 4962/5089/3509/642 4961/5088/3508/642
f 4966/5093/3513/643 4967/5094/3514/643 4969/5095/3515/643
f 4968/5096/3516/643 4966/5093/3513/643 4965/5097/3517/643
f 4968/5096/3516/643 4967/5094/3514/643 4966/5093/3513/643
f 4971/5098/3518/644 4972/5099/3519/644 4974/5100/3520/644
f 4973/5101/3521/644 4971/5098/3518/644 4970/5102/3522/644
f 4973/5101/3521/644 4972/5099/3519/644 4971/5098/3518/644
f 4976/5103/3523/645 4977/5104/3524/645 4979/5105/3525/645
f 4978/5106/3526/645 4976/5103/3523/645 4975/5107/3527/645
f 4978/5106/3526/645 4977/5104/3524/645 4976/5103/3523/645
f 4981/5108/3528/646 4982/5109/3529/646 4984/5110/3530/646
f 4983/5111/3531/646 4981/5108/3528/646 4980/5112/3532/646
f 4983/5111/3531/646 4982/5109/3529/646 4981/5108/3528/646
f 4986/5113/3533/647 4987/5114/3534/647 4989/5115/3535/647
f 4988/5116/3536/647 4986/5113/3533/647 4985/5117/3537/647
f 4988/5116/3536/647 4987/5114/3534/647 4986/5113/3533/647
f 4991/5118/3538/648 4992/5119/3539/648 4994/5120/3540/648
f 4993/5121/3541/648 4991/5118/3538/648 4990/5122/3542/648
f 4993/5121/3541/648 4992/5119/3539/648 4991/5118/3538/648
f 4996/5123/3543/649 4997/5124/3544/649 4999/5125/3545/649
f 4998/5126/3546/649 4996/5123/3543/649 4995/5127/3547/649
f 4998/5126/3546/649 4997/5124/3544/649 4996/5123/3543/649
f 5001/5128/3548/650 5002/5129/3549/650 5004/5130/3550/650
f 5003/5131/3551/650 5001/5128/3548/650 5000/5132/3552/650
f 5003/5131/3551/650 5002/5129/3549/650 5001/5128/3548/650
f 5006/5133/3553/651 5007/5134/3554/651 5009/5135/3555/651
f 5008/5136/3556/651 5006/5133/3553/651 5005/5137/3557/651
f 5008/5136/3556/651 5007/5134/3554/651 5006/5133/3553/651
f 5011/5138/3558/652 5012/5139/3559/652 5014/5140/3560/652
f 5013/5141/3561/652 5011/5138/3558/652 5010/5142/3562/652
f 5013/5141/3561/652 5012/5139/3559/652 5011/5138/3558/652
f 5016/5143/3563/653 5017/5144/3564/653 5019/5145/3565/653
f 5018/5146/3566/653 5016/5143/3563/653 5015/5147/3567/653
f 5018/5146/3566/653 5017/5144/3564/653 5016/5143/3563/653
f 5021/5148/3568/654 5022/5149/3569/654 5024/5150/3570/654
f 5023/5151/3571/654 5021/5148/3568/654 5020/5152/3572/654
f 5023/5151/3571/654 5022/5149/3569/654 5021/5148/3568/654
f 5026/5153/3573/655 5027/5154/3574/655 5029/5155/3575/655
f 5028/5156/3576/655 5026/5153/3573/655 5025/5157/3577/655
f 5028/5156/3576/655 5027/5154/3574/655 5026/5153/3573/655
f 5031/5158/3578/656 5032/5159/3579/656 5034/5160/3580/656
f 5033/5161/3581/656 5031/5158/3578/656 5030/5162/3582/656
f 5033/5161/3581/656 5032/5159/3579/656 5031/5158/3578/656
f 5036/5163/3583/657 5037/5164/3584/657 5039/5165/3585/657
f 5038/5166/3586/657 5036/5163/3583/657 5035/5167/3587/657
f 5038/5166/3586/657 5037/5164/3584/657 5036/5163/3583/657
f 5041/5168/3588/658 5042/5169/3589/658 5044/5170/3590/658
f 5043/5171/3591/658 5041/5168/3588/658 5040/5172/3592/658
f 5043/5171/3591/658 5042/5169/3589/658 5041/5168/3588/658
f 5046/5173/3593/659 5047/5174/3594/659 5049/5175/3595/659
f 5048/5176/3596/659 5046/5173/3593/659 5045/5177/3597/659
f 5048/5176/3596/659 5047/5174/3594/659 5046/5173/3593/659
f 5051/5178/3598/660 5052/5179/3599/660 5054/5180/3600/660
f 5053/5181/3601/660 5051/5178/3598/660 5050/5182/3602/660
f 5053/5181/3601/660 5052/5179/3599/660 5051/5178/3598/660
f 5056/5183/3603/661 5057/5184/3604/661 5059/5185/3605/661
f 5058/5186/3606/661 5056/5183/3603/661 5055/5187/3607/661
f 5058/5186/3606/661 5057/5184/3604/661 5056/5183/3603/661
f 5061/5188/3608/662 5062/5189/3609/662 5064/5190/3610/662
f 5063/5191/3611/662 5061/5188/3608/662 5060/5192/3612/662
f 5063/5191/3611/662 5062/5189/3609/662 5061/5188/3608/662
f 5066/5193/3613/663 5067/5194/3614/663 5069/5195/3615/663
f 5068/5196/3616/663 5066/5193/3613/663 5065/5197/3617/663
f 5068/5196/3616/663 5067/5194/3614/663 5066/5193/3613/663
f 5071/5198/3618/664 5072/5199/3619/664 5074/5200/3620/664
f 5073/5201/3621/664 5071/5198/3618/664 5070/5202/3622/664
f 5073/5201/3621/664 5072/5199/3619/664 5071/5198/3618/664
f 5076/5203/3623/665 5077/5204/3624/665 5079/5205/3625/665
f 5078/5206/3626/665 5076/5203/3623/665 5075/5207/3627/665
f 5078/5206/3626/665 5077/5204/3624/665 5076/5203/3623/665
f 5081/5208/3628/666 5082/5209/3629/666 5084/5210/3630/666
f 5083/5211/3631/666 5081/5208/3628/666 5080/5212/3632/666
f 5083/5211/3631/666 5082/5209/3629/666 5081/5208/3628/666
f 5086/5213/3633/667 5087/5214/3634/667 5089/5215/3635/667
f 5088/5216/3636/667 5086/5213/3633/667 5085/5217/3637/667
f 5088/5216/3636/667 5087/5214/3634/667 5086/5213/3633/667
f 5091/5218/3638/668 5092/5219/3639/668 5094/5220/3640/668
f 5093/5221/3641/668 5091/5218/3638/668 5090/5222/3642/668
f 5093/5221/3641/668 5092/5219/3639/668 5091/5218/3638/668
f 5096/5223/3643/669 5097/5224/3644/669 5099/5225/3645/669
f 5098/5226/3646/669 5096/5223/3643/669 5095/5227/3647/669
f 5098/5226/3646/669 5097/5224/3644/669 5096/5223/3643/669
f 5101/5228/3648/670 5102/5229/3649/670 5104/5230/3650/670
f 5103/5231/3651/670 5101/5228/3648/670 5100/5232/3652/670
f 5103/5231/3651/670 5102/5229/3649/670 5101/5228/3648/670
f 5106/5233/3653/671 5107/5234/3654/671 5109/5235/3655/671
f 5108/5236/3656/671 5106/5233/3653/671 5105/5237/3657/671
f 5108/5236/3656/671 5107/5234/3654/671 5106/5233/3653/671
f 5111/5238/3658/672 5112/5239/3659/672 5114/5240/3660/672
f 5113/5241/3661/672 5111/5238/3658/672 5110/5242/3662/672
f 5113/5241/3661/672 5112/5239/3659/672 5111/5238/3658/672
f 5116/5243/3663/673 5117/5244/3664/673 5119/5245/3665/673
f 5118/5246/3666/673 5116/5243/3663/673 5115/5247/3667/673
f 5118/5246/3666/673 5117/5244/3664/673 5116/5243/3663/673
f 5121/5248/3668/674 5122/5249/3669/674 5124/5250/3670/674
f 5123/5251/3671/674 5121/5248/3668/674 5120/5252/3672/674
f 5123/5251/3671/674 5122/5249/3669/674 5121/5248/3668/674
f 5126/5253/3673/675 5127/5254/3674/675 5129/5255/3675/675
f 5128/5256/3676/675 5126/5253/3673/675 5125/5257/3677/675
f 5128/5256/3676/675 5127/5254/3674/675 5126/5253/3673/675
f 5131/5258/3678/676 5132/5259/3679/676 5134/5260/3680/676
f 5133/5261/3681/676 5131/5258/3678/676 5130/5262/3682/676
f 5133/5261/3681/676 5132/5259/3679/676 5131/5258/3678/676
f 5136/5263/3683/677 5137/5264/3684/677 5139/5265/3685/677
f 5138/5266/3686/677 5136/5263/3683/677 5135/5267/3687/677
f 5138/5266/3686/677 5137/5264/3684/677 5136/5263/3683/677
f 5141/5268/3688/678 5142/5269/3689/678 5144/5270/3690/678
f 5143/5271/3691/678 5141/5268/3688/678 5140/5272/3692/678
f 5143/5271/3691/678 5142/5269/3689/678 5141/5268/3688/678
f 5146/5273/3693/679 5147/5274/3694/679 5149/5275/3695/679
f 5148/5276/3696/679 5146/5273/3693/679 5145/5277/3697/679
f 5148/5276/3696/679 5147/5274/3694/679 5146/5273/3693/679
f 5151/5278/3698/680 5152/5279/3699/680 5154/5280/3700/680
f 5153/5281/3701/680 5151/5278/3698/680 5150/5282/3702/680
f 5153/5281/3701/680 5152/5279/3699/680 5151/5278/3698/680
f 5156/5283/3703/681 5157/5284/3704/681 5159/5285/3705/681
f 5158/5286/3706/681 5156/5283/3703/681 5155/5287/3707/681
f 5158/5286/3706/681 5157/5284/3704/681 5156/5283/3703/681
f 5161/5288/3708/682 5162/5289/3709/682 5164/5290/3710/682
f 5163/5291/3711/682 5161/5288/3708/682 5160/5292/3712/682
f 5163/5291/3711/682 5162/5289/3709/682 5161/5288/3708/682
f 5166/5293/3713/683 5167/5294/3714/683 5169/5295/3715/683
f 5168/5296/3716/683 5166/5293/3713/683 5165/5297/3717/683
f 5168/5296/3716/683 5167/5294/3714/683 5166/5293/3713/683
usemtl road05
s off
f 72/72/59/12 73/73/59/12 74/74/59/12 75/75/59/12
f 86/86/64/14 87/87/64/14 88/88/64/14 89/89/64/14
f 100/100/69/16 101/101/69/16 102/102/69/16 103/103/69/16
f 104/104/70/17 105/105/70/17 106/106/70/17 107/107/70/17
f 108/108/71/18 109/109/71/18 110/110/71/18 111/111/71/18
f 204/204/149/31 205/205/149/31 206/206/149/31 207/207/149/31
f 208/208/150/32 209/209/150/32 210/210/150/32 211/211/150/32
f 272/272/205/44 273/273/205/44 274/274/205/44 275/275/205/44
f 276/278/206/45 277/279/206/45 278/276/206/45 279/277/206/45
f 280/280/207/46 281/281/207/46 282/282/207/46 283/283/207/46
f 284/284/208/47 285/285/208/47 286/286/208/47 287/287/208/47
f 526/536/400/73 527/537/400/73 528/534/400/73 529/535/400/73
f 546/554/405/78 547/555/405/78 548/556/405/78 549/557/405/78
f 550/558/406/79 551/559/406/79 552/560/406/79 553/561/406/79
f 624/632/413/81 625/633/413/81 626/634/413/81 627/635/413/81
f 628/636/414/82 629/637/414/82 630/638/414/82 631/639/414/82
f 687/695/464/93 688/696/464/93 689/697/464/93 690/698/464/93
f 743/753/496/97 744/754/496/97 745/751/496/97 746/752/496/97
f 779/787/505/106 780/788/505/106 781/789/505/106 782/790/505/106
f 881/897/588/118 882/898/588/118 883/899/588/118 884/900/588/118
f 995/1011/605/130 996/1012/605/130 997/1013/605/130 998/1014/605/130
f 1137/1155/692/152 1138/1156/692/152 1139/1153/692/152 1140/1154/692/152
f 1191/1207/737/162 1192/1208/737/162 1193/1209/737/162 1194/1210/737/162
f 1331/1349/802/195 1332/1350/802/195 1333/1347/802/195 1334/1348/802/195
f 1511/1529/907/236 1512/1530/907/236 1513/1527/907/236 1514/1528/907/236
f 1555/1571/948/245 1556/1572/948/245 1557/1573/948/245 1558/1574/948/245
f 1599/1617/959/256 1600/1618/959/256 1601/1615/959/256 1602/1616/959/256
f 1603/1619/960/257 1604/1620/960/257 1605/1621/960/257 1606/1622/960/257
f 1649/1665/988/260 1650/1666/988/260 1651/1667/988/260 1652/1668/988/260
f 1693/1711/1029/269 1694/1709/1029/269 1695/1710/1029/269 1696/1712/1029/269
f 1811/1827/1087/284 1812/1829/1087/284 1813/1828/1087/284 1814/1830/1087/284
f 1907/1925/1159/296 1908/1926/1159/296 1909/1923/1159/296 1910/1924/1159/296
f 1943/1959/1168/305 1944/1960/1168/305 1945/1961/1168/305 1946/1962/1168/305
f 1947/1963/1169/306 1948/1964/1169/306 1949/1965/1169/306 1950/1966/1169/306
f 1961/1977/1174/308 1962/1978/1174/308 1963/1979/1174/308 1964/1980/1174/308
f 2021/2039/1224/318 2022/2037/1224/318 2023/2038/1224/318 2024/2040/1224/318
f 2069/2085/1257/321 2070/2087/1257/321 2071/2088/1257/321 2072/2086/1257/321
f 2089/2105/1262/326 2090/2106/1262/326 2091/2107/1262/326 2092/2108/1262/326
f 2195/2213/1338/339 2196/2211/1338/339 2197/2212/1338/339 2198/2214/1338/339
f 2199/2215/1339/340 2200/2216/1339/340 2201/2217/1339/340 2202/2218/1339/340
f 2247/2263/1372/343 2248/2265/1372/343 2249/2264/1372/343 2250/2266/1372/343
f 2251/2269/1373/344 2252/2267/1373/344 2253/2270/1373/344 2254/2268/1373/344
f 2307/2323/1405/348 2308/2324/1405/348 2309/2325/1405/348 2310/2326/1405/348
f 2393/2409/1473/359 2394/2410/1473/359 2395/2411/1473/359 2396/2412/1473/359
f 2441/2459/1506/362 2442/2457/1506/362 2443/2458/1506/362 2444/2460/1506/362
f 2445/2463/1507/363 2446/2461/1507/363 2447/2462/1507/363 2448/2464/1507/363
f 2491/2507/1535/366 2492/2509/1535/366 2493/2508/1535/366 2494/2510/1535/366
f 2495/2511/1536/367 2496/2512/1536/367 2497/2513/1536/367 2498/2514/1536/367
f 2597/2623/1619/379 2598/2621/1619/379 2599/2622/1619/379 2600/2624/1619/379
f 2677/2701/1672/384 2678/2702/1672/384 2679/2703/1672/384 2680/2704/1672/384
f 2784/2808/1754/397 2785/2810/1754/397 2786/2811/1754/397 2787/2809/1754/397
f 2891/2923/1842/410 2892/2924/1842/410 2893/2925/1842/410 2894/2926/1842/410
f 3003/3037/1929/424 3004/3035/1929/424 3005/3038/1929/424 3006/3036/1929/424
f 3147/3187/2045/439 3148/3188/2045/439 3149/3189/2045/439 3150/3190/2045/439
f 3472/3530/2304/473 3473/3528/2304/473 3474/3531/2304/473 3475/3529/2304/473
f 3476/3532/2305/474 3477/3534/2305/474 3478/3535/2305/474 3479/3533/2305/474
f 3670/3734/2456/495 3671/3736/2456/495 3672/3737/2456/495 3673/3735/2456/495
f 3674/3740/2457/496 3675/3738/2457/496 3676/3741/2457/496 3677/3739/2457/496
f 3934/4014/2653/522 3935/4016/2653/522 3936/4015/2653/522 3937/4017/2653/522
f 162/179/136/29 163/180/136/29 164/181/136/29
f 163/180/136/29 165/182/136/29 164/181/136/29
f 166/183/136/29 165/182/136/29 163/180/136/29
f 442/467/360/69 443/468/360/69 444/469/360/69
f 443/468/360/69 445/470/360/69 444/469/360/69
f 446/471/360/69 445/470/360/69 443/468/360/69
f 484/509/387/71 485/510/387/71 486/511/387/71
f 485/510/387/71 487/512/387/71 486/511/387/71
f 488/513/387/71 487/512/387/71 485/510/387/71
f 701/726/483/95 702/727/483/95 703/728/483/95
f 702/727/483/95 704/729/483/95 703/728/483/95
f 705/730/483/95 704/729/483/95 702/727/483/95
f 1055/1088/669/140 1056/1089/669/140 1057/1090/669/140
f 1056/1089/669/140 1058/1091/669/140 1057/1090/669/140
f 1059/1092/669/140 1058/1091/669/140 1056/1089/669/140
f 1627/1660/986/259 1628/1661/986/259 1629/1662/986/259
f 1628/1661/986/259 1630/1663/986/259 1629/1662/986/259
f 1631/1664/986/259 1630/1663/986/259 1628/1661/986/259
f 1707/1740/1048/271 1708/1741/1048/271 1709/1742/1048/271
f 1708/1741/1048/271 1710/1743/1048/271 1709/1742/1048/271
f 1711/1744/1048/271 1710/1743/1048/271 1708/1741/1048/271
f 1789/1822/1085/283 1790/1823/1085/283 1791/1824/1085/283
f 1790/1823/1085/283 1792/1825/1085/283 1791/1824/1085/283
f 1793/1826/1085/283 1792/1825/1085/283 1790/1823/1085/283
f 1855/1888/1142/293 1856/1889/1142/293 1857/1890/1142/293
f 1856/1889/1142/293 1858/1891/1142/293 1857/1890/1142/293
f 1859/1892/1142/293 1858/1891/1142/293 1856/1889/1142/293
f 2025/2058/1239/319 2026/2059/1239/319 2027/2060/1239/319
f 2026/2059/1239/319 2028/2061/1239/319 2027/2060/1239/319
f 2029/2062/1239/319 2028/2061/1239/319 2026/2059/1239/319
f 2047/2080/1255/320 2048/2081/1255/320 2049/2082/1255/320
f 2048/2081/1255/320 2050/2083/1255/320 2049/2082/1255/320
f 2051/2084/1255/320 2050/2083/1255/320 2048/2081/1255/320
f 2123/2156/1292/329 2124/2157/1292/329 2125/2158/1292/329
f 2124/2157/1292/329 2126/2159/1292/329 2125/2158/1292/329
f 2127/2160/1292/329 2126/2159/1292/329 2124/2157/1292/329
f 2203/2236/1354/341 2204/2237/1354/341 2205/2238/1354/341
f 2204/2237/1354/341 2206/2239/1354/341 2205/2238/1354/341
f 2207/2240/1354/341 2206/2239/1354/341 2204/2237/1354/341
f 2225/2258/1370/342 2226/2259/1370/342 2227/2260/1370/342
f 2226/2259/1370/342 2228/2261/1370/342 2227/2260/1370/342
f 2229/2262/1370/342 2228/2261/1370/342 2226/2259/1370/342
f 2285/2318/1403/347 2286/2319/1403/347 2287/2320/1403/347
f 2286/2319/1403/347 2288/2321/1403/347 2287/2320/1403/347
f 2289/2322/1403/347 2288/2321/1403/347 2286/2319/1403/347
f 2351/2384/1460/357 2352/2385/1460/357 2353/2386/1460/357
f 2352/2385/1460/357 2354/2387/1460/357 2353/2386/1460/357
f 2355/2388/1460/357 2354/2387/1460/357 2352/2385/1460/357
f 2397/2430/1488/360 2398/2431/1488/360 2399/2432/1488/360
f 2398/2431/1488/360 2400/2433/1488/360 2399/2432/1488/360
f 2401/2434/1488/360 2400/2433/1488/360 2398/2431/1488/360
f 2419/2452/1504/361 2420/2453/1504/361 2421/2454/1504/361
f 2420/2453/1504/361 2422/2455/1504/361 2421/2454/1504/361
f 2423/2456/1504/361 2422/2455/1504/361 2420/2453/1504/361
f 2469/2502/1533/365 2470/2503/1533/365 2471/2504/1533/365
f 2470/2503/1533/365 2472/2505/1533/365 2471/2504/1533/365
f 2473/2506/1533/365 2472/2505/1533/365 2470/2503/1533/365
f 2601/2642/1634/380 2602/2643/1634/380 2603/2644/1634/380
f 2602/2643/1634/380 2604/2645/1634/380 2603/2644/1634/380
f 2605/2646/1634/380 2604/2645/1634/380 2602/2643/1634/380
f 2623/2664/1650/381 2624/2665/1650/381 2625/2666/1650/381
f 2624/2665/1650/381 2626/2667/1650/381 2625/2666/1650/381
f 2627/2668/1650/381 2626/2667/1650/381 2624/2665/1650/381
f 2655/2696/1670/383 2656/2697/1670/383 2657/2698/1670/383
f 2656/2697/1670/383 2658/2699/1670/383 2657/2698/1670/383
f 2659/2700/1670/383 2658/2699/1670/383 2656/2697/1670/383
f 2742/2783/1741/395 2743/2784/1741/395 2744/2785/1741/395
f 2743/2784/1741/395 2745/2786/1741/395 2744/2785/1741/395
f 2746/2787/1741/395 2745/2786/1741/395 2743/2784/1741/395
f 2961/3010/1916/422 2962/3011/1916/422 2963/3012/1916/422
f 2962/3011/1916/422 2964/3013/1916/422 2963/3012/1916/422
f 2965/3014/1916/422 2964/3013/1916/422 2962/3011/1916/422
f 3105/3162/2032/437 3106/3163/2032/437 3107/3164/2032/437
f 3106/3163/2032/437 3108/3165/2032/437 3107/3164/2032/437
f 3109/3166/2032/437 3108/3165/2032/437 3106/3163/2032/437
f 3254/3319/2153/453 3255/3320/2153/453 3256/3321/2153/453
f 3255/3320/2153/453 3257/3322/2153/453 3256/3321/2153/453
f 3258/3323/2153/453 3257/3322/2153/453 3255/3320/2153/453
f 3430/3503/2291/471 3431/3504/2291/471 3432/3505/2291/471
f 3431/3504/2291/471 3433/3506/2291/471 3432/3505/2291/471
f 3434/3507/2291/471 3433/3506/2291/471 3431/3504/2291/471
f 3628/3709/2443/493 3629/3710/2443/493 3630/3711/2443/493
f 3629/3710/2443/493 3631/3712/2443/493 3630/3711/2443/493
f 3632/3713/2443/493 3631/3712/2443/493 3629/3710/2443/493
f 3708/3789/2487/499 3709/3790/2487/499 3710/3791/2487/499
f 3709/3790/2487/499 3711/3792/2487/499 3710/3791/2487/499
f 3712/3793/2487/499 3711/3792/2487/499 3709/3790/2487/499
f 3882/3979/2636/519 3883/3980/2636/519 3884/3981/2636/519
f 3883/3980/2636/519 3885/3982/2636/519 3884/3981/2636/519
f 3886/3983/2636/519 3885/3982/2636/519 3883/3980/2636/519
f 3968/4065/2683/525 3969/4066/2683/525 3970/4067/2683/525
f 3969/4066/2683/525 3971/4068/2683/525 3970/4067/2683/525
f 3972/4069/2683/525 3971/4068/2683/525 3969/4066/2683/525
f 4203/4316/2878/549 4204/4317/2878/549 4205/4318/2878/549
f 4204/4317/2878/549 4206/4319/2878/549 4205/4318/2878/549
f 4207/4320/2878/549 4206/4319/2878/549 4204/4317/2878/549
f 4255/4368/2906/553 4256/4369/2906/553 4257/4370/2906/553
f 4256/4369/2906/553 4258/4371/2906/553 4257/4370/2906/553
f 4259/4372/2906/553 4258/4371/2906/553 4256/4369/2906/553
usemtl wall01_d
s off
f 47/46/46/10 48/47/47/10 56/48/48/10 55/49/46/10
f 46/50/49/10 47/46/46/10 55/49/46/10 54/51/49/10
f 50/52/49/10 61/53/50/10 60/54/51/10 49/55/51/10
f 368/377/281/58 370/378/283/58 374/379/287/58 375/380/288/58
f 377/382/290/58 374/383/287/58 370/384/283/58 376/385/289/58
f 427/434/337/68 428/435/338/68 436/436/339/68 435/437/337/68
f 426/438/340/68 427/434/337/68 435/437/337/68 434/439/340/68
f 430/440/340/68 441/441/341/68 440/442/342/68 429/443/342/68
f 858/875/573/116 860/876/575/116 864/877/579/116 865/878/580/116
f 867/880/582/116 864/881/579/116 860/882/575/116 866/883/581/116
f 1040/1055/646/139 1041/1056/647/139 1049/1057/648/139 1048/1058/646/139
f 1039/1059/649/139 1040/1055/646/139 1048/1058/646/139 1047/1060/649/139
f 1043/1061/649/139 1054/1062/650/139 1053/1063/651/139 1042/1064/651/139
f 2006/2021/1215/317 2007/2022/1216/317 2015/2023/1217/317 2014/2024/1215/317
f 2005/2025/1218/317 2006/2021/1215/317 2014/2024/1215/317 2013/2026/1218/317
f 2009/2027/1218/317 2020/2028/1219/317 2019/2029/1220/317 2008/2030/1220/317
f 2574/2599/1604/377 2576/2600/1606/377 2580/2601/1610/377 2581/2602/1611/377
f 2583/2604/1613/377 2580/2605/1610/377 2576/2606/1606/377 2582/2607/1612/377
f 2727/2750/1718/394 2728/2751/1719/394 2736/2752/1720/394 2735/2753/1718/394
f 2726/2754/1721/394 2727/2750/1718/394 2735/2753/1718/394 2734/2755/1721/394
f 2730/2756/1721/394 2741/2757/1722/394 2740/2758/1723/394 2729/2759/1723/394
f 2868/2901/1827/408 2870/2902/1829/408 2874/2903/1833/408 2875/2904/1834/408
f 2877/2906/1836/408 2874/2907/1833/408 2870/2908/1829/408 2876/2909/1835/408
f 2946/2977/1893/421 2947/2978/1894/421 2955/2979/1895/421 2954/2980/1893/421
f 2945/2981/1896/421 2946/2977/1893/421 2954/2980/1893/421 2953/2982/1896/421
f 2949/2983/1896/421 2960/2984/1897/421 2959/2985/1898/421 2948/2986/1898/421
f 3092/3133/2007/436 3094/3134/2009/436 3098/3135/2013/436 3099/3136/2014/436
f 3101/3138/2016/436 3098/3139/2013/436 3094/3140/2009/436 3100/3141/2015/436
f 3241/3290/2128/452 3243/3291/2130/452 3247/3292/2134/452 3248/3293/2135/452
f 3250/3295/2137/452 3247/3296/2134/452 3243/3297/2130/452 3249/3298/2136/452
f 3402/3449/2257/469 3403/3450/2258/469 3411/3451/2259/469 3410/3452/2257/469
f 3401/3453/2260/469 3402/3449/2257/469 3410/3452/2257/469 3409/3454/2260/469
f 3405/3455/2260/469 3416/3456/2261/469 3415/3457/2262/469 3404/3458/2262/469
f 3417/3474/2266/470 3419/3475/2268/470 3423/3476/2272/470 3424/3477/2273/470
f 3426/3479/2275/470 3423/3480/2272/470 3419/3481/2268/470 3425/3482/2274/470
f 3615/3680/2418/492 3617/3681/2420/492 3621/3682/2424/492 3622/3683/2425/492
f 3624/3685/2427/492 3621/3686/2424/492 3617/3687/2420/492 3623/3688/2426/492
f 3730/3803/2489/500 3732/3804/2491/500 3736/3805/2495/500 3737/3806/2496/500
f 3739/3808/2498/500 3736/3809/2495/500 3732/3810/2491/500 3738/3811/2497/500
f 3744/3815/2500/501 3745/3816/2501/501 3753/3817/2502/501 3752/3818/2500/501
f 3743/3819/2503/501 3744/3815/2500/501 3752/3818/2500/501 3751/3820/2503/501
f 3747/3821/2503/501 3758/3822/2504/501 3757/3823/2505/501 3746/3824/2505/501
f 3869/3950/2611/518 3871/3951/2613/518 3875/3952/2617/518 3876/3953/2618/518
f 3878/3955/2620/518 3875/3956/2617/518 3871/3957/2613/518 3877/3958/2619/518
f 3990/4079/2685/526 3992/4080/2687/526 3996/4081/2691/526 3997/4082/2692/526
f 3999/4084/2694/526 3996/4085/2691/526 3992/4086/2687/526 3998/4087/2693/526
f 4004/4091/2696/527 4005/4092/2697/527 4013/4093/2698/527 4012/4094/2696/527
f 4003/4095/2699/527 4004/4091/2696/527 4012/4094/2696/527 4011/4096/2699/527
f 4007/4097/2699/527 4018/4098/2700/527 4017/4099/2701/527 4006/4100/2701/527
f 4175/4262/2844/547 4176/4263/2845/547 4184/4264/2846/547 4183/4265/2844/547
f 4174/4266/2847/547 4175/4262/2844/547 4183/4265/2844/547 4182/4267/2847/547
f 4178/4268/2847/547 4189/4269/2848/547 4188/4270/2849/547 4177/4271/2849/547
f 4190/4287/2853/548 4192/4288/2855/548 4196/4289/2859/548 4197/4290/2860/548
f 4199/4292/2862/548 4196/4293/2859/548 4192/4294/2855/548 4198/4295/2861/548
f 4281/4386/2909/555 4283/4387/2911/555 4287/4388/2915/555 4288/4389/2916/555
f 4290/4391/2918/555 4287/4392/2915/555 4283/4393/2911/555 4289/4394/2917/555
f 4470/4573/3079/579 4471/4574/3080/579 4479/4575/3081/579 4478/4576/3079/579
f 4469/4577/3082/579 4470/4573/3079/579 4478/4576/3079/579 4477/4578/3082/579
f 4473/4579/3082/579 4484/4580/3083/579 4483/4581/3084/579 4472/4582/3084/579
f 4485/4598/3088/580 4487/4599/3090/580 4491/4600/3094/580 4492/4601/3095/580
f 4494/4603/3097/580 4491/4604/3094/580 4487/4605/3090/580 4493/4606/3096/580
f 4502/4623/3100/582 4504/4624/3102/582 4508/4625/3106/582 4509/4626/3107/582
f 4511/4628/3109/582 4508/4629/3106/582 4504/4630/3102/582 4510/4631/3108/582
f 4515/4644/3111/583 4517/4645/3113/583 4521/4646/3117/583 4522/4647/3118/583
f 4524/4649/3120/583 4521/4650/3117/583 4517/4651/3113/583 4523/4652/3119/583
f 4529/4656/3122/584 4530/4657/3123/584 4538/4658/3124/584 4537/4659/3122/584
f 4528/4660/3125/584 4529/4656/3122/584 4537/4659/3122/584 4536/4661/3125/584
f 4532/4662/3125/584 4543/4663/3126/584 4542/4664/3127/584 4531/4665/3127/584
f 4735/4862/3305/611 4736/4863/3306/611 4744/4864/3307/611 4743/4865/3305/611
f 4734/4866/3308/611 4735/4862/3305/611 4743/4865/3305/611 4742/4867/3308/611
f 4738/4868/3308/611 4749/4869/3309/611 4748/4870/3310/611 4737/4871/3310/611
f 333/333/254/57 334/334/255/57 335/335/256/57
f 334/334/255/57 336/336/257/57 335/335/256/57
f 335/335/256/57 336/336/257/57 337/337/258/57
f 336/336/257/57 338/338/259/57 337/337/258/57
f 339/339/258/57 340/340/260/57 341/341/256/57
f 368/368/281/58 369/369/282/58 370/370/283/58
f 369/369/282/58 371/371/284/58 370/370/283/58
f 370/370/283/58 371/371/284/58 372/372/285/58
f 372/373/285/58 371/374/284/58 373/375/286/58
f 371/374/284/58 369/376/282/58 373/375/286/58
f 376/381/289/58 370/370/283/58 372/372/285/58
f 823/831/546/115 824/832/547/115 825/833/548/115
f 824/832/547/115 826/834/549/115 825/833/548/115
f 825/833/548/115 826/834/549/115 827/835/550/115
f 826/834/549/115 828/836/551/115 827/835/550/115
f 829/837/550/115 830/838/552/115 831/839/548/115
f 858/866/573/116 859/867/574/116 860/868/575/116
f 859/867/574/116 861/869/576/116 860/868/575/116
f 860/868/575/116 861/869/576/116 862/870/577/116
f 862/871/577/116 861/872/576/116 863/873/578/116
f 861/872/576/116 859/874/574/116 863/873/578/116
f 866/879/581/116 860/868/575/116 862/870/577/116
f 2539/2555/1577/376 2540/2556/1578/376 2541/2557/1579/376
f 2540/2556/1578/376 2542/2558/1580/376 2541/2557/1579/376
f 2541/2557/1579/376 2542/2558/1580/376 2543/2559/1581/376
f 2542/2558/1580/376 2544/2560/1582/376 2543/2559/1581/376
f 2545/2561/1581/376 2546/2562/1583/376 2547/2563/1579/376
f 2574/2590/1604/377 2575/2591/1605/377 2576/2592/1606/377
f 2575/2591/1605/377 2577/2593/1607/377 2576/2592/1606/377
f 2576/2592/1606/377 2577/2593/1607/377 2578/2594/1608/377
f 2578/2595/1608/377 2577/2596/1607/377 2579/2597/1609/377
f 2577/2596/1607/377 2575/2598/1605/377 2579/2597/1609/377
f 2582/2603/1612/377 2576/2592/1606/377 2578/2594/1608/377
f 2833/2857/1800/407 2834/2858/1801/407 2835/2859/1802/407
f 2834/2858/1801/407 2836/2860/1803/407 2835/2859/1802/407
f 2835/2859/1802/407 2836/2860/1803/407 2837/2861/1804/407
f 2836/2860/1803/407 2838/2862/1805/407 2837/2861/1804/407
f 2839/2863/1804/407 2840/2864/1806/407 2841/2865/1802/407
f 2868/2892/1827/408 2869/2893/1828/408 2870/2894/1829/408
f 2869/2893/1828/408 2871/2895/1830/408 2870/2894/1829/408
f 2870/2894/1829/408 2871/2895/1830/408 2872/2896/1831/408
f 2872/2897/1831/408 2871/2898/1830/408 2873/2899/1832/408
f 2871/2898/1830/408 2869/2900/1828/408 2873/2899/1832/408
f 2876/2905/1835/408 2870/2894/1829/408 2872/2896/1831/408
f 3057/3089/1980/435 3058/3090/1981/435 3059/3091/1982/435
f 3058/3090/1981/435 3060/3092/1983/435 3059/3091/1982/435
f 3059/3091/1982/435 3060/3092/1983/435 3061/3093/1984/435
f 3060/3092/1983/435 3062/3094/1985/435 3061/3093/1984/435
f 3063/3095/1984/435 3064/3096/1986/435 3065/3097/1982/435
f 3092/3124/2007/436 3093/3125/2008/436 3094/3126/2009/436
f 3093/3125/2008/436 3095/3127/2010/436 3094/3126/2009/436
f 3094/3126/2009/436 3095/3127/2010/436 3096/3128/2011/436
f 3096/3129/2011/436 3095/3130/2010/436 3097/3131/2012/436
f 3095/3130/2010/436 3093/3132/2008/436 3097/3131/2012/436
f 3100/3137/2015/436 3094/3126/2009/436 3096/3128/2011/436
f 3206/3246/2101/451 3207/3247/2102/451 3208/3248/2103/451
f 3207/3247/2102/451 3209/3249/2104/451 3208/3248/2103/451
f 3208/3248/2103/451 3209/3249/2104/451 3210/3250/2105/451
f 3209/3249/2104/451 3211/3251/2106/451 3210/3250/2105/451
f 3212/3252/2105/451 3213/3253/2107/451 3214/3254/2103/451
f 3241/3281/2128/452 3242/3282/2129/452 3243/3283/2130/452
f 3242/3282/2129/452 3244/3284/2131/452 3243/3283/2130/452
f 3243/3283/2130/452 3244/3284/2131/452 3245/3285/2132/452
f 3245/3286/2132/452 3244/3287/2131/452 3246/3288/2133/452
f 3244/3287/2131/452 3242/3289/2129/452 3246/3288/2133/452
f 3249/3294/2136/452 3243/3283/2130/452 3245/3285/2132/452
f 3366/3414/2230/468 3367/3415/2231/468 3368/3416/2232/468
f 3367/3415/2231/468 3369/3417/2233/468 3368/3416/2232/468
f 3368/3416/2232/468 3369/3417/2233/468 3370/3418/2234/468
f 3369/3417/2233/468 3371/3419/2235/468 3370/3418/2234/468
f 3372/3420/2234/468 3373/3421/2236/468 3374/3422/2232/468
f 3417/3465/2266/470 3418/3466/2267/470 3419/3467/2268/470
f 3418/3466/2267/470 3420/3468/2269/470 3419/3467/2268/470
f 3419/3467/2268/470 3420/3468/2269/470 3421/3469/2270/470
f 3421/3470/2270/470 3420/3471/2269/470 3422/3472/2271/470
f 3420/3471/2269/470 3418/3473/2267/470 3422/3472/2271/470
f 3425/3478/2274/470 3419/3467/2268/470 3421/3469/2270/470
f 3580/3636/2391/491 3581/3637/2392/491 3582/3638/2393/491
f 3581/3637/2392/491 3583/3639/2394/491 3582/3638/2393/491
f 3582/3638/2393/491 3583/3639/2394/491 3584/3640/2395/491
f 3583/3639/2394/491 3585/3641/2396/491 3584/3640/2395/491
f 3586/3642/2395/491 3587/3643/2397/491 3588/3644/2393/491
f 3615/3671/2418/492 3616/3672/2419/492 3617/3673/2420/492
f 3616/3672/2419/492 3618/3674/2421/492 3617/3673/2420/492
f 3617/3673/2420/492 3618/3674/2421/492 3619/3675/2422/492
f 3619/3676/2422/492 3618/3677/2421/492 3620/3678/2423/492
f 3618/3677/2421/492 3616/3679/2419/492 3620/3678/2423/492
f 3623/3684/2426/492 3617/3673/2420/492 3619/3675/2422/492
f 3730/3794/2489/500 3731/3795/2490/500 3732/3796/2491/500
f 3731/3795/2490/500 3733/3797/2492/500 3732/3796/2491/500
f 3732/3796/2491/500 3733/3797/2492/500 3734/3798/2493/500
f 3734/3799/2493/500 3733/3800/2492/500 3735/3801/2494/500
f 3733/3800/2492/500 3731/3802/2490/500 3735/3801/2494/500
f 3738/3807/2497/500 3732/3796/2491/500 3734/3798/2493/500
f 3834/3906/2584/517 3835/3907/2585/517 3836/3908/2586/517
f 3835/3907/2585/517 3837/3909/2587/517 3836/3908/2586/517
f 3836/3908/2586/517 3837/3909/2587/517 3838/3910/2588/517
f 3837/3909/2587/517 3839/3911/2589/517 3838/3910/2588/517
f 3840/3912/2588/517 3841/3913/2590/517 3842/3914/2586/517
f 3869/3941/2611/518 3870/3942/2612/518 3871/3943/2613/518
f 3870/3942/2612/518 3872/3944/2614/518 3871/3943/2613/518
f 3871/3943/2613/518 3872/3944/2614/518 3873/3945/2615/518
f 3873/3946/2615/518 3872/3947/2614/518 3874/3948/2616/518
f 3872/3947/2614/518 3870/3949/2612/518 3874/3948/2616/518
f 3877/3954/2619/518 3871/3943/2613/518 3873/3945/2615/518
f 3990/4070/2685/526 3991/4071/2686/526 3992/4072/2687/526
f 3991/4071/2686/526 3993/4073/2688/526 3992/4072/2687/526
f 3992/4072/2687/526 3993/4073/2688/526 3994/4074/2689/526
f 3994/4075/2689/526 3993/4076/2688/526 3995/4077/2690/526
f 3993/4076/2688/526 3991/4078/2686/526 3995/4077/2690/526
f 3998/4083/2693/526 3992/4072/2687/526 3994/4074/2689/526
f 4019/4107/2705/528 4020/4108/2706/528 4021/4109/2707/528
f 4020/4108/2706/528 4022/4110/2708/528 4021/4109/2707/528
f 4021/4109/2707/528 4022/4110/2708/528 4023/4111/2709/528
f 4022/4110/2708/528 4024/4112/2710/528 4023/4111/2709/528
f 4025/4113/2709/528 4026/4114/2711/528 4027/4115/2707/528
f 4139/4227/2817/546 4140/4228/2818/546 4141/4229/2819/546
f 4140/4228/2818/546 4142/4230/2820/546 4141/4229/2819/546
f 4141/4229/2819/546 4142/4230/2820/546 4143/4231/2821/546
f 4142/4230/2820/546 4144/4232/2822/546 4143/4231/2821/546
f 4145/4233/2821/546 4146/4234/2823/546 4147/4235/2819/546
f 4190/4278/2853/548 4191/4279/2854/548 4192/4280/2855/548
f 4191/4279/2854/548 4193/4281/2856/548 4192/4280/2855/548
f 4192/4280/2855/548 4193/4281/2856/548 4194/4282/2857/548
f 4194/4283/2857/548 4193/4284/2856/548 4195/4285/2858/548
f 4193/4284/2856/548 4191/4286/2854/548 4195/4285/2858/548
f 4198/4291/2861/548 4192/4280/2855/548 4194/4282/2857/548
f 4281/4377/2909/555 4282/4378/2910/555 4283/4379/2911/555
f 4282/4378/2910/555 4284/4380/2912/555 4283/4379/2911/555
f 4283/4379/2911/555 4284/4380/2912/555 4285/4381/2913/555
f 4285/4382/2913/555 4284/4383/2912/555 4286/4384/2914/555
f 4284/4383/2912/555 4282/4385/2910/555 4286/4384/2914/555
f 4289/4390/2917/555 4283/4379/2911/555 4285/4381/2913/555
f 4294/4398/2920/556 4295/4399/2921/556 4296/4400/2922/556
f 4295/4399/2921/556 4297/4401/2923/556 4296/4400/2922/556
f 4296/4400/2922/556 4297/4401/2923/556 4298/4402/2924/556
f 4297/4401/2923/556 4299/4403/2925/556 4298/4402/2924/556
f 4300/4404/2924/556 4301/4405/2926/556 4302/4406/2922/556
f 4434/4538/3052/578 4435/4539/3053/578 4436/4540/3054/578
f 4435/4539/3053/578 4437/4541/3055/578 4436/4540/3054/578
f 4436/4540/3054/578 4437/4541/3055/578 4438/4542/3056/578
f 4437/4541/3055/578 4439/4543/3057/578 4438/4542/3056/578
f 4440/4544/3056/578 4441/4545/3058/578 4442/4546/3054/578
f 4485/4589/3088/580 4486/4590/3089/580 4487/4591/3090/580
f 4486/4590/3089/580 4488/4592/3091/580 4487/4591/3090/580
f 4487/4591/3090/580 4488/4592/3091/580 4489/4593/3092/580
f 4489/4594/3092/580 4488/4595/3091/580 4490/4596/3093/580
f 4488/4595/3091/580 4486/4597/3089/580 4490/4596/3093/580
f 4493/4602/3096/580 4487/4591/3090/580 4489/4593/3092/580
f 4502/4614/3100/582 4503/4615/3101/582 4504/4616/3102/582
f 4503/4615/3101/582 4505/4617/3103/582 4504/4616/3102/582
f 4504/4616/3102/582 4505/4617/3103/582 4506/4618/3104/582
f 4506/4619/3104/582 4505/4620/3103/582 4507/4621/3105/582
f 4505/4620/3103/582 4503/4622/3101/582 4507/4621/3105/582
f 4510/4627/3108/582 4504/4616/3102/582 4506/4618/3104/582
f 4515/4635/3111/583 4516/4636/3112/583 4517/4637/3113/583
f 4516/4636/3112/583 4518/4638/3114/583 4517/4637/3113/583
f 4517/4637/3113/583 4518/4638/3114/583 4519/4639/3115/583
f 4519/4640/3115/583 4518/4641/3114/583 4520/4642/3116/583
f 4518/4641/3114/583 4516/4643/3112/583 4520/4642/3116/583
f 4523/4648/3119/583 4517/4637/3113/583 4519/4639/3115/583
f 4544/4672/3131/585 4545/4673/3132/585 4546/4674/3133/585
f 4545/4673/3132/585 4547/4675/3134/585 4546/4674/3133/585
f 4546/4674/3133/585 4547/4675/3134/585 4548/4676/3135/585
f 4547/4675/3134/585 4549/4677/3136/585 4548/4676/3135/585
f 4550/4678/3135/585 4551/4679/3137/585 4552/4680/3133/585
f 4699/4827/3278/610 4700/4828/3279/610 4701/4829/3280/610
f 4700/4828/3279/610 4702/4830/3281/610 4701/4829/3280/610
f 4701/4829/3280/610 4702/4830/3281/610 4703/4831/3282/610
f 4702/4830/3281/610 4704/4832/3283/610 4703/4831/3282/610
f 4705/4833/3282/610 4706/4834/3284/610 4707/4835/3280/610
f 4750/4878/3314/612 4751/4879/3315/612 4752/4880/3316/612
f 4751/4879/3315/612 4753/4881/3317/612 4752/4880/3316/612
f 4752/4880/3316/612 4753/4881/3317/612 4754/4882/3318/612
f 4753/4881/3317/612 4755/4883/3319/612 4754/4882/3318/612
f 4756/4884/3318/612 4757/4885/3320/612 4758/4886/3316/612
f 4785/4913/3341/613 4786/4914/3342/613 4787/4915/3343/613
f 4786/4914/3342/613 4788/4916/3344/613 4787/4915/3343/613
f 4787/4915/3343/613 4788/4916/3344/613 4789/4917/3345/613
f 4788/4916/3344/613 4790/4918/3346/613 4789/4917/3345/613
f 4791/4919/3345/613 4792/4920/3347/613 4793/4921/3343/613
usemtl wall01_g
s off
f 345/342/261/57 347/343/262/57 346/344/263/57 344/345/264/57
f 347/343/262/57 349/346/265/57 348/347/266/57 346/344/263/57
f 343/348/267/57 345/342/261/57 344/345/264/57 342/349/268/57
f 835/840/553/115 837/841/554/115 836/842/555/115 834/843/556/115
f 837/841/554/115 839/844/557/115 838/845/558/115 836/842/555/115
f 833/846/559/115 835/840/553/115 834/843/556/115 832/847/560/115
f 2551/2564/1584/376 2553/2565/1585/376 2552/2566/1586/376 2550/2567/1587/376
f 2553/2565/1585/376 2555/2568/1588/376 2554/2569/1589/376 2552/2566/1586/376
f 2549/2570/1590/376 2551/2564/1584/376 2550/2567/1587/376 2548/2571/1591/376
f 2845/2866/1807/407 2847/2867/1808/407 2846/2868/1809/407 2844/2869/1810/407
f 2847/2867/1808/407 2849/2870/1811/407 2848/2871/1812/407 2846/2868/1809/407
f 2843/2872/1813/407 2845/2866/1807/407 2844/2869/1810/407 2842/2873/1814/407
f 3069/3098/1987/435 3071/3099/1988/435 3070/3100/1989/435 3068/3101/1990/435
f 3071/3099/1988/435 3073/3102/1991/435 3072/3103/1992/435 3070/3100/1989/435
f 3067/3104/1993/435 3069/3098/1987/435 3068/3101/1990/435 3066/3105/1994/435
f 3218/3255/2108/451 3220/3256/2109/451 3219/3257/2110/451 3217/3258/2111/451
f 3220/3256/2109/451 3222/3259/2112/451 3221/3260/2113/451 3219/3257/2110/451
f 3216/3261/2114/451 3218/3255/2108/451 3217/3258/2111/451 3215/3262/2115/451
f 3378/3423/2237/468 3380/3424/2238/468 3379/3425/2239/468 3377/3426/2240/468
f 3380/3424/2238/468 3382/3427/2241/468 3381/3428/2242/468 3379/3425/2239/468
f 3376/3429/2243/468 3378/3423/2237/468 3377/3426/2240/468 3375/3430/2244/468
f 3592/3645/2398/491 3594/3646/2399/491 3593/3647/2400/491 3591/3648/2401/491
f 3594/3646/2399/491 3596/3649/2402/491 3595/3650/2403/491 3593/3647/2400/491
f 3590/3651/2404/491 3592/3645/2398/491 3591/3648/2401/491 3589/3652/2405/491
f 3846/3915/2591/517 3848/3916/2592/517 3847/3917/2593/517 3845/3918/2594/517
f 3848/3916/2592/517 3850/3919/2595/517 3849/3920/2596/517 3847/3917/2593/517
f 3844/3921/2597/517 3846/3915/2591/517 3845/3918/2594/517 3843/3922/2598/517
f 4031/4116/2712/528 4033/4117/2713/528 4032/4118/2714/528 4030/4119/2715/528
f 4033/4117/2713/528 4035/4120/2716/528 4034/4121/2717/528 4032/4118/2714/528
f 4029/4122/2718/528 4031/4116/2712/528 4030/4119/2715/528 4028/4123/2719/528
f 4151/4236/2824/546 4153/4237/2825/546 4152/4238/2826/546 4150/4239/2827/546
f 4153/4237/2825/546 4155/4240/2828/546 4154/4241/2829/546 4152/4238/2826/546
f 4149/4242/2830/546 4151/4236/2824/546 4150/4239/2827/546 4148/4243/2831/546
f 4306/4407/2927/556 4308/4408/2928/556 4307/4409/2929/556 4305/4410/2930/556
f 4308/4408/2928/556 4310/4411/2931/556 4309/4412/2932/556 4307/4409/2929/556
f 4304/4413/2933/556 4306/4407/2927/556 4305/4410/2930/556 4303/4414/2934/556
f 4446/4547/3059/578 4448/4548/3060/578 4447/4549/3061/578 4445/4550/3062/578
f 4448/4548/3060/578 4450/4551/3063/578 4449/4552/3064/578 4447/4549/3061/578
f 4444/4553/3065/578 4446/4547/3059/578 4445/4550/3062/578 4443/4554/3066/578
f 4556/4681/3138/585 4558/4682/3139/585 4557/4683/3140/585 4555/4684/3141/585
f 4558/4682/3139/585 4560/4685/3142/585 4559/4686/3143/585 4557/4683/3140/585
f 4554/4687/3144/585 4556/4681/3138/585 4555/4684/3141/585 4553/4688/3145/585
f 4711/4836/3285/610 4713/4837/3286/610 4712/4838/3287/610 4710/4839/3288/610
f 4713/4837/3286/610 4715/4840/3289/610 4714/4841/3290/610 4712/4838/3287/610
f 4709/4842/3291/610 4711/4836/3285/610 4710/4839/3288/610 4708/4843/3292/610
f 4762/4887/3321/612 4764/4888/3322/612 4763/4889/3323/612 4761/4890/3324/612
f 4764/4888/3322/612 4766/4891/3325/612 4765/4892/3326/612 4763/4889/3323/612
f 4760/4893/3327/612 4762/4887/3321/612 4761/4890/3324/612 4759/4894/3328/612
f 4797/4922/3348/613 4799/4923/3349/613 4798/4924/3350/613 4796/4925/3351/613
f 4799/4923/3349/613 4801/4926/3352/613 4800/4927/3353/613 4798/4924/3350/613
f 4795/4928/3354/613 4797/4922/3348/613 4796/4925/3351/613 4794/4929/3355/613
usemtl wallkn_d
s off
f 62/62/55/11 63/63/56/11 64/64/56/11 65/65/55/11
f 63/63/56/11 66/66/57/11 67/67/57/11 64/64/56/11
f 68/68/55/11 69/69/55/11 70/70/58/11 71/71/58/11
f 76/76/60/13 77/77/61/13 78/78/61/13 79/79/60/13
f 77/77/61/13 80/80/62/13 81/81/62/13 78/78/61/13
f 82/82/60/13 83/83/60/13 84/84/63/13 85/85/63/13
f 90/90/65/15 91/91/66/15 92/92/66/15 93/93/65/15
f 91/91/66/15 94/94/67/15 95/95/67/15 92/92/66/15
f 96/96/65/15 97/97/65/15 98/98/68/15 99/99/68/15
f 167/162/122/29 168/163/123/29 169/164/124/29 170/165/125/29
f 171/166/126/29 172/167/127/29 173/168/128/29 174/169/129/29
f 172/167/127/29 167/162/122/29 170/165/125/29 173/168/128/29
f 184/184/138/30 185/185/139/30 186/186/140/30 187/187/140/30
f 188/188/141/30 189/189/138/30 190/190/140/30 191/191/140/30
f 262/262/201/43 263/263/202/43 264/264/202/43 265/265/201/43
f 263/263/202/43 266/266/203/43 267/267/203/43 264/264/202/43
f 268/268/201/43 269/269/201/43 270/270/204/43 271/271/204/43
f 447/450/346/69 448/451/347/69 449/452/348/69 450/453/349/69
f 451/454/350/69 452/455/351/69 453/456/352/69 454/457/353/69
f 452/455/351/69 447/450/346/69 450/453/349/69 453/456/352/69
f 464/472/362/70 465/473/363/70 466/474/364/70 467/475/364/70
f 468/476/365/70 469/477/362/70 470/478/364/70 471/479/364/70
f 489/492/373/71 490/493/374/71 491/494/375/71 492/495/376/71
f 493/496/377/71 494/497/378/71 495/498/379/71 496/499/380/71
f 494/497/378/71 489/492/373/71 492/495/376/71 495/498/379/71
f 506/514/389/72 507/515/390/72 508/516/391/72 509/517/391/72
f 510/518/392/72 511/519/389/72 512/520/391/72 513/521/391/72
f 677/685/460/92 678/686/461/92 679/687/461/92 680/688/460/92
f 678/686/461/92 681/689/462/92 682/690/462/92 679/687/461/92
f 683/691/460/92 684/692/460/92 685/693/463/92 686/694/463/92
f 691/699/465/94 692/700/466/94 693/701/466/94 694/702/465/94
f 692/700/466/94 695/703/467/94 696/704/467/94 693/701/466/94
f 697/705/465/94 698/706/465/94 699/707/468/94 700/708/468/94
f 706/709/469/95 707/710/470/95 708/711/471/95 709/712/472/95
f 710/713/473/95 711/714/474/95 712/715/475/95 713/716/476/95
f 711/714/474/95 706/709/469/95 709/712/472/95 712/715/475/95
f 723/731/485/96 724/732/486/96 725/733/487/96 726/734/487/96
f 727/735/488/96 728/736/485/96 729/737/487/96 730/738/487/96
f 871/887/584/117 872/888/585/117 873/889/585/117 874/890/584/117
f 872/888/585/117 875/891/586/117 876/892/586/117 873/889/585/117
f 877/893/584/117 878/894/584/117 879/895/587/117 880/896/587/117
f 1060/1071/655/140 1061/1072/656/140 1062/1073/657/140 1063/1074/658/140
f 1064/1075/659/140 1065/1076/660/140 1066/1077/661/140 1067/1078/662/140
f 1065/1076/660/140 1060/1071/655/140 1063/1074/658/140 1066/1077/661/140
f 1077/1093/671/141 1078/1094/672/141 1079/1095/673/141 1080/1096/673/141
f 1081/1097/674/141 1082/1098/671/141 1083/1099/673/141 1084/1100/673/141
f 1181/1197/733/161 1182/1198/734/161 1183/1199/734/161 1184/1200/733/161
f 1182/1198/734/161 1185/1201/735/161 1186/1202/735/161 1183/1199/734/161
f 1187/1203/733/161 1188/1204/733/161 1189/1205/736/161 1190/1206/736/161
f 1607/1623/961/258 1608/1624/962/258 1609/1625/963/258 1610/1626/963/258
f 1611/1627/964/258 1612/1628/961/258 1613/1629/963/258 1614/1630/963/258
f 1632/1643/972/259 1633/1644/973/259 1634/1645/974/259 1635/1646/975/259
f 1636/1647/976/259 1637/1648/977/259 1638/1649/978/259 1639/1650/979/259
f 1637/1648/977/259 1632/1643/972/259 1635/1646/975/259 1638/1649/978/259
f 1697/1713/1030/270 1698/1714/1031/270 1699/1715/1031/270 1700/1716/1030/270
f 1698/1714/1031/270 1701/1717/1032/270 1702/1718/1032/270 1699/1715/1031/270
f 1703/1719/1030/270 1704/1720/1030/270 1705/1721/1033/270 1706/1722/1033/270
f 1712/1723/1034/271 1713/1724/1035/271 1714/1725/1036/271 1715/1726/1037/271
f 1716/1727/1038/271 1717/1728/1039/271 1718/1729/1040/271 1719/1730/1041/271
f 1717/1728/1039/271 1712/1723/1034/271 1715/1726/1037/271 1718/1729/1040/271
f 1769/1785/1060/282 1770/1786/1061/282 1771/1787/1062/282 1772/1788/1062/282
f 1773/1789/1063/282 1774/1790/1060/282 1775/1791/1062/282 1776/1792/1062/282
f 1794/1805/1071/283 1795/1806/1072/283 1796/1807/1073/283 1797/1808/1074/283
f 1798/1809/1075/283 1799/1810/1076/283 1800/1811/1077/283 1801/1812/1078/283
f 1799/1810/1076/283 1794/1805/1071/283 1797/1808/1074/283 1800/1811/1077/283
f 1860/1871/1128/293 1861/1872/1129/293 1862/1873/1130/293 1863/1874/1131/293
f 1864/1875/1132/293 1865/1876/1133/293 1866/1877/1134/293 1867/1878/1135/293
f 1865/1876/1133/293 1860/1871/1128/293 1863/1874/1131/293 1866/1877/1134/293
f 1877/1893/1144/294 1878/1894/1145/294 1879/1895/1146/294 1880/1896/1146/294
f 1881/1897/1147/294 1882/1898/1144/294 1883/1899/1146/294 1884/1900/1146/294
f 1897/1913/1155/295 1898/1914/1156/295 1899/1915/1156/295 1900/1916/1155/295
f 1898/1914/1156/295 1901/1917/1157/295 1902/1918/1157/295 1899/1915/1156/295
f 1903/1919/1155/295 1904/1920/1155/295 1905/1921/1158/295 1906/1922/1158/295
f 1951/1967/1170/307 1952/1968/1171/307 1953/1969/1171/307 1954/1970/1170/307
f 1952/1968/1171/307 1955/1971/1172/307 1956/1972/1172/307 1953/1969/1171/307
f 1957/1973/1170/307 1958/1974/1170/307 1959/1975/1173/307 1960/1976/1173/307
f 2030/2041/1225/319 2031/2042/1226/319 2032/2043/1227/319 2033/2044/1228/319
f 2034/2045/1229/319 2035/2046/1230/319 2036/2047/1231/319 2037/2048/1232/319
f 2035/2046/1230/319 2030/2041/1225/319 2033/2044/1228/319 2036/2047/1231/319
f 2052/2063/1241/320 2053/2064/1242/320 2054/2065/1243/320 2055/2066/1244/320
f 2056/2067/1245/320 2057/2068/1246/320 2058/2069/1247/320 2059/2070/1248/320
f 2057/2068/1246/320 2052/2063/1241/320 2055/2066/1244/320 2058/2069/1247/320
f 2093/2109/1263/327 2094/2110/1264/327 2095/2111/1265/327 2096/2112/1265/327
f 2097/2113/1266/327 2098/2114/1263/327 2099/2115/1265/327 2100/2116/1265/327
f 2113/2129/1274/328 2114/2130/1275/328 2115/2131/1275/328 2116/2132/1274/328
f 2114/2130/1275/328 2117/2133/1276/328 2118/2134/1276/328 2115/2131/1275/328
f 2119/2135/1274/328 2120/2136/1274/328 2121/2137/1277/328 2122/2138/1277/328
f 2128/2139/1278/329 2129/2140/1279/329 2130/2141/1280/329 2131/2142/1281/329
f 2132/2143/1282/329 2133/2144/1283/329 2134/2145/1284/329 2135/2146/1285/329
f 2133/2144/1283/329 2128/2139/1278/329 2131/2142/1281/329 2134/2145/1284/329
f 2185/2201/1334/338 2186/2202/1335/338 2187/2203/1335/338 2188/2204/1334/338
f 2186/2202/1335/338 2189/2205/1336/338 2190/2206/1336/338 2187/2203/1335/338
f 2191/2207/1334/338 2192/2208/1334/338 2193/2209/1337/338 2194/2210/1337/338
f 2208/2219/1340/341 2209/2220/1341/341 2210/2221/1342/341 2211/2222/1343/341
f 2212/2223/1344/341 2213/2224/1345/341 2214/2225/1346/341 2215/2226/1347/341
f 2213/2224/1345/341 2208/2219/1340/341 2211/2222/1343/341 2214/2225/1346/341
f 2230/2241/1356/342 2231/2242/1357/342 2232/2243/1358/342 2233/2244/1359/342
f 2234/2245/1360/342 2235/2246/1361/342 2236/2247/1362/342 2237/2248/1363/342
f 2235/2246/1361/342 2230/2241/1356/342 2233/2244/1359/342 2236/2247/1362/342
f 2255/2271/1374/345 2256/2272/1375/345 2257/2273/1376/345 2258/2274/1376/345
f 2259/2275/1377/345 2260/2276/1374/345 2261/2277/1376/345 2262/2278/1376/345
f 2275/2291/1385/346 2276/2292/1386/346 2277/2293/1386/346 2278/2294/1385/346
f 2276/2292/1386/346 2279/2295/1387/346 2280/2296/1387/346 2277/2293/1386/346
f 2281/2297/1385/346 2282/2298/1385/346 2283/2299/1388/346 2284/2300/1388/346
f 2290/2301/1389/347 2291/2302/1390/347 2292/2303/1391/347 2293/2304/1392/347
f 2294/2305/1393/347 2295/2306/1394/347 2296/2307/1395/347 2297/2308/1396/347
f 2295/2306/1394/347 2290/2301/1389/347 2293/2304/1392/347 2296/2307/1395/347
f 2356/2367/1446/357 2357/2368/1447/357 2358/2369/1448/357 2359/2370/1449/357
f 2360/2371/1450/357 2361/2372/1451/357 2362/2373/1452/357 2363/2374/1453/357
f 2361/2372/1451/357 2356/2367/1446/357 2359/2370/1449/357 2362/2373/1452/357
f 2373/2389/1462/358 2374/2390/1463/358 2375/2391/1464/358 2376/2392/1464/358
f 2377/2393/1465/358 2378/2394/1462/358 2379/2395/1464/358 2380/2396/1464/358
f 2402/2413/1474/360 2403/2414/1475/360 2404/2415/1476/360 2405/2416/1477/360
f 2406/2417/1478/360 2407/2418/1479/360 2408/2419/1480/360 2409/2420/1481/360
f 2407/2418/1479/360 2402/2413/1474/360 2405/2416/1477/360 2408/2419/1480/360
f 2424/2435/1490/361 2425/2436/1491/361 2426/2437/1492/361 2427/2438/1493/361
f 2428/2439/1494/361 2429/2440/1495/361 2430/2441/1496/361 2431/2442/1497/361
f 2429/2440/1495/361 2424/2435/1490/361 2427/2438/1493/361 2430/2441/1496/361
f 2449/2465/1508/364 2450/2466/1509/364 2451/2467/1510/364 2452/2468/1510/364
f 2453/2469/1511/364 2454/2470/1508/364 2455/2471/1510/364 2456/2472/1510/364
f 2474/2485/1519/365 2475/2486/1520/365 2476/2487/1521/365 2477/2488/1522/365
f 2478/2489/1523/365 2479/2490/1524/365 2480/2491/1525/365 2481/2492/1526/365
f 2479/2490/1524/365 2474/2485/1519/365 2477/2488/1522/365 2480/2491/1525/365
f 2587/2611/1615/378 2588/2612/1616/378 2589/2613/1616/378 2590/2614/1615/378
f 2588/2612/1616/378 2591/2615/1617/378 2592/2616/1617/378 2589/2613/1616/378
f 2593/2617/1615/378 2594/2618/1615/378 2595/2619/1618/378 2596/2620/1618/378
f 2606/2625/1620/380 2607/2626/1621/380 2608/2627/1622/380 2609/2628/1623/380
f 2610/2629/1624/380 2611/2630/1625/380 2612/2631/1626/380 2613/2632/1627/380
f 2611/2630/1625/380 2606/2625/1620/380 2609/2628/1623/380 2612/2631/1626/380
f 2628/2647/1636/381 2629/2648/1637/381 2630/2649/1638/381 2631/2650/1639/381
f 2632/2651/1640/381 2633/2652/1641/381 2634/2653/1642/381 2635/2654/1643/381
f 2633/2652/1641/381 2628/2647/1636/381 2631/2650/1639/381 2634/2653/1642/381
f 2645/2669/1652/382 2646/2670/1653/382 2647/2671/1653/382 2648/2672/1652/382
f 2646/2670/1653/382 2649/2673/1654/382 2650/2674/1654/382 2647/2671/1653/382
f 2651/2675/1652/382 2652/2676/1652/382 2653/2677/1655/382 2654/2678/1655/382
f 2660/2679/1656/383 2661/2680/1657/383 2662/2681/1658/383 2663/2682/1659/383
f 2664/2683/1660/383 2665/2684/1661/383 2666/2685/1662/383 2667/2686/1663/383
f 2665/2684/1661/383 2660/2679/1656/383 2663/2682/1659/383 2666/2685/1662/383
f 2747/2766/1727/395 2748/2767/1728/395 2749/2768/1729/395 2750/2769/1730/395
f 2751/2770/1731/395 2752/2771/1732/395 2753/2772/1733/395 2754/2773/1734/395
f 2752/2771/1732/395 2747/2766/1727/395 2750/2769/1730/395 2753/2772/1733/395
f 2764/2788/1743/396 2765/2789/1744/396 2766/2790/1745/396 2767/2791/1745/396
f 2768/2792/1746/396 2769/2793/1743/396 2770/2794/1745/396 2771/2795/1745/396
f 2881/2913/1838/409 2882/2914/1839/409 2883/2915/1839/409 2884/2916/1838/409
f 2882/2914/1839/409 2885/2917/1840/409 2886/2918/1840/409 2883/2915/1839/409
f 2887/2919/1838/409 2888/2920/1838/409 2889/2921/1841/409 2890/2922/1841/409
f 2966/2993/1902/422 2967/2994/1903/422 2968/2995/1904/422 2969/2996/1905/422
f 2970/2997/1906/422 2971/2998/1907/422 2972/2999/1908/422 2973/3000/1909/422
f 2971/2998/1907/422 2966/2993/1902/422 2969/2996/1905/422 2972/2999/1908/422
f 2983/3015/1918/423 2984/3016/1919/423 2985/3017/1920/423 2986/3018/1920/423
f 2987/3019/1921/423 2988/3020/1918/423 2989/3021/1920/423 2990/3022/1920/423
f 3110/3145/2018/437 3111/3146/2019/437 3112/3147/2020/437 3113/3148/2021/437
f 3114/3149/2022/437 3115/3150/2023/437 3116/3151/2024/437 3117/3152/2025/437
f 3115/3150/2023/437 3110/3145/2018/437 3113/3148/2021/437 3116/3151/2024/437
f 3127/3167/2034/438 3128/3168/2035/438 3129/3169/2036/438 3130/3170/2036/438
f 3131/3171/2037/438 3132/3172/2034/438 3133/3173/2036/438 3134/3174/2036/438
f 3259/3302/2139/453 3260/3303/2140/453 3261/3304/2141/453 3262/3305/2142/453
f 3263/3306/2143/453 3264/3307/2144/453 3265/3308/2145/453 3266/3309/2146/453
f 3264/3307/2144/453 3259/3302/2139/453 3262/3305/2142/453 3265/3308/2145/453
f 3276/3324/2155/454 3277/3325/2156/454 3278/3326/2156/454 3279/3327/2155/454
f 3277/3325/2156/454 3280/3328/2157/454 3281/3329/2157/454 3278/3326/2156/454
f 3282/3330/2155/454 3283/3331/2155/454 3284/3332/2158/454 3285/3333/2158/454
f 3286/3334/2159/455 3287/3335/2160/455 3288/3336/2161/455 3289/3337/2161/455
f 3290/3338/2162/455 3291/3339/2159/455 3292/3340/2161/455 3293/3341/2161/455
f 3435/3486/2277/471 3436/3487/2278/471 3437/3488/2279/471 3438/3489/2280/471
f 3439/3490/2281/471 3440/3491/2282/471 3441/3492/2283/471 3442/3493/2284/471
f 3440/3491/2282/471 3435/3486/2277/471 3438/3489/2280/471 3441/3492/2283/471
f 3452/3508/2293/472 3453/3509/2294/472 3454/3510/2295/472 3455/3511/2295/472
f 3456/3512/2296/472 3457/3513/2293/472 3458/3514/2295/472 3459/3515/2295/472
f 3480/3536/2306/475 3481/3537/2307/475 3482/3538/2308/475 3483/3539/2308/475
f 3484/3540/2309/475 3485/3541/2306/475 3486/3542/2308/475 3487/3543/2308/475
f 3500/3556/2317/476 3501/3557/2318/476 3502/3558/2318/476 3503/3559/2317/476
f 3501/3557/2318/476 3504/3560/2319/476 3505/3561/2319/476 3502/3558/2318/476
f 3506/3562/2317/476 3507/3563/2317/476 3508/3564/2320/476 3509/3565/2320/476
f 3633/3692/2429/493 3634/3693/2430/493 3635/3694/2431/493 3636/3695/2432/493
f 3637/3696/2433/493 3638/3697/2434/493 3639/3698/2435/493 3640/3699/2436/493
f 3638/3697/2434/493 3633/3692/2429/493 3636/3695/2432/493 3639/3698/2435/493
f 3650/3714/2445/494 3651/3715/2446/494 3652/3716/2447/494 3653/3717/2447/494
f 3654/3718/2448/494 3655/3719/2445/494 3656/3720/2447/494 3657/3721/2447/494
f 3678/3742/2458/497 3679/3743/2459/497 3680/3744/2460/497 3681/3745/2460/497
f 3682/3746/2461/497 3683/3747/2458/497 3684/3748/2460/497 3685/3749/2460/497
f 3698/3762/2469/498 3699/3763/2470/498 3700/3764/2470/498 3701/3765/2469/498
f 3699/3763/2470/498 3702/3766/2471/498 3703/3767/2471/498 3700/3764/2470/498
f 3704/3768/2469/498 3705/3769/2469/498 3706/3770/2472/498 3707/3771/2472/498
f 3713/3772/2473/499 3714/3773/2474/499 3715/3774/2475/499 3716/3775/2476/499
f 3717/3776/2477/499 3718/3777/2478/499 3719/3778/2479/499 3720/3779/2480/499
f 3718/3777/2478/499 3713/3772/2473/499 3716/3775/2476/499 3719/3778/2479/499
f 3887/3962/2622/519 3888/3963/2623/519 3889/3964/2624/519 3890/3965/2625/519
f 3891/3966/2626/519 3892/3967/2627/519 3893/3968/2628/519 3894/3969/2629/519
f 3892/3967/2627/519 3887/3962/2622/519 3890/3965/2625/519 3893/3968/2628/519
f 3904/3984/2638/520 3905/3985/2639/520 3906/3986/2639/520 3907/3987/2638/520
f 3905/3985/2639/520 3908/3988/2640/520 3909/3989/2640/520 3906/3986/2639/520
f 3910/3990/2638/520 3911/3991/2638/520 3912/3992/2641/520 3913/3993/2641/520
f 3914/3994/2642/521 3915/3995/2643/521 3916/3996/2644/521 3917/3997/2644/521
f 3918/3998/2645/521 3919/3999/2642/521 3920/4000/2644/521 3921/4001/2644/521
f 3938/4018/2654/523 3939/4019/2655/523 3940/4020/2656/523 3941/4021/2656/523
f 3942/4022/2657/523 3943/4023/2654/523 3944/4024/2656/523 3945/4025/2656/523
f 3958/4038/2665/524 3959/4039/2666/524 3960/4040/2666/524 3961/4041/2665/524
f 3959/4039/2666/524 3962/4042/2667/524 3963/4043/2667/524 3960/4040/2666/524
f 3964/4044/2665/524 3965/4045/2665/524 3966/4046/2668/524 3967/4047/2668/524
f 3973/4048/2669/525 3974/4049/2670/525 3975/4050/2671/525 3976/4051/2672/525
f 3977/4052/2673/525 3978/4053/2674/525 3979/4054/2675/525 3980/4055/2676/525
f 3978/4053/2674/525 3973/4048/2669/525 3976/4051/2672/525 3979/4054/2675/525
f 4208/4299/2864/549 4209/4300/2865/549 4210/4301/2866/549 4211/4302/2867/549
f 4212/4303/2868/549 4213/4304/2869/549 4214/4305/2870/549 4215/4306/2871/549
f 4213/4304/2869/549 4208/4299/2864/549 4211/4302/2867/549 4214/4305/2870/549
f 4225/4321/2880/550 4226/4322/2881/550 4227/4323/2881/550 4228/4324/2880/550
f 4226/4322/2881/550 4229/4325/2882/550 4230/4326/2882/550 4227/4323/2881/550
f 4231/4327/2880/550 4232/4328/2880/550 4233/4329/2883/550 4234/4330/2883/550
f 4235/4331/2884/551 4236/4332/2885/551 4237/4333/2885/551 4238/4334/2884/551
f 4236/4332/2885/551 4239/4335/2886/551 4240/4336/2886/551 4237/4333/2885/551
f 4241/4337/2884/551 4242/4338/2884/551 4243/4339/2887/551 4244/4340/2887/551
f 4245/4341/2888/552 4246/4342/2889/552 4247/4343/2889/552 4248/4344/2888/552
f 4246/4342/2889/552 4249/4345/2890/552 4250/4346/2890/552 4247/4343/2889/552
f 4251/4347/2888/552 4252/4348/2888/552 4253/4349/2891/552 4254/4350/2891/552
f 4260/4351/2892/553 4261/4352/2893/553 4262/4353/2894/553 4263/4354/2895/553
f 4264/4355/2896/553 4265/4356/2897/553 4266/4357/2898/553 4267/4358/2899/553
f 4265/4356/2897/553 4260/4351/2892/553 4263/4354/2895/553 4266/4357/2898/553
f 175/170/130/29 176/171/131/29 177/172/132/29
f 176/171/131/29 178/173/133/29 177/172/132/29
f 177/172/132/29 178/173/133/29 179/174/134/29
f 178/173/133/29 180/175/135/29 179/174/134/29
f 181/176/134/29 182/177/136/29 183/178/137/29
f 192/192/142/30 193/193/143/30 194/194/138/30
f 193/193/143/30 195/195/144/30 194/194/138/30
f 194/194/138/30 195/195/144/30 196/196/145/30
f 197/197/146/30 198/198/144/30 199/199/138/30
f 198/198/144/30 200/200/147/30 199/199/138/30
f 201/201/148/30 202/202/138/30 203/203/145/30
f 455/458/354/69 456/459/355/69 457/460/356/69
f 456/459/355/69 458/461/357/69 457/460/356/69
f 457/460/356/69 458/461/357/69 459/462/358/69
f 458/461/357/69 460/463/359/69 459/462/358/69
f 461/464/358/69 462/465/360/69 463/466/361/69
f 472/480/366/70 473/481/367/70 474/482/362/70
f 473/481/367/70 475/483/368/70 474/482/362/70
f 474/482/362/70 475/483/368/70 476/484/369/70
f 477/485/370/70 478/486/368/70 479/487/362/70
f 478/486/368/70 480/488/371/70 479/487/362/70
f 481/489/372/70 482/490/362/70 483/491/369/70
f 497/500/381/71 498/501/382/71 499/502/383/71
f 498/501/382/71 500/503/384/71 499/502/383/71
f 499/502/383/71 500/503/384/71 501/504/385/71
f 500/503/384/71 502/505/386/71 501/504/385/71
f 503/506/385/71 504/507/387/71 505/508/388/71
f 514/522/393/72 515/523/394/72 516/524/389/72
f 515/523/394/72 517/525/395/72 516/524/389/72
f 516/524/389/72 517/525/395/72 518/526/396/72
f 519/527/397/72 520/528/395/72 521/529/389/72
f 520/528/395/72 522/530/398/72 521/529/389/72
f 523/531/399/72 524/532/389/72 525/533/396/72
f 714/717/477/95 715/718/478/95 716/719/479/95
f 715/718/478/95 717/720/480/95 716/719/479/95
f 716/719/479/95 717/720/480/95 718/721/481/95
f 717/720/480/95 719/722/482/95 718/721/481/95
f 720/723/481/95 721/724/483/95 722/725/484/95
f 731/739/489/96 732/740/490/96 733/741/485/96
f 732/740/490/96 734/742/491/96 733/741/485/96
f 733/741/485/96 734/742/491/96 735/743/492/96
f 736/744/493/96 737/745/491/96 738/746/485/96
f 737/745/491/96 739/747/494/96 738/746/485/96
f 740/748/495/96 741/749/485/96 742/750/492/96
f 1068/1079/663/140 1069/1080/664/140 1070/1081/665/140
f 1069/1080/664/140 1071/1082/666/140 1070/1081/665/140
f 1070/1081/665/140 1071/1082/666/140 1072/1083/667/140
f 1071/1082/666/140 1073/1084/668/140 1072/1083/667/140
f 1074/1085/667/140 1075/1086/669/140 1076/1087/670/140
f 1085/1101/675/141 1086/1102/676/141 1087/1103/671/141
f 1086/1102/676/141 1088/1104/677/141 1087/1103/671/141
f 1087/1103/671/141 1088/1104/677/141 1089/1105/678/141
f 1090/1106/679/141 1091/1107/677/141 1092/1108/671/141
f 1091/1107/677/141 1093/1109/680/141 1092/1108/671/141
f 1094/1110/681/141 1095/1111/671/141 1096/1112/678/141
f 1615/1631/965/258 1616/1632/966/258 1617/1633/961/258
f 1616/1632/966/258 1618/1634/967/258 1617/1633/961/258
f 1617/1633/961/258 1618/1634/967/258 1619/1635/968/258
f 1620/1636/969/258 1621/1637/967/258 1622/1638/961/258
f 1621/1637/967/258 1623/1639/970/258 1622/1638/961/258
f 1624/1640/971/258 1625/1641/961/258 1626/1642/968/258
f 1640/1651/980/259 1641/1652/981/259 1642/1653/982/259
f 1641/1652/981/259 1643/1654/983/259 1642/1653/982/259
f 1642/1653/982/259 1643/1654/983/259 1644/1655/984/259
f 1643/1654/983/259 1645/1656/985/259 1644/1655/984/259
f 1646/1657/984/259 1647/1658/986/259 1648/1659/987/259
f 1720/1731/1042/271 1721/1732/1043/271 1722/1733/1044/271
f 1721/1732/1043/271 1723/1734/1045/271 1722/1733/1044/271
f 1722/1733/1044/271 1723/1734/1045/271 1724/1735/1046/271
f 1723/1734/1045/271 1725/1736/1047/271 1724/1735/1046/271
f 1726/1737/1046/271 1727/1738/1048/271 1728/1739/1049/271
f 1777/1793/1064/282 1778/1794/1065/282 1779/1795/1060/282
f 1778/1794/1065/282 1780/1796/1066/282 1779/1795/1060/282
f 1779/1795/1060/282 1780/1796/1066/282 1781/1797/1067/282
f 1782/1798/1068/282 1783/1799/1066/282 1784/1800/1060/282
f 1783/1799/1066/282 1785/1801/1069/282 1784/1800/1060/282
f 1786/1802/1070/282 1787/1803/1060/282 1788/1804/1067/282
f 1802/1813/1079/283 1803/1814/1080/283 1804/1815/1081/283
f 1803/1814/1080/283 1805/1816/1082/283 1804/1815/1081/283
f 1804/1815/1081/283 1805/1816/1082/283 1806/1817/1083/283
f 1805/1816/1082/283 1807/1818/1084/283 1806/1817/1083/283
f 1808/1819/1083/283 1809/1820/1085/283 1810/1821/1086/283
f 1868/1879/1136/293 1869/1880/1137/293 1870/1881/1138/293
f 1869/1880/1137/293 1871/1882/1139/293 1870/1881/1138/293
f 1870/1881/1138/293 1871/1882/1139/293 1872/1883/1140/293
f 1871/1882/1139/293 1873/1884/1141/293 1872/1883/1140/293
f 1874/1885/1140/293 1875/1886/1142/293 1876/1887/1143/293
f 1885/1901/1148/294 1886/1902/1149/294 1887/1903/1144/294
f 1886/1902/1149/294 1888/1904/1150/294 1887/1903/1144/294
f 1887/1903/1144/294 1888/1904/1150/294 1889/1905/1151/294
f 1890/1906/1152/294 1891/1907/1150/294 1892/1908/1144/294
f 1891/1907/1150/294 1893/1909/1153/294 1892/1908/1144/294
f 1894/1910/1154/294 1895/1911/1144/294 1896/1912/1151/294
f 2038/2049/1233/319 2039/2050/1234/319 2040/2051/1235/319
f 2039/2050/1234/319 2041/2052/1236/319 2040/2051/1235/319
f 2040/2051/1235/319 2041/2052/1236/319 2042/2053/1237/319
f 2041/2052/1236/319 2043/2054/1238/319 2042/2053/1237/319
f 2044/2055/1237/319 2045/2056/1239/319 2046/2057/1240/319
f 2060/2071/1249/320 2061/2072/1250/320 2062/2073/1251/320
f 2061/2072/1250/320 2063/2074/1252/320 2062/2073/1251/320
f 2062/2073/1251/320 2063/2074/1252/320 2064/2075/1253/320
f 2063/2074/1252/320 2065/2076/1254/320 2064/2075/1253/320
f 2066/2077/1253/320 2067/2078/1255/320 2068/2079/1256/320
f 2101/2117/1267/327 2102/2118/1268/327 2103/2119/1263/327
f 2102/2118/1268/327 2104/2120/1269/327 2103/2119/1263/327
f 2103/2119/1263/327 2104/2120/1269/327 2105/2121/1270/327
f 2106/2122/1271/327 2107/2123/1269/327 2108/2124/1263/327
f 2107/2123/1269/327 2109/2125/1272/327 2108/2124/1263/327
f 2110/2126/1273/327 2111/2127/1263/327 2112/2128/1270/327
f 2136/2147/1286/329 2137/2148/1287/329 2138/2149/1288/329
f 2137/2148/1287/329 2139/2150/1289/329 2138/2149/1288/329
f 2138/2149/1288/329 2139/2150/1289/329 2140/2151/1290/329
f 2139/2150/1289/329 2141/2152/1291/329 2140/2151/1290/329
f 2142/2153/1290/329 2143/2154/1292/329 2144/2155/1293/329
f 2216/2227/1348/341 2217/2228/1349/341 2218/2229/1350/341
f 2217/2228/1349/341 2219/2230/1351/341 2218/2229/1350/341
f 2218/2229/1350/341 2219/2230/1351/341 2220/2231/1352/341
f 2219/2230/1351/341 2221/2232/1353/341 2220/2231/1352/341
f 2222/2233/1352/341 2223/2234/1354/341 2224/2235/1355/341
f 2238/2249/1364/342 2239/2250/1365/342 2240/2251/1366/342
f 2239/2250/1365/342 2241/2252/1367/342 2240/2251/1366/342
f 2240/2251/1366/342 2241/2252/1367/342 2242/2253/1368/342
f 2241/2252/1367/342 2243/2254/1369/342 2242/2253/1368/342
f 2244/2255/1368/342 2245/2256/1370/342 2246/2257/1371/342
f 2263/2279/1378/345 2264/2280/1379/345 2265/2281/1374/345
f 2264/2280/1379/345 2266/2282/1380/345 2265/2281/1374/345
f 2265/2281/1374/345 2266/2282/1380/345 2267/2283/1381/345
f 2268/2284/1382/345 2269/2285/1380/345 2270/2286/1374/345
f 2269/2285/1380/345 2271/2287/1383/345 2270/2286/1374/345
f 2272/2288/1384/345 2273/2289/1374/345 2274/2290/1381/345
f 2298/2309/1397/347 2299/2310/1398/347 2300/2311/1399/347
f 2299/2310/1398/347 2301/2312/1400/347 2300/2311/1399/347
f 2300/2311/1399/347 2301/2312/1400/347 2302/2313/1401/347
f 2301/2312/1400/347 2303/2314/1402/347 2302/2313/1401/347
f 2304/2315/1401/347 2305/2316/1403/347 2306/2317/1404/347
f 2364/2375/1454/357 2365/2376/1455/357 2366/2377/1456/357
f 2365/2376/1455/357 2367/2378/1457/357 2366/2377/1456/357
f 2366/2377/1456/357 2367/2378/1457/357 2368/2379/1458/357
f 2367/2378/1457/357 2369/2380/1459/357 2368/2379/1458/357
f 2370/2381/1458/357 2371/2382/1460/357 2372/2383/1461/357
f 2381/2397/1466/358 2382/2398/1467/358 2383/2399/1462/358
f 2382/2398/1467/358 2384/2400/1468/358 2383/2399/1462/358
f 2383/2399/1462/358 2384/2400/1468/358 2385/2401/1469/358
f 2386/2402/1470/358 2387/2403/1468/358 2388/2404/1462/358
f 2387/2403/1468/358 2389/2405/1471/358 2388/2404/1462/358
f 2390/2406/1472/358 2391/2407/1462/358 2392/2408/1469/358
f 2410/2421/1482/360 2411/2422/1483/360 2412/2423/1484/360
f 2411/2422/1483/360 2413/2424/1485/360 2412/2423/1484/360
f 2412/2423/1484/360 2413/2424/1485/360 2414/2425/1486/360
f 2413/2424/1485/360 2415/2426/1487/360 2414/2425/1486/360
f 2416/2427/1486/360 2417/2428/1488/360 2418/2429/1489/360
f 2432/2443/1498/361 2433/2444/1499/361 2434/2445/1500/361
f 2433/2444/1499/361 2435/2446/1501/361 2434/2445/1500/361
f 2434/2445/1500/361 2435/2446/1501/361 2436/2447/1502/361
f 2435/2446/1501/361 2437/2448/1503/361 2436/2447/1502/361
f 2438/2449/1502/361 2439/2450/1504/361 2440/2451/1505/361
f 2457/2473/1512/364 2458/2474/1513/364 2459/2475/1508/364
f 2458/2474/1513/364 2460/2476/1514/364 2459/2475/1508/364
f 2459/2475/1508/364 2460/2476/1514/364 2461/2477/1515/364
f 2462/2478/1516/364 2463/2479/1514/364 2464/2480/1508/364
f 2463/2479/1514/364 2465/2481/1517/364 2464/2480/1508/364
f 2466/2482/1518/364 2467/2483/1508/364 2468/2484/1515/364
f 2482/2493/1527/365 2483/2494/1528/365 2484/2495/1529/365
f 2483/2494/1528/365 2485/2496/1530/365 2484/2495/1529/365
f 2484/2495/1529/365 2485/2496/1530/365 2486/2497/1531/365
f 2485/2496/1530/365 2487/2498/1532/365 2486/2497/1531/365
f 2488/2499/1531/365 2489/2500/1533/365 2490/2501/1534/365
f 2614/2633/1628/380 2615/2634/1629/380 2616/2635/1630/380
f 2615/2634/1629/380 2617/2636/1631/380 2616/2635/1630/380
f 2616/2635/1630/380 2617/2636/1631/380 2618/2637/1632/380
f 2617/2636/1631/380 2619/2638/1633/380 2618/2637/1632/380
f 2620/2639/1632/380 2621/2640/1634/380 2622/2641/1635/380
f 2636/2655/1644/381 2637/2656/1645/381 2638/2657/1646/381
f 2637/2656/1645/381 2639/2658/1647/381 2638/2657/1646/381
f 2638/2657/1646/381 2639/2658/1647/381 2640/2659/1648/381
f 2639/2658/1647/381 2641/2660/1649/381 2640/2659/1648/381
f 2642/2661/1648/381 2643/2662/1650/381 2644/2663/1651/381
f 2668/2687/1664/383 2669/2688/1665/383 2670/2689/1666/383
f 2669/2688/1665/383 2671/2690/1667/383 2670/2689/1666/383
f 2670/2689/1666/383 2671/2690/1667/383 2672/2691/1668/383
f 2671/2690/1667/383 2673/2692/1669/383 2672/2691/1668/383
f 2674/2693/1668/383 2675/2694/1670/383 2676/2695/1671/383
f 2755/2774/1735/395 2756/2775/1736/395 2757/2776/1737/395
f 2756/2775/1736/395 2758/2777/1738/395 2757/2776/1737/395
f 2757/2776/1737/395 2758/2777/1738/395 2759/2778/1739/395
f 2758/2777/1738/395 2760/2779/1740/395 2759/2778/1739/395
f 2761/2780/1739/395 2762/2781/1741/395 2763/2782/1742/395
f 2772/2796/1747/396 2773/2797/1748/396 2774/2798/1743/396
f 2773/2797/1748/396 2775/2799/1749/396 2774/2798/1743/396
f 2774/2798/1743/396 2775/2799/1749/396 2776/2800/1750/396
f 2777/2801/1751/396 2778/2802/1749/396 2779/2803/1743/396
f 2778/2802/1749/396 2780/2804/1752/396 2779/2803/1743/396
f 2781/2805/1753/396 2782/2806/1743/396 2783/2807/1750/396
f 2974/3001/1910/422 2975/3002/1911/422 2976/3003/1912/422
f 2975/3002/1911/422 2977/3004/1913/422 2976/3003/1912/422
f 2976/3003/1912/422 2977/3004/1913/422 2978/3005/1914/422
f 2977/3004/1913/422 2979/3006/1915/422 2978/3005/1914/422
f 2980/3007/1914/422 2981/3008/1916/422 2982/3009/1917/422
f 2991/3023/1922/423 2992/3024/1923/423 2993/3025/1918/423
f 2992/3024/1923/423 2994/3026/1924/423 2993/3025/1918/423
f 2993/3025/1918/423 2994/3026/1924/423 2995/3027/1925/423
f 2996/3028/1926/423 2997/3029/1924/423 2998/3030/1918/423
f 2997/3029/1924/423 2999/3031/1927/423 2998/3030/1918/423
f 3000/3032/1928/423 3001/3033/1918/423 3002/3034/1925/423
f 3118/3153/2026/437 3119/3154/2027/437 3120/3155/2028/437
f 3119/3154/2027/437 3121/3156/2029/437 3120/3155/2028/437
f 3120/3155/2028/437 3121/3156/2029/437 3122/3157/2030/437
f 3121/3156/2029/437 3123/3158/2031/437 3122/3157/2030/437
f 3124/3159/2030/437 3125/3160/2032/437 3126/3161/2033/437
f 3135/3175/2038/438 3136/3176/2039/438 3137/3177/2034/438
f 3136/3176/2039/438 3138/3178/2040/438 3137/3177/2034/438
f 3137/3177/2034/438 3138/3178/2040/438 3139/3179/2041/438
f 3140/3180/2042/438 3141/3181/2040/438 3142/3182/2034/438
f 3141/3181/2040/438 3143/3183/2043/438 3142/3182/2034/438
f 3144/3184/2044/438 3145/3185/2034/438 3146/3186/2041/438
f 3267/3310/2147/453 3268/3311/2148/453 3269/3312/2149/453
f 3268/3311/2148/453 3270/3313/2150/453 3269/3312/2149/453
f 3269/3312/2149/453 3270/3313/2150/453 3271/3314/2151/453
f 3270/3313/2150/453 3272/3315/2152/453 3271/3314/2151/453
f 3273/3316/2151/453 3274/3317/2153/453 3275/3318/2154/453
f 3294/3342/2163/455 3295/3343/2164/455 3296/3344/2159/455
f 3295/3343/2164/455 3297/3345/2165/455 3296/3344/2159/455
f 3296/3344/2159/455 3297/3345/2165/455 3298/3346/2166/455
f 3299/3347/2167/455 3300/3348/2165/455 3301/3349/2159/455
f 3300/3348/2165/455 3302/3350/2168/455 3301/3349/2159/455
f 3303/3351/2169/455 3304/3352/2159/455 3305/3353/2166/455
f 3443/3494/2285/471 3444/3495/2286/471 3445/3496/2287/471
f 3444/3495/2286/471 3446/3497/2288/471 3445/3496/2287/471
f 3445/3496/2287/471 3446/3497/2288/471 3447/3498/2289/471
f 3446/3497/2288/471 3448/3499/2290/471 3447/3498/2289/471
f 3449/3500/2289/471 3450/3501/2291/471 3451/3502/2292/471
f 3460/3516/2297/472 3461/3517/2298/472 3462/3518/2293/472
f 3461/3517/2298/472 3463/3519/2299/472 3462/3518/2293/472
f 3462/3518/2293/472 3463/3519/2299/472 3464/3520/2300/472
f 3465/3521/2301/472 3466/3522/2299/472 3467/3523/2293/472
f 3466/3522/2299/472 3468/3524/2302/472 3467/3523/2293/472
f 3469/3525/2303/472 3470/3526/2293/472 3471/3527/2300/472
f 3488/3544/2310/475 3489/3545/2311/475 3490/3546/2306/475
f 3489/3545/2311/475 3491/3547/2312/475 3490/3546/2306/475
f 3490/3546/2306/475 3491/3547/2312/475 3492/3548/2313/475
f 3493/3549/2314/475 3494/3550/2312/475 3495/3551/2306/475
f 3494/3550/2312/475 3496/3552/2315/475 3495/3551/2306/475
f 3497/3553/2316/475 3498/3554/2306/475 3499/3555/2313/475
f 3641/3700/2437/493 3642/3701/2438/493 3643/3702/2439/493
f 3642/3701/2438/493 3644/3703/2440/493 3643/3702/2439/493
f 3643/3702/2439/493 3644/3703/2440/493 3645/3704/2441/493
f 3644/3703/2440/493 3646/3705/2442/493 3645/3704/2441/493
f 3647/3706/2441/493 3648/3707/2443/493 3649/3708/2444/493
f 3658/3722/2449/494 3659/3723/2450/494 3660/3724/2445/494
f 3659/3723/2450/494 3661/3725/2451/494 3660/3724/2445/494
f 3660/3724/2445/494 3661/3725/2451/494 3662/3726/2452/494
f 3663/3727/2453/494 3664/3728/2451/494 3665/3729/2445/494
f 3664/3728/2451/494 3666/3730/2454/494 3665/3729/2445/494
f 3667/3731/2455/494 3668/3732/2445/494 3669/3733/2452/494
f 3686/3750/2462/497 3687/3751/2463/497 3688/3752/2458/497
f 3687/3751/2463/497 3689/3753/2464/497 3688/3752/2458/497
f 3688/3752/2458/497 3689/3753/2464/497 3690/3754/2465/497
f 3691/3755/2466/497 3692/3756/2464/497 3693/3757/2458/497
f 3692/3756/2464/497 3694/3758/2467/497 3693/3757/2458/497
f 3695/3759/2468/497 3696/3760/2458/497 3697/3761/2465/497
f 3721/3780/2481/499 3722/3781/2482/499 3723/3782/2483/499
f 3722/3781/2482/499 3724/3783/2484/499 3723/3782/2483/499
f 3723/3782/2483/499 3724/3783/2484/499 3725/3784/2485/499
f 3724/3783/2484/499 3726/3785/2486/499 3725/3784/2485/499
f 3727/3786/2485/499 3728/3787/2487/499 3729/3788/2488/499
f 3895/3970/2630/519 3896/3971/2631/519 3897/3972/2632/519
f 3896/3971/2631/519 3898/3973/2633/519 3897/3972/2632/519
f 3897/3972/2632/519 3898/3973/2633/519 3899/3974/2634/519
f 3898/3973/2633/519 3900/3975/2635/519 3899/3974/2634/519
f 3901/3976/2634/519 3902/3977/2636/519 3903/3978/2637/519
f 3922/4002/2646/521 3923/4003/2647/521 3924/4004/2642/521
f 3923/4003/2647/521 3925/4005/2648/521 3924/4004/2642/521
f 3924/4004/2642/521 3925/4005/2648/521 3926/4006/2649/521
f 3927/4007/2650/521 3928/4008/2648/521 3929/4009/2642/521
f 3928/4008/2648/521 3930/4010/2651/521 3929/4009/2642/521
f 3931/4011/2652/521 3932/4012/2642/521 3933/4013/2649/521
f 3946/4026/2658/523 3947/4027/2659/523 3948/4028/2654/523
f 3947/4027/2659/523 3949/4029/2660/523 3948/4028/2654/523
f 3948/4028/2654/523 3949/4029/2660/523 3950/4030/2661/523
f 3951/4031/2662/523 3952/4032/2660/523 3953/4033/2654/523
f 3952/4032/2660/523 3954/4034/2663/523 3953/4033/2654/523
f 3955/4035/2664/523 3956/4036/2654/523 3957/4037/2661/523
f 3981/4056/2677/525 3982/4057/2678/525 3983/4058/2679/525
f 3982/4057/2678/525 3984/4059/2680/525 3983/4058/2679/525
f 3983/4058/2679/525 3984/4059/2680/525 3985/4060/2681/525
f 3984/4059/2680/525 3986/4061/2682/525 3985/4060/2681/525
f 3987/4062/2681/525 3988/4063/2683/525 3989/4064/2684/525
f 4216/4307/2872/549 4217/4308/2873/549 4218/4309/2874/549
f 4217/4308/2873/549 4219/4310/2875/549 4218/4309/2874/549
f 4218/4309/2874/549 4219/4310/2875/549 4220/4311/2876/549
f 4219/4310/2875/549 4221/4312/2877/549 4220/4311/2876/549
f 4222/4313/2876/549 4223/4314/2878/549 4224/4315/2879/549
f 4268/4359/2900/553 4269/4360/2901/553 4270/4361/2902/553
f 4269/4360/2901/553 4271/4362/2903/553 4270/4361/2902/553
f 4270/4361/2902/553 4271/4362/2903/553 4272/4363/2904/553
f 4271/4362/2903/553 4273/4364/2905/553 4272/4363/2904/553
f 4274/4365/2904/553 4275/4366/2906/553 4276/4367/2907/553
usemtl cliff01
s off
f 4277/4375/2908/554 4278/4373/2908/554 4279/4376/2908/554 4280/4374/2908/554
f 4498/4612/3099/581 4499/4610/3099/581 4500/4613/3099/581 4501/4611/3099/581
usemtl roadkk_ri2
s off
f 530/538/401/74 531/539/401/74 532/540/401/74
f 532/540/401/74 533/541/401/74 530/538/401/74
f 534/542/402/75 535/543/402/75 536/544/402/75
f 536/544/402/75 537/545/402/75 534/542/402/75
f 538/546/403/76 539/547/403/76 540/548/403/76
f 540/548/403/76 541/549/403/76 538/546/403/76
f 542/550/404/77 543/551/404/77 544/552/404/77
f 544/552/404/77 545/553/404/77 542/550/404/77
f 747/755/497/98 748/756/497/98 749/757/497/98
f 749/757/497/98 750/758/497/98 747/755/497/98
f 751/759/498/99 752/760/498/99 753/761/498/99
f 753/761/498/99 754/762/498/99 751/759/498/99
f 755/763/499/100 756/764/499/100 757/765/499/100
f 757/765/499/100 758/766/499/100 755/763/499/100
f 759/767/500/101 760/768/500/101 761/769/500/101
f 761/769/500/101 762/770/500/101 759/767/500/101
f 763/771/501/102 764/772/501/102 765/773/501/102
f 765/773/501/102 766/774/501/102 763/771/501/102
f 767/775/502/103 768/776/502/103 769/777/502/103
f 769/777/502/103 770/778/502/103 767/775/502/103
f 771/779/503/104 772/780/503/104 773/781/503/104
f 773/781/503/104 774/782/503/104 771/779/503/104
f 775/783/504/105 776/784/504/105 777/785/504/105
f 777/785/504/105 778/786/504/105 775/783/504/105
f 885/901/589/119 886/902/589/119 887/903/589/119
f 887/903/589/119 888/904/589/119 885/901/589/119
f 889/905/590/120 890/906/590/120 891/907/590/120
f 891/907/590/120 892/908/590/120 889/905/590/120
f 893/909/591/121 894/910/591/121 895/911/591/121
f 895/911/591/121 896/912/591/121 893/909/591/121
f 897/913/592/122 898/914/592/122 899/915/592/122
f 899/915/592/122 900/916/592/122 897/913/592/122
f 901/917/593/123 902/918/593/123 903/919/593/123
f 903/919/593/123 904/920/593/123 901/917/593/123
f 905/921/594/124 906/922/594/124 907/923/594/124
f 907/923/594/124 908/924/594/124 905/921/594/124
f 909/925/595/125 910/926/595/125 911/927/595/125
f 911/927/595/125 912/928/595/125 909/925/595/125
f 913/929/596/126 914/930/596/126 915/931/596/126
f 915/931/596/126 916/932/596/126 913/929/596/126
f 917/933/597/127 918/934/597/127 919/935/597/127
f 919/935/597/127 920/936/597/127 917/933/597/127
f 921/937/598/128 922/938/598/128 923/939/598/128
f 923/939/598/128 924/940/598/128 921/937/598/128
f 1097/1113/682/142 1098/1114/682/142 1099/1115/682/142
f 1099/1115/682/142 1100/1116/682/142 1097/1113/682/142
f 1101/1117/683/143 1102/1118/683/143 1103/1119/683/143
f 1103/1119/683/143 1104/1120/683/143 1101/1117/683/143
f 1105/1121/684/144 1106/1122/684/144 1107/1123/684/144
f 1107/1123/684/144 1108/1124/684/144 1105/1121/684/144
f 1109/1125/685/145 1110/1126/685/145 1111/1127/685/145
f 1111/1127/685/145 1112/1128/685/145 1109/1125/685/145
f 1113/1129/686/146 1114/1130/686/146 1115/1131/686/146
f 1115/1131/686/146 1116/1132/686/146 1113/1129/686/146
f 1117/1133/687/147 1118/1134/687/147 1119/1135/687/147
f 1119/1135/687/147 1120/1136/687/147 1117/1133/687/147
f 1121/1137/688/148 1122/1138/688/148 1123/1139/688/148
f 1123/1139/688/148 1124/1140/688/148 1121/1137/688/148
f 1125/1141/689/149 1126/1142/689/149 1127/1143/689/149
f 1127/1143/689/149 1128/1144/689/149 1125/1141/689/149
f 1129/1145/690/150 1130/1146/690/150 1131/1147/690/150
f 1131/1147/690/150 1132/1148/690/150 1129/1145/690/150
f 1133/1149/691/151 1134/1150/691/151 1135/1151/691/151
f 1135/1151/691/151 1136/1152/691/151 1133/1149/691/151
f 1195/1211/738/163 1196/1212/738/163 1197/1213/738/163
f 1197/1213/738/163 1198/1214/738/163 1195/1211/738/163
f 1199/1215/739/164 1200/1216/739/164 1201/1217/739/164
f 1201/1217/739/164 1202/1218/739/164 1199/1215/739/164
f 1203/1219/740/165 1204/1220/740/165 1205/1221/740/165
f 1205/1221/740/165 1206/1222/740/165 1203/1219/740/165
f 1207/1223/741/166 1208/1224/741/166 1209/1225/741/166
f 1209/1225/741/166 1210/1226/741/166 1207/1223/741/166
f 1211/1227/742/167 1212/1228/742/167 1213/1229/742/167
f 1213/1229/742/167 1214/1230/742/167 1211/1227/742/167
f 1215/1231/743/168 1216/1232/743/168 1217/1233/743/168
f 1217/1233/743/168 1218/1234/743/168 1215/1231/743/168
f 1219/1235/744/169 1220/1236/744/169 1221/1237/744/169
f 1221/1237/744/169 1222/1238/744/169 1219/1235/744/169
f 1223/1239/745/170 1224/1240/745/170 1225/1241/745/170
f 1225/1241/745/170 1226/1242/745/170 1223/1239/745/170
f 1227/1243/746/171 1228/1244/746/171 1229/1245/746/171
f 1229/1245/746/171 1230/1246/746/171 1227/1243/746/171
f 1231/1247/747/172 1232/1248/747/172 1233/1249/747/172
f 1233/1249/747/172 1234/1250/747/172 1231/1247/747/172
f 1235/1251/748/173 1236/1252/748/173 1237/1253/748/173
f 1237/1253/748/173 1238/1254/748/173 1235/1251/748/173
f 1239/1255/749/174 1240/1256/749/174 1241/1257/749/174
f 1241/1257/749/174 1242/1258/749/174 1239/1255/749/174
f 1283/1299/790/183 1284/1300/790/183 1285/1301/790/183
f 1285/1301/790/183 1286/1302/790/183 1283/1299/790/183
f 1287/1303/791/184 1288/1304/791/184 1289/1305/791/184
f 1289/1305/791/184 1290/1306/791/184 1287/1303/791/184
f 1291/1307/792/185 1292/1308/792/185 1293/1309/792/185
f 1293/1309/792/185 1294/1310/792/185 1291/1307/792/185
f 1295/1311/793/186 1296/1312/793/186 1297/1313/793/186
f 1297/1313/793/186 1298/1314/793/186 1295/1311/793/186
f 1299/1315/794/187 1300/1316/794/187 1301/1317/794/187
f 1301/1317/794/187 1302/1318/794/187 1299/1315/794/187
f 1303/1319/795/188 1304/1320/795/188 1305/1321/795/188
f 1305/1321/795/188 1306/1322/795/188 1303/1319/795/188
f 1307/1323/796/189 1308/1324/796/189 1309/1325/796/189
f 1309/1325/796/189 1310/1326/796/189 1307/1323/796/189
f 1311/1327/797/190 1312/1328/797/190 1313/1329/797/190
f 1313/1329/797/190 1314/1330/797/190 1311/1327/797/190
f 1315/1331/798/191 1316/1332/798/191 1317/1333/798/191
f 1317/1333/798/191 1318/1334/798/191 1315/1331/798/191
f 1319/1335/799/192 1320/1336/799/192 1321/1337/799/192
f 1321/1337/799/192 1322/1338/799/192 1319/1335/799/192
f 1323/1339/800/193 1324/1340/800/193 1325/1341/800/193
f 1325/1341/800/193 1326/1342/800/193 1323/1339/800/193
f 1327/1343/801/194 1328/1344/801/194 1329/1345/801/194
f 1329/1345/801/194 1330/1346/801/194 1327/1343/801/194
f 1375/1391/843/204 1376/1392/843/204 1377/1393/843/204
f 1377/1393/843/204 1378/1394/843/204 1375/1391/843/204
f 1379/1395/844/205 1380/1396/844/205 1381/1397/844/205
f 1381/1397/844/205 1382/1398/844/205 1379/1395/844/205
f 1383/1399/845/206 1384/1400/845/206 1385/1401/845/206
f 1385/1401/845/206 1386/1402/845/206 1383/1399/845/206
f 1387/1403/846/207 1388/1404/846/207 1389/1405/846/207
f 1389/1405/846/207 1390/1406/846/207 1387/1403/846/207
f 1391/1407/847/208 1392/1408/847/208 1393/1409/847/208
f 1393/1409/847/208 1394/1410/847/208 1391/1407/847/208
f 1395/1411/848/209 1396/1412/848/209 1397/1413/848/209
f 1397/1413/848/209 1398/1414/848/209 1395/1411/848/209
f 1399/1415/849/210 1400/1416/849/210 1401/1417/849/210
f 1401/1417/849/210 1402/1418/849/210 1399/1415/849/210
f 1403/1419/850/211 1404/1420/850/211 1405/1421/850/211
f 1405/1421/850/211 1406/1422/850/211 1403/1419/850/211
f 1407/1423/851/212 1408/1424/851/212 1409/1425/851/212
f 1409/1425/851/212 1410/1426/851/212 1407/1423/851/212
f 1411/1427/852/213 1412/1428/852/213 1413/1429/852/213
f 1413/1429/852/213 1414/1430/852/213 1411/1427/852/213
f 1415/1431/853/214 1416/1432/853/214 1417/1433/853/214
f 1417/1433/853/214 1418/1434/853/214 1415/1431/853/214
f 1419/1435/854/215 1420/1436/854/215 1421/1437/854/215
f 1421/1437/854/215 1422/1438/854/215 1419/1435/854/215
f 1463/1479/895/224 1464/1480/895/224 1465/1481/895/224
f 1465/1481/895/224 1466/1482/895/224 1463/1479/895/224
f 1467/1483/896/225 1468/1484/896/225 1469/1485/896/225
f 1469/1485/896/225 1470/1486/896/225 1467/1483/896/225
f 1471/1487/897/226 1472/1488/897/226 1473/1489/897/226
f 1473/1489/897/226 1474/1490/897/226 1471/1487/897/226
f 1475/1491/898/227 1476/1492/898/227 1477/1493/898/227
f 1477/1493/898/227 1478/1494/898/227 1475/1491/898/227
f 1479/1495/899/228 1480/1496/899/228 1481/1497/899/228
f 1481/1497/899/228 1482/1498/899/228 1479/1495/899/228
f 1483/1499/900/229 1484/1500/900/229 1485/1501/900/229
f 1485/1501/900/229 1486/1502/900/229 1483/1499/900/229
f 1487/1503/901/230 1488/1504/901/230 1489/1505/901/230
f 1489/1505/901/230 1490/1506/901/230 1487/1503/901/230
f 1491/1507/902/231 1492/1508/902/231 1493/1509/902/231
f 1493/1509/902/231 1494/1510/902/231 1491/1507/902/231
f 1495/1511/903/232 1496/1512/903/232 1497/1513/903/232
f 1497/1513/903/232 1498/1514/903/232 1495/1511/903/232
f 1499/1515/904/233 1500/1516/904/233 1501/1517/904/233
f 1501/1517/904/233 1502/1518/904/233 1499/1515/904/233
f 1503/1519/905/234 1504/1520/905/234 1505/1521/905/234
f 1505/1521/905/234 1506/1522/905/234 1503/1519/905/234
f 1507/1523/906/235 1508/1524/906/235 1509/1525/906/235
f 1509/1525/906/235 1510/1526/906/235 1507/1523/906/235
f 1559/1575/949/246 1560/1576/949/246 1561/1577/949/246
f 1561/1577/949/246 1562/1578/949/246 1559/1575/949/246
f 1563/1579/950/247 1564/1580/950/247 1565/1581/950/247
f 1565/1581/950/247 1566/1582/950/247 1563/1579/950/247
f 1567/1583/951/248 1568/1584/951/248 1569/1585/951/248
f 1569/1585/951/248 1570/1586/951/248 1567/1583/951/248
f 1571/1587/952/249 1572/1588/952/249 1573/1589/952/249
f 1573/1589/952/249 1574/1590/952/249 1571/1587/952/249
f 1575/1591/953/250 1576/1592/953/250 1577/1593/953/250
f 1577/1593/953/250 1578/1594/953/250 1575/1591/953/250
f 1579/1595/954/251 1580/1596/954/251 1581/1597/954/251
f 1581/1597/954/251 1582/1598/954/251 1579/1595/954/251
f 1583/1599/955/252 1584/1600/955/252 1585/1601/955/252
f 1585/1601/955/252 1586/1602/955/252 1583/1599/955/252
f 1587/1603/956/253 1588/1604/956/253 1589/1605/956/253
f 1589/1605/956/253 1590/1606/956/253 1587/1603/956/253
f 1591/1607/957/254 1592/1608/957/254 1593/1609/957/254
f 1593/1609/957/254 1594/1610/957/254 1591/1607/957/254
f 1595/1611/958/255 1596/1612/958/255 1597/1613/958/255
f 1597/1613/958/255 1598/1614/958/255 1595/1611/958/255
f 1729/1745/1050/272 1730/1746/1050/272 1731/1747/1050/272
f 1731/1747/1050/272 1732/1748/1050/272 1729/1745/1050/272
f 1733/1749/1051/273 1734/1750/1051/273 1735/1751/1051/273
f 1735/1751/1051/273 1736/1752/1051/273 1733/1749/1051/273
f 1737/1753/1052/274 1738/1754/1052/274 1739/1755/1052/274
f 1739/1755/1052/274 1740/1756/1052/274 1737/1753/1052/274
f 1741/1757/1053/275 1742/1758/1053/275 1743/1759/1053/275
f 1743/1759/1053/275 1744/1760/1053/275 1741/1757/1053/275
f 1745/1761/1054/276 1746/1762/1054/276 1747/1763/1054/276
f 1747/1763/1054/276 1748/1764/1054/276 1745/1761/1054/276
f 1749/1765/1055/277 1750/1766/1055/277 1751/1767/1055/277
f 1751/1767/1055/277 1752/1768/1055/277 1749/1765/1055/277
f 1753/1769/1056/278 1754/1770/1056/278 1755/1771/1056/278
f 1755/1771/1056/278 1756/1772/1056/278 1753/1769/1056/278
f 1757/1773/1057/279 1758/1774/1057/279 1759/1775/1057/279
f 1759/1775/1057/279 1760/1776/1057/279 1757/1773/1057/279
f 1761/1777/1058/280 1762/1778/1058/280 1763/1779/1058/280
f 1763/1779/1058/280 1764/1780/1058/280 1761/1777/1058/280
f 1765/1781/1059/281 1766/1782/1059/281 1767/1783/1059/281
f 1767/1783/1059/281 1768/1784/1059/281 1765/1781/1059/281
f 1911/1927/1160/297 1912/1928/1160/297 1913/1929/1160/297
f 1913/1929/1160/297 1914/1930/1160/297 1911/1927/1160/297
f 1915/1931/1161/298 1916/1932/1161/298 1917/1933/1161/298
f 1917/1933/1161/298 1918/1934/1161/298 1915/1931/1161/298
f 1919/1935/1162/299 1920/1936/1162/299 1921/1937/1162/299
f 1921/1937/1162/299 1922/1938/1162/299 1919/1935/1162/299
f 1923/1939/1163/300 1924/1940/1163/300 1925/1941/1163/300
f 1925/1941/1163/300 1926/1942/1163/300 1923/1939/1163/300
f 1927/1943/1164/301 1928/1944/1164/301 1929/1945/1164/301
f 1929/1945/1164/301 1930/1946/1164/301 1927/1943/1164/301
f 1931/1947/1165/302 1932/1948/1165/302 1933/1949/1165/302
f 1933/1949/1165/302 1934/1950/1165/302 1931/1947/1165/302
f 1935/1951/1166/303 1936/1952/1166/303 1937/1953/1166/303
f 1937/1953/1166/303 1938/1954/1166/303 1935/1951/1166/303
f 1939/1955/1167/304 1940/1956/1167/304 1941/1957/1167/304
f 1941/1957/1167/304 1942/1958/1167/304 1939/1955/1167/304
f 2073/2089/1258/322 2074/2090/1258/322 2075/2091/1258/322
f 2075/2091/1258/322 2076/2092/1258/322 2073/2089/1258/322
f 2077/2093/1259/323 2078/2094/1259/323 2079/2095/1259/323
f 2079/2095/1259/323 2080/2096/1259/323 2077/2093/1259/323
f 2081/2097/1260/324 2082/2098/1260/324 2083/2099/1260/324
f 2083/2099/1260/324 2084/2100/1260/324 2081/2097/1260/324
f 2085/2101/1261/325 2086/2102/1261/325 2087/2103/1261/325
f 2087/2103/1261/325 2088/2104/1261/325 2085/2101/1261/325
usemtl slope_slope
s off
f 568/562/407/80 569/563/407/80 566/564/407/80 567/565/407/80
f 563/566/408/80 565/567/408/80 564/568/408/80 562/569/408/80
f 604/570/409/80 605/571/409/80 602/572/409/80 603/573/409/80
f 588/574/410/80 589/575/410/80 586/576/410/80 587/577/410/80
f 608/578/407/80 609/579/407/80 606/580/407/80 607/581/407/80
f 584/590/410/80 585/591/410/80 582/592/410/80 583/593/410/80
f 557/594/412/80 559/595/412/80 558/596/412/80 556/597/412/80
f 616/598/407/80 617/599/407/80 614/600/407/80 615/601/407/80
f 592/606/407/80 593/607/407/80 590/608/407/80 591/609/407/80
f 555/610/412/80 557/594/412/80 556/597/412/80 554/611/412/80
f 600/612/409/80 601/613/409/80 598/614/409/80 599/615/409/80
f 561/620/408/80 563/566/408/80 562/569/408/80 560/621/408/80
f 572/628/407/80 573/629/407/80 570/630/407/80 571/631/407/80
f 939/941/599/129 940/942/599/129 937/943/599/129 938/944/599/129
f 934/945/600/129 936/946/600/129 935/947/600/129 933/948/600/129
f 975/949/601/129 976/950/601/129 973/951/601/129 974/952/601/129
f 959/953/602/129 960/954/602/129 957/955/602/129 958/956/602/129
f 979/957/599/129 980/958/599/129 977/959/599/129 978/960/599/129
f 955/969/602/129 956/970/602/129 953/971/602/129 954/972/602/129
f 928/973/604/129 930/974/604/129 929/975/604/129 927/976/604/129
f 987/977/599/129 988/978/599/129 985/979/599/129 986/980/599/129
f 963/985/599/129 964/986/599/129 961/987/599/129 962/988/599/129
f 926/989/604/129 928/973/604/129 927/976/604/129 925/990/604/129
f 971/991/601/129 972/992/601/129 969/993/601/129 970/994/601/129
f 932/999/600/129 934/945/600/129 933/948/600/129 931/1000/600/129
f 943/1007/599/129 944/1008/599/129 941/1009/599/129 942/1010/599/129
f 574/582/411/80 575/583/411/80 576/584/411/80
f 576/584/411/80 577/585/411/80 574/582/411/80
f 578/586/411/80 579/587/411/80 580/588/411/80
f 580/588/411/80 581/589/411/80 578/586/411/80
f 594/602/408/80 595/603/408/80 596/604/408/80
f 596/604/408/80 597/605/408/80 594/602/408/80
f 610/616/412/80 611/617/412/80 612/618/412/80
f 612/618/412/80 613/619/412/80 610/616/412/80
f 618/622/412/80 619/623/412/80 620/624/412/80
f 621/625/408/80 622/626/408/80 623/627/408/80
f 945/961/603/129 946/962/603/129 947/963/603/129
f 947/963/603/129 948/964/603/129 945/961/603/129
f 949/965/603/129 950/966/603/129 951/967/603/129
f 951/967/603/129 952/968/603/129 949/965/603/129
f 965/981/600/129 966/982/600/129 967/983/600/129
f 967/983/600/129 968/984/600/129 965/981/600/129
f 981/995/604/129 982/996/604/129 983/997/604/129
f 983/997/604/129 984/998/604/129 981/995/604/129
f 989/1001/604/129 990/1002/604/129 991/1003/604/129
f 992/1004/600/129 993/1005/600/129 994/1006/600/129
