mtllib lighthouseExt_02_01.mtl
o map
v -13.0 -8.0 2.0
v -16.0 -8.0 2.0
v -16.0 -16.0 2.0
v -13.0 -16.0 2.0
v -15.0 -4.0 2.0
v -16.0 -4.0 2.0
v -16.0 -8.0 2.0
v -15.0 -8.0 2.0
v -14.0 4.0 1.0
v -16.0 4.0 1.0
v -16.0 -4.0 1.0
v -14.0 -4.0 1.0
v -15.0 12.0 1.0
v -16.0 12.0 1.0
v -16.0 4.0 1.0
v -15.0 4.0 1.0
v -15.0 13.0 1.0
v -16.0 13.0 1.0
v -16.0 12.0 1.0
v -15.0 12.0 1.0
v -14.0 16.0 0.0
v -16.0 16.0 0.0
v -16.0 13.0 0.0
v -14.0 13.0 0.0
v -14.0 -5.0 2.0
v -15.0 -5.0 2.0
v -15.0 -8.0 2.0
v -14.0 -8.0 2.0
v -10.0 -4.0 1.0
v -15.0 -4.0 1.0
v -15.0 -5.0 1.0
v -10.0 -5.0 1.0
v -14.0 9.0 1.0
v -15.0 9.0 1.0
v -15.0 4.0 1.0
v -14.0 4.0 1.0
v -13.0 13.0 0.0
v -15.0 13.0 0.0
v -15.0 9.0 0.0
v -13.0 9.0 0.0
v -13.0 -7.0 2.0
v -14.0 -7.0 2.0
v -14.0 -8.0 2.0
v -13.0 -8.0 2.0
v -10.0 -5.0 1.0
v -14.0 -5.0 1.0
v -14.0 -7.0 1.0
v -10.0 -7.0 1.0
v -13.0 3.0 1.0
v -14.0 3.0 1.0
v -14.0 -4.0 1.0
v -13.0 -4.0 1.0
v -14.0 4.0 1.0
v -14.0 3.0 1.0
v -13.0 3.0 1.0
v -13.0 4.0 1.0
v -14.0 4.0 1.0
v -13.0 4.0 1.0
v -13.0 5.0 1.0
v -14.0 5.0 1.0
v -13.0 6.0 1.0
v -14.0 6.0 1.0
v -14.0 5.0 1.0
v -13.0 5.0 1.0
v -12.0 9.0 0.0
v -14.0 9.0 0.0
v -14.0 6.0 0.0
v -12.0 6.0 0.0
v -14.0 14.0 0.0
v -14.0 13.0 0.0
v -13.0 13.0 0.0
v -13.0 14.0 0.0
v -14.0 14.0 0.0
v -13.0 14.0 0.0
v -13.0 16.0 0.0
v -14.0 16.0 0.0
v -12.0 -9.0 2.0
v -13.0 -9.0 2.0
v -13.0 -16.0 2.0
v -12.0 -16.0 2.0
v -10.0 -7.0 1.0
v -13.0 -7.0 1.0
v -13.0 -9.0 1.0
v -10.0 -9.0 1.0
v -12.0 1.0 1.0
v -13.0 1.0 1.0
v -13.0 -4.0 1.0
v -12.0 -4.0 1.0
v -10.0 3.0 0.0
v -13.0 3.0 0.0
v -13.0 1.0 0.0
v -10.0 1.0 0.0
v -12.0 3.0 0.0
v -12.0 4.0 0.0
v -13.0 4.0 0.0
v -13.0 3.0 0.0
v -12.0 4.0 0.0
v -12.0 5.0 0.0
v -13.0 5.0 0.0
v -13.0 4.0 0.0
v -13.0 6.0 0.0
v -13.0 5.0 0.0
v -12.0 5.0 0.0
v -12.0 6.0 0.0
v -12.0 10.0 0.0
v -13.0 10.0 0.0
v -13.0 9.0 0.0
v -12.0 9.0 0.0
v -13.0 11.0 0.0
v -13.0 10.0 0.0
v -12.0 10.0 0.0
v -12.0 11.0 0.0
v -13.0 11.0 0.0
v -12.0 11.0 0.0
v -12.0 13.0 0.0
v -13.0 13.0 0.0
v -13.0 14.0 0.0
v -13.0 13.0 0.0
v -12.0 13.0 0.0
v -12.0 14.0 0.0
v -12.0 16.0 0.0
v -13.0 16.0 0.0
v -13.0 14.0 0.0
v -12.0 14.0 0.0
v -11.0 -10.0 2.0
v -12.0 -10.0 2.0
v -12.0 -16.0 2.0
v -11.0 -16.0 2.0
v -10.0 -9.0 1.0
v -12.0 -9.0 1.0
v -12.0 -10.0 1.0
v -10.0 -10.0 1.0
v -11.0 -1.0 1.0
v -12.0 -1.0 1.0
v -12.0 -4.0 1.0
v -11.0 -4.0 1.0
v -10.0 1.0 0.0
v -12.0 1.0 0.0
v -12.0 -1.0 0.0
v -10.0 -1.0 0.0
v -12.0 3.0 0.0
v -11.0 3.0 0.0
v -11.0 4.0 0.0
v -12.0 4.0 0.0
v -11.0 5.0 0.0
v -12.0 5.0 0.0
v -12.0 4.0 0.0
v -11.0 4.0 0.0
v -11.0 5.0 0.0
v -11.0 6.0 0.0
v -12.0 6.0 0.0
v -12.0 5.0 0.0
v -11.0 8.0 0.0
v -12.0 8.0 0.0
v -12.0 6.0 0.0
v -11.0 6.0 0.0
v -12.0 9.0 0.0
v -12.0 8.0 0.0
v -11.0 8.0 0.0
v -11.0 9.0 0.0
v -12.0 9.0 0.0
v -11.0 9.0 0.0
v -11.0 10.0 0.0
v -12.0 10.0 0.0
v -12.0 11.0 0.0
v -12.0 10.0 0.0
v -11.0 10.0 0.0
v -11.0 11.0 0.0
v -11.0 15.0 0.0
v -12.0 15.0 0.0
v -12.0 11.0 0.0
v -11.0 11.0 0.0
v -11.0 15.0 0.0
v -11.0 16.0 0.0
v -12.0 16.0 0.0
v -12.0 15.0 0.0
v -10.0 -11.0 2.0
v -11.0 -11.0 2.0
v -11.0 -16.0 2.0
v -10.0 -16.0 2.0
v -10.0 -10.0 1.0
v -11.0 -10.0 1.0
v -11.0 -11.0 1.0
v -10.0 -11.0 1.0
v -10.0 -1.0 0.0
v -11.0 -1.0 0.0
v -11.0 -4.0 0.0
v -10.0 -4.0 0.0
v -10.0 4.0 0.0
v -11.0 4.0 0.0
v -11.0 3.0 0.0
v -10.0 3.0 0.0
v -11.0 5.0 0.0
v -11.0 4.0 0.0
v -10.0 4.0 0.0
v -10.0 5.0 0.0
v -11.0 5.0 0.0
v -10.0 5.0 0.0
v -10.0 8.0 0.0
v -11.0 8.0 0.0
v -11.0 9.0 0.0
v -11.0 8.0 0.0
v -10.0 8.0 0.0
v -10.0 9.0 0.0
v -10.0 12.0 0.0
v -11.0 12.0 0.0
v -11.0 9.0 0.0
v -10.0 9.0 0.0
v -10.0 12.0 0.0
v -10.0 13.0 0.0
v -11.0 13.0 0.0
v -11.0 12.0 0.0
v -10.0 15.0 0.0
v -11.0 15.0 0.0
v -11.0 13.0 0.0
v -10.0 13.0 0.0
v -10.0 15.0 0.0
v -10.0 16.0 0.0
v -11.0 16.0 0.0
v -11.0 15.0 0.0
v -10.0 -15.0 2.0
v -10.0 -16.0 2.0
v -9.0 -16.0 2.0
v -9.0 -15.0 2.0
v -10.0 -15.0 2.0
v -9.0 -15.0 2.0
v -9.0 -13.0 2.0
v -10.0 -13.0 2.0
v -10.0 -13.0 1.0
v -9.0 -13.0 1.0
v -9.0 -9.0 1.0
v -10.0 -9.0 1.0
v -9.0 -8.0 1.0
v -10.0 -8.0 1.0
v -10.0 -9.0 1.0
v -9.0 -9.0 1.0
v -9.0 -7.0 1.0
v -10.0 -7.0 1.0
v -10.0 -8.0 1.0
v -9.0 -8.0 1.0
v -9.0 -6.0 0.0
v -10.0 -6.0 0.0
v -10.0 -7.0 0.0
v -9.0 -7.0 0.0
v -10.0 -5.0 0.0
v -10.0 -6.0 0.0
v -9.0 -6.0 0.0
v -9.0 -5.0 0.0
v -10.0 -5.0 0.0
v -9.0 -5.0 0.0
v -9.0 3.0 0.0
v -10.0 3.0 0.0
v -10.0 3.0 0.0
v -9.0 3.0 0.0
v -9.0 4.0 0.0
v -10.0 4.0 0.0
v -10.0 5.0 0.0
v -10.0 4.0 0.0
v -9.0 4.0 0.0
v -9.0 5.0 0.0
v -9.0 9.0 0.0
v -10.0 9.0 0.0
v -10.0 5.0 0.0
v -9.0 5.0 0.0
v -9.0 9.0 0.0
v -9.0 10.0 0.0
v -10.0 10.0 0.0
v -10.0 9.0 0.0
v -9.0 12.0 0.0
v -10.0 12.0 0.0
v -10.0 10.0 0.0
v -9.0 10.0 0.0
v -9.0 12.0 0.0
v -9.0 13.0 0.0
v -10.0 13.0 0.0
v -10.0 12.0 0.0
v -2.0 16.0 0.0
v -10.0 16.0 0.0
v -10.0 13.0 0.0
v -2.0 13.0 0.0
v -9.0 -15.0 2.0
v -9.0 -16.0 2.0
v -8.0 -16.0 2.0
v -8.0 -15.0 2.0
v -8.0 -13.0 2.0
v -9.0 -13.0 2.0
v -9.0 -15.0 2.0
v -8.0 -15.0 2.0
v -8.0 -10.0 1.0
v -9.0 -10.0 1.0
v -9.0 -13.0 1.0
v -8.0 -13.0 1.0
v -7.0 -9.0 0.0
v -9.0 -9.0 0.0
v -9.0 -10.0 0.0
v -7.0 -10.0 0.0
v -8.0 -8.0 0.0
v -9.0 -8.0 0.0
v -9.0 -9.0 0.0
v -8.0 -9.0 0.0
v -9.0 -8.0 0.0
v -8.0 -8.0 0.0
v -8.0 -6.0 0.0
v -9.0 -6.0 0.0
v -9.0 -5.0 0.0
v -9.0 -6.0 0.0
v -8.0 -6.0 0.0
v -8.0 -5.0 0.0
v -8.0 3.0 0.0
v -9.0 3.0 0.0
v -9.0 -5.0 0.0
v -8.0 -5.0 0.0
v -8.0 6.0 0.0
v -9.0 6.0 0.0
v -9.0 3.0 0.0
v -8.0 3.0 0.0
v -8.0 6.0 0.0
v -8.0 7.0 0.0
v -9.0 7.0 0.0
v -9.0 6.0 0.0
v -8.0 9.0 0.0
v -9.0 9.0 0.0
v -9.0 7.0 0.0
v -8.0 7.0 0.0
v -8.0 9.0 0.0
v -8.0 10.0 0.0
v -9.0 10.0 0.0
v -9.0 9.0 0.0
v -1.0 13.0 0.0
v -9.0 13.0 0.0
v -9.0 10.0 0.0
v -1.0 10.0 0.0
v -7.0 -14.0 2.0
v -8.0 -14.0 2.0
v -8.0 -16.0 2.0
v -7.0 -16.0 2.0
v -7.0 -14.0 1.0
v -7.0 -13.0 1.0
v -8.0 -13.0 1.0
v -8.0 -14.0 1.0
v -7.0 -11.0 1.0
v -8.0 -11.0 1.0
v -8.0 -13.0 1.0
v -7.0 -13.0 1.0
v -8.0 -11.0 0.0
v -7.0 -11.0 0.0
v -7.0 -10.0 0.0
v -8.0 -10.0 0.0
v -7.0 -4.0 0.0
v -8.0 -4.0 0.0
v -8.0 -9.0 0.0
v -7.0 -9.0 0.0
v -7.0 -4.0 0.0
v -7.0 -3.0 0.0
v -8.0 -3.0 0.0
v -8.0 -4.0 0.0
v -7.0 5.0 0.0
v -8.0 5.0 0.0
v -8.0 -3.0 0.0
v -7.0 -3.0 0.0
v -7.0 6.0 0.0
v -8.0 6.0 0.0
v -8.0 5.0 0.0
v -7.0 5.0 0.0
v -7.0 6.0 0.0
v -7.0 7.0 0.0
v -8.0 7.0 0.0
v -8.0 6.0 0.0
v -2.0 10.0 0.0
v -8.0 10.0 0.0
v -8.0 7.0 0.0
v -2.0 7.0 0.0
v -6.0 -14.0 1.0
v -7.0 -14.0 1.0
v -7.0 -16.0 1.0
v -6.0 -16.0 1.0
v -6.0 -14.0 1.0
v -6.0 -13.0 1.0
v -7.0 -13.0 1.0
v -7.0 -14.0 1.0
v -6.0 -12.0 1.0
v -7.0 -12.0 1.0
v -7.0 -13.0 1.0
v -6.0 -13.0 1.0
v 1.0 -11.0 0.0
v -7.0 -11.0 0.0
v -7.0 -12.0 0.0
v 1.0 -12.0 0.0
v -7.0 -11.0 0.0
v -6.0 -11.0 0.0
v -6.0 -10.0 0.0
v -7.0 -10.0 0.0
v -6.0 -4.0 0.0
v -7.0 -4.0 0.0
v -7.0 -10.0 0.0
v -6.0 -10.0 0.0
v -6.0 -4.0 0.0
v -6.0 -3.0 0.0
v -7.0 -3.0 0.0
v -7.0 -4.0 0.0
v -2.0 5.0 0.0
v -7.0 5.0 0.0
v -7.0 -3.0 0.0
v -2.0 -3.0 0.0
v -2.0 7.0 0.0
v -7.0 7.0 0.0
v -7.0 5.0 0.0
v -2.0 5.0 0.0
v -5.0 -14.0 1.0
v -6.0 -14.0 1.0
v -6.0 -16.0 1.0
v -5.0 -16.0 1.0
v 2.0 -12.0 0.0
v -6.0 -12.0 0.0
v -6.0 -14.0 0.0
v 2.0 -14.0 0.0
v 0.0 -3.0 0.0
v -6.0 -3.0 0.0
v -6.0 -11.0 0.0
v 0.0 -11.0 0.0
v 3.0 -14.0 0.0
v -5.0 -14.0 0.0
v -5.0 -16.0 0.0
v 3.0 -16.0 0.0
v -1.0 1.0 0.0
v -2.0 1.0 0.0
v -2.0 -3.0 0.0
v -1.0 -3.0 0.0
v -2.0 2.0 0.0
v -2.0 1.0 0.0
v -1.0 1.0 0.0
v -1.0 2.0 0.0
v -2.0 2.0 0.0
v -1.0 2.0 0.0
v -1.0 8.0 0.0
v -2.0 8.0 0.0
v -1.0 9.0 0.0
v -2.0 9.0 0.0
v -2.0 8.0 0.0
v -1.0 8.0 0.0
v -1.0 10.0 0.0
v -2.0 10.0 0.0
v -2.0 9.0 0.0
v -1.0 9.0 0.0
v -1.0 16.0 0.0
v -2.0 16.0 0.0
v -2.0 13.0 0.0
v -1.0 13.0 0.0
v -1.0 -2.0 0.0
v -1.0 -3.0 0.0
v 0.0 -3.0 0.0
v 0.0 -2.0 0.0
v -1.0 -2.0 0.0
v 0.0 -2.0 0.0
v 0.0 1.0 0.0
v -1.0 1.0 0.0
v -1.0 2.0 0.0
v -1.0 1.0 0.0
v 0.0 1.0 0.0
v 0.0 2.0 0.0
v -0.669922 2.330079 -0.0029289722
v -0.669922 3.000001 -0.0029289722
v -1.0 3.000001 0.0
v -1.0 2.000001 0.0
v 0.0 2.330079 -0.0029289722
v -0.669922 2.330079 -0.0029289722
v -1.0 2.000001 0.0
v 0.0 2.000001 0.0
v 0.0 2.330079 -0.0029289722
v 0.0 2.789063 -0.901367
v -0.669922 2.330079 -0.0029289722
v -0.10546899 2.894532 -0.901367
v -0.21093798 3.000001 -0.901367
v -0.21093798 3.000001 -0.901367
v -0.10546899 2.894532 -0.901367
v 0.0 3.000001 -1.0
v 0.0 2.789063 -0.901367
v -0.669922 3.000001 -0.0029289722
v -0.669922 2.330079 -0.0029289722
v -0.21093798 3.000001 -0.901367
v -0.21093702 7.0 -0.901367
v -0.669921 7.0 -0.0029289722
v -0.669921 3.0 -0.0029289722
v -0.21093702 3.0 -0.901367
v -0.999999 7.0 0.0
v -0.999999 3.0 0.0
v -0.21093702 7.0 -0.901367
v -0.21093702 3.0 -0.901367
v 9.536743E-7 3.0 -1.0
v 9.536743E-7 7.0 -1.0
v -0.66992104 7.669922 -0.0029289722
v 9.536743E-7 7.669922 -0.0029289722
v 9.536743E-7 8.0 0.0
v -0.999999 8.0 0.0
v -0.66992104 7.0 -0.0029289722
v -0.66992104 7.669922 -0.0029289722
v -0.999999 8.0 0.0
v -0.999999 7.0 0.0
v -0.66992104 7.0 -0.0029289722
v -0.21093702 7.0 -0.901367
v -0.66992104 7.669922 -0.0029289722
v -0.105467975 7.1054688 -0.901367
v 9.536743E-7 7.210938 -0.901367
v 9.536743E-7 7.210938 -0.901367
v -0.105467975 7.1054688 -0.901367
v 9.536743E-7 7.0 -1.0
v -0.21093702 7.0 -0.901367
v 9.536743E-7 7.669922 -0.0029289722
v -0.66992104 7.669922 -0.0029289722
v 9.536743E-7 7.210938 -0.901367
v 0.0 9.0 0.0
v -1.0 9.0 0.0
v -1.0 8.0 0.0
v 0.0 8.0 0.0
v -1.0 9.0 0.0
v 0.0 9.0 0.0
v 0.0 14.0 0.0
v -1.0 14.0 0.0
v 0.0 15.0 0.0
v -1.0 15.0 0.0
v -1.0 14.0 0.0
v 0.0 14.0 0.0
v 0.0 16.0 0.0
v -1.0 16.0 0.0
v -1.0 15.0 0.0
v 0.0 15.0 0.0
v 1.0 -5.0 0.0
v 0.0 -5.0 0.0
v 0.0 -11.0 0.0
v 1.0 -11.0 0.0
v 0.0 -4.0 0.0
v 0.0 -5.0 0.0
v 1.0 -5.0 0.0
v 1.0 -4.0 0.0
v 0.0 -4.0 0.0
v 1.0 -4.0 0.0
v 1.0 -3.0 0.0
v 0.0 -3.0 0.0
v 0.0 -2.0 0.0
v 0.0 -3.0 0.0
v 1.0 -3.0 0.0
v 1.0 -2.0 0.0
v 0.330078 -1.669921 -0.0029289722
v 0.330078 -0.99999905 -0.0029289722
v 0.0 -0.99999905 0.0
v 0.0 -1.999999 0.0
v 1.0 -1.669921 -0.0029289722
v 0.330078 -1.669921 -0.0029289722
v 0.0 -1.999999 0.0
v 1.0 -1.999999 0.0
v 1.0 -1.669921 -0.0029289722
v 1.0 -1.210937 -0.901367
v 0.330078 -1.669921 -0.0029289722
v 0.894531 -1.105468 -0.901367
v 0.789062 -0.99999905 -0.901367
v 0.789062 -0.99999905 -0.901367
v 0.894531 -1.105468 -0.901367
v 1.0 -0.99999905 -1.0
v 1.0 -1.210937 -0.901367
v 0.330078 -0.99999905 -0.0029289722
v 0.330078 -1.669921 -0.0029289722
v 0.789062 -0.99999905 -0.901367
v 0.789063 2.0 -0.901367
v 0.33007902 2.0 -0.0029289722
v 0.33007902 -1.0 -0.0029289722
v 0.789063 -1.0 -0.901367
v 1.013279E-6 2.0 0.0
v 1.013279E-6 -1.0 0.0
v 0.789063 2.0 -0.901367
v 0.789063 -1.0 -0.901367
v 1.000001 -1.0 -1.0
v 1.000001 2.0 -1.0
v 1.0 2.000001 -1.0
v 1.0 3.000001 -1.0
v 0.9375 2.625001 -1.0
v 0.6875 2.937501 -1.0
v 0.0 3.000001 -1.0
v 0.6875 2.937501 -1.0
v 0.0 3.000001 -1.0
v 0.0 2.789063 -0.901367
v 0.5 2.750001 -0.901367
v 1.0 2.000001 -1.0
v 0.9375 2.625001 -1.0
v 0.75 2.437501 -0.901367
v 0.789062 2.000001 -0.901367
v 0.789062 2.000001 -0.901367
v 0.75 2.437501 -0.901367
v 0.330078 2.000001 -0.0029289722
v 0.5 2.750001 -0.901367
v 0.0 2.330079 -0.0029289722
v 0.0 2.789063 -0.901367
v 0.0 2.330079 -0.0029289722
v 0.0 2.000001 0.0
v 0.330078 2.000001 -0.0029289722
v 1.0 7.0 -14.0
v 0.0 7.0 -14.0
v 0.0 3.0 -14.0
v 1.0 3.0 -14.0
v 1.013279E-6 7.0 -1.0
v 1.000001 7.0 -1.0
v 0.625001 7.0625 -1.0
v 0.937501 7.3125 -1.0
v 1.000001 8.0 -1.0
v 0.937501 7.3125 -1.0
v 1.000001 8.0 -1.0
v 0.789063 8.0 -0.901367
v 0.750001 7.5 -0.901367
v 1.013279E-6 7.0 -1.0
v 0.625001 7.0625 -1.0
v 0.437501 7.25 -0.901367
v 1.013279E-6 7.210938 -0.901367
v 1.013279E-6 7.210938 -0.901367
v 0.437501 7.25 -0.901367
v 1.013279E-6 7.669922 -0.0029289722
v 0.750001 7.5 -0.901367
v 0.33007902 8.0 -0.0029289722
v 0.789063 8.0 -0.901367
v 0.33007902 8.0 -0.0029289722
v 1.013279E-6 8.0 0.0
v 1.013279E-6 7.669922 -0.0029289722
v 0.789063 13.0 -0.901367
v 0.33007902 13.0 -0.0029289722
v 0.33007902 8.0 -0.0029289722
v 0.789063 8.0 -0.901367
v 1.013279E-6 13.0 0.0
v 1.013279E-6 8.0 0.0
v 0.789063 13.0 -0.901367
v 0.789063 8.0 -0.901367
v 1.000001 8.0 -1.0
v 1.000001 13.0 -1.0
v 0.330079 13.669922 -0.0029289722
v 1.000001 13.669922 -0.0029289722
v 1.000001 14.0 0.0
v 1.013279E-6 14.0 0.0
v 0.330079 13.0 -0.0029289722
v 0.330079 13.669922 -0.0029289722
v 1.013279E-6 14.0 0.0
v 1.013279E-6 13.0 0.0
v 0.330079 13.0 -0.0029289722
v 0.789063 13.0 -0.901367
v 0.330079 13.669922 -0.0029289722
v 0.894532 13.105469 -0.901367
v 1.000001 13.210938 -0.901367
v 1.000001 13.210938 -0.901367
v 0.894532 13.105469 -0.901367
v 1.000001 13.0 -1.0
v 0.789063 13.0 -0.901367
v 1.000001 13.669922 -0.0029289722
v 0.330079 13.669922 -0.0029289722
v 1.000001 13.210938 -0.901367
v 1.0 15.0 0.0
v 0.0 15.0 0.0
v 0.0 14.0 0.0
v 1.0 14.0 0.0
v 1.0 16.0 0.0
v 0.0 16.0 0.0
v 0.0 15.0 0.0
v 1.0 15.0 0.0
v 2.0 -7.0 0.0
v 1.0 -7.0 0.0
v 1.0 -12.0 0.0
v 2.0 -12.0 0.0
v 1.0 -6.0 0.0
v 1.0 -7.0 0.0
v 2.0 -7.0 0.0
v 2.0 -6.0 0.0
v 1.0 -6.0 0.0
v 2.0 -6.0 0.0
v 2.0 -5.0 0.0
v 1.0 -5.0 0.0
v 1.0 -4.0 0.0
v 1.0 -5.0 0.0
v 2.0 -5.0 0.0
v 2.0 -4.0 0.0
v 1.330078 -3.669921 -0.0029289722
v 1.330078 -2.999999 -0.0029289722
v 1.0 -2.999999 0.0
v 1.0 -3.999999 0.0
v 2.0 -3.669921 -0.0029289722
v 1.330078 -3.669921 -0.0029289722
v 1.0 -3.999999 0.0
v 2.0 -3.999999 0.0
v 2.0 -3.669921 -0.0029289722
v 2.0 -3.210937 -0.901367
v 1.330078 -3.669921 -0.0029289722
v 1.894531 -3.105468 -0.901367
v 1.789062 -2.999999 -0.901367
v 1.789062 -2.999999 -0.901367
v 1.894531 -3.105468 -0.901367
v 2.0 -2.999999 -1.0
v 2.0 -3.210937 -0.901367
v 1.330078 -2.999999 -0.0029289722
v 1.330078 -3.669921 -0.0029289722
v 1.789062 -2.999999 -0.901367
v 1.789063 -2.0 -0.901367
v 1.3300791 -2.0 -0.0029289722
v 1.3300791 -3.0 -0.0029289722
v 1.789063 -3.0 -0.901367
v 1.000001 -2.0 0.0
v 1.000001 -3.0 0.0
v 1.789063 -2.0 -0.901367
v 1.789063 -3.0 -0.901367
v 2.000001 -3.0 -1.0
v 2.000001 -2.0 -1.0
v 2.0 -1.999999 -1.0
v 2.0 -0.99999905 -1.0
v 1.9375 -1.374999 -1.0
v 1.6875 -1.062499 -1.0
v 1.0 -0.99999905 -1.0
v 1.6875 -1.062499 -1.0
v 1.0 -0.99999905 -1.0
v 1.0 -1.210937 -0.901367
v 1.5 -1.249999 -0.901367
v 2.0 -1.999999 -1.0
v 1.9375 -1.374999 -1.0
v 1.75 -1.562499 -0.901367
v 1.789062 -1.999999 -0.901367
v 1.789062 -1.999999 -0.901367
v 1.75 -1.562499 -0.901367
v 1.330078 -1.999999 -0.0029289722
v 1.5 -1.249999 -0.901367
v 1.0 -1.6699209 -0.0029289722
v 1.0 -1.210937 -0.901367
v 1.0 -1.6699209 -0.0029289722
v 1.0 -1.999999 0.0
v 1.330078 -1.999999 -0.0029289722
v 2.0 1.0 -14.0
v 1.0 1.0 -14.0
v 1.0 -1.0 -14.0
v 2.0 -1.0 -14.0
v 2.0 1.330078 -14.502931
v 2.0 1.789062 -15.401369
v 1.330078 1.330078 -14.502931
v 1.894531 1.894531 -15.401369
v 1.789062 2.0 -15.401369
v 2.0 2.0 -15.500002
v 1.0 1.0 -14.500002
v 2.0 1.0 -14.500002
v 1.330078 2.0 -14.502931
v 1.0 2.0 -14.500002
v 1.789062 2.0 -15.090822
v 2.0 1.789062 -15.090822
v 2.0 2.0 -15.391556
v 1.789062 5.0 -15.401369
v 1.330078 5.0 -14.502931
v 1.0 5.0 -14.500001
v 2.0 5.0 -15.500001
v 1.789062 5.0 -15.401369
v 1.789062 5.0 -15.090822
v 1.962891 5.0 -15.368165
v 2.3300781 5.0 -15.599611
v 1.789062 2.0 -15.401369
v 1.330078 2.0 -14.502931
v 1.0 2.0 -14.500001
v 1.962891 2.0 -15.368165
v 2.3300781 2.0 -15.599611
v 1.789062 2.0 -15.090822
v 2.0 2.0 -15.500001
v 1.789062 2.0 -15.401369
v 1.330078 5.0 -14.502931
v 1.789062 5.0 -15.401369
v 1.330078 5.669922 -14.502931
v 1.894531 5.1054688 -15.401369
v 2.0 5.210938 -15.401369
v 2.0 5.0 -15.500002
v 1.0 6.0 -14.500002
v 1.0 5.0 -14.500002
v 2.0 5.669922 -14.502931
v 2.0 6.0 -14.500002
v 2.0 5.210938 -15.090822
v 1.789062 5.0 -15.090822
v 2.0 5.0 -15.391556
v 2.0 13.0 -14.0
v 1.0 13.0 -14.0
v 1.0 6.0 -14.0
v 2.0 6.0 -14.0
v 1.000001 13.0 -1.0
v 2.000001 13.0 -1.0
v 1.625001 13.0625 -1.0
v 1.937501 13.3125 -1.0
v 2.000001 14.0 -1.0
v 1.937501 13.3125 -1.0
v 2.000001 14.0 -1.0
v 1.789063 14.0 -0.901367
v 1.750001 13.5 -0.901367
v 1.000001 13.0 -1.0
v 1.625001 13.0625 -1.0
v 1.437501 13.25 -0.901367
v 1.000001 13.2109375 -0.901367
v 1.000001 13.2109375 -0.901367
v 1.437501 13.25 -0.901367
v 1.000001 13.669922 -0.0029289722
v 1.750001 13.5 -0.901367
v 1.3300791 14.0 -0.0029289722
v 1.789063 14.0 -0.901367
v 1.3300791 14.0 -0.0029289722
v 1.000001 14.0 0.0
v 1.000001 13.669922 -0.0029289722
v 1.330079 14.669922 -0.0029289722
v 2.000001 14.669922 -0.0029289722
v 2.000001 15.0 0.0
v 1.000001 15.0 0.0
v 1.330079 14.0 -0.0029289722
v 1.330079 14.669922 -0.0029289722
v 1.000001 15.0 0.0
v 1.000001 14.0 0.0
v 1.330079 14.0 -0.0029289722
v 1.789063 14.0 -0.901367
v 1.330079 14.669922 -0.0029289722
v 1.894532 14.105469 -0.901367
v 2.000001 14.210938 -0.901367
v 2.000001 14.210938 -0.901367
v 1.894532 14.105469 -0.901367
v 2.000001 14.0 -1.0
v 1.789063 14.0 -0.901367
v 2.000001 14.669922 -0.0029289722
v 1.330079 14.669922 -0.0029289722
v 2.000001 14.210938 -0.901367
v 2.0 16.0 0.0
v 1.0 16.0 0.0
v 1.0 15.0 0.0
v 2.0 15.0 0.0
v 3.0 -9.0 0.0
v 2.0 -9.0 0.0
v 2.0 -14.0 0.0
v 3.0 -14.0 0.0
v 2.0 -8.0 0.0
v 2.0 -9.0 0.0
v 3.0 -9.0 0.0
v 3.0 -8.0 0.0
v 2.0 -8.0 0.0
v 3.0 -8.0 0.0
v 3.0 -7.0 0.0
v 2.0 -7.0 0.0
v 2.0 -6.0 0.0
v 2.0 -7.0 0.0
v 3.0 -7.0 0.0
v 3.0 -6.0 0.0
v 2.3300781 -5.669921 -0.0029289722
v 2.3300781 -4.999999 -0.0029289722
v 2.0 -4.999999 0.0
v 2.0 -5.999999 0.0
v 3.0 -5.669921 -0.0029289722
v 2.3300781 -5.669921 -0.0029289722
v 2.0 -5.999999 0.0
v 3.0 -5.999999 0.0
v 3.0 -5.669921 -0.0029289722
v 3.0 -5.210937 -0.901367
v 2.3300781 -5.669921 -0.0029289722
v 2.894531 -5.105468 -0.901367
v 2.789062 -4.999999 -0.901367
v 2.789062 -4.999999 -0.901367
v 2.894531 -5.105468 -0.901367
v 3.0 -4.999999 -1.0
v 3.0 -5.210937 -0.901367
v 2.3300781 -4.999999 -0.0029289722
v 2.3300781 -5.669921 -0.0029289722
v 2.789062 -4.999999 -0.901367
v 2.789063 -4.0 -0.901367
v 2.330079 -4.0 -0.0029289722
v 2.330079 -5.0 -0.0029289722
v 2.789063 -5.0 -0.901367
v 2.000001 -4.0 0.0
v 2.000001 -5.0 0.0
v 2.789063 -4.0 -0.901367
v 2.789063 -5.0 -0.901367
v 3.000001 -5.0 -1.0
v 3.000001 -4.0 -1.0
v 3.0 -3.999999 -1.0
v 3.0 -2.999999 -1.0
v 2.9375 -3.374999 -1.0
v 2.6875 -3.062499 -1.0
v 2.0 -2.999999 -1.0
v 2.6875 -3.062499 -1.0
v 2.0 -2.999999 -1.0
v 2.0 -3.210937 -0.901367
v 2.5 -3.249999 -0.901367
v 3.0 -3.999999 -1.0
v 2.9375 -3.374999 -1.0
v 2.75 -3.562499 -0.901367
v 2.789062 -3.999999 -0.901367
v 2.789062 -3.999999 -0.901367
v 2.75 -3.562499 -0.901367
v 2.3300781 -3.999999 -0.0029289722
v 2.5 -3.249999 -0.901367
v 2.0 -3.669921 -0.0029289722
v 2.0 -3.210937 -0.901367
v 2.0 -3.669921 -0.0029289722
v 2.0 -3.999999 0.0
v 2.3300781 -3.999999 -0.0029289722
v 3.0 0.0 -14.0
v 2.0 0.0 -14.0
v 2.0 -3.0 -14.0
v 3.0 -3.0 -14.0
v 3.0 0.330078 -14.502931
v 3.0 0.789062 -15.401369
v 2.3300781 0.330078 -14.502931
v 2.894531 0.894531 -15.401369
v 2.789062 1.0 -15.401369
v 3.0 1.0 -15.500002
v 2.0 0.0 -14.500002
v 3.0 0.0 -14.500002
v 2.3300781 1.0 -14.502931
v 2.0 1.0 -14.500002
v 2.789062 1.0 -15.090822
v 3.0 0.789062 -15.090822
v 3.0 1.0 -15.391556
v 2.789062 1.0 -15.401369
v 2.75 1.4375 -15.401369
v 2.3300781 1.0 -14.502931
v 2.5 1.75 -15.401369
v 2.0 1.330078 -14.502931
v 2.0 1.789063 -15.401369
v 2.0 1.330078 -14.502931
v 2.0 1.0 -14.500002
v 2.3300781 1.0 -14.502931
v 2.789062 1.0 -15.401369
v 3.0 1.0 -15.500002
v 2.75 1.4375 -15.401369
v 2.9375 1.625 -15.500002
v 2.5 1.75 -15.401369
v 2.6875 1.9375 -15.500002
v 2.0 1.789063 -15.401369
v 2.0 2.0 -15.500002
v 3.170898 1.6875 -15.599611
v 2.625 2.233398 -15.599611
v 2.849609 1.6875 -15.390627
v 2.625 1.912109 -15.390627
v 2.663086 1.625 -15.090822
v 2.5625 1.7255859 -15.090822
v 2.0 1.7900391 -15.090822
v 2.5625 1.7255859 -15.090822
v 2.0 1.963867 -15.390627
v 2.625 1.912109 -15.390627
v 2.0 2.333008 -15.599611
v 2.625 2.233398 -15.599611
v 2.663086 1.625 -15.090822
v 2.788086 1.0 -15.090822
v 2.849609 1.6875 -15.390627
v 2.974609 1.0 -15.390627
v 3.170898 1.6875 -15.599611
v 3.295898 1.0 -15.599611
v 2.0 2.616211 -15.599612
v 2.0 2.9375 -15.390628
v 2.0625 3.0 -15.390628
v 2.383789 3.0 -15.599612
v 2.0 3.0 -15.090823
v 2.0 3.616211 -15.599612
v 2.0 3.9375 -15.390628
v 2.0625 4.0 -15.390628
v 2.383789 4.0 -15.599612
v 2.0 4.0 -15.090823
v 2.0 4.616211 -15.599612
v 2.0 4.9375 -15.390628
v 2.0625 5.0 -15.390628
v 2.383789 5.0 -15.599612
v 2.0 5.0 -15.090823
v 2.0 5.210938 -15.401369
v 2.4375 5.25 -15.401369
v 2.0 5.669922 -14.502931
v 2.75 5.5 -15.401369
v 2.3300781 6.0 -14.502931
v 2.789063 6.0 -15.401369
v 2.3300781 6.0 -14.502931
v 2.0 6.0 -14.500002
v 2.0 5.669922 -14.502931
v 2.0 5.210938 -15.401369
v 2.0 5.0 -15.500002
v 2.4375 5.25 -15.401369
v 2.625 5.0625 -15.500002
v 2.75 5.5 -15.401369
v 2.9375 5.3125 -15.500002
v 2.789063 6.0 -15.401369
v 3.0 6.0 -15.500002
v 2.6875 4.829102 -15.599611
v 3.233398 5.375 -15.599611
v 2.6875 5.150391 -15.390627
v 2.912109 5.375 -15.390627
v 2.625 5.336914 -15.090822
v 2.725586 5.4375 -15.090822
v 2.790039 6.0 -15.090822
v 2.725586 5.4375 -15.090822
v 2.963867 6.0 -15.390627
v 2.912109 5.375 -15.390627
v 3.333008 6.0 -15.599611
v 3.233398 5.375 -15.599611
v 2.625 5.336914 -15.090822
v 2.0 5.211914 -15.090822
v 2.6875 5.150391 -15.390627
v 2.0 5.025391 -15.390627
v 2.6875 4.829102 -15.599611
v 2.0 4.704102 -15.599611
v 2.789062 11.0 -15.401369
v 2.3300781 11.0 -14.502931
v 2.0 11.0 -14.500001
v 3.0 11.0 -15.500001
v 2.789062 11.0 -15.401369
v 2.789062 11.0 -15.090822
v 2.962891 11.0 -15.368165
v 3.3300781 11.0 -15.599611
v 2.789062 6.0 -15.401369
v 2.3300781 6.0 -14.502931
v 2.0 6.0 -14.500001
v 2.962891 6.0 -15.368165
v 3.3300781 6.0 -15.599611
v 2.789062 6.0 -15.090822
v 3.0 6.0 -15.500001
v 2.789062 6.0 -15.401369
v 2.3300781 11.0 -14.502931
v 2.789062 11.0 -15.401369
v 2.3300781 11.669922 -14.502931
v 2.894531 11.105469 -15.401369
v 3.0 11.2109375 -15.401369
v 3.0 11.0 -15.500002
v 2.0 12.0 -14.500002
v 2.0 11.0 -14.500002
v 3.0 11.669922 -14.502931
v 3.0 12.0 -14.500002
v 3.0 11.2109375 -15.090822
v 2.789062 11.0 -15.090822
v 3.0 11.0 -15.391556
v 3.0 14.0 -14.0
v 2.0 14.0 -14.0
v 2.0 12.0 -14.0
v 3.0 12.0 -14.0
v 2.000001 14.0 -1.0
v 3.000001 14.0 -1.0
v 2.625001 14.0625 -1.0
v 2.937501 14.3125 -1.0
v 3.000001 15.0 -1.0
v 2.937501 14.3125 -1.0
v 3.000001 15.0 -1.0
v 2.789063 15.0 -0.901367
v 2.750001 14.5 -0.901367
v 2.000001 14.0 -1.0
v 2.625001 14.0625 -1.0
v 2.437501 14.25 -0.901367
v 2.000001 14.2109375 -0.901367
v 2.000001 14.2109375 -0.901367
v 2.437501 14.25 -0.901367
v 2.000001 14.669922 -0.0029289722
v 2.750001 14.5 -0.901367
v 2.330079 15.0 -0.0029289722
v 2.789063 15.0 -0.901367
v 2.330079 15.0 -0.0029289722
v 2.000001 15.0 0.0
v 2.000001 14.669922 -0.0029289722
v 2.789063 16.0 -0.901367
v 2.330079 16.0 -0.0029289722
v 2.330079 15.0 -0.0029289722
v 2.789063 15.0 -0.901367
v 2.000001 16.0 0.0
v 2.000001 15.0 0.0
v 2.789063 16.0 -0.901367
v 2.789063 15.0 -0.901367
v 3.000001 15.0 -1.0
v 3.000001 16.0 -1.0
v 4.0 -11.0 0.0
v 3.0 -11.0 0.0
v 3.0 -16.0 0.0
v 4.0 -16.0 0.0
v 3.0 -10.0 0.0
v 3.0 -11.0 0.0
v 4.0 -11.0 0.0
v 4.0 -10.0 0.0
v 3.0 -10.0 0.0
v 4.0 -10.0 0.0
v 4.0 -9.0 0.0
v 3.0 -9.0 0.0
v 3.0 -8.0 0.0
v 3.0 -9.0 0.0
v 4.0 -9.0 0.0
v 4.0 -8.0 0.0
v 3.3300781 -7.669921 -0.0029289722
v 3.3300781 -6.999999 -0.0029289722
v 3.0 -6.999999 0.0
v 3.0 -7.999999 0.0
v 4.0 -7.669921 -0.0029289722
v 3.3300781 -7.669921 -0.0029289722
v 3.0 -7.999999 0.0
v 4.0 -7.999999 0.0
v 4.0 -7.669921 -0.0029289722
v 4.0 -7.210937 -0.901367
v 3.3300781 -7.669921 -0.0029289722
v 3.894531 -7.105468 -0.901367
v 3.789062 -6.999999 -0.901367
v 3.789062 -6.999999 -0.901367
v 3.894531 -7.105468 -0.901367
v 4.0 -6.999999 -1.0
v 4.0 -7.210937 -0.901367
v 3.3300781 -6.999999 -0.0029289722
v 3.3300781 -7.669921 -0.0029289722
v 3.789062 -6.999999 -0.901367
v 3.789063 -6.0 -0.901367
v 3.330079 -6.0 -0.0029289722
v 3.330079 -7.0 -0.0029289722
v 3.789063 -7.0 -0.901367
v 3.000001 -6.0 0.0
v 3.000001 -7.0 0.0
v 3.789063 -6.0 -0.901367
v 3.789063 -7.0 -0.901367
v 4.000001 -7.0 -1.0
v 4.000001 -6.0 -1.0
v 4.0 -5.999999 -1.0
v 4.0 -4.999999 -1.0
v 3.9375 -5.374999 -1.0
v 3.6875 -5.062499 -1.0
v 3.0 -4.999999 -1.0
v 3.6875 -5.062499 -1.0
v 3.0 -4.999999 -1.0
v 3.0 -5.210937 -0.901367
v 3.5 -5.249999 -0.901367
v 4.0 -5.999999 -1.0
v 3.9375 -5.374999 -1.0
v 3.75 -5.562499 -0.901367
v 3.789062 -5.999999 -0.901367
v 3.789062 -5.999999 -0.901367
v 3.75 -5.562499 -0.901367
v 3.3300781 -5.999999 -0.0029289722
v 3.5 -5.249999 -0.901367
v 3.0 -5.669921 -0.0029289722
v 3.0 -5.210937 -0.901367
v 3.0 -5.669921 -0.0029289722
v 3.0 -5.999999 0.0
v 3.3300781 -5.999999 -0.0029289722
v 4.0 -2.0 -14.0
v 3.0 -2.0 -14.0
v 3.0 -5.0 -14.0
v 4.0 -5.0 -14.0
v 4.0 -1.669922 -14.502931
v 4.0 -1.210938 -15.401369
v 3.3300781 -1.669922 -14.502931
v 3.894531 -1.105469 -15.401369
v 3.789062 -1.0 -15.401369
v 4.0 -1.0 -15.500002
v 3.0 -2.0 -14.500002
v 4.0 -2.0 -14.500002
v 3.3300781 -1.0 -14.502931
v 3.0 -1.0 -14.500002
v 3.789062 -1.0 -15.090822
v 4.0 -1.210938 -15.090822
v 4.0 -1.0 -15.391556
v 3.789062 0.0 -15.401369
v 3.3300781 0.0 -14.502931
v 3.0 0.0 -14.500001
v 4.0 0.0 -15.500001
v 3.789062 0.0 -15.401369
v 3.789062 0.0 -15.090822
v 3.962891 0.0 -15.368165
v 4.330078 0.0 -15.599611
v 3.789062 -1.0 -15.401369
v 3.3300781 -1.0 -14.502931
v 3.0 -1.0 -14.500001
v 3.962891 -1.0 -15.368165
v 4.330078 -1.0 -15.599611
v 3.789062 -1.0 -15.090822
v 4.0 -1.0 -15.500001
v 3.789062 -1.0 -15.401369
v 3.789062 0.0 -15.401369
v 3.75 0.4375 -15.401369
v 3.3300781 0.0 -14.502931
v 3.5 0.75 -15.401369
v 3.0 0.330078 -14.502931
v 3.0 0.789063 -15.401369
v 3.0 0.330078 -14.502931
v 3.0 0.0 -14.500002
v 3.3300781 0.0 -14.502931
v 3.789062 0.0 -15.401369
v 4.0 0.0 -15.500002
v 3.75 0.4375 -15.401369
v 3.9375 0.625 -15.500002
v 3.5 0.75 -15.401369
v 3.6875 0.9375 -15.500002
v 3.0 0.789063 -15.401369
v 3.0 1.0 -15.500002
v 4.170898 0.6875 -15.599611
v 3.625 1.233398 -15.599611
v 3.849609 0.6875 -15.390627
v 3.625 0.912109 -15.390627
v 3.663086 0.625 -15.090822
v 3.5625 0.725586 -15.090822
v 3.0 0.790039 -15.090822
v 3.5625 0.725586 -15.090822
v 3.0 0.963867 -15.390627
v 3.625 0.912109 -15.390627
v 3.0 1.333008 -15.599611
v 3.625 1.233398 -15.599611
v 3.663086 0.625 -15.090822
v 3.788086 0.0 -15.090822
v 3.849609 0.6875 -15.390627
v 3.974609 0.0 -15.390627
v 4.170898 0.6875 -15.599611
v 4.295898 0.0 -15.599611
v 3.0 1.6162109 -15.599612
v 3.0 1.9375 -15.390628
v 3.0625 2.0 -15.390628
v 3.383789 2.0 -15.599612
v 3.0 2.0 -15.090823
v 3.0 2.616211 -15.599612
v 3.0 2.9375 -15.390628
v 3.0625 3.0 -15.390628
v 3.383789 3.0 -15.599612
v 3.0 3.0 -15.090823
v 3.0 3.616211 -15.599612
v 3.0 3.9375 -15.390628
v 3.0625 4.0 -15.390628
v 3.383789 4.0 -15.599612
v 3.0 4.0 -15.090823
v 3.0 4.616211 -15.599612
v 3.0 4.9375 -15.390628
v 3.0625 5.0 -15.390628
v 3.383789 5.0 -15.599612
v 3.0 5.0 -15.090823
v 3.0 5.616211 -15.599612
v 3.0 5.9375 -15.390628
v 3.0625 6.0 -15.390628
v 3.383789 6.0 -15.599612
v 3.0 6.0 -15.090823
v 3.0 6.616211 -15.599612
v 3.0 6.9375 -15.390628
v 3.0625 7.0 -15.390628
v 3.383789 7.0 -15.599612
v 3.0 7.0 -15.090823
v 3.0 7.616211 -15.599612
v 3.0 7.9375 -15.390628
v 3.0625 8.0 -15.390628
v 3.383789 8.0 -15.599612
v 3.0 8.0 -15.090823
v 3.0 8.616211 -15.599612
v 3.0 8.9375 -15.390628
v 3.0625 9.0 -15.390628
v 3.383789 9.0 -15.599612
v 3.0 9.0 -15.090823
v 3.0 9.616211 -15.599612
v 3.0 9.9375 -15.390628
v 3.0625 10.0 -15.390628
v 3.383789 10.0 -15.599612
v 3.0 10.0 -15.090823
v 3.0 10.616211 -15.599612
v 3.0 10.9375 -15.390628
v 3.0625 11.0 -15.390628
v 3.383789 11.0 -15.599612
v 3.0 11.0 -15.090823
v 3.0 11.2109375 -15.401369
v 3.4375 11.25 -15.401369
v 3.0 11.669922 -14.502931
v 3.75 11.5 -15.401369
v 3.3300781 12.0 -14.502931
v 3.789063 12.0 -15.401369
v 3.3300781 12.0 -14.502931
v 3.0 12.0 -14.500002
v 3.0 11.669922 -14.502931
v 3.0 11.2109375 -15.401369
v 3.0 11.0 -15.500002
v 3.4375 11.25 -15.401369
v 3.625 11.0625 -15.500002
v 3.75 11.5 -15.401369
v 3.9375 11.3125 -15.500002
v 3.789063 12.0 -15.401369
v 4.0 12.0 -15.500002
v 3.6875 10.829102 -15.599611
v 4.233398 11.375 -15.599611
v 3.6875 11.150391 -15.390627
v 3.912109 11.375 -15.390627
v 3.625 11.336914 -15.090822
v 3.725586 11.4375 -15.090822
v 3.790039 12.0 -15.090822
v 3.725586 11.4375 -15.090822
v 3.963867 12.0 -15.390627
v 3.912109 11.375 -15.390627
v 4.333008 12.0 -15.599611
v 4.233398 11.375 -15.599611
v 3.625 11.336914 -15.090822
v 3.0 11.211914 -15.090822
v 3.6875 11.150391 -15.390627
v 3.0 11.025391 -15.390627
v 3.6875 10.829102 -15.599611
v 3.0 10.704102 -15.599611
v 3.3300781 12.0 -14.502931
v 3.789062 12.0 -15.401369
v 3.3300781 12.669922 -14.502931
v 3.894531 12.105469 -15.401369
v 4.0 12.2109375 -15.401369
v 4.0 12.0 -15.500002
v 3.0 13.0 -14.500002
v 3.0 12.0 -14.500002
v 4.0 12.669922 -14.502931
v 4.0 13.0 -14.500002
v 4.0 12.2109375 -15.090822
v 3.789062 12.0 -15.090822
v 4.0 12.0 -15.391556
v 4.0 16.0 -14.0
v 3.0 16.0 -14.0
v 3.0 13.0 -14.0
v 4.0 13.0 -14.0
v 5.0 -13.0 0.0
v 4.0 -13.0 0.0
v 4.0 -16.0 0.0
v 5.0 -16.0 0.0
v 4.0 -12.0 0.0
v 4.0 -13.0 0.0
v 5.0 -13.0 0.0
v 5.0 -12.0 0.0
v 4.0 -12.0 0.0
v 5.0 -12.0 0.0
v 5.0 -11.0 0.0
v 4.0 -11.0 0.0
v 4.0 -10.0 0.0
v 4.0 -11.0 0.0
v 5.0 -11.0 0.0
v 5.0 -10.0 0.0
v 4.330078 -9.669921 -0.0029289722
v 4.330078 -8.999999 -0.0029289722
v 4.0 -8.999999 0.0
v 4.0 -9.999999 0.0
v 5.0 -9.669921 -0.0029289722
v 4.330078 -9.669921 -0.0029289722
v 4.0 -9.999999 0.0
v 5.0 -9.999999 0.0
v 5.0 -9.669921 -0.0029289722
v 5.0 -9.2109375 -0.901367
v 4.330078 -9.669921 -0.0029289722
v 4.8945312 -9.105468 -0.901367
v 4.789062 -8.999999 -0.901367
v 4.789062 -8.999999 -0.901367
v 4.8945312 -9.105468 -0.901367
v 5.0 -8.999999 -1.0
v 5.0 -9.2109375 -0.901367
v 4.330078 -8.999999 -0.0029289722
v 4.330078 -9.669921 -0.0029289722
v 4.789062 -8.999999 -0.901367
v 4.789063 -8.0 -0.901367
v 4.330079 -8.0 -0.0029289722
v 4.330079 -9.0 -0.0029289722
v 4.789063 -9.0 -0.901367
v 4.000001 -8.0 0.0
v 4.000001 -9.0 0.0
v 4.789063 -8.0 -0.901367
v 4.789063 -9.0 -0.901367
v 5.000001 -9.0 -1.0
v 5.000001 -8.0 -1.0
v 5.0 -7.999999 -1.0
v 5.0 -6.999999 -1.0
v 4.9375 -7.374999 -1.0
v 4.6875 -7.062499 -1.0
v 4.0 -6.999999 -1.0
v 4.6875 -7.062499 -1.0
v 4.0 -6.999999 -1.0
v 4.0 -7.210937 -0.901367
v 4.5 -7.249999 -0.901367
v 5.0 -7.999999 -1.0
v 4.9375 -7.374999 -1.0
v 4.75 -7.562499 -0.901367
v 4.789062 -7.999999 -0.901367
v 4.789062 -7.999999 -0.901367
v 4.75 -7.562499 -0.901367
v 4.330078 -7.999999 -0.0029289722
v 4.5 -7.249999 -0.901367
v 4.0 -7.669921 -0.0029289722
v 4.0 -7.210937 -0.901367
v 4.0 -7.669921 -0.0029289722
v 4.0 -7.999999 0.0
v 4.330078 -7.999999 -0.0029289722
v 5.0 -4.0 -14.0
v 4.0 -4.0 -14.0
v 4.0 -7.0 -14.0
v 5.0 -7.0 -14.0
v 5.0 -3.6699219 -14.502931
v 5.0 -3.210938 -15.401369
v 4.330078 -3.6699219 -14.502931
v 4.8945312 -3.105469 -15.401369
v 4.789062 -3.0 -15.401369
v 5.0 -3.0 -15.500002
v 4.0 -4.0 -14.500002
v 5.0 -4.0 -14.500002
v 4.330078 -3.0 -14.502931
v 4.0 -3.0 -14.500002
v 4.789062 -3.0 -15.090822
v 5.0 -3.210938 -15.090822
v 5.0 -3.0 -15.391556
v 4.789062 -2.0 -15.401369
v 4.330078 -2.0 -14.502931
v 4.0 -2.0 -14.500001
v 5.0 -2.0 -15.500001
v 4.789062 -2.0 -15.401369
v 4.789062 -2.0 -15.090822
v 4.962891 -2.0 -15.368165
v 5.330078 -2.0 -15.599611
v 4.789062 -3.0 -15.401369
v 4.330078 -3.0 -14.502931
v 4.0 -3.0 -14.500001
v 4.962891 -3.0 -15.368165
v 5.330078 -3.0 -15.599611
v 4.789062 -3.0 -15.090822
v 5.0 -3.0 -15.500001
v 4.789062 -3.0 -15.401369
v 4.789062 -2.0 -15.401369
v 4.75 -1.5625 -15.401369
v 4.330078 -2.0 -14.502931
v 4.5 -1.25 -15.401369
v 4.0 -1.669922 -14.502931
v 4.0 -1.210937 -15.401369
v 4.0 -1.669922 -14.502931
v 4.0 -2.0 -14.500002
v 4.330078 -2.0 -14.502931
v 4.789062 -2.0 -15.401369
v 5.0 -2.0 -15.500002
v 4.75 -1.5625 -15.401369
v 4.9375 -1.375 -15.500002
v 4.5 -1.25 -15.401369
v 4.6875 -1.0625 -15.500002
v 4.0 -1.210937 -15.401369
v 4.0 -1.0 -15.500002
v 5.170898 -1.3125 -15.599611
v 4.625 -0.76660204 -15.599611
v 4.849609 -1.3125 -15.390627
v 4.625 -1.087891 -15.390627
v 4.663086 -1.375 -15.090822
v 4.5625 -1.2744141 -15.090822
v 4.0 -1.2099609 -15.090822
v 4.5625 -1.2744141 -15.090822
v 4.0 -1.036133 -15.390627
v 4.625 -1.087891 -15.390627
v 4.0 -0.66699195 -15.599611
v 4.625 -0.76660204 -15.599611
v 4.663086 -1.375 -15.090822
v 4.788086 -2.0 -15.090822
v 4.849609 -1.3125 -15.390627
v 4.974609 -2.0 -15.390627
v 5.170898 -1.3125 -15.599611
v 5.295898 -2.0 -15.599611
v 4.0 -0.383789 -15.599612
v 4.0 -0.0625 -15.390628
v 4.0625 0.0 -15.390628
v 4.383789 0.0 -15.599612
v 4.0 0.0 -15.090823
v 4.0 0.616211 -15.599612
v 4.0 0.9375 -15.390628
v 4.0625 1.0 -15.390628
v 4.383789 1.0 -15.599612
v 4.0 1.0 -15.090823
v 4.0 1.6162109 -15.599612
v 4.0 1.9375 -15.390628
v 4.0625 2.0 -15.390628
v 4.383789 2.0 -15.599612
v 4.0 2.0 -15.090823
v 4.0 2.616211 -15.599612
v 4.0 2.9375 -15.390628
v 4.0625 3.0 -15.390628
v 4.383789 3.0 -15.599612
v 4.0 3.0 -15.090823
v 4.0 3.616211 -15.599612
v 4.0 3.9375 -15.390628
v 4.0625 4.0 -15.390628
v 4.383789 4.0 -15.599612
v 4.0 4.0 -15.090823
v 4.0 4.616211 -15.599612
v 4.0 4.9375 -15.390628
v 4.0625 5.0 -15.390628
v 4.383789 5.0 -15.599612
v 4.0 5.0 -15.090823
v 4.0 5.616211 -15.599612
v 4.0 5.9375 -15.390628
v 4.0625 6.0 -15.390628
v 4.383789 6.0 -15.599612
v 4.0 6.0 -15.090823
v 4.0 6.616211 -15.599612
v 4.0 6.9375 -15.390628
v 4.0625 7.0 -15.390628
v 4.383789 7.0 -15.599612
v 4.0 7.0 -15.090823
v 4.0 7.616211 -15.599612
v 4.0 7.9375 -15.390628
v 4.0625 8.0 -15.390628
v 4.383789 8.0 -15.599612
v 4.0 8.0 -15.090823
v 4.0 8.616211 -15.599612
v 4.0 8.9375 -15.390628
v 4.0625 9.0 -15.390628
v 4.383789 9.0 -15.599612
v 4.0 9.0 -15.090823
v 4.0 9.616211 -15.599612
v 4.0 9.9375 -15.390628
v 4.0625 10.0 -15.390628
v 4.383789 10.0 -15.599612
v 4.0 10.0 -15.090823
v 4.0 10.616211 -15.599612
v 4.0 10.9375 -15.390628
v 4.0625 11.0 -15.390628
v 4.383789 11.0 -15.599612
v 4.0 11.0 -15.090823
v 4.0 11.616211 -15.599612
v 4.0 11.9375 -15.390628
v 4.0625 12.0 -15.390628
v 4.383789 12.0 -15.599612
v 4.0 12.0 -15.090823
v 4.0 12.2109375 -15.401369
v 4.4375 12.25 -15.401369
v 4.0 12.669922 -14.502931
v 4.75 12.5 -15.401369
v 4.330078 13.0 -14.502931
v 4.789063 13.0 -15.401369
v 4.330078 13.0 -14.502931
v 4.0 13.0 -14.500002
v 4.0 12.669922 -14.502931
v 4.0 12.2109375 -15.401369
v 4.0 12.0 -15.500002
v 4.4375 12.25 -15.401369
v 4.625 12.0625 -15.500002
v 4.75 12.5 -15.401369
v 4.9375 12.3125 -15.500002
v 4.789063 13.0 -15.401369
v 5.0 13.0 -15.500002
v 4.6875 11.829102 -15.599611
v 5.233398 12.375 -15.599611
v 4.6875 12.150391 -15.390627
v 4.912109 12.375 -15.390627
v 4.625 12.336914 -15.090822
v 4.725586 12.4375 -15.090822
v 4.790039 13.0 -15.090822
v 4.725586 12.4375 -15.090822
v 4.963867 13.0 -15.390627
v 4.912109 12.375 -15.390627
v 5.333008 13.0 -15.599611
v 5.233398 12.375 -15.599611
v 4.625 12.336914 -15.090822
v 4.0 12.211914 -15.090822
v 4.6875 12.150391 -15.390627
v 4.0 12.025391 -15.390627
v 4.6875 11.829102 -15.599611
v 4.0 11.704102 -15.599611
v 4.789062 16.0 -15.401369
v 4.330078 16.0 -14.502931
v 4.0 16.0 -14.500001
v 5.0 16.0 -15.500001
v 4.789062 16.0 -15.401369
v 4.789062 16.0 -15.090822
v 4.962891 16.0 -15.368165
v 5.330078 16.0 -15.599611
v 4.789062 13.0 -15.401369
v 4.330078 13.0 -14.502931
v 4.0 13.0 -14.500001
v 4.962891 13.0 -15.368165
v 5.330078 13.0 -15.599611
v 4.789062 13.0 -15.090822
v 5.0 13.0 -15.500001
v 4.789062 13.0 -15.401369
v 6.0 -15.0 0.0
v 5.0 -15.0 0.0
v 5.0 -16.0 0.0
v 6.0 -16.0 0.0
v 5.0 -14.0 0.0
v 5.0 -15.0 0.0
v 6.0 -15.0 0.0
v 6.0 -14.0 0.0
v 5.0 -14.0 0.0
v 6.0 -14.0 0.0
v 6.0 -13.0 0.0
v 5.0 -13.0 0.0
v 5.0 -12.0 0.0
v 5.0 -13.0 0.0
v 6.0 -13.0 0.0
v 6.0 -12.0 0.0
v 5.330078 -11.669921 -0.0029289722
v 5.330078 -10.999999 -0.0029289722
v 5.0 -10.999999 0.0
v 5.0 -11.999999 0.0
v 6.0 -11.669921 -0.0029289722
v 5.330078 -11.669921 -0.0029289722
v 5.0 -11.999999 0.0
v 6.0 -11.999999 0.0
v 6.0 -11.669921 -0.0029289722
v 6.0 -11.2109375 -0.901367
v 5.330078 -11.669921 -0.0029289722
v 5.8945312 -11.105468 -0.901367
v 5.789062 -10.999999 -0.901367
v 5.789062 -10.999999 -0.901367
v 5.8945312 -11.105468 -0.901367
v 6.0 -10.999999 -1.0
v 6.0 -11.2109375 -0.901367
v 5.330078 -10.999999 -0.0029289722
v 5.330078 -11.669921 -0.0029289722
v 5.789062 -10.999999 -0.901367
v 5.789063 -10.0 -0.901367
v 5.330079 -10.0 -0.0029289722
v 5.330079 -11.0 -0.0029289722
v 5.789063 -11.0 -0.901367
v 5.000001 -10.0 0.0
v 5.000001 -11.0 0.0
v 5.789063 -10.0 -0.901367
v 5.789063 -11.0 -0.901367
v 6.000001 -11.0 -1.0
v 6.000001 -10.0 -1.0
v 6.0 -9.999999 -1.0
v 6.0 -8.999999 -1.0
v 5.9375 -9.374999 -1.0
v 5.6875 -9.062499 -1.0
v 5.0 -8.999999 -1.0
v 5.6875 -9.062499 -1.0
v 5.0 -8.999999 -1.0
v 5.0 -9.2109375 -0.901367
v 5.5 -9.249999 -0.901367
v 6.0 -9.999999 -1.0
v 5.9375 -9.374999 -1.0
v 5.75 -9.562499 -0.901367
v 5.789062 -9.999999 -0.901367
v 5.789062 -9.999999 -0.901367
v 5.75 -9.562499 -0.901367
v 5.330078 -9.999999 -0.0029289722
v 5.5 -9.249999 -0.901367
v 5.0 -9.669921 -0.0029289722
v 5.0 -9.2109375 -0.901367
v 5.0 -9.669921 -0.0029289722
v 5.0 -9.999999 0.0
v 5.330078 -9.999999 -0.0029289722
v 6.0 -6.0 -14.0
v 5.0 -6.0 -14.0
v 5.0 -9.0 -14.0
v 6.0 -9.0 -14.0
v 6.0 -5.669922 -14.502931
v 6.0 -5.210938 -15.401369
v 5.330078 -5.669922 -14.502931
v 5.8945312 -5.1054688 -15.401369
v 5.789062 -5.0 -15.401369
v 6.0 -5.0 -15.500002
v 5.0 -6.0 -14.500002
v 6.0 -6.0 -14.500002
v 5.330078 -5.0 -14.502931
v 5.0 -5.0 -14.500002
v 5.789062 -5.0 -15.090822
v 6.0 -5.210938 -15.090822
v 6.0 -5.0 -15.391556
v 5.789062 -4.0 -15.401369
v 5.330078 -4.0 -14.502931
v 5.0 -4.0 -14.500001
v 6.0 -4.0 -15.500001
v 5.789062 -4.0 -15.401369
v 5.789062 -4.0 -15.090822
v 5.962891 -4.0 -15.368165
v 6.330078 -4.0 -15.599611
v 5.789062 -5.0 -15.401369
v 5.330078 -5.0 -14.502931
v 5.0 -5.0 -14.500001
v 5.962891 -5.0 -15.368165
v 6.330078 -5.0 -15.599611
v 5.789062 -5.0 -15.090822
v 6.0 -5.0 -15.500001
v 5.789062 -5.0 -15.401369
v 5.789062 -4.0 -15.401369
v 5.75 -3.5625 -15.401369
v 5.330078 -4.0 -14.502931
v 5.5 -3.25 -15.401369
v 5.0 -3.6699219 -14.502931
v 5.0 -3.210937 -15.401369
v 5.0 -3.6699219 -14.502931
v 5.0 -4.0 -14.500002
v 5.330078 -4.0 -14.502931
v 5.789062 -4.0 -15.401369
v 6.0 -4.0 -15.500002
v 5.75 -3.5625 -15.401369
v 5.9375 -3.375 -15.500002
v 5.5 -3.25 -15.401369
v 5.6875 -3.0625 -15.500002
v 5.0 -3.210937 -15.401369
v 5.0 -3.0 -15.500002
v 6.170898 -3.3125 -15.599611
v 5.625 -2.766602 -15.599611
v 5.849609 -3.3125 -15.390627
v 5.625 -3.087891 -15.390627
v 5.663086 -3.375 -15.090822
v 5.5625 -3.274414 -15.090822
v 5.0 -3.209961 -15.090822
v 5.5625 -3.274414 -15.090822
v 5.0 -3.036133 -15.390627
v 5.625 -3.087891 -15.390627
v 5.0 -2.666992 -15.599611
v 5.625 -2.766602 -15.599611
v 5.663086 -3.375 -15.090822
v 5.788086 -4.0 -15.090822
v 5.849609 -3.3125 -15.390627
v 5.974609 -4.0 -15.390627
v 6.170898 -3.3125 -15.599611
v 6.295898 -4.0 -15.599611
v 5.0 -2.383789 -15.599612
v 5.0 -2.0625 -15.390628
v 5.0625 -2.0 -15.390628
v 5.383789 -2.0 -15.599612
v 5.0 -2.0 -15.090823
v 5.0 -1.3837891 -15.599612
v 5.0 -1.0625 -15.390628
v 5.0625 -1.0 -15.390628
v 5.383789 -1.0 -15.599612
v 5.0 -1.0 -15.090823
v 5.0 -0.383789 -15.599612
v 5.0 -0.0625 -15.390628
v 5.0625 0.0 -15.390628
v 5.383789 0.0 -15.599612
v 5.0 0.0 -15.090823
v 5.0 0.616211 -15.599612
v 5.0 0.9375 -15.390628
v 5.0625 1.0 -15.390628
v 5.383789 1.0 -15.599612
v 5.0 1.0 -15.090823
v 5.0 1.6162109 -15.599612
v 5.0 1.9375 -15.390628
v 5.0625 2.0 -15.390628
v 5.383789 2.0 -15.599612
v 5.0 2.0 -15.090823
v 5.0 2.616211 -15.599612
v 5.0 2.9375 -15.390628
v 5.0625 3.0 -15.390628
v 5.383789 3.0 -15.599612
v 5.0 3.0 -15.090823
v 5.0 3.616211 -15.599612
v 5.0 3.9375 -15.390628
v 5.0625 4.0 -15.390628
v 5.383789 4.0 -15.599612
v 5.0 4.0 -15.090823
v 5.0 4.616211 -15.599612
v 5.0 4.9375 -15.390628
v 5.0625 5.0 -15.390628
v 5.383789 5.0 -15.599612
v 5.0 5.0 -15.090823
v 5.0 5.616211 -15.599612
v 5.0 5.9375 -15.390628
v 5.0625 6.0 -15.390628
v 5.383789 6.0 -15.599612
v 5.0 6.0 -15.090823
v 5.0 6.616211 -15.599612
v 5.0 6.9375 -15.390628
v 5.0625 7.0 -15.390628
v 5.383789 7.0 -15.599612
v 5.0 7.0 -15.090823
v 5.0 7.616211 -15.599612
v 5.0 7.9375 -15.390628
v 5.0625 8.0 -15.390628
v 5.383789 8.0 -15.599612
v 5.0 8.0 -15.090823
v 5.0 8.616211 -15.599612
v 5.0 8.9375 -15.390628
v 5.0625 9.0 -15.390628
v 5.383789 9.0 -15.599612
v 5.0 9.0 -15.090823
v 5.0 9.616211 -15.599612
v 5.0 9.9375 -15.390628
v 5.0625 10.0 -15.390628
v 5.383789 10.0 -15.599612
v 5.0 10.0 -15.090823
v 5.0 10.616211 -15.599612
v 5.0 10.9375 -15.390628
v 5.0625 11.0 -15.390628
v 5.383789 11.0 -15.599612
v 5.0 11.0 -15.090823
v 5.0 11.616211 -15.599612
v 5.0 11.9375 -15.390628
v 5.0625 12.0 -15.390628
v 5.383789 12.0 -15.599612
v 5.0 12.0 -15.090823
v 5.0 12.616211 -15.599612
v 5.0 12.9375 -15.390628
v 5.0625 13.0 -15.390628
v 5.383789 13.0 -15.599612
v 5.0 13.0 -15.090823
v 5.0 13.616211 -15.599612
v 5.0 13.9375 -15.390628
v 5.0625 14.0 -15.390628
v 5.383789 14.0 -15.599612
v 5.0 14.0 -15.090823
v 5.0 14.616211 -15.599612
v 5.0 14.9375 -15.390628
v 5.0625 15.0 -15.390628
v 5.383789 15.0 -15.599612
v 5.0 15.0 -15.090823
v 5.0 15.616211 -15.599612
v 5.0 15.9375 -15.390628
v 5.0625 16.0 -15.390628
v 5.383789 16.0 -15.599612
v 5.0 16.0 -15.090823
v 6.0 -16.0 0.0
v 7.0 -16.0 0.0
v 7.0 -15.0 0.0
v 6.0 -15.0 0.0
v 6.0 -14.0 -1.0
v 6.0 -15.0 -1.0
v 7.0 -15.0 -1.0
v 7.0 -14.0 -1.0
v 6.330078 -13.669921 -0.0029289722
v 6.330078 -12.999999 -0.0029289722
v 6.0 -12.999999 0.0
v 6.0 -13.999999 0.0
v 7.0 -13.669921 -0.0029289722
v 6.330078 -13.669921 -0.0029289722
v 6.0 -13.999999 0.0
v 7.0 -13.999999 0.0
v 7.0 -13.669921 -0.0029289722
v 7.0 -13.2109375 -0.901367
v 6.330078 -13.669921 -0.0029289722
v 6.8945312 -13.105468 -0.901367
v 6.789062 -12.999999 -0.901367
v 6.789062 -12.999999 -0.901367
v 6.8945312 -13.105468 -0.901367
v 7.0 -12.999999 -1.0
v 7.0 -13.2109375 -0.901367
v 6.330078 -12.999999 -0.0029289722
v 6.330078 -13.669921 -0.0029289722
v 6.789062 -12.999999 -0.901367
v 6.789063 -12.0 -0.901367
v 6.330079 -12.0 -0.0029289722
v 6.330079 -13.0 -0.0029289722
v 6.789063 -13.0 -0.901367
v 6.000001 -12.0 0.0
v 6.000001 -13.0 0.0
v 6.789063 -12.0 -0.901367
v 6.789063 -13.0 -0.901367
v 7.000001 -13.0 -1.0
v 7.000001 -12.0 -1.0
v 7.0 -11.999999 -1.0
v 7.0 -10.999999 -1.0
v 6.9375 -11.374999 -1.0
v 6.6875 -11.062499 -1.0
v 6.0 -10.999999 -1.0
v 6.6875 -11.062499 -1.0
v 6.0 -10.999999 -1.0
v 6.0 -11.2109375 -0.901367
v 6.5 -11.249999 -0.901367
v 7.0 -11.999999 -1.0
v 6.9375 -11.374999 -1.0
v 6.75 -11.562499 -0.901367
v 6.789062 -11.999999 -0.901367
v 6.789062 -11.999999 -0.901367
v 6.75 -11.562499 -0.901367
v 6.330078 -11.999999 -0.0029289722
v 6.5 -11.249999 -0.901367
v 6.0 -11.669921 -0.0029289722
v 6.0 -11.2109375 -0.901367
v 6.0 -11.669921 -0.0029289722
v 6.0 -11.999999 0.0
v 6.330078 -11.999999 -0.0029289722
v 7.0 -8.0 -14.0
v 6.0 -8.0 -14.0
v 6.0 -11.0 -14.0
v 7.0 -11.0 -14.0
v 7.0 -7.669922 -14.502931
v 7.0 -7.210938 -15.401369
v 6.330078 -7.669922 -14.502931
v 6.8945312 -7.1054688 -15.401369
v 6.789062 -7.0 -15.401369
v 7.0 -7.0 -15.500002
v 6.0 -8.0 -14.500002
v 7.0 -8.0 -14.500002
v 6.330078 -7.0 -14.502931
v 6.0 -7.0 -14.500002
v 6.789062 -7.0 -15.090822
v 7.0 -7.210938 -15.090822
v 7.0 -7.0 -15.391556
v 6.789062 -6.0 -15.401369
v 6.330078 -6.0 -14.502931
v 6.0 -6.0 -14.500001
v 7.0 -6.0 -15.500001
v 6.789062 -6.0 -15.401369
v 6.789062 -6.0 -15.090822
v 6.962891 -6.0 -15.368165
v 7.330078 -6.0 -15.599611
v 6.789062 -7.0 -15.401369
v 6.330078 -7.0 -14.502931
v 6.0 -7.0 -14.500001
v 6.962891 -7.0 -15.368165
v 7.330078 -7.0 -15.599611
v 6.789062 -7.0 -15.090822
v 7.0 -7.0 -15.500001
v 6.789062 -7.0 -15.401369
v 6.789062 -6.0 -15.401369
v 6.75 -5.5625 -15.401369
v 6.330078 -6.0 -14.502931
v 6.5 -5.25 -15.401369
v 6.0 -5.669922 -14.502931
v 6.0 -5.210937 -15.401369
v 6.0 -5.669922 -14.502931
v 6.0 -6.0 -14.500002
v 6.330078 -6.0 -14.502931
v 6.789062 -6.0 -15.401369
v 7.0 -6.0 -15.500002
v 6.75 -5.5625 -15.401369
v 6.9375 -5.375 -15.500002
v 6.5 -5.25 -15.401369
v 6.6875 -5.0625 -15.500002
v 6.0 -5.210937 -15.401369
v 6.0 -5.0 -15.500002
v 7.170898 -5.3125 -15.599611
v 6.625 -4.766602 -15.599611
v 6.849609 -5.3125 -15.390627
v 6.625 -5.087891 -15.390627
v 6.663086 -5.375 -15.090822
v 6.5625 -5.274414 -15.090822
v 6.0 -5.209961 -15.090822
v 6.5625 -5.274414 -15.090822
v 6.0 -5.036133 -15.390627
v 6.625 -5.087891 -15.390627
v 6.0 -4.666992 -15.599611
v 6.625 -4.766602 -15.599611
v 6.663086 -5.375 -15.090822
v 6.788086 -6.0 -15.090822
v 6.849609 -5.3125 -15.390627
v 6.974609 -6.0 -15.390627
v 7.170898 -5.3125 -15.599611
v 7.295898 -6.0 -15.599611
v 6.0 -4.383789 -15.599612
v 6.0 -4.0625 -15.390628
v 6.0625 -4.0 -15.390628
v 6.383789 -4.0 -15.599612
v 6.0 -4.0 -15.090823
v 6.0 -3.383789 -15.599612
v 6.0 -3.0625 -15.390628
v 6.0625 -3.0 -15.390628
v 6.383789 -3.0 -15.599612
v 6.0 -3.0 -15.090823
v 6.0 -2.383789 -15.599612
v 6.0 -2.0625 -15.390628
v 6.0625 -2.0 -15.390628
v 6.383789 -2.0 -15.599612
v 6.0 -2.0 -15.090823
v 6.0 -1.3837891 -15.599612
v 6.0 -1.0625 -15.390628
v 6.0625 -1.0 -15.390628
v 6.383789 -1.0 -15.599612
v 6.0 -1.0 -15.090823
v 6.0 -0.383789 -15.599612
v 6.0 -0.0625 -15.390628
v 6.0625 0.0 -15.390628
v 6.383789 0.0 -15.599612
v 6.0 0.0 -15.090823
v 6.0 0.616211 -15.599612
v 6.0 0.9375 -15.390628
v 6.0625 1.0 -15.390628
v 6.383789 1.0 -15.599612
v 6.0 1.0 -15.090823
v 6.0 1.6162109 -15.599612
v 6.0 1.9375 -15.390628
v 6.0625 2.0 -15.390628
v 6.383789 2.0 -15.599612
v 6.0 2.0 -15.090823
v 6.0 2.616211 -15.599612
v 6.0 2.9375 -15.390628
v 6.0625 3.0 -15.390628
v 6.383789 3.0 -15.599612
v 6.0 3.0 -15.090823
v 6.0 3.616211 -15.599612
v 6.0 3.9375 -15.390628
v 6.0625 4.0 -15.390628
v 6.383789 4.0 -15.599612
v 6.0 4.0 -15.090823
v 6.0 4.616211 -15.599612
v 6.0 4.9375 -15.390628
v 6.0625 5.0 -15.390628
v 6.383789 5.0 -15.599612
v 6.0 5.0 -15.090823
v 6.0 5.616211 -15.599612
v 6.0 5.9375 -15.390628
v 6.0625 6.0 -15.390628
v 6.383789 6.0 -15.599612
v 6.0 6.0 -15.090823
v 6.0 6.616211 -15.599612
v 6.0 6.9375 -15.390628
v 6.0625 7.0 -15.390628
v 6.383789 7.0 -15.599612
v 6.0 7.0 -15.090823
v 6.0 7.616211 -15.599612
v 6.0 7.9375 -15.390628
v 6.0625 8.0 -15.390628
v 6.383789 8.0 -15.599612
v 6.0 8.0 -15.090823
v 6.0 8.616211 -15.599612
v 6.0 8.9375 -15.390628
v 6.0625 9.0 -15.390628
v 6.383789 9.0 -15.599612
v 6.0 9.0 -15.090823
v 6.0 9.616211 -15.599612
v 6.0 9.9375 -15.390628
v 6.0625 10.0 -15.390628
v 6.383789 10.0 -15.599612
v 6.0 10.0 -15.090823
v 6.0 10.616211 -15.599612
v 6.0 10.9375 -15.390628
v 6.0625 11.0 -15.390628
v 6.383789 11.0 -15.599612
v 6.0 11.0 -15.090823
v 6.0 11.616211 -15.599612
v 6.0 11.9375 -15.390628
v 6.0625 12.0 -15.390628
v 6.383789 12.0 -15.599612
v 6.0 12.0 -15.090823
v 6.0 12.616211 -15.599612
v 6.0 12.9375 -15.390628
v 6.0625 13.0 -15.390628
v 6.383789 13.0 -15.599612
v 6.0 13.0 -15.090823
v 6.0 13.616211 -15.599612
v 6.0 13.9375 -15.390628
v 6.0625 14.0 -15.390628
v 6.383789 14.0 -15.599612
v 6.0 14.0 -15.090823
v 6.0 14.616211 -15.599612
v 6.0 14.9375 -15.390628
v 6.0625 15.0 -15.390628
v 6.383789 15.0 -15.599612
v 6.0 15.0 -15.090823
v 6.0 15.616211 -15.599612
v 6.0 15.9375 -15.390628
v 6.0625 16.0 -15.390628
v 6.383789 16.0 -15.599612
v 6.0 16.0 -15.090823
v 7.789063 -14.0 -0.901367
v 7.330079 -14.0 -0.0029289722
v 7.330079 -16.0 -0.0029289722
v 7.789063 -16.0 -0.901367
v 7.000001 -14.0 0.0
v 7.000001 -16.0 0.0
v 7.789063 -14.0 -0.901367
v 7.789063 -16.0 -0.901367
v 8.000001 -16.0 -1.0
v 8.000001 -14.0 -1.0
v 8.0 -13.999999 -1.0
v 8.0 -12.999999 -1.0
v 7.9375 -13.374999 -1.0
v 7.6875 -13.062499 -1.0
v 7.0 -12.999999 -1.0
v 7.6875 -13.062499 -1.0
v 7.0 -12.999999 -1.0
v 7.0 -13.2109375 -0.901367
v 7.5 -13.249999 -0.901367
v 8.0 -13.999999 -1.0
v 7.9375 -13.374999 -1.0
v 7.75 -13.562499 -0.901367
v 7.789062 -13.999999 -0.901367
v 7.789062 -13.999999 -0.901367
v 7.75 -13.562499 -0.901367
v 7.330078 -13.999999 -0.0029289722
v 7.5 -13.249999 -0.901367
v 7.0 -13.669921 -0.0029289722
v 7.0 -13.2109375 -0.901367
v 7.0 -13.669921 -0.0029289722
v 7.0 -13.999999 0.0
v 7.330078 -13.999999 -0.0029289722
v 8.0 -10.0 -14.0
v 7.0 -10.0 -14.0
v 7.0 -13.0 -14.0
v 8.0 -13.0 -14.0
v 8.0 -9.669922 -14.502931
v 8.0 -9.2109375 -15.401369
v 7.330078 -9.669922 -14.502931
v 7.8945312 -9.105469 -15.401369
v 7.789062 -9.0 -15.401369
v 8.0 -9.0 -15.500002
v 7.0 -10.0 -14.500002
v 8.0 -10.0 -14.500002
v 7.330078 -9.0 -14.502931
v 7.0 -9.0 -14.500002
v 7.789062 -9.0 -15.090822
v 8.0 -9.2109375 -15.090822
v 8.0 -9.0 -15.391556
v 7.789062 -8.0 -15.401369
v 7.330078 -8.0 -14.502931
v 7.0 -8.0 -14.500001
v 8.0 -8.0 -15.500001
v 7.789062 -8.0 -15.401369
v 7.789062 -8.0 -15.090822
v 7.962891 -8.0 -15.368165
v 8.330078 -8.0 -15.599611
v 7.789062 -9.0 -15.401369
v 7.330078 -9.0 -14.502931
v 7.0 -9.0 -14.500001
v 7.962891 -9.0 -15.368165
v 8.330078 -9.0 -15.599611
v 7.789062 -9.0 -15.090822
v 8.0 -9.0 -15.500001
v 7.789062 -9.0 -15.401369
v 7.789062 -8.0 -15.401369
v 7.75 -7.5625 -15.401369
v 7.330078 -8.0 -14.502931
v 7.5 -7.25 -15.401369
v 7.0 -7.669922 -14.502931
v 7.0 -7.210937 -15.401369
v 7.0 -7.669922 -14.502931
v 7.0 -8.0 -14.500002
v 7.330078 -8.0 -14.502931
v 7.789062 -8.0 -15.401369
v 8.0 -8.0 -15.500002
v 7.75 -7.5625 -15.401369
v 7.9375 -7.375 -15.500002
v 7.5 -7.25 -15.401369
v 7.6875 -7.0625 -15.500002
v 7.0 -7.210937 -15.401369
v 7.0 -7.0 -15.500002
v 8.170898 -7.3125 -15.599611
v 7.625 -6.766602 -15.599611
v 7.849609 -7.3125 -15.390627
v 7.625 -7.087891 -15.390627
v 7.663086 -7.375 -15.090822
v 7.5625 -7.274414 -15.090822
v 7.0 -7.209961 -15.090822
v 7.5625 -7.274414 -15.090822
v 7.0 -7.036133 -15.390627
v 7.625 -7.087891 -15.390627
v 7.0 -6.666992 -15.599611
v 7.625 -6.766602 -15.599611
v 7.663086 -7.375 -15.090822
v 7.788086 -8.0 -15.090822
v 7.849609 -7.3125 -15.390627
v 7.974609 -8.0 -15.390627
v 8.170898 -7.3125 -15.599611
v 8.295898 -8.0 -15.599611
v 7.0 -6.383789 -15.599612
v 7.0 -6.0625 -15.390628
v 7.0625 -6.0 -15.390628
v 7.383789 -6.0 -15.599612
v 7.0 -6.0 -15.090823
v 7.0 -5.383789 -15.599612
v 7.0 -5.0625 -15.390628
v 7.0625 -5.0 -15.390628
v 7.383789 -5.0 -15.599612
v 7.0 -5.0 -15.090823
v 7.0 -4.383789 -15.599612
v 7.0 -4.0625 -15.390628
v 7.0625 -4.0 -15.390628
v 7.383789 -4.0 -15.599612
v 7.0 -4.0 -15.090823
v 7.0 -3.383789 -15.599612
v 7.0 -3.0625 -15.390628
v 7.0625 -3.0 -15.390628
v 7.383789 -3.0 -15.599612
v 7.0 -3.0 -15.090823
v 7.0 -2.383789 -15.599612
v 7.0 -2.0625 -15.390628
v 7.0625 -2.0 -15.390628
v 7.383789 -2.0 -15.599612
v 7.0 -2.0 -15.090823
v 7.0 -1.3837891 -15.599612
v 7.0 -1.0625 -15.390628
v 7.0625 -1.0 -15.390628
v 7.383789 -1.0 -15.599612
v 7.0 -1.0 -15.090823
v 7.0 -0.383789 -15.599612
v 7.0 -0.0625 -15.390628
v 7.0625 0.0 -15.390628
v 7.383789 0.0 -15.599612
v 7.0 0.0 -15.090823
v 7.0 0.616211 -15.599612
v 7.0 0.9375 -15.390628
v 7.0625 1.0 -15.390628
v 7.383789 1.0 -15.599612
v 7.0 1.0 -15.090823
v 7.0 1.6162109 -15.599612
v 7.0 1.9375 -15.390628
v 7.0625 2.0 -15.390628
v 7.383789 2.0 -15.599612
v 7.0 2.0 -15.090823
v 7.0 2.616211 -15.599612
v 7.0 2.9375 -15.390628
v 7.0625 3.0 -15.390628
v 7.383789 3.0 -15.599612
v 7.0 3.0 -15.090823
v 7.0 3.616211 -15.599612
v 7.0 3.9375 -15.390628
v 7.0625 4.0 -15.390628
v 7.383789 4.0 -15.599612
v 7.0 4.0 -15.090823
v 7.0 4.616211 -15.599612
v 7.0 4.9375 -15.390628
v 7.0625 5.0 -15.390628
v 7.383789 5.0 -15.599612
v 7.0 5.0 -15.090823
v 7.0 5.616211 -15.599612
v 7.0 5.9375 -15.390628
v 7.0625 6.0 -15.390628
v 7.383789 6.0 -15.599612
v 7.0 6.0 -15.090823
v 7.0 6.616211 -15.599612
v 7.0 6.9375 -15.390628
v 7.0625 7.0 -15.390628
v 7.383789 7.0 -15.599612
v 7.0 7.0 -15.090823
v 7.0 7.616211 -15.599612
v 7.0 7.9375 -15.390628
v 7.0625 8.0 -15.390628
v 7.383789 8.0 -15.599612
v 7.0 8.0 -15.090823
v 7.0 8.616211 -15.599612
v 7.0 8.9375 -15.390628
v 7.0625 9.0 -15.390628
v 7.383789 9.0 -15.599612
v 7.0 9.0 -15.090823
v 7.0 9.616211 -15.599612
v 7.0 9.9375 -15.390628
v 7.0625 10.0 -15.390628
v 7.383789 10.0 -15.599612
v 7.0 10.0 -15.090823
v 7.0 10.616211 -15.599612
v 7.0 10.9375 -15.390628
v 7.0625 11.0 -15.390628
v 7.383789 11.0 -15.599612
v 7.0 11.0 -15.090823
v 7.0 11.616211 -15.599612
v 7.0 11.9375 -15.390628
v 7.0625 12.0 -15.390628
v 7.383789 12.0 -15.599612
v 7.0 12.0 -15.090823
v 7.0 12.616211 -15.599612
v 7.0 12.9375 -15.390628
v 7.0625 13.0 -15.390628
v 7.383789 13.0 -15.599612
v 7.0 13.0 -15.090823
v 7.0 13.616211 -15.599612
v 7.0 13.9375 -15.390628
v 7.0625 14.0 -15.390628
v 7.383789 14.0 -15.599612
v 7.0 14.0 -15.090823
v 7.0 14.616211 -15.599612
v 7.0 14.9375 -15.390628
v 7.0625 15.0 -15.390628
v 7.383789 15.0 -15.599612
v 7.0 15.0 -15.090823
v 7.0 15.616211 -15.599612
v 7.0 15.9375 -15.390628
v 7.0625 16.0 -15.390628
v 7.383789 16.0 -15.599612
v 7.0 16.0 -15.090823
v 8.7890625 -15.0 -13.901367
v 8.330079 -15.0 -13.002929
v 8.330079 -16.0 -13.002929
v 8.7890625 -16.0 -13.901367
v 8.000001 -15.0 -13.0
v 8.000001 -16.0 -13.0
v 8.7890625 -15.0 -13.901367
v 8.7890625 -16.0 -13.901367
v 9.000001 -16.0 -14.0
v 9.000001 -15.0 -14.0
v 9.0 -14.999999 -14.0
v 9.0 -13.999999 -14.0
v 8.9375 -14.374999 -14.0
v 8.6875 -14.062499 -14.0
v 8.0 -13.999999 -14.0
v 8.6875 -14.062499 -14.0
v 8.0 -13.999999 -14.0
v 8.0 -14.2109375 -13.901367
v 8.5 -14.249999 -13.901367
v 9.0 -14.999999 -14.0
v 8.9375 -14.374999 -14.0
v 8.75 -14.562499 -13.901367
v 8.7890625 -14.999999 -13.901367
v 8.7890625 -14.999999 -13.901367
v 8.75 -14.562499 -13.901367
v 8.330078 -14.999999 -13.002929
v 8.5 -14.249999 -13.901367
v 8.0 -14.669921 -13.002929
v 8.0 -14.2109375 -13.901367
v 8.0 -14.669921 -13.002929
v 8.0 -14.999999 -13.0
v 8.330078 -14.999999 -13.002929
v 9.0 -12.0 -14.0
v 8.0 -12.0 -14.0
v 8.0 -14.0 -14.0
v 9.0 -14.0 -14.0
v 9.0 -11.669922 -14.502931
v 9.0 -11.2109375 -15.401369
v 8.330078 -11.669922 -14.502931
v 8.894531 -11.105469 -15.401369
v 8.7890625 -11.0 -15.401369
v 9.0 -11.0 -15.500002
v 8.0 -12.0 -14.500002
v 9.0 -12.0 -14.500002
v 8.330078 -11.0 -14.502931
v 8.0 -11.0 -14.500002
v 8.7890625 -11.0 -15.090822
v 9.0 -11.2109375 -15.090822
v 9.0 -11.0 -15.391556
v 8.7890625 -10.0 -15.401369
v 8.330078 -10.0 -14.502931
v 8.0 -10.0 -14.500001
v 9.0 -10.0 -15.500001
v 8.7890625 -10.0 -15.401369
v 8.7890625 -10.0 -15.090822
v 8.962891 -10.0 -15.368165
v 9.330078 -10.0 -15.599611
v 8.7890625 -11.0 -15.401369
v 8.330078 -11.0 -14.502931
v 8.0 -11.0 -14.500001
v 8.962891 -11.0 -15.368165
v 9.330078 -11.0 -15.599611
v 8.7890625 -11.0 -15.090822
v 9.0 -11.0 -15.500001
v 8.7890625 -11.0 -15.401369
v 8.7890625 -10.0 -15.401369
v 8.75 -9.5625 -15.401369
v 8.330078 -10.0 -14.502931
v 8.5 -9.25 -15.401369
v 8.0 -9.669922 -14.502931
v 8.0 -9.2109375 -15.401369
v 8.0 -9.669922 -14.502931
v 8.0 -10.0 -14.500002
v 8.330078 -10.0 -14.502931
v 8.7890625 -10.0 -15.401369
v 9.0 -10.0 -15.500002
v 8.75 -9.5625 -15.401369
v 8.9375 -9.375 -15.500002
v 8.5 -9.25 -15.401369
v 8.6875 -9.0625 -15.500002
v 8.0 -9.2109375 -15.401369
v 8.0 -9.0 -15.500002
v 9.170898 -9.3125 -15.599611
v 8.625 -8.766602 -15.599611
v 8.849609 -9.3125 -15.390627
v 8.625 -9.087891 -15.390627
v 8.663086 -9.375 -15.090822
v 8.5625 -9.274414 -15.090822
v 8.0 -9.209961 -15.090822
v 8.5625 -9.274414 -15.090822
v 8.0 -9.036133 -15.390627
v 8.625 -9.087891 -15.390627
v 8.0 -8.666992 -15.599611
v 8.625 -8.766602 -15.599611
v 8.663086 -9.375 -15.090822
v 8.788086 -10.0 -15.090822
v 8.849609 -9.3125 -15.390627
v 8.974609 -10.0 -15.390627
v 9.170898 -9.3125 -15.599611
v 9.295898 -10.0 -15.599611
v 8.0 -8.383789 -15.599612
v 8.0 -8.0625 -15.390628
v 8.0625 -8.0 -15.390628
v 8.383789 -8.0 -15.599612
v 8.0 -8.0 -15.090823
v 8.0 -7.383789 -15.599612
v 8.0 -7.0625 -15.390628
v 8.0625 -7.0 -15.390628
v 8.383789 -7.0 -15.599612
v 8.0 -7.0 -15.090823
v 8.0 -6.383789 -15.599612
v 8.0 -6.0625 -15.390628
v 8.0625 -6.0 -15.390628
v 8.383789 -6.0 -15.599612
v 8.0 -6.0 -15.090823
v 8.0 -5.383789 -15.599612
v 8.0 -5.0625 -15.390628
v 8.0625 -5.0 -15.390628
v 8.383789 -5.0 -15.599612
v 8.0 -5.0 -15.090823
v 8.0 -4.383789 -15.599612
v 8.0 -4.0625 -15.390628
v 8.0625 -4.0 -15.390628
v 8.383789 -4.0 -15.599612
v 8.0 -4.0 -15.090823
v 8.0 -3.383789 -15.599612
v 8.0 -3.0625 -15.390628
v 8.0625 -3.0 -15.390628
v 8.383789 -3.0 -15.599612
v 8.0 -3.0 -15.090823
v 8.0 -2.383789 -15.599612
v 8.0 -2.0625 -15.390628
v 8.0625 -2.0 -15.390628
v 8.383789 -2.0 -15.599612
v 8.0 -2.0 -15.090823
v 8.0 -1.3837891 -15.599612
v 8.0 -1.0625 -15.390628
v 8.0625 -1.0 -15.390628
v 8.383789 -1.0 -15.599612
v 8.0 -1.0 -15.090823
v 8.0 -0.383789 -15.599612
v 8.0 -0.0625 -15.390628
v 8.0625 0.0 -15.390628
v 8.383789 0.0 -15.599612
v 8.0 0.0 -15.090823
v 8.0 0.616211 -15.599612
v 8.0 0.9375 -15.390628
v 8.0625 1.0 -15.390628
v 8.383789 1.0 -15.599612
v 8.0 1.0 -15.090823
v 8.0 1.6162109 -15.599612
v 8.0 1.9375 -15.390628
v 8.0625 2.0 -15.390628
v 8.383789 2.0 -15.599612
v 8.0 2.0 -15.090823
v 8.0 2.616211 -15.599612
v 8.0 2.9375 -15.390628
v 8.0625 3.0 -15.390628
v 8.383789 3.0 -15.599612
v 8.0 3.0 -15.090823
v 8.0 3.616211 -15.599612
v 8.0 3.9375 -15.390628
v 8.0625 4.0 -15.390628
v 8.383789 4.0 -15.599612
v 8.0 4.0 -15.090823
v 8.0 4.616211 -15.599612
v 8.0 4.9375 -15.390628
v 8.0625 5.0 -15.390628
v 8.383789 5.0 -15.599612
v 8.0 5.0 -15.090823
v 8.0 5.616211 -15.599612
v 8.0 5.9375 -15.390628
v 8.0625 6.0 -15.390628
v 8.383789 6.0 -15.599612
v 8.0 6.0 -15.090823
v 8.0 6.616211 -15.599612
v 8.0 6.9375 -15.390628
v 8.0625 7.0 -15.390628
v 8.383789 7.0 -15.599612
v 8.0 7.0 -15.090823
v 8.0 7.616211 -15.599612
v 8.0 7.9375 -15.390628
v 8.0625 8.0 -15.390628
v 8.383789 8.0 -15.599612
v 8.0 8.0 -15.090823
v 8.0 8.616211 -15.599612
v 8.0 8.9375 -15.390628
v 8.0625 9.0 -15.390628
v 8.383789 9.0 -15.599612
v 8.0 9.0 -15.090823
v 8.0 9.616211 -15.599612
v 8.0 9.9375 -15.390628
v 8.0625 10.0 -15.390628
v 8.383789 10.0 -15.599612
v 8.0 10.0 -15.090823
v 8.0 10.616211 -15.599612
v 8.0 10.9375 -15.390628
v 8.0625 11.0 -15.390628
v 8.383789 11.0 -15.599612
v 8.0 11.0 -15.090823
v 8.0 11.616211 -15.599612
v 8.0 11.9375 -15.390628
v 8.0625 12.0 -15.390628
v 8.383789 12.0 -15.599612
v 8.0 12.0 -15.090823
v 8.0 12.616211 -15.599612
v 8.0 12.9375 -15.390628
v 8.0625 13.0 -15.390628
v 8.383789 13.0 -15.599612
v 8.0 13.0 -15.090823
v 8.0 13.616211 -15.599612
v 8.0 13.9375 -15.390628
v 8.0625 14.0 -15.390628
v 8.383789 14.0 -15.599612
v 8.0 14.0 -15.090823
v 8.0 14.616211 -15.599612
v 8.0 14.9375 -15.390628
v 8.0625 15.0 -15.390628
v 8.383789 15.0 -15.599612
v 8.0 15.0 -15.090823
v 8.0 15.616211 -15.599612
v 8.0 15.9375 -15.390628
v 8.0625 16.0 -15.390628
v 8.383789 16.0 -15.599612
v 8.0 16.0 -15.090823
v 9.7890625 -12.0 -15.401369
v 9.330078 -12.0 -14.502931
v 9.0 -12.0 -14.500001
v 10.0 -12.0 -15.500001
v 9.7890625 -12.0 -15.401369
v 9.7890625 -12.0 -15.090822
v 9.962891 -12.0 -15.368165
v 10.330078 -12.0 -15.599611
v 9.7890625 -16.0 -15.401369
v 9.330078 -16.0 -14.502931
v 9.0 -16.0 -14.500001
v 9.962891 -16.0 -15.368165
v 10.330078 -16.0 -15.599611
v 9.7890625 -16.0 -15.090822
v 10.0 -16.0 -15.500001
v 9.7890625 -16.0 -15.401369
v 9.7890625 -12.0 -15.401369
v 9.75 -11.5625 -15.401369
v 9.330078 -12.0 -14.502931
v 9.5 -11.25 -15.401369
v 9.0 -11.669922 -14.502931
v 9.0 -11.2109375 -15.401369
v 9.0 -11.669922 -14.502931
v 9.0 -12.0 -14.500002
v 9.330078 -12.0 -14.502931
v 9.7890625 -12.0 -15.401369
v 10.0 -12.0 -15.500002
v 9.75 -11.5625 -15.401369
v 9.9375 -11.375 -15.500002
v 9.5 -11.25 -15.401369
v 9.6875 -11.0625 -15.500002
v 9.0 -11.2109375 -15.401369
v 9.0 -11.0 -15.500002
v 10.170898 -11.3125 -15.599611
v 9.625 -10.766602 -15.599611
v 9.849609 -11.3125 -15.390627
v 9.625 -11.087891 -15.390627
v 9.663086 -11.375 -15.090822
v 9.5625 -11.274414 -15.090822
v 9.0 -11.209961 -15.090822
v 9.5625 -11.274414 -15.090822
v 9.0 -11.036133 -15.390627
v 9.625 -11.087891 -15.390627
v 9.0 -10.666992 -15.599611
v 9.625 -10.766602 -15.599611
v 9.663086 -11.375 -15.090822
v 9.788086 -12.0 -15.090822
v 9.849609 -11.3125 -15.390627
v 9.974609 -12.0 -15.390627
v 10.170898 -11.3125 -15.599611
v 10.295898 -12.0 -15.599611
v 9.0 -10.383789 -15.599612
v 9.0 -10.0625 -15.390628
v 9.0625 -10.0 -15.390628
v 9.383789 -10.0 -15.599612
v 9.0 -10.0 -15.090823
v 9.0 -9.383789 -15.599612
v 9.0 -9.0625 -15.390628
v 9.0625 -9.0 -15.390628
v 9.383789 -9.0 -15.599612
v 9.0 -9.0 -15.090823
v 9.0 -8.383789 -15.599612
v 9.0 -8.0625 -15.390628
v 9.0625 -8.0 -15.390628
v 9.383789 -8.0 -15.599612
v 9.0 -8.0 -15.090823
v 9.0 -7.383789 -15.599612
v 9.0 -7.0625 -15.390628
v 9.0625 -7.0 -15.390628
v 9.383789 -7.0 -15.599612
v 9.0 -7.0 -15.090823
v 9.0 -6.383789 -15.599612
v 9.0 -6.0625 -15.390628
v 9.0625 -6.0 -15.390628
v 9.383789 -6.0 -15.599612
v 9.0 -6.0 -15.090823
v 9.0 -5.383789 -15.599612
v 9.0 -5.0625 -15.390628
v 9.0625 -5.0 -15.390628
v 9.383789 -5.0 -15.599612
v 9.0 -5.0 -15.090823
v 9.0 -4.383789 -15.599612
v 9.0 -4.0625 -15.390628
v 9.0625 -4.0 -15.390628
v 9.383789 -4.0 -15.599612
v 9.0 -4.0 -15.090823
v 9.0 -3.383789 -15.599612
v 9.0 -3.0625 -15.390628
v 9.0625 -3.0 -15.390628
v 9.383789 -3.0 -15.599612
v 9.0 -3.0 -15.090823
v 9.0 -2.383789 -15.599612
v 9.0 -2.0625 -15.390628
v 9.0625 -2.0 -15.390628
v 9.383789 -2.0 -15.599612
v 9.0 -2.0 -15.090823
v 9.0 -1.3837891 -15.599612
v 9.0 -1.0625 -15.390628
v 9.0625 -1.0 -15.390628
v 9.383789 -1.0 -15.599612
v 9.0 -1.0 -15.090823
v 9.0 -0.383789 -15.599612
v 9.0 -0.0625 -15.390628
v 9.0625 0.0 -15.390628
v 9.383789 0.0 -15.599612
v 9.0 0.0 -15.090823
v 9.0 0.616211 -15.599612
v 9.0 0.9375 -15.390628
v 9.0625 1.0 -15.390628
v 9.383789 1.0 -15.599612
v 9.0 1.0 -15.090823
v 9.0 1.6162109 -15.599612
v 9.0 1.9375 -15.390628
v 9.0625 2.0 -15.390628
v 9.383789 2.0 -15.599612
v 9.0 2.0 -15.090823
v 9.0 2.616211 -15.599612
v 9.0 2.9375 -15.390628
v 9.0625 3.0 -15.390628
v 9.383789 3.0 -15.599612
v 9.0 3.0 -15.090823
v 9.0 3.616211 -15.599612
v 9.0 3.9375 -15.390628
v 9.0625 4.0 -15.390628
v 9.383789 4.0 -15.599612
v 9.0 4.0 -15.090823
v 9.0 4.616211 -15.599612
v 9.0 4.9375 -15.390628
v 9.0625 5.0 -15.390628
v 9.383789 5.0 -15.599612
v 9.0 5.0 -15.090823
v 9.0 5.616211 -15.599612
v 9.0 5.9375 -15.390628
v 9.0625 6.0 -15.390628
v 9.383789 6.0 -15.599612
v 9.0 6.0 -15.090823
v 9.0 6.616211 -15.599612
v 9.0 6.9375 -15.390628
v 9.0625 7.0 -15.390628
v 9.383789 7.0 -15.599612
v 9.0 7.0 -15.090823
v 9.0 7.616211 -15.599612
v 9.0 7.9375 -15.390628
v 9.0625 8.0 -15.390628
v 9.383789 8.0 -15.599612
v 9.0 8.0 -15.090823
v 9.0 8.616211 -15.599612
v 9.0 8.9375 -15.390628
v 9.0625 9.0 -15.390628
v 9.383789 9.0 -15.599612
v 9.0 9.0 -15.090823
v 9.0 9.616211 -15.599612
v 9.0 9.9375 -15.390628
v 9.0625 10.0 -15.390628
v 9.383789 10.0 -15.599612
v 9.0 10.0 -15.090823
v 9.0 10.616211 -15.599612
v 9.0 10.9375 -15.390628
v 9.0625 11.0 -15.390628
v 9.383789 11.0 -15.599612
v 9.0 11.0 -15.090823
v 9.0 11.616211 -15.599612
v 9.0 11.9375 -15.390628
v 9.0625 12.0 -15.390628
v 9.383789 12.0 -15.599612
v 9.0 12.0 -15.090823
v 9.0 12.616211 -15.599612
v 9.0 12.9375 -15.390628
v 9.0625 13.0 -15.390628
v 9.383789 13.0 -15.599612
v 9.0 13.0 -15.090823
v 9.0 13.616211 -15.599612
v 9.0 13.9375 -15.390628
v 9.0625 14.0 -15.390628
v 9.383789 14.0 -15.599612
v 9.0 14.0 -15.090823
v 9.0 14.616211 -15.599612
v 9.0 14.9375 -15.390628
v 9.0625 15.0 -15.390628
v 9.383789 15.0 -15.599612
v 9.0 15.0 -15.090823
v 9.0 15.616211 -15.599612
v 9.0 15.9375 -15.390628
v 9.0625 16.0 -15.390628
v 9.383789 16.0 -15.599612
v 9.0 16.0 -15.090823
v 10.0 -15.383789 -15.599612
v 10.0 -15.0625 -15.390628
v 10.0625 -15.0 -15.390628
v 10.383789 -15.0 -15.599612
v 10.0 -15.0 -15.090823
v 10.0 -14.383789 -15.599612
v 10.0 -14.0625 -15.390628
v 10.0625 -14.0 -15.390628
v 10.383789 -14.0 -15.599612
v 10.0 -14.0 -15.090823
v 10.0 -13.383789 -15.599612
v 10.0 -13.0625 -15.390628
v 10.0625 -13.0 -15.390628
v 10.383789 -13.0 -15.599612
v 10.0 -13.0 -15.090823
v 10.0 -12.383789 -15.599612
v 10.0 -12.0625 -15.390628
v 10.0625 -12.0 -15.390628
v 10.383789 -12.0 -15.599612
v 10.0 -12.0 -15.090823
v 10.0 -11.383789 -15.599612
v 10.0 -11.0625 -15.390628
v 10.0625 -11.0 -15.390628
v 10.383789 -11.0 -15.599612
v 10.0 -11.0 -15.090823
v 10.0 -10.383789 -15.599612
v 10.0 -10.0625 -15.390628
v 10.0625 -10.0 -15.390628
v 10.383789 -10.0 -15.599612
v 10.0 -10.0 -15.090823
v 10.0 -9.383789 -15.599612
v 10.0 -9.0625 -15.390628
v 10.0625 -9.0 -15.390628
v 10.383789 -9.0 -15.599612
v 10.0 -9.0 -15.090823
v 10.0 -8.383789 -15.599612
v 10.0 -8.0625 -15.390628
v 10.0625 -8.0 -15.390628
v 10.383789 -8.0 -15.599612
v 10.0 -8.0 -15.090823
v 10.0 -7.383789 -15.599612
v 10.0 -7.0625 -15.390628
v 10.0625 -7.0 -15.390628
v 10.383789 -7.0 -15.599612
v 10.0 -7.0 -15.090823
v 10.0 -6.383789 -15.599612
v 10.0 -6.0625 -15.390628
v 10.0625 -6.0 -15.390628
v 10.383789 -6.0 -15.599612
v 10.0 -6.0 -15.090823
v 10.0 -5.383789 -15.599612
v 10.0 -5.0625 -15.390628
v 10.0625 -5.0 -15.390628
v 10.383789 -5.0 -15.599612
v 10.0 -5.0 -15.090823
v 10.0 -4.383789 -15.599612
v 10.0 -4.0625 -15.390628
v 10.0625 -4.0 -15.390628
v 10.383789 -4.0 -15.599612
v 10.0 -4.0 -15.090823
v 10.0 -3.383789 -15.599612
v 10.0 -3.0625 -15.390628
v 10.0625 -3.0 -15.390628
v 10.383789 -3.0 -15.599612
v 10.0 -3.0 -15.090823
v 10.0 -2.383789 -15.599612
v 10.0 -2.0625 -15.390628
v 10.0625 -2.0 -15.390628
v 10.383789 -2.0 -15.599612
v 10.0 -2.0 -15.090823
v 10.0 -1.3837891 -15.599612
v 10.0 -1.0625 -15.390628
v 10.0625 -1.0 -15.390628
v 10.383789 -1.0 -15.599612
v 10.0 -1.0 -15.090823
v 10.0 -0.383789 -15.599612
v 10.0 -0.0625 -15.390628
v 10.0625 0.0 -15.390628
v 10.383789 0.0 -15.599612
v 10.0 0.0 -15.090823
v 10.0 0.616211 -15.599612
v 10.0 0.9375 -15.390628
v 10.0625 1.0 -15.390628
v 10.383789 1.0 -15.599612
v 10.0 1.0 -15.090823
v 10.0 1.6162109 -15.599612
v 10.0 1.9375 -15.390628
v 10.0625 2.0 -15.390628
v 10.383789 2.0 -15.599612
v 10.0 2.0 -15.090823
v 10.0 2.616211 -15.599612
v 10.0 2.9375 -15.390628
v 10.0625 3.0 -15.390628
v 10.383789 3.0 -15.599612
v 10.0 3.0 -15.090823
v 10.0 3.616211 -15.599612
v 10.0 3.9375 -15.390628
v 10.0625 4.0 -15.390628
v 10.383789 4.0 -15.599612
v 10.0 4.0 -15.090823
v 10.0 4.616211 -15.599612
v 10.0 4.9375 -15.390628
v 10.0625 5.0 -15.390628
v 10.383789 5.0 -15.599612
v 10.0 5.0 -15.090823
v 10.0 5.616211 -15.599612
v 10.0 5.9375 -15.390628
v 10.0625 6.0 -15.390628
v 10.383789 6.0 -15.599612
v 10.0 6.0 -15.090823
v 10.0 6.616211 -15.599612
v 10.0 6.9375 -15.390628
v 10.0625 7.0 -15.390628
v 10.383789 7.0 -15.599612
v 10.0 7.0 -15.090823
v 10.0 7.616211 -15.599612
v 10.0 7.9375 -15.390628
v 10.0625 8.0 -15.390628
v 10.383789 8.0 -15.599612
v 10.0 8.0 -15.090823
v 10.0 8.616211 -15.599612
v 10.0 8.9375 -15.390628
v 10.0625 9.0 -15.390628
v 10.383789 9.0 -15.599612
v 10.0 9.0 -15.090823
v 10.0 9.616211 -15.599612
v 10.0 9.9375 -15.390628
v 10.0625 10.0 -15.390628
v 10.383789 10.0 -15.599612
v 10.0 10.0 -15.090823
v 10.0 10.616211 -15.599612
v 10.0 10.9375 -15.390628
v 10.0625 11.0 -15.390628
v 10.383789 11.0 -15.599612
v 10.0 11.0 -15.090823
v 10.0 11.616211 -15.599612
v 10.0 11.9375 -15.390628
v 10.0625 12.0 -15.390628
v 10.383789 12.0 -15.599612
v 10.0 12.0 -15.090823
v 10.0 12.616211 -15.599612
v 10.0 12.9375 -15.390628
v 10.0625 13.0 -15.390628
v 10.383789 13.0 -15.599612
v 10.0 13.0 -15.090823
v 10.0 13.616211 -15.599612
v 10.0 13.9375 -15.390628
v 10.0625 14.0 -15.390628
v 10.383789 14.0 -15.599612
v 10.0 14.0 -15.090823
v 10.0 14.616211 -15.599612
v 10.0 14.9375 -15.390628
v 10.0625 15.0 -15.390628
v 10.383789 15.0 -15.599612
v 10.0 15.0 -15.090823
v 10.0 15.616211 -15.599612
v 10.0 15.9375 -15.390628
v 10.0625 16.0 -15.390628
v 10.383789 16.0 -15.599612
v 10.0 16.0 -15.090823
v 11.0 -15.383789 -15.599612
v 11.0 -15.0625 -15.390628
v 11.0625 -15.0 -15.390628
v 11.383789 -15.0 -15.599612
v 11.0 -15.0 -15.090823
v 11.0 -14.383789 -15.599612
v 11.0 -14.0625 -15.390628
v 11.0625 -14.0 -15.390628
v 11.383789 -14.0 -15.599612
v 11.0 -14.0 -15.090823
v 11.0 -13.383789 -15.599612
v 11.0 -13.0625 -15.390628
v 11.0625 -13.0 -15.390628
v 11.383789 -13.0 -15.599612
v 11.0 -13.0 -15.090823
v 11.0 -12.383789 -15.599612
v 11.0 -12.0625 -15.390628
v 11.0625 -12.0 -15.390628
v 11.383789 -12.0 -15.599612
v 11.0 -12.0 -15.090823
v 11.0 -11.383789 -15.599612
v 11.0 -11.0625 -15.390628
v 11.0625 -11.0 -15.390628
v 11.383789 -11.0 -15.599612
v 11.0 -11.0 -15.090823
v 11.0 -10.383789 -15.599612
v 11.0 -10.0625 -15.390628
v 11.0625 -10.0 -15.390628
v 11.383789 -10.0 -15.599612
v 11.0 -10.0 -15.090823
v 11.0 -9.383789 -15.599612
v 11.0 -9.0625 -15.390628
v 11.0625 -9.0 -15.390628
v 11.383789 -9.0 -15.599612
v 11.0 -9.0 -15.090823
v 11.0 -8.383789 -15.599612
v 11.0 -8.0625 -15.390628
v 11.0625 -8.0 -15.390628
v 11.383789 -8.0 -15.599612
v 11.0 -8.0 -15.090823
v 11.0 -7.383789 -15.599612
v 11.0 -7.0625 -15.390628
v 11.0625 -7.0 -15.390628
v 11.383789 -7.0 -15.599612
v 11.0 -7.0 -15.090823
v 11.0 -6.383789 -15.599612
v 11.0 -6.0625 -15.390628
v 11.0625 -6.0 -15.390628
v 11.383789 -6.0 -15.599612
v 11.0 -6.0 -15.090823
v 11.0 -5.383789 -15.599612
v 11.0 -5.0625 -15.390628
v 11.0625 -5.0 -15.390628
v 11.383789 -5.0 -15.599612
v 11.0 -5.0 -15.090823
v 11.0 -4.383789 -15.599612
v 11.0 -4.0625 -15.390628
v 11.0625 -4.0 -15.390628
v 11.383789 -4.0 -15.599612
v 11.0 -4.0 -15.090823
v 11.0 -3.383789 -15.599612
v 11.0 -3.0625 -15.390628
v 11.0625 -3.0 -15.390628
v 11.383789 -3.0 -15.599612
v 11.0 -3.0 -15.090823
v 11.0 -2.383789 -15.599612
v 11.0 -2.0625 -15.390628
v 11.0625 -2.0 -15.390628
v 11.383789 -2.0 -15.599612
v 11.0 -2.0 -15.090823
v 11.0 -1.3837891 -15.599612
v 11.0 -1.0625 -15.390628
v 11.0625 -1.0 -15.390628
v 11.383789 -1.0 -15.599612
v 11.0 -1.0 -15.090823
v 11.0 -0.383789 -15.599612
v 11.0 -0.0625 -15.390628
v 11.0625 0.0 -15.390628
v 11.383789 0.0 -15.599612
v 11.0 0.0 -15.090823
v 11.0 0.616211 -15.599612
v 11.0 0.9375 -15.390628
v 11.0625 1.0 -15.390628
v 11.383789 1.0 -15.599612
v 11.0 1.0 -15.090823
v 11.0 1.6162109 -15.599612
v 11.0 1.9375 -15.390628
v 11.0625 2.0 -15.390628
v 11.383789 2.0 -15.599612
v 11.0 2.0 -15.090823
v 11.0 2.616211 -15.599612
v 11.0 2.9375 -15.390628
v 11.0625 3.0 -15.390628
v 11.383789 3.0 -15.599612
v 11.0 3.0 -15.090823
v 11.0 3.616211 -15.599612
v 11.0 3.9375 -15.390628
v 11.0625 4.0 -15.390628
v 11.383789 4.0 -15.599612
v 11.0 4.0 -15.090823
v 11.0 4.616211 -15.599612
v 11.0 4.9375 -15.390628
v 11.0625 5.0 -15.390628
v 11.383789 5.0 -15.599612
v 11.0 5.0 -15.090823
v 11.0 5.616211 -15.599612
v 11.0 5.9375 -15.390628
v 11.0625 6.0 -15.390628
v 11.383789 6.0 -15.599612
v 11.0 6.0 -15.090823
v 11.0 6.616211 -15.599612
v 11.0 6.9375 -15.390628
v 11.0625 7.0 -15.390628
v 11.383789 7.0 -15.599612
v 11.0 7.0 -15.090823
v 11.0 7.616211 -15.599612
v 11.0 7.9375 -15.390628
v 11.0625 8.0 -15.390628
v 11.383789 8.0 -15.599612
v 11.0 8.0 -15.090823
v 11.0 8.616211 -15.599612
v 11.0 8.9375 -15.390628
v 11.0625 9.0 -15.390628
v 11.383789 9.0 -15.599612
v 11.0 9.0 -15.090823
v 11.0 9.616211 -15.599612
v 11.0 9.9375 -15.390628
v 11.0625 10.0 -15.390628
v 11.383789 10.0 -15.599612
v 11.0 10.0 -15.090823
v 11.0 10.616211 -15.599612
v 11.0 10.9375 -15.390628
v 11.0625 11.0 -15.390628
v 11.383789 11.0 -15.599612
v 11.0 11.0 -15.090823
v 11.0 11.616211 -15.599612
v 11.0 11.9375 -15.390628
v 11.0625 12.0 -15.390628
v 11.383789 12.0 -15.599612
v 11.0 12.0 -15.090823
v 11.0 12.616211 -15.599612
v 11.0 12.9375 -15.390628
v 11.0625 13.0 -15.390628
v 11.383789 13.0 -15.599612
v 11.0 13.0 -15.090823
v 11.0 13.616211 -15.599612
v 11.0 13.9375 -15.390628
v 11.0625 14.0 -15.390628
v 11.383789 14.0 -15.599612
v 11.0 14.0 -15.090823
v 11.0 14.616211 -15.599612
v 11.0 14.9375 -15.390628
v 11.0625 15.0 -15.390628
v 11.383789 15.0 -15.599612
v 11.0 15.0 -15.090823
v 11.0 15.616211 -15.599612
v 11.0 15.9375 -15.390628
v 11.0625 16.0 -15.390628
v 11.383789 16.0 -15.599612
v 11.0 16.0 -15.090823
v 12.0 -15.383789 -15.599612
v 12.0 -15.0625 -15.390628
v 12.0625 -15.0 -15.390628
v 12.383789 -15.0 -15.599612
v 12.0 -15.0 -15.090823
v 12.0 -14.383789 -15.599612
v 12.0 -14.0625 -15.390628
v 12.0625 -14.0 -15.390628
v 12.383789 -14.0 -15.599612
v 12.0 -14.0 -15.090823
v 12.0 -13.383789 -15.599612
v 12.0 -13.0625 -15.390628
v 12.0625 -13.0 -15.390628
v 12.383789 -13.0 -15.599612
v 12.0 -13.0 -15.090823
v 12.0 -12.383789 -15.599612
v 12.0 -12.0625 -15.390628
v 12.0625 -12.0 -15.390628
v 12.383789 -12.0 -15.599612
v 12.0 -12.0 -15.090823
v 12.0 -11.383789 -15.599612
v 12.0 -11.0625 -15.390628
v 12.0625 -11.0 -15.390628
v 12.383789 -11.0 -15.599612
v 12.0 -11.0 -15.090823
v 12.0 -10.383789 -15.599612
v 12.0 -10.0625 -15.390628
v 12.0625 -10.0 -15.390628
v 12.383789 -10.0 -15.599612
v 12.0 -10.0 -15.090823
v 12.0 -9.383789 -15.599612
v 12.0 -9.0625 -15.390628
v 12.0625 -9.0 -15.390628
v 12.383789 -9.0 -15.599612
v 12.0 -9.0 -15.090823
v 12.0 -8.383789 -15.599612
v 12.0 -8.0625 -15.390628
v 12.0625 -8.0 -15.390628
v 12.383789 -8.0 -15.599612
v 12.0 -8.0 -15.090823
v 12.0 -7.383789 -15.599612
v 12.0 -7.0625 -15.390628
v 12.0625 -7.0 -15.390628
v 12.383789 -7.0 -15.599612
v 12.0 -7.0 -15.090823
v 12.0 -6.383789 -15.599612
v 12.0 -6.0625 -15.390628
v 12.0625 -6.0 -15.390628
v 12.383789 -6.0 -15.599612
v 12.0 -6.0 -15.090823
v 12.0 -5.383789 -15.599612
v 12.0 -5.0625 -15.390628
v 12.0625 -5.0 -15.390628
v 12.383789 -5.0 -15.599612
v 12.0 -5.0 -15.090823
v 12.0 -4.383789 -15.599612
v 12.0 -4.0625 -15.390628
v 12.0625 -4.0 -15.390628
v 12.383789 -4.0 -15.599612
v 12.0 -4.0 -15.090823
v 12.0 -3.383789 -15.599612
v 12.0 -3.0625 -15.390628
v 12.0625 -3.0 -15.390628
v 12.383789 -3.0 -15.599612
v 12.0 -3.0 -15.090823
v 12.0 -2.383789 -15.599612
v 12.0 -2.0625 -15.390628
v 12.0625 -2.0 -15.390628
v 12.383789 -2.0 -15.599612
v 12.0 -2.0 -15.090823
v 12.0 -1.3837891 -15.599612
v 12.0 -1.0625 -15.390628
v 12.0625 -1.0 -15.390628
v 12.383789 -1.0 -15.599612
v 12.0 -1.0 -15.090823
v 12.0 -0.383789 -15.599612
v 12.0 -0.0625 -15.390628
v 12.0625 0.0 -15.390628
v 12.383789 0.0 -15.599612
v 12.0 0.0 -15.090823
v 12.0 0.616211 -15.599612
v 12.0 0.9375 -15.390628
v 12.0625 1.0 -15.390628
v 12.383789 1.0 -15.599612
v 12.0 1.0 -15.090823
v 12.0 1.6162109 -15.599612
v 12.0 1.9375 -15.390628
v 12.0625 2.0 -15.390628
v 12.383789 2.0 -15.599612
v 12.0 2.0 -15.090823
v 12.0 2.616211 -15.599612
v 12.0 2.9375 -15.390628
v 12.0625 3.0 -15.390628
v 12.383789 3.0 -15.599612
v 12.0 3.0 -15.090823
v 12.0 3.616211 -15.599612
v 12.0 3.9375 -15.390628
v 12.0625 4.0 -15.390628
v 12.383789 4.0 -15.599612
v 12.0 4.0 -15.090823
v 12.0 4.616211 -15.599612
v 12.0 4.9375 -15.390628
v 12.0625 5.0 -15.390628
v 12.383789 5.0 -15.599612
v 12.0 5.0 -15.090823
v 12.0 5.616211 -15.599612
v 12.0 5.9375 -15.390628
v 12.0625 6.0 -15.390628
v 12.383789 6.0 -15.599612
v 12.0 6.0 -15.090823
v 12.0 6.616211 -15.599612
v 12.0 6.9375 -15.390628
v 12.0625 7.0 -15.390628
v 12.383789 7.0 -15.599612
v 12.0 7.0 -15.090823
v 12.0 7.616211 -15.599612
v 12.0 7.9375 -15.390628
v 12.0625 8.0 -15.390628
v 12.383789 8.0 -15.599612
v 12.0 8.0 -15.090823
v 12.0 8.616211 -15.599612
v 12.0 8.9375 -15.390628
v 12.0625 9.0 -15.390628
v 12.383789 9.0 -15.599612
v 12.0 9.0 -15.090823
v 12.0 9.616211 -15.599612
v 12.0 9.9375 -15.390628
v 12.0625 10.0 -15.390628
v 12.383789 10.0 -15.599612
v 12.0 10.0 -15.090823
v 12.0 10.616211 -15.599612
v 12.0 10.9375 -15.390628
v 12.0625 11.0 -15.390628
v 12.383789 11.0 -15.599612
v 12.0 11.0 -15.090823
v 12.0 11.616211 -15.599612
v 12.0 11.9375 -15.390628
v 12.0625 12.0 -15.390628
v 12.383789 12.0 -15.599612
v 12.0 12.0 -15.090823
v 12.0 12.616211 -15.599612
v 12.0 12.9375 -15.390628
v 12.0625 13.0 -15.390628
v 12.383789 13.0 -15.599612
v 12.0 13.0 -15.090823
v 12.0 13.616211 -15.599612
v 12.0 13.9375 -15.390628
v 12.0625 14.0 -15.390628
v 12.383789 14.0 -15.599612
v 12.0 14.0 -15.090823
v 12.0 14.616211 -15.599612
v 12.0 14.9375 -15.390628
v 12.0625 15.0 -15.390628
v 12.383789 15.0 -15.599612
v 12.0 15.0 -15.090823
v 12.0 15.616211 -15.599612
v 12.0 15.9375 -15.390628
v 12.0625 16.0 -15.390628
v 12.383789 16.0 -15.599612
v 12.0 16.0 -15.090823
v 13.0 -15.383789 -15.599612
v 13.0 -15.0625 -15.390628
v 13.0625 -15.0 -15.390628
v 13.383789 -15.0 -15.599612
v 13.0 -15.0 -15.090823
v 13.0 -14.383789 -15.599612
v 13.0 -14.0625 -15.390628
v 13.0625 -14.0 -15.390628
v 13.383789 -14.0 -15.599612
v 13.0 -14.0 -15.090823
v 13.0 -13.383789 -15.599612
v 13.0 -13.0625 -15.390628
v 13.0625 -13.0 -15.390628
v 13.383789 -13.0 -15.599612
v 13.0 -13.0 -15.090823
v 13.0 -12.383789 -15.599612
v 13.0 -12.0625 -15.390628
v 13.0625 -12.0 -15.390628
v 13.383789 -12.0 -15.599612
v 13.0 -12.0 -15.090823
v 13.0 -11.383789 -15.599612
v 13.0 -11.0625 -15.390628
v 13.0625 -11.0 -15.390628
v 13.383789 -11.0 -15.599612
v 13.0 -11.0 -15.090823
v 13.0 -10.383789 -15.599612
v 13.0 -10.0625 -15.390628
v 13.0625 -10.0 -15.390628
v 13.383789 -10.0 -15.599612
v 13.0 -10.0 -15.090823
v 13.0 -9.383789 -15.599612
v 13.0 -9.0625 -15.390628
v 13.0625 -9.0 -15.390628
v 13.383789 -9.0 -15.599612
v 13.0 -9.0 -15.090823
v 13.0 -8.383789 -15.599612
v 13.0 -8.0625 -15.390628
v 13.0625 -8.0 -15.390628
v 13.383789 -8.0 -15.599612
v 13.0 -8.0 -15.090823
v 13.0 -7.383789 -15.599612
v 13.0 -7.0625 -15.390628
v 13.0625 -7.0 -15.390628
v 13.383789 -7.0 -15.599612
v 13.0 -7.0 -15.090823
v 13.0 -6.383789 -15.599612
v 13.0 -6.0625 -15.390628
v 13.0625 -6.0 -15.390628
v 13.383789 -6.0 -15.599612
v 13.0 -6.0 -15.090823
v 13.0 -5.383789 -15.599612
v 13.0 -5.0625 -15.390628
v 13.0625 -5.0 -15.390628
v 13.383789 -5.0 -15.599612
v 13.0 -5.0 -15.090823
v 13.0 -4.383789 -15.599612
v 13.0 -4.0625 -15.390628
v 13.0625 -4.0 -15.390628
v 13.383789 -4.0 -15.599612
v 13.0 -4.0 -15.090823
v 13.0 -3.383789 -15.599612
v 13.0 -3.0625 -15.390628
v 13.0625 -3.0 -15.390628
v 13.383789 -3.0 -15.599612
v 13.0 -3.0 -15.090823
v 13.0 -2.383789 -15.599612
v 13.0 -2.0625 -15.390628
v 13.0625 -2.0 -15.390628
v 13.383789 -2.0 -15.599612
v 13.0 -2.0 -15.090823
v 13.0 -1.3837891 -15.599612
v 13.0 -1.0625 -15.390628
v 13.0625 -1.0 -15.390628
v 13.383789 -1.0 -15.599612
v 13.0 -1.0 -15.090823
v 13.0 -0.383789 -15.599612
v 13.0 -0.0625 -15.390628
v 13.0625 0.0 -15.390628
v 13.383789 0.0 -15.599612
v 13.0 0.0 -15.090823
v 13.0 0.616211 -15.599612
v 13.0 0.9375 -15.390628
v 13.0625 1.0 -15.390628
v 13.383789 1.0 -15.599612
v 13.0 1.0 -15.090823
v 13.0 1.6162109 -15.599612
v 13.0 1.9375 -15.390628
v 13.0625 2.0 -15.390628
v 13.383789 2.0 -15.599612
v 13.0 2.0 -15.090823
v 13.0 2.616211 -15.599612
v 13.0 2.9375 -15.390628
v 13.0625 3.0 -15.390628
v 13.383789 3.0 -15.599612
v 13.0 3.0 -15.090823
v 13.0 3.616211 -15.599612
v 13.0 3.9375 -15.390628
v 13.0625 4.0 -15.390628
v 13.383789 4.0 -15.599612
v 13.0 4.0 -15.090823
v 13.0 4.616211 -15.599612
v 13.0 4.9375 -15.390628
v 13.0625 5.0 -15.390628
v 13.383789 5.0 -15.599612
v 13.0 5.0 -15.090823
v 13.0 5.616211 -15.599612
v 13.0 5.9375 -15.390628
v 13.0625 6.0 -15.390628
v 13.383789 6.0 -15.599612
v 13.0 6.0 -15.090823
v 13.0 6.616211 -15.599612
v 13.0 6.9375 -15.390628
v 13.0625 7.0 -15.390628
v 13.383789 7.0 -15.599612
v 13.0 7.0 -15.090823
v 13.0 7.616211 -15.599612
v 13.0 7.9375 -15.390628
v 13.0625 8.0 -15.390628
v 13.383789 8.0 -15.599612
v 13.0 8.0 -15.090823
v 13.0 8.616211 -15.599612
v 13.0 8.9375 -15.390628
v 13.0625 9.0 -15.390628
v 13.383789 9.0 -15.599612
v 13.0 9.0 -15.090823
v 13.0 9.616211 -15.599612
v 13.0 9.9375 -15.390628
v 13.0625 10.0 -15.390628
v 13.383789 10.0 -15.599612
v 13.0 10.0 -15.090823
v 13.0 10.616211 -15.599612
v 13.0 10.9375 -15.390628
v 13.0625 11.0 -15.390628
v 13.383789 11.0 -15.599612
v 13.0 11.0 -15.090823
v 13.0 11.616211 -15.599612
v 13.0 11.9375 -15.390628
v 13.0625 12.0 -15.390628
v 13.383789 12.0 -15.599612
v 13.0 12.0 -15.090823
v 13.0 12.616211 -15.599612
v 13.0 12.9375 -15.390628
v 13.0625 13.0 -15.390628
v 13.383789 13.0 -15.599612
v 13.0 13.0 -15.090823
v 13.0 13.616211 -15.599612
v 13.0 13.9375 -15.390628
v 13.0625 14.0 -15.390628
v 13.383789 14.0 -15.599612
v 13.0 14.0 -15.090823
v 13.0 14.616211 -15.599612
v 13.0 14.9375 -15.390628
v 13.0625 15.0 -15.390628
v 13.383789 15.0 -15.599612
v 13.0 15.0 -15.090823
v 13.0 15.616211 -15.599612
v 13.0 15.9375 -15.390628
v 13.0625 16.0 -15.390628
v 13.383789 16.0 -15.599612
v 13.0 16.0 -15.090823
v 14.0 -15.383789 -15.599612
v 14.0 -15.0625 -15.390628
v 14.0625 -15.0 -15.390628
v 14.383789 -15.0 -15.599612
v 14.0 -15.0 -15.090823
v 14.0 -14.383789 -15.599612
v 14.0 -14.0625 -15.390628
v 14.0625 -14.0 -15.390628
v 14.383789 -14.0 -15.599612
v 14.0 -14.0 -15.090823
v 14.0 -13.383789 -15.599612
v 14.0 -13.0625 -15.390628
v 14.0625 -13.0 -15.390628
v 14.383789 -13.0 -15.599612
v 14.0 -13.0 -15.090823
v 14.0 -12.383789 -15.599612
v 14.0 -12.0625 -15.390628
v 14.0625 -12.0 -15.390628
v 14.383789 -12.0 -15.599612
v 14.0 -12.0 -15.090823
v 14.0 -11.383789 -15.599612
v 14.0 -11.0625 -15.390628
v 14.0625 -11.0 -15.390628
v 14.383789 -11.0 -15.599612
v 14.0 -11.0 -15.090823
v 14.0 -10.383789 -15.599612
v 14.0 -10.0625 -15.390628
v 14.0625 -10.0 -15.390628
v 14.383789 -10.0 -15.599612
v 14.0 -10.0 -15.090823
v 14.0 -9.383789 -15.599612
v 14.0 -9.0625 -15.390628
v 14.0625 -9.0 -15.390628
v 14.383789 -9.0 -15.599612
v 14.0 -9.0 -15.090823
v 14.0 -8.383789 -15.599612
v 14.0 -8.0625 -15.390628
v 14.0625 -8.0 -15.390628
v 14.383789 -8.0 -15.599612
v 14.0 -8.0 -15.090823
v 14.0 -7.383789 -15.599612
v 14.0 -7.0625 -15.390628
v 14.0625 -7.0 -15.390628
v 14.383789 -7.0 -15.599612
v 14.0 -7.0 -15.090823
v 14.0 -6.383789 -15.599612
v 14.0 -6.0625 -15.390628
v 14.0625 -6.0 -15.390628
v 14.383789 -6.0 -15.599612
v 14.0 -6.0 -15.090823
v 14.0 -5.383789 -15.599612
v 14.0 -5.0625 -15.390628
v 14.0625 -5.0 -15.390628
v 14.383789 -5.0 -15.599612
v 14.0 -5.0 -15.090823
v 14.0 -4.383789 -15.599612
v 14.0 -4.0625 -15.390628
v 14.0625 -4.0 -15.390628
v 14.383789 -4.0 -15.599612
v 14.0 -4.0 -15.090823
v 14.0 -3.383789 -15.599612
v 14.0 -3.0625 -15.390628
v 14.0625 -3.0 -15.390628
v 14.383789 -3.0 -15.599612
v 14.0 -3.0 -15.090823
v 14.0 -2.383789 -15.599612
v 14.0 -2.0625 -15.390628
v 14.0625 -2.0 -15.390628
v 14.383789 -2.0 -15.599612
v 14.0 -2.0 -15.090823
v 14.0 -1.3837891 -15.599612
v 14.0 -1.0625 -15.390628
v 14.0625 -1.0 -15.390628
v 14.383789 -1.0 -15.599612
v 14.0 -1.0 -15.090823
v 14.0 -0.383789 -15.599612
v 14.0 -0.0625 -15.390628
v 14.0625 0.0 -15.390628
v 14.383789 0.0 -15.599612
v 14.0 0.0 -15.090823
v 14.0 0.616211 -15.599612
v 14.0 0.9375 -15.390628
v 14.0625 1.0 -15.390628
v 14.383789 1.0 -15.599612
v 14.0 1.0 -15.090823
v 14.0 1.6162109 -15.599612
v 14.0 1.9375 -15.390628
v 14.0625 2.0 -15.390628
v 14.383789 2.0 -15.599612
v 14.0 2.0 -15.090823
v 14.0 2.616211 -15.599612
v 14.0 2.9375 -15.390628
v 14.0625 3.0 -15.390628
v 14.383789 3.0 -15.599612
v 14.0 3.0 -15.090823
v 14.0 3.616211 -15.599612
v 14.0 3.9375 -15.390628
v 14.0625 4.0 -15.390628
v 14.383789 4.0 -15.599612
v 14.0 4.0 -15.090823
v 14.0 4.616211 -15.599612
v 14.0 4.9375 -15.390628
v 14.0625 5.0 -15.390628
v 14.383789 5.0 -15.599612
v 14.0 5.0 -15.090823
v 14.0 5.616211 -15.599612
v 14.0 5.9375 -15.390628
v 14.0625 6.0 -15.390628
v 14.383789 6.0 -15.599612
v 14.0 6.0 -15.090823
v 14.0 6.616211 -15.599612
v 14.0 6.9375 -15.390628
v 14.0625 7.0 -15.390628
v 14.383789 7.0 -15.599612
v 14.0 7.0 -15.090823
v 14.0 7.616211 -15.599612
v 14.0 7.9375 -15.390628
v 14.0625 8.0 -15.390628
v 14.383789 8.0 -15.599612
v 14.0 8.0 -15.090823
v 14.0 8.616211 -15.599612
v 14.0 8.9375 -15.390628
v 14.0625 9.0 -15.390628
v 14.383789 9.0 -15.599612
v 14.0 9.0 -15.090823
v 14.0 9.616211 -15.599612
v 14.0 9.9375 -15.390628
v 14.0625 10.0 -15.390628
v 14.383789 10.0 -15.599612
v 14.0 10.0 -15.090823
v 14.0 10.616211 -15.599612
v 14.0 10.9375 -15.390628
v 14.0625 11.0 -15.390628
v 14.383789 11.0 -15.599612
v 14.0 11.0 -15.090823
v 14.0 11.616211 -15.599612
v 14.0 11.9375 -15.390628
v 14.0625 12.0 -15.390628
v 14.383789 12.0 -15.599612
v 14.0 12.0 -15.090823
v 14.0 12.616211 -15.599612
v 14.0 12.9375 -15.390628
v 14.0625 13.0 -15.390628
v 14.383789 13.0 -15.599612
v 14.0 13.0 -15.090823
v 14.0 13.616211 -15.599612
v 14.0 13.9375 -15.390628
v 14.0625 14.0 -15.390628
v 14.383789 14.0 -15.599612
v 14.0 14.0 -15.090823
v 14.0 14.616211 -15.599612
v 14.0 14.9375 -15.390628
v 14.0625 15.0 -15.390628
v 14.383789 15.0 -15.599612
v 14.0 15.0 -15.090823
v 14.0 15.616211 -15.599612
v 14.0 15.9375 -15.390628
v 14.0625 16.0 -15.390628
v 14.383789 16.0 -15.599612
v 14.0 16.0 -15.090823
v 15.0 -15.383789 -15.599612
v 15.0 -15.0625 -15.390628
v 15.0625 -15.0 -15.390628
v 15.383789 -15.0 -15.599612
v 15.0 -15.0 -15.090823
v 15.0 -14.383789 -15.599612
v 15.0 -14.0625 -15.390628
v 15.0625 -14.0 -15.390628
v 15.383789 -14.0 -15.599612
v 15.0 -14.0 -15.090823
v 15.0 -13.383789 -15.599612
v 15.0 -13.0625 -15.390628
v 15.0625 -13.0 -15.390628
v 15.383789 -13.0 -15.599612
v 15.0 -13.0 -15.090823
v 15.0 -12.383789 -15.599612
v 15.0 -12.0625 -15.390628
v 15.0625 -12.0 -15.390628
v 15.383789 -12.0 -15.599612
v 15.0 -12.0 -15.090823
v 15.0 -11.383789 -15.599612
v 15.0 -11.0625 -15.390628
v 15.0625 -11.0 -15.390628
v 15.383789 -11.0 -15.599612
v 15.0 -11.0 -15.090823
v 15.0 -10.383789 -15.599612
v 15.0 -10.0625 -15.390628
v 15.0625 -10.0 -15.390628
v 15.383789 -10.0 -15.599612
v 15.0 -10.0 -15.090823
v 15.0 -9.383789 -15.599612
v 15.0 -9.0625 -15.390628
v 15.0625 -9.0 -15.390628
v 15.383789 -9.0 -15.599612
v 15.0 -9.0 -15.090823
v 15.0 -8.383789 -15.599612
v 15.0 -8.0625 -15.390628
v 15.0625 -8.0 -15.390628
v 15.383789 -8.0 -15.599612
v 15.0 -8.0 -15.090823
v 15.0 -7.383789 -15.599612
v 15.0 -7.0625 -15.390628
v 15.0625 -7.0 -15.390628
v 15.383789 -7.0 -15.599612
v 15.0 -7.0 -15.090823
v 15.0 -6.383789 -15.599612
v 15.0 -6.0625 -15.390628
v 15.0625 -6.0 -15.390628
v 15.383789 -6.0 -15.599612
v 15.0 -6.0 -15.090823
v 15.0 -5.383789 -15.599612
v 15.0 -5.0625 -15.390628
v 15.0625 -5.0 -15.390628
v 15.383789 -5.0 -15.599612
v 15.0 -5.0 -15.090823
v 15.0 -4.383789 -15.599612
v 15.0 -4.0625 -15.390628
v 15.0625 -4.0 -15.390628
v 15.383789 -4.0 -15.599612
v 15.0 -4.0 -15.090823
v 15.0 -3.383789 -15.599612
v 15.0 -3.0625 -15.390628
v 15.0625 -3.0 -15.390628
v 15.383789 -3.0 -15.599612
v 15.0 -3.0 -15.090823
v 15.0 -2.383789 -15.599612
v 15.0 -2.0625 -15.390628
v 15.0625 -2.0 -15.390628
v 15.383789 -2.0 -15.599612
v 15.0 -2.0 -15.090823
v 15.0 -1.3837891 -15.599612
v 15.0 -1.0625 -15.390628
v 15.0625 -1.0 -15.390628
v 15.383789 -1.0 -15.599612
v 15.0 -1.0 -15.090823
v 15.0 -0.383789 -15.599612
v 15.0 -0.0625 -15.390628
v 15.0625 0.0 -15.390628
v 15.383789 0.0 -15.599612
v 15.0 0.0 -15.090823
v 15.0 0.616211 -15.599612
v 15.0 0.9375 -15.390628
v 15.0625 1.0 -15.390628
v 15.383789 1.0 -15.599612
v 15.0 1.0 -15.090823
v 15.0 1.6162109 -15.599612
v 15.0 1.9375 -15.390628
v 15.0625 2.0 -15.390628
v 15.383789 2.0 -15.599612
v 15.0 2.0 -15.090823
v 15.0 2.616211 -15.599612
v 15.0 2.9375 -15.390628
v 15.0625 3.0 -15.390628
v 15.383789 3.0 -15.599612
v 15.0 3.0 -15.090823
v 15.0 3.616211 -15.599612
v 15.0 3.9375 -15.390628
v 15.0625 4.0 -15.390628
v 15.383789 4.0 -15.599612
v 15.0 4.0 -15.090823
v 15.0 4.616211 -15.599612
v 15.0 4.9375 -15.390628
v 15.0625 5.0 -15.390628
v 15.383789 5.0 -15.599612
v 15.0 5.0 -15.090823
v 15.0 5.616211 -15.599612
v 15.0 5.9375 -15.390628
v 15.0625 6.0 -15.390628
v 15.383789 6.0 -15.599612
v 15.0 6.0 -15.090823
v 15.0 6.616211 -15.599612
v 15.0 6.9375 -15.390628
v 15.0625 7.0 -15.390628
v 15.383789 7.0 -15.599612
v 15.0 7.0 -15.090823
v 15.0 7.616211 -15.599612
v 15.0 7.9375 -15.390628
v 15.0625 8.0 -15.390628
v 15.383789 8.0 -15.599612
v 15.0 8.0 -15.090823
v 15.0 8.616211 -15.599612
v 15.0 8.9375 -15.390628
v 15.0625 9.0 -15.390628
v 15.383789 9.0 -15.599612
v 15.0 9.0 -15.090823
v 15.0 9.616211 -15.599612
v 15.0 9.9375 -15.390628
v 15.0625 10.0 -15.390628
v 15.383789 10.0 -15.599612
v 15.0 10.0 -15.090823
v 15.0 10.616211 -15.599612
v 15.0 10.9375 -15.390628
v 15.0625 11.0 -15.390628
v 15.383789 11.0 -15.599612
v 15.0 11.0 -15.090823
v 15.0 11.616211 -15.599612
v 15.0 11.9375 -15.390628
v 15.0625 12.0 -15.390628
v 15.383789 12.0 -15.599612
v 15.0 12.0 -15.090823
v 15.0 12.616211 -15.599612
v 15.0 12.9375 -15.390628
v 15.0625 13.0 -15.390628
v 15.383789 13.0 -15.599612
v 15.0 13.0 -15.090823
v 15.0 13.616211 -15.599612
v 15.0 13.9375 -15.390628
v 15.0625 14.0 -15.390628
v 15.383789 14.0 -15.599612
v 15.0 14.0 -15.090823
v 15.0 14.616211 -15.599612
v 15.0 14.9375 -15.390628
v 15.0625 15.0 -15.390628
v 15.383789 15.0 -15.599612
v 15.0 15.0 -15.090823
v 15.0 15.616211 -15.599612
v 15.0 15.9375 -15.390628
v 15.0625 16.0 -15.390628
v 15.383789 16.0 -15.599612
v 15.0 16.0 -15.090823
vt 1.5 4.0
vt 0.0 4.0
vt 0.0 0.0
vt 1.5 0.0
vt 0.5 6.0
vt 0.0 6.0
vt 0.0 4.0
vt 0.5 4.0
vt 1.0 10.0
vt 0.0 10.0
vt 0.0 6.0
vt 1.0 6.0
vt 0.5 14.0
vt 0.0 14.0
vt 0.0 10.0
vt 0.5 10.0
vt 0.0 14.0
vt 0.5 14.0
vt 0.5 14.5
vt 0.0 14.5
vt 1.0 16.0
vt 0.0 16.0
vt 0.0 14.5
vt 1.0 14.5
vt 1.0 5.5
vt 0.5 5.5
vt 0.5 4.0
vt 1.0 4.0
vt 3.0 6.0
vt 0.5 6.0
vt 0.5 5.5
vt 3.0 5.5
vt 0.5 10.0
vt 1.0 10.0
vt 1.0 12.5
vt 0.5 12.5
vt 1.5 14.5
vt 0.5 14.5
vt 0.5 12.5
vt 1.5 12.5
vt 1.5 4.5
vt 1.0 4.5
vt 1.0 4.0
vt 1.5 4.0
vt 3.0 5.5
vt 1.0 5.5
vt 1.0 4.5
vt 3.0 4.5
vt 1.0 6.0
vt 1.5 6.0
vt 1.5 9.5
vt 1.0 9.5
vt 0.986328 -0.007812
vt 0.507812 -0.492188
vt 0.507812 -0.007812
vt 0.986328 -0.492188
vt 0.011719 0.5
vt 0.011719 0.0
vt 0.488281 0.5
vt 0.488281 0.0
vt 0.986328 -0.007812
vt 0.507812 -0.492188
vt 0.507812 -0.007812
vt 0.986328 -0.492188
vt 1.0 11.0
vt 2.0 11.0
vt 2.0 12.5
vt 1.0 12.5
vt 0.986328 -0.007812
vt 0.507812 -0.492188
vt 0.507812 -0.007812
vt 0.986328 -0.492188
vt 0.011719 1.0
vt 0.011719 0.0
vt 0.488281 1.0
vt 0.488281 0.0
vt 2.0 3.5
vt 1.5 3.5
vt 1.5 0.0
vt 2.0 0.0
vt 3.0 4.5
vt 1.5 4.5
vt 1.5 3.5
vt 3.0 3.5
vt 1.5 6.0
vt 2.0 6.0
vt 2.0 8.5
vt 1.5 8.5
vt 3.0 9.5
vt 1.5 9.5
vt 1.5 8.5
vt 3.0 8.5
vt 0.011719 0.5
vt 0.011719 0.0
vt 0.488281 0.5
vt 0.488281 0.0
vt 1.0 -1.0
vt 2.0 -1.0
vt 2.0 0.0
vt 1.0 0.0
vt 0.011719 0.5
vt 0.011719 0.0
vt 0.488281 0.5
vt 0.488281 0.0
vt 2.0 13.0
vt 1.5 13.0
vt 1.5 12.5
vt 2.0 12.5
vt 0.986328 -0.007812
vt 0.507812 -0.492188
vt 0.507812 -0.007812
vt 0.986328 -0.492188
vt 0.011719 1.0
vt 0.011719 0.0
vt 0.488281 1.0
vt 0.488281 0.0
vt 0.505859 -0.505859
vt 0.986328 -0.505859
vt 0.505859 -0.992188
vt 0.986328 -0.992188
vt 2.0 16.0
vt 1.5 16.0
vt 1.5 15.0
vt 2.0 15.0
vt 2.5 3.0
vt 2.0 3.0
vt 2.0 0.0
vt 2.5 0.0
vt 3.0 3.5
vt 2.0 3.5
vt 2.0 3.0
vt 3.0 3.0
vt 2.5 7.5
vt 2.0 7.5
vt 2.0 6.0
vt 2.5 6.0
vt 2.0 7.5
vt 3.0 7.5
vt 3.0 8.5
vt 2.0 8.5
vt 0.986328 -0.007812
vt 0.507812 -0.492188
vt 0.507812 -0.007812
vt 0.986328 -0.492188
vt 0.011719 0.5
vt 0.011719 0.0
vt 0.488281 0.5
vt 0.488281 0.0
vt 0.986328 -0.007812
vt 0.507812 -0.492188
vt 0.507812 -0.007812
vt 0.986328 -0.492188
vt 2.5 12.0
vt 2.0 12.0
vt 2.0 11.0
vt 2.5 11.0
vt 0.986328 -0.007812
vt 0.507812 -0.492188
vt 0.507812 -0.007812
vt 0.986328 -0.492188
vt 0.011719 0.5
vt 0.011719 0.0
vt 0.488281 0.5
vt 0.488281 0.0
vt 0.505859 -0.505859
vt 0.986328 -0.505859
vt 0.505859 -0.992188
vt 0.986328 -0.992188
vt 2.5 15.5
vt 2.0 15.5
vt 2.0 13.5
vt 2.5 13.5
vt 0.505859 -0.505859
vt 0.986328 -0.505859
vt 0.505859 -0.992188
vt 0.986328 -0.992188
vt 3.0 2.5
vt 2.5 2.5
vt 2.5 0.0
vt 3.0 0.0
vt 3.0 3.0
vt 2.5 3.0
vt 2.5 2.5
vt 3.0 2.5
vt 3.0 7.5
vt 2.5 7.5
vt 2.5 6.0
vt 3.0 6.0
vt 3.0 10.0
vt 2.5 10.0
vt 2.5 9.5
vt 3.0 9.5
vt 0.986328 -0.007812
vt 0.507812 -0.492188
vt 0.507812 -0.007812
vt 0.986328 -0.492188
vt 0.011719 1.5
vt 0.011719 0.0
vt 0.488281 1.5
vt 0.488281 0.0
vt 0.505859 -0.505859
vt 0.986328 -0.505859
vt 0.505859 -0.992188
vt 0.986328 -0.992188
vt 3.0 14.0
vt 2.5 14.0
vt 2.5 12.5
vt 3.0 12.5
vt 0.505859 -0.505859
vt 0.986328 -0.505859
vt 0.505859 -0.992188
vt 0.986328 -0.992188
vt 0.011719 1.0
vt 0.011719 0.0
vt 0.488281 1.0
vt 0.488281 0.0
vt 0.986328 -0.007812
vt 0.507812 -0.492188
vt 0.507812 -0.007812
vt 0.986328 -0.492188
vt 0.986328 -0.007812
vt 0.507812 -0.492188
vt 0.507812 -0.007812
vt 0.986328 -0.492188
vt 0.011719 1.0
vt 0.011719 0.0
vt 0.488281 1.0
vt 0.488281 0.0
vt 0.011719 2.0
vt 0.011719 0.0
vt 0.488281 2.0
vt 0.488281 0.0
vt 0.986328 -0.007812
vt 0.507812 -0.492188
vt 0.507812 -0.007812
vt 0.986328 -0.492188
vt 3.5 4.5
vt 3.0 4.5
vt 3.0 4.0
vt 3.5 4.0
vt 3.5 5.0
vt 3.0 5.0
vt 3.0 4.5
vt 3.5 4.5
vt 0.986328 -0.007812
vt 0.507812 -0.492188
vt 0.507812 -0.007812
vt 0.986328 -0.492188
vt 0.011719 4.0
vt 0.011719 0.0
vt 0.488281 4.0
vt 0.488281 0.0
vt 0.011719 0.5
vt 0.011719 0.0
vt 0.488281 0.5
vt 0.488281 0.0
vt 0.505859 -0.505859
vt 0.986328 -0.505859
vt 0.505859 -0.992188
vt 0.986328 -0.992188
vt 3.5 12.5
vt 3.0 12.5
vt 3.0 10.5
vt 3.5 10.5
vt 0.505859 -0.505859
vt 0.986328 -0.505859
vt 0.505859 -0.992188
vt 0.986328 -0.992188
vt 0.011719 1.0
vt 0.011719 0.0
vt 0.488281 1.0
vt 0.488281 0.0
vt 0.986328 -0.007812
vt 0.507812 -0.492188
vt 0.507812 -0.007812
vt 0.986328 -0.492188
vt 7.0 16.0
vt 3.0 16.0
vt 3.0 14.5
vt 7.0 14.5
vt 0.505859 -0.505859
vt 0.986328 -0.505859
vt 0.505859 -0.992188
vt 0.986328 -0.992188
vt 4.0 1.5
vt 3.5 1.5
vt 3.5 0.5
vt 4.0 0.5
vt 4.0 3.0
vt 3.5 3.0
vt 3.5 1.5
vt 4.0 1.5
vt 4.5 3.5
vt 3.5 3.5
vt 3.5 3.0
vt 4.5 3.0
vt 0.505859 -0.505859
vt 0.986328 -0.505859
vt 0.505859 -0.992188
vt 0.986328 -0.992188
vt 0.011719 1.0
vt 0.011719 0.0
vt 0.488281 1.0
vt 0.488281 0.0
vt 0.505859 -0.505859
vt 0.986328 -0.505859
vt 0.505859 -0.992188
vt 0.986328 -0.992188
vt 3.5 5.5
vt 4.0 5.5
vt 4.0 9.5
vt 3.5 9.5
vt 4.0 11.0
vt 3.5 11.0
vt 3.5 9.5
vt 4.0 9.5
vt 0.505859 -0.505859
vt 0.986328 -0.505859
vt 0.505859 -0.992188
vt 0.986328 -0.992188
vt 0.011719 1.0
vt 0.011719 0.0
vt 0.488281 1.0
vt 0.488281 0.0
vt 0.986328 -0.007812
vt 0.507812 -0.492188
vt 0.507812 -0.007812
vt 0.986328 -0.492188
vt 3.5 13.0
vt 7.5 13.0
vt 7.5 14.5
vt 3.5 14.5
vt 4.5 1.0
vt 4.0 1.0
vt 4.0 0.0
vt 4.5 0.0
vt 0.505859 -0.505859
vt 0.986328 -0.505859
vt 0.505859 -0.992188
vt 0.986328 -0.992188
vt 0.011719 1.0
vt 0.011719 0.0
vt 0.488281 1.0
vt 0.488281 0.0
vt 0.505859 -0.505859
vt 0.986328 -0.505859
vt 0.505859 -0.992188
vt 0.986328 -0.992188
vt 4.5 6.0
vt 4.0 6.0
vt 4.0 3.5
vt 4.5 3.5
vt 0.505859 -0.505859
vt 0.986328 -0.505859
vt 0.505859 -0.992188
vt 0.986328 -0.992188
vt 0.011719 4.0
vt 0.011719 0.0
vt 0.488281 4.0
vt 0.488281 0.0
vt 0.011719 0.5
vt 0.011719 0.0
vt 0.488281 0.5
vt 0.488281 0.0
vt 0.986328 -0.007812
vt 0.507812 -0.492188
vt 0.507812 -0.007812
vt 0.986328 -0.492188
vt 7.0 13.0
vt 4.0 13.0
vt 4.0 11.5
vt 7.0 11.5
vt 0.011719 1.0
vt 0.011719 0.0
vt 0.488281 1.0
vt 0.488281 0.0
vt 0.986328 -0.007812
vt 0.507812 -0.492188
vt 0.507812 -0.007812
vt 0.986328 -0.492188
vt 5.0 2.0
vt 4.5 2.0
vt 4.5 1.5
vt 5.0 1.5
vt 4.5 2.5
vt 4.5 2.0
vt 8.5 2.5
vt 8.5 2.0
vt 0.986328 -0.007812
vt 0.507812 -0.492188
vt 0.507812 -0.007812
vt 0.986328 -0.492188
vt 0.011719 3.0
vt 0.011719 0.0
vt 0.488281 3.0
vt 0.488281 0.0
vt 0.986328 -0.007812
vt 0.507812 -0.492188
vt 0.507812 -0.007812
vt 0.986328 -0.492188
vt 4.5 6.5
vt 7.0 6.5
vt 7.0 10.5
vt 4.5 10.5
vt 7.0 11.5
vt 4.5 11.5
vt 4.5 10.5
vt 7.0 10.5
vt 5.5 1.0
vt 5.0 1.0
vt 5.0 0.0
vt 5.5 0.0
vt 9.0 2.0
vt 5.0 2.0
vt 5.0 1.0
vt 9.0 1.0
vt 8.0 6.5
vt 5.0 6.5
vt 5.0 2.5
vt 8.0 2.5
vt 5.5 1.0
vt 5.5 0.0
vt 9.5 1.0
vt 9.5 0.0
vt 7.0 6.5
vt 7.5 6.5
vt 7.5 8.5
vt 7.0 8.5
vt 0.986328 -0.007812
vt 0.507812 -0.492188
vt 0.507812 -0.007812
vt 0.986328 -0.492188
vt 0.011719 3.0
vt 0.011719 0.0
vt 0.488281 3.0
vt 0.488281 0.0
vt 0.986328 -0.007812
vt 0.507812 -0.492188
vt 0.507812 -0.007812
vt 0.986328 -0.492188
vt 7.5 13.0
vt 7.0 13.0
vt 7.0 12.5
vt 7.5 12.5
vt 7.5 16.0
vt 7.0 16.0
vt 7.0 14.5
vt 7.5 14.5
vt 0.986328 -0.007812
vt 0.507812 -0.492188
vt 0.507812 -0.007812
vt 0.986328 -0.492188
vt 0.011719 1.5
vt 0.011719 0.0
vt 0.488281 1.5
vt 0.488281 0.0
vt 0.505859 -0.505859
vt 0.986328 -0.505859
vt 0.505859 -0.992188
vt 0.986328 -0.992188
vt 0.753906 -0.599609
vt 1.0 -0.599609
vt 1.0 -0.513672
vt 0.5 -0.513672
vt 1.0 -0.599609
vt 1.279297 -0.599609
vt 1.5 -0.513672
vt 1.0 -0.513672
vt 0.4375 -0.59375
vt 0.4375 -0.890625
vt 0.285156 -0.59375
vt 0.285156 -0.890625
vt 0.4375 -0.890625
vt 0.4375 -0.394531
vt 0.285156 -0.394531
vt 0.285156 -0.486328
vt 0.4375 -0.394531
vt 0.4375 -0.59375
vt 0.285156 -0.59375
vt 0.4375 -0.890625
vt 2.0 -0.894531
vt 2.0 -0.597656
vt 0.0 -0.597656
vt 0.0 -0.894531
vt 2.0 -0.515625
vt 0.0 -0.515625
vt 2.0 -0.894531
vt 0.0 -0.894531
vt 0.0 -0.988281
vt 2.0 -0.988281
vt 0.753906 -0.599609
vt 1.0 -0.599609
vt 1.0 -0.513672
vt 0.5 -0.513672
vt 1.0 -0.599609
vt 1.279297 -0.599609
vt 1.5 -0.513672
vt 1.0 -0.513672
vt 0.4375 -0.59375
vt 0.4375 -0.890625
vt 0.285156 -0.59375
vt 0.285156 -0.890625
vt 0.4375 -0.890625
vt 0.4375 -0.394531
vt 0.285156 -0.394531
vt 0.285156 -0.486328
vt 0.4375 -0.394531
vt 0.4375 -0.59375
vt 0.285156 -0.59375
vt 0.4375 -0.890625
vt 0.505859 -0.505859
vt 0.986328 -0.505859
vt 0.505859 -0.992188
vt 0.986328 -0.992188
vt 0.011719 2.5
vt 0.011719 0.0
vt 0.488281 2.5
vt 0.488281 0.0
vt 0.986328 -0.007812
vt 0.507812 -0.492188
vt 0.507812 -0.007812
vt 0.986328 -0.492188
vt 8.0 16.0
vt 7.5 16.0
vt 7.5 15.5
vt 8.0 15.5
vt 8.0 5.5
vt 8.0 2.5
vt 8.5 5.5
vt 8.5 2.5
vt 0.986328 -0.007812
vt 0.507812 -0.492188
vt 0.507812 -0.007812
vt 0.986328 -0.492188
vt 0.011719 0.5
vt 0.011719 0.0
vt 0.488281 0.5
vt 0.488281 0.0
vt 0.505859 -0.505859
vt 0.986328 -0.505859
vt 0.505859 -0.992188
vt 0.986328 -0.992188
vt 0.753906 -0.599609
vt 1.0 -0.599609
vt 1.0 -0.513672
vt 0.5 -0.513672
vt 1.0 -0.599609
vt 1.279297 -0.599609
vt 1.5 -0.513672
vt 1.0 -0.513672
vt 0.4375 -0.59375
vt 0.4375 -0.890625
vt 0.285156 -0.59375
vt 0.285156 -0.890625
vt 0.4375 -0.890625
vt 0.4375 -0.394531
vt 0.285156 -0.394531
vt 0.285156 -0.486328
vt 0.4375 -0.394531
vt 0.4375 -0.59375
vt 0.285156 -0.59375
vt 0.4375 -0.890625
vt 1.5 -0.894531
vt 1.5 -0.597656
vt 0.0 -0.597656
vt 0.0 -0.894531
vt 1.5 -0.515625
vt 0.0 -0.515625
vt 1.5 -0.894531
vt 0.0 -0.894531
vt 0.0 -0.988281
vt 1.5 -0.988281
vt 0.841797 -0.986328
vt 0.998047 -0.986328
vt 0.966797 -0.892578
vt 0.841797 -0.892578
vt 0.498047 -0.986328
vt 0.654297 -0.986328
vt 0.654297 -0.892578
vt 0.529297 -0.892578
vt -0.470703 -1.392578
vt -0.345703 -1.392578
vt -0.345703 -1.105469
vt -0.158203 -1.392578
vt -0.158203 -1.105469
vt -0.033203 -1.392578
vt -0.158203 -0.609375
vt -0.251953 -0.515625
vt -0.345703 -0.609375
vt 1.0 0.5
vt 1.0 0.0
vt 1.03125 0.1875
vt 1.15625 0.03125
vt 1.5 0.0
vt 8.5 11.5
vt 8.5 9.5
vt 8.0 11.5
vt 8.0 9.5
vt 0.841797 -0.986328
vt 0.998047 -0.986328
vt 0.966797 -0.892578
vt 0.841797 -0.892578
vt 0.498047 -0.986328
vt 0.654297 -0.986328
vt 0.654297 -0.892578
vt 0.529297 -0.892578
vt -0.470703 -1.392578
vt -0.345703 -1.392578
vt -0.345703 -1.105469
vt -0.158203 -1.392578
vt -0.158203 -1.105469
vt -0.033203 -1.392578
vt -0.158203 -0.609375
vt -0.251953 -0.515625
vt -0.345703 -0.609375
vt 1.0 0.5
vt 1.0 0.0
vt 1.03125 0.1875
vt 1.15625 0.03125
vt 1.5 0.0
vt 2.5 -0.894531
vt 2.5 -0.597656
vt 0.0 -0.597656
vt 0.0 -0.894531
vt 2.5 -0.515625
vt 0.0 -0.515625
vt 2.5 -0.894531
vt 0.0 -0.894531
vt 0.0 -0.988281
vt 2.5 -0.988281
vt 0.753906 -0.599609
vt 1.0 -0.599609
vt 1.0 -0.513672
vt 0.5 -0.513672
vt 1.0 -0.599609
vt 1.279297 -0.599609
vt 1.5 -0.513672
vt 1.0 -0.513672
vt 0.4375 -0.59375
vt 0.4375 -0.890625
vt 0.285156 -0.59375
vt 0.285156 -0.890625
vt 0.4375 -0.890625
vt 0.4375 -0.394531
vt 0.285156 -0.394531
vt 0.285156 -0.486328
vt 0.4375 -0.394531
vt 0.4375 -0.59375
vt 0.285156 -0.59375
vt 0.4375 -0.890625
vt 0.505859 -0.505859
vt 0.986328 -0.505859
vt 0.505859 -0.992188
vt 0.986328 -0.992188
vt 0.986328 -0.007812
vt 0.507812 -0.492188
vt 0.507812 -0.007812
vt 0.986328 -0.492188
vt 9.0 4.5
vt 9.0 2.0
vt 8.5 4.5
vt 8.5 2.0
vt 0.986328 -0.007812
vt 0.507812 -0.492188
vt 0.507812 -0.007812
vt 0.986328 -0.492188
vt 0.011719 0.5
vt 0.011719 0.0
vt 0.488281 0.5
vt 0.488281 0.0
vt 0.505859 -0.505859
vt 0.986328 -0.505859
vt 0.505859 -0.992188
vt 0.986328 -0.992188
vt 0.753906 -0.599609
vt 1.0 -0.599609
vt 1.0 -0.513672
vt 0.5 -0.513672
vt 1.0 -0.599609
vt 1.279297 -0.599609
vt 1.5 -0.513672
vt 1.0 -0.513672
vt 0.4375 -0.59375
vt 0.4375 -0.890625
vt 0.285156 -0.59375
vt 0.285156 -0.890625
vt 0.4375 -0.890625
vt 0.4375 -0.394531
vt 0.285156 -0.394531
vt 0.285156 -0.486328
vt 0.4375 -0.394531
vt 0.4375 -0.59375
vt 0.285156 -0.59375
vt 0.4375 -0.890625
vt 0.5 -0.894531
vt 0.5 -0.597656
vt 0.0 -0.597656
vt 0.0 -0.894531
vt 0.5 -0.515625
vt 0.0 -0.515625
vt 0.5 -0.894531
vt 0.0 -0.894531
vt 0.0 -0.988281
vt 0.5 -0.988281
vt 0.841797 -0.986328
vt 0.998047 -0.986328
vt 0.966797 -0.892578
vt 0.841797 -0.892578
vt 0.498047 -0.986328
vt 0.654297 -0.986328
vt 0.654297 -0.892578
vt 0.529297 -0.892578
vt -0.470703 -1.392578
vt -0.345703 -1.392578
vt -0.345703 -1.105469
vt -0.158203 -1.392578
vt -0.158203 -1.105469
vt -0.033203 -1.392578
vt -0.158203 -0.609375
vt -0.251953 -0.515625
vt -0.345703 -0.609375
vt 1.0 0.5
vt 1.0 0.0
vt 1.03125 0.1875
vt 1.15625 0.03125
vt 1.5 0.0
vt 8.5 8.5
vt 9.0 7.5
vt 9.0 8.5
vt 8.5 7.5
vt 0.4375 -0.09375
vt 0.4375 -0.390625
vt 0.285156 -0.09375
vt 0.285156 -0.390625
vt 0.4375 -0.390625
vt 0.4375 0.105469
vt 0.285156 0.105469
vt 0.285156 0.013672
vt 0.4375 0.105469
vt 1.0 -0.099609
vt 1.279297 -0.099609
vt 1.5 -0.013672
vt 1.0 -0.013672
vt 0.4375 -0.09375
vt 1.0 -0.013672
vt 0.5 -0.013672
vt 0.753906 -0.099609
vt 1.0 -0.099609
vt 0.15 0.75
vt -0.15 0.75
vt -0.0 0.5
vt 0.0 -0.097656
vt 0.0 -0.015625
vt -1.5 -0.015625
vt -1.5 -0.097656
vt 0.0 -0.394531
vt -1.5 -0.394531
vt 0.0 0.109375
vt -1.5 0.109375
vt -1.5 0.015625
vt 0.0 0.015625
vt -9.0 -1.25
vt -9.0 -1.486328
vt -6.0 -1.486328
vt -6.0 -1.25
vt -9.0 -2.0
vt -6.0 -2.0
vt 0.4375 -0.09375
vt 0.4375 -0.390625
vt 0.285156 -0.09375
vt 0.285156 -0.390625
vt 0.4375 -0.390625
vt 0.4375 0.105469
vt 0.285156 0.105469
vt 0.285156 0.013672
vt 0.4375 0.105469
vt 1.0 -0.099609
vt 1.279297 -0.099609
vt 1.5 -0.013672
vt 1.0 -0.013672
vt 0.4375 -0.09375
vt 1.0 -0.013672
vt 0.5 -0.013672
vt 0.753906 -0.099609
vt 1.0 -0.099609
vt 0.15 0.75
vt -0.15 0.75
vt -0.0 0.5
vt 8.5 14.5
vt 9.0 11.0
vt 9.0 14.5
vt 8.5 11.0
vt 0.841797 -0.986328
vt 0.998047 -0.986328
vt 0.966797 -0.892578
vt 0.841797 -0.892578
vt 0.498047 -0.986328
vt 0.654297 -0.986328
vt 0.654297 -0.892578
vt 0.529297 -0.892578
vt -0.470703 -1.392578
vt -0.345703 -1.392578
vt -0.345703 -1.105469
vt -0.158203 -1.392578
vt -0.158203 -1.105469
vt -0.033203 -1.392578
vt -0.158203 -0.609375
vt -0.251953 -0.515625
vt -0.345703 -0.609375
vt 1.0 0.5
vt 1.0 0.0
vt 1.03125 0.1875
vt 1.15625 0.03125
vt 1.5 0.0
vt 0.753906 -0.599609
vt 1.0 -0.599609
vt 1.0 -0.513672
vt 0.5 -0.513672
vt 1.0 -0.599609
vt 1.279297 -0.599609
vt 1.5 -0.513672
vt 1.0 -0.513672
vt 0.4375 -0.59375
vt 0.4375 -0.890625
vt 0.285156 -0.59375
vt 0.285156 -0.890625
vt 0.4375 -0.890625
vt 0.4375 -0.394531
vt 0.285156 -0.394531
vt 0.285156 -0.486328
vt 0.4375 -0.394531
vt 0.4375 -0.59375
vt 0.285156 -0.59375
vt 0.4375 -0.890625
vt 0.505859 -0.505859
vt 0.986328 -0.505859
vt 0.505859 -0.992188
vt 0.986328 -0.992188
vt 9.0 3.5
vt 9.0 1.0
vt 9.5 3.5
vt 9.5 1.0
vt 0.986328 -0.007812
vt 0.507812 -0.492188
vt 0.507812 -0.007812
vt 0.986328 -0.492188
vt 0.011719 0.5
vt 0.011719 0.0
vt 0.488281 0.5
vt 0.488281 0.0
vt 0.505859 -0.505859
vt 0.986328 -0.505859
vt 0.505859 -0.992188
vt 0.986328 -0.992188
vt 0.753906 -0.599609
vt 1.0 -0.599609
vt 1.0 -0.513672
vt 0.5 -0.513672
vt 1.0 -0.599609
vt 1.279297 -0.599609
vt 1.5 -0.513672
vt 1.0 -0.513672
vt 0.4375 -0.59375
vt 0.4375 -0.890625
vt 0.285156 -0.59375
vt 0.285156 -0.890625
vt 0.4375 -0.890625
vt 0.4375 -0.394531
vt 0.285156 -0.394531
vt 0.285156 -0.486328
vt 0.4375 -0.394531
vt 0.4375 -0.59375
vt 0.285156 -0.59375
vt 0.4375 -0.890625
vt 0.5 -0.894531
vt 0.5 -0.597656
vt 0.0 -0.597656
vt 0.0 -0.894531
vt 0.5 -0.515625
vt 0.0 -0.515625
vt 0.5 -0.894531
vt 0.0 -0.894531
vt 0.0 -0.988281
vt 0.5 -0.988281
vt 0.841797 -0.986328
vt 0.998047 -0.986328
vt 0.966797 -0.892578
vt 0.841797 -0.892578
vt 0.498047 -0.986328
vt 0.654297 -0.986328
vt 0.654297 -0.892578
vt 0.529297 -0.892578
vt -0.470703 -1.392578
vt -0.345703 -1.392578
vt -0.345703 -1.105469
vt -0.158203 -1.392578
vt -0.158203 -1.105469
vt -0.033203 -1.392578
vt -0.158203 -0.609375
vt -0.251953 -0.515625
vt -0.345703 -0.609375
vt 1.0 0.5
vt 1.0 0.0
vt 1.03125 0.1875
vt 1.15625 0.03125
vt 1.5 0.0
vt 9.0 8.0
vt 9.0 6.5
vt 9.5 8.0
vt 9.5 6.5
vt 0.4375 -0.09375
vt 0.4375 -0.390625
vt 0.285156 -0.09375
vt 0.285156 -0.390625
vt 0.4375 -0.390625
vt 0.4375 0.105469
vt 0.285156 0.105469
vt 0.285156 0.013672
vt 0.4375 0.105469
vt 1.0 -0.099609
vt 1.279297 -0.099609
vt 1.5 -0.013672
vt 1.0 -0.013672
vt 0.4375 -0.09375
vt 1.0 -0.013672
vt 0.5 -0.013672
vt 0.753906 -0.099609
vt 1.0 -0.099609
vt 0.15 0.75
vt -0.15 0.75
vt -0.0 0.5
vt -0.470703 -0.892578
vt -0.345703 -0.892578
vt -0.345703 -0.605469
vt -0.158203 -0.892578
vt -0.158203 -0.605469
vt -0.033203 -0.892578
vt -0.158203 -0.109375
vt -0.251953 -0.015625
vt -0.345703 -0.109375
vt -0.345703 -0.986328
vt -0.158203 -0.986328
vt -0.158203 -0.892578
vt -0.345703 -0.892578
vt -0.001953 -0.986328
vt -0.033203 -0.892578
vt -0.501953 -0.986328
vt -0.470703 -0.892578
vt -2.0 -1.486328
vt -2.0 -2.0
vt -1.0 -2.0
vt -1.0 -1.486328
vt -2.0 -1.486328
vt -2.0 -2.0
vt -1.0 -2.0
vt -1.0 -1.486328
vt -2.0 -1.25
vt -1.0 -1.25
vt 1.207031 -2.001953
vt 0.792969 -1.505859
vt 0.207031 -1.505859
vt -0.207031 -2.001953
vt 0.628906 -1.25
vt 0.371094 -1.25
vt -2.0 -1.25
vt -1.0 -1.25
vt -0.081425 0.513672
vt 0.081425 0.513672
vt 0.0 0.75
vt 0.25 0.0
vt -0.25 0.0
vt -0.081425 0.513672
vt 0.081425 0.513672
vt 0.0 0.75
vt 0.25 0.0
vt -0.25 0.0
vt -0.081425 0.513672
vt 0.081425 0.513672
vt 0.0 0.75
vt 0.25 0.0
vt -0.25 0.0
vt -0.470703 -0.892578
vt -0.345703 -0.892578
vt -0.345703 -0.605469
vt -0.158203 -0.892578
vt -0.158203 -0.605469
vt -0.033203 -0.892578
vt -0.158203 -0.109375
vt -0.251953 -0.015625
vt -0.345703 -0.109375
vt -0.345703 -0.986328
vt -0.158203 -0.986328
vt -0.158203 -0.892578
vt -0.345703 -0.892578
vt -0.001953 -0.986328
vt -0.033203 -0.892578
vt -0.501953 -0.986328
vt -0.470703 -0.892578
vt -2.0 -1.486328
vt -2.0 -2.0
vt -1.0 -2.0
vt -1.0 -1.486328
vt -2.0 -1.486328
vt -2.0 -2.0
vt -1.0 -2.0
vt -1.0 -1.486328
vt -2.0 -1.25
vt -1.0 -1.25
vt 1.207031 -2.001953
vt 0.792969 -1.505859
vt 0.207031 -1.505859
vt -0.207031 -2.001953
vt 0.628906 -1.25
vt 0.371094 -1.25
vt -2.0 -1.25
vt -1.0 -1.25
vt 0.0 -0.097656
vt 0.0 -0.015625
vt -2.5 -0.015625
vt -2.5 -0.097656
vt 0.0 -0.394531
vt -2.5 -0.394531
vt 0.0 0.109375
vt -2.5 0.109375
vt -2.5 0.015625
vt 0.0 0.015625
vt -15.0 -1.25
vt -15.0 -1.486328
vt -10.0 -1.486328
vt -10.0 -1.25
vt -15.0 -2.0
vt -10.0 -2.0
vt 0.4375 -0.09375
vt 0.4375 -0.390625
vt 0.285156 -0.09375
vt 0.285156 -0.390625
vt 0.4375 -0.390625
vt 0.4375 0.105469
vt 0.285156 0.105469
vt 0.285156 0.013672
vt 0.4375 0.105469
vt 1.0 -0.099609
vt 1.279297 -0.099609
vt 1.5 -0.013672
vt 1.0 -0.013672
vt 0.4375 -0.09375
vt 1.0 -0.013672
vt 0.5 -0.013672
vt 0.753906 -0.099609
vt 1.0 -0.099609
vt 0.15 0.75
vt -0.15 0.75
vt -0.0 0.5
vt 9.0 15.0
vt 9.0 14.0
vt 9.5 15.0
vt 9.5 14.0
vt 0.841797 -0.986328
vt 0.998047 -0.986328
vt 0.966797 -0.892578
vt 0.841797 -0.892578
vt 0.498047 -0.986328
vt 0.654297 -0.986328
vt 0.654297 -0.892578
vt 0.529297 -0.892578
vt -0.470703 -1.392578
vt -0.345703 -1.392578
vt -0.345703 -1.105469
vt -0.158203 -1.392578
vt -0.158203 -1.105469
vt -0.033203 -1.392578
vt -0.158203 -0.609375
vt -0.251953 -0.515625
vt -0.345703 -0.609375
vt 1.0 0.5
vt 1.0 0.0
vt 1.03125 0.1875
vt 1.15625 0.03125
vt 1.5 0.0
vt 0.5 -0.894531
vt 0.5 -0.597656
vt 0.0 -0.597656
vt 0.0 -0.894531
vt 0.5 -0.515625
vt 0.0 -0.515625
vt 0.5 -0.894531
vt 0.0 -0.894531
vt 0.0 -0.988281
vt 0.5 -0.988281
vt 10.0 2.5
vt 10.0 0.0
vt 9.5 2.5
vt 9.5 0.0
vt 0.986328 -0.007812
vt 0.507812 -0.492188
vt 0.507812 -0.007812
vt 0.986328 -0.492188
vt 0.011719 0.5
vt 0.011719 0.0
vt 0.488281 0.5
vt 0.488281 0.0
vt 0.505859 -0.505859
vt 0.986328 -0.505859
vt 0.505859 -0.992188
vt 0.986328 -0.992188
vt 0.753906 -0.599609
vt 1.0 -0.599609
vt 1.0 -0.513672
vt 0.5 -0.513672
vt 1.0 -0.599609
vt 1.279297 -0.599609
vt 1.5 -0.513672
vt 1.0 -0.513672
vt 0.4375 -0.59375
vt 0.4375 -0.890625
vt 0.285156 -0.59375
vt 0.285156 -0.890625
vt 0.4375 -0.890625
vt 0.4375 -0.394531
vt 0.285156 -0.394531
vt 0.285156 -0.486328
vt 0.4375 -0.394531
vt 0.4375 -0.59375
vt 0.285156 -0.59375
vt 0.4375 -0.890625
vt 0.5 -0.894531
vt 0.5 -0.597656
vt 0.0 -0.597656
vt 0.0 -0.894531
vt 0.5 -0.515625
vt 0.0 -0.515625
vt 0.5 -0.894531
vt 0.0 -0.894531
vt 0.0 -0.988281
vt 0.5 -0.988281
vt 0.841797 -0.986328
vt 0.998047 -0.986328
vt 0.966797 -0.892578
vt 0.841797 -0.892578
vt 0.498047 -0.986328
vt 0.654297 -0.986328
vt 0.654297 -0.892578
vt 0.529297 -0.892578
vt -0.470703 -1.392578
vt -0.345703 -1.392578
vt -0.345703 -1.105469
vt -0.158203 -1.392578
vt -0.158203 -1.105469
vt -0.033203 -1.392578
vt -0.158203 -0.609375
vt -0.251953 -0.515625
vt -0.345703 -0.609375
vt 1.0 0.5
vt 1.0 0.0
vt 1.03125 0.1875
vt 1.15625 0.03125
vt 1.5 0.0
vt 10.0 7.0
vt 10.0 5.5
vt 9.5 7.0
vt 9.5 5.5
vt 0.4375 -0.09375
vt 0.4375 -0.390625
vt 0.285156 -0.09375
vt 0.285156 -0.390625
vt 0.4375 -0.390625
vt 0.4375 0.105469
vt 0.285156 0.105469
vt 0.285156 0.013672
vt 0.4375 0.105469
vt 1.0 -0.099609
vt 1.279297 -0.099609
vt 1.5 -0.013672
vt 1.0 -0.013672
vt 0.4375 -0.09375
vt 1.0 -0.013672
vt 0.5 -0.013672
vt 0.753906 -0.099609
vt 1.0 -0.099609
vt 0.15 0.75
vt -0.15 0.75
vt -0.0 0.5
vt 0.0 -0.097656
vt 0.0 -0.015625
vt -0.5 -0.015625
vt -0.5 -0.097656
vt 0.0 -0.394531
vt -0.5 -0.394531
vt 0.0 0.109375
vt -0.5 0.109375
vt -0.5 0.015625
vt 0.0 0.015625
vt -3.0 -1.25
vt -3.0 -1.486328
vt -2.0 -1.486328
vt -2.0 -1.25
vt -3.0 -2.0
vt -2.0 -2.0
vt -0.470703 -0.892578
vt -0.345703 -0.892578
vt -0.345703 -0.605469
vt -0.158203 -0.892578
vt -0.158203 -0.605469
vt -0.033203 -0.892578
vt -0.158203 -0.109375
vt -0.251953 -0.015625
vt -0.345703 -0.109375
vt -0.345703 -0.986328
vt -0.158203 -0.986328
vt -0.158203 -0.892578
vt -0.345703 -0.892578
vt -0.001953 -0.986328
vt -0.033203 -0.892578
vt -0.501953 -0.986328
vt -0.470703 -0.892578
vt -2.0 -1.486328
vt -2.0 -2.0
vt -1.0 -2.0
vt -1.0 -1.486328
vt -2.0 -1.486328
vt -2.0 -2.0
vt -1.0 -2.0
vt -1.0 -1.486328
vt -2.0 -1.25
vt -1.0 -1.25
vt 1.207031 -2.001953
vt 0.792969 -1.505859
vt 0.207031 -1.505859
vt -0.207031 -2.001953
vt 0.628906 -1.25
vt 0.371094 -1.25
vt -2.0 -1.25
vt -1.0 -1.25
vt -0.081425 0.513672
vt 0.081425 0.513672
vt 0.0 0.75
vt 0.25 0.0
vt -0.25 0.0
vt -0.081425 0.513672
vt 0.081425 0.513672
vt 0.0 0.75
vt 0.25 0.0
vt -0.25 0.0
vt -0.081425 0.513672
vt 0.081425 0.513672
vt 0.0 0.75
vt 0.25 0.0
vt -0.25 0.0
vt -0.081425 0.513672
vt 0.081425 0.513672
vt 0.0 0.75
vt 0.25 0.0
vt -0.25 0.0
vt -0.081425 0.513672
vt 0.081425 0.513672
vt 0.0 0.75
vt 0.25 0.0
vt -0.25 0.0
vt -0.081425 0.513672
vt 0.081425 0.513672
vt 0.0 0.75
vt 0.25 0.0
vt -0.25 0.0
vt -0.081425 0.513672
vt 0.081425 0.513672
vt 0.0 0.75
vt 0.25 0.0
vt -0.25 0.0
vt -0.081425 0.513672
vt 0.081425 0.513672
vt 0.0 0.75
vt 0.25 0.0
vt -0.25 0.0
vt -0.081425 0.513672
vt 0.081425 0.513672
vt 0.0 0.75
vt 0.25 0.0
vt -0.25 0.0
vt -0.081425 0.513672
vt 0.081425 0.513672
vt 0.0 0.75
vt 0.25 0.0
vt -0.25 0.0
vt -0.470703 -0.892578
vt -0.345703 -0.892578
vt -0.345703 -0.605469
vt -0.158203 -0.892578
vt -0.158203 -0.605469
vt -0.033203 -0.892578
vt -0.158203 -0.109375
vt -0.251953 -0.015625
vt -0.345703 -0.109375
vt -0.345703 -0.986328
vt -0.158203 -0.986328
vt -0.158203 -0.892578
vt -0.345703 -0.892578
vt -0.001953 -0.986328
vt -0.033203 -0.892578
vt -0.501953 -0.986328
vt -0.470703 -0.892578
vt -2.0 -1.486328
vt -2.0 -2.0
vt -1.0 -2.0
vt -1.0 -1.486328
vt -2.0 -1.486328
vt -2.0 -2.0
vt -1.0 -2.0
vt -1.0 -1.486328
vt -2.0 -1.25
vt -1.0 -1.25
vt 1.207031 -2.001953
vt 0.792969 -1.505859
vt 0.207031 -1.505859
vt -0.207031 -2.001953
vt 0.628906 -1.25
vt 0.371094 -1.25
vt -2.0 -1.25
vt -1.0 -1.25
vt 0.4375 -0.09375
vt 0.4375 -0.390625
vt 0.285156 -0.09375
vt 0.285156 -0.390625
vt 0.4375 -0.390625
vt 0.4375 0.105469
vt 0.285156 0.105469
vt 0.285156 0.013672
vt 0.4375 0.105469
vt 1.0 -0.099609
vt 1.279297 -0.099609
vt 1.5 -0.013672
vt 1.0 -0.013672
vt 0.4375 -0.09375
vt 1.0 -0.013672
vt 0.5 -0.013672
vt 0.753906 -0.099609
vt 1.0 -0.099609
vt 0.15 0.75
vt -0.15 0.75
vt -0.0 0.5
vt 10.0 16.0
vt 9.5 14.5
vt 9.5 16.0
vt 10.0 14.5
vt 10.0 1.5
vt 10.0 0.0
vt 10.5 1.5
vt 10.5 0.0
vt 0.986328 -0.007812
vt 0.507812 -0.492188
vt 0.507812 -0.007812
vt 0.986328 -0.492188
vt 0.011719 0.5
vt 0.011719 0.0
vt 0.488281 0.5
vt 0.488281 0.0
vt 0.505859 -0.505859
vt 0.986328 -0.505859
vt 0.505859 -0.992188
vt 0.986328 -0.992188
vt 0.753906 -0.599609
vt 1.0 -0.599609
vt 1.0 -0.513672
vt 0.5 -0.513672
vt 1.0 -0.599609
vt 1.279297 -0.599609
vt 1.5 -0.513672
vt 1.0 -0.513672
vt 0.4375 -0.59375
vt 0.4375 -0.890625
vt 0.285156 -0.59375
vt 0.285156 -0.890625
vt 0.4375 -0.890625
vt 0.4375 -0.394531
vt 0.285156 -0.394531
vt 0.285156 -0.486328
vt 0.4375 -0.394531
vt 0.4375 -0.59375
vt 0.285156 -0.59375
vt 0.4375 -0.890625
vt 0.5 -0.894531
vt 0.5 -0.597656
vt 0.0 -0.597656
vt 0.0 -0.894531
vt 0.5 -0.515625
vt 0.0 -0.515625
vt 0.5 -0.894531
vt 0.0 -0.894531
vt 0.0 -0.988281
vt 0.5 -0.988281
vt 0.841797 -0.986328
vt 0.998047 -0.986328
vt 0.966797 -0.892578
vt 0.841797 -0.892578
vt 0.498047 -0.986328
vt 0.654297 -0.986328
vt 0.654297 -0.892578
vt 0.529297 -0.892578
vt -0.470703 -1.392578
vt -0.345703 -1.392578
vt -0.345703 -1.105469
vt -0.158203 -1.392578
vt -0.158203 -1.105469
vt -0.033203 -1.392578
vt -0.158203 -0.609375
vt -0.251953 -0.515625
vt -0.345703 -0.609375
vt 1.0 0.5
vt 1.0 0.0
vt 1.03125 0.1875
vt 1.15625 0.03125
vt 1.5 0.0
vt 10.0 6.0
vt 10.0 4.5
vt 10.5 6.0
vt 10.5 4.5
vt 0.4375 -0.09375
vt 0.4375 -0.390625
vt 0.285156 -0.09375
vt 0.285156 -0.390625
vt 0.4375 -0.390625
vt 0.4375 0.105469
vt 0.285156 0.105469
vt 0.285156 0.013672
vt 0.4375 0.105469
vt 1.0 -0.099609
vt 1.279297 -0.099609
vt 1.5 -0.013672
vt 1.0 -0.013672
vt 0.4375 -0.09375
vt 1.0 -0.013672
vt 0.5 -0.013672
vt 0.753906 -0.099609
vt 1.0 -0.099609
vt 0.15 0.75
vt -0.15 0.75
vt -0.0 0.5
vt 0.0 -0.097656
vt 0.0 -0.015625
vt -0.5 -0.015625
vt -0.5 -0.097656
vt 0.0 -0.394531
vt -0.5 -0.394531
vt 0.0 0.109375
vt -0.5 0.109375
vt -0.5 0.015625
vt 0.0 0.015625
vt -3.0 -1.25
vt -3.0 -1.486328
vt -2.0 -1.486328
vt -2.0 -1.25
vt -3.0 -2.0
vt -2.0 -2.0
vt -0.470703 -0.892578
vt -0.345703 -0.892578
vt -0.345703 -0.605469
vt -0.158203 -0.892578
vt -0.158203 -0.605469
vt -0.033203 -0.892578
vt -0.158203 -0.109375
vt -0.251953 -0.015625
vt -0.345703 -0.109375
vt -0.345703 -0.986328
vt -0.158203 -0.986328
vt -0.158203 -0.892578
vt -0.345703 -0.892578
vt -0.001953 -0.986328
vt -0.033203 -0.892578
vt -0.501953 -0.986328
vt -0.470703 -0.892578
vt -2.0 -1.486328
vt -2.0 -2.0
vt -1.0 -2.0
vt -1.0 -1.486328
vt -2.0 -1.486328
vt -2.0 -2.0
vt -1.0 -2.0
vt -1.0 -1.486328
vt -2.0 -1.25
vt -1.0 -1.25
vt 1.207031 -2.001953
vt 0.792969 -1.505859
vt 0.207031 -1.505859
vt -0.207031 -2.001953
vt 0.628906 -1.25
vt 0.371094 -1.25
vt -2.0 -1.25
vt -1.0 -1.25
vt -0.081425 0.513672
vt 0.081425 0.513672
vt 0.0 0.75
vt 0.25 0.0
vt -0.25 0.0
vt -0.081425 0.513672
vt 0.081425 0.513672
vt 0.0 0.75
vt 0.25 0.0
vt -0.25 0.0
vt -0.081425 0.513672
vt 0.081425 0.513672
vt 0.0 0.75
vt 0.25 0.0
vt -0.25 0.0
vt -0.081425 0.513672
vt 0.081425 0.513672
vt 0.0 0.75
vt 0.25 0.0
vt -0.25 0.0
vt -0.081425 0.513672
vt 0.081425 0.513672
vt 0.0 0.75
vt 0.25 0.0
vt -0.25 0.0
vt -0.081425 0.513672
vt 0.081425 0.513672
vt 0.0 0.75
vt 0.25 0.0
vt -0.25 0.0
vt -0.081425 0.513672
vt 0.081425 0.513672
vt 0.0 0.75
vt 0.25 0.0
vt -0.25 0.0
vt -0.081425 0.513672
vt 0.081425 0.513672
vt 0.0 0.75
vt 0.25 0.0
vt -0.25 0.0
vt -0.081425 0.513672
vt 0.081425 0.513672
vt 0.0 0.75
vt 0.25 0.0
vt -0.25 0.0
vt -0.081425 0.513672
vt 0.081425 0.513672
vt 0.0 0.75
vt 0.25 0.0
vt -0.25 0.0
vt -0.081425 0.513672
vt 0.081425 0.513672
vt 0.0 0.75
vt 0.25 0.0
vt -0.25 0.0
vt -0.081425 0.513672
vt 0.081425 0.513672
vt 0.0 0.75
vt 0.25 0.0
vt -0.25 0.0
vt -0.081425 0.513672
vt 0.081425 0.513672
vt 0.0 0.75
vt 0.25 0.0
vt -0.25 0.0
vt -0.470703 -0.892578
vt -0.345703 -0.892578
vt -0.345703 -0.605469
vt -0.158203 -0.892578
vt -0.158203 -0.605469
vt -0.033203 -0.892578
vt -0.158203 -0.109375
vt -0.251953 -0.015625
vt -0.345703 -0.109375
vt -0.345703 -0.986328
vt -0.158203 -0.986328
vt -0.158203 -0.892578
vt -0.345703 -0.892578
vt -0.001953 -0.986328
vt -0.033203 -0.892578
vt -0.501953 -0.986328
vt -0.470703 -0.892578
vt -2.0 -1.486328
vt -2.0 -2.0
vt -1.0 -2.0
vt -1.0 -1.486328
vt -2.0 -1.486328
vt -2.0 -2.0
vt -1.0 -2.0
vt -1.0 -1.486328
vt -2.0 -1.25
vt -1.0 -1.25
vt 1.207031 -2.001953
vt 0.792969 -1.505859
vt 0.207031 -1.505859
vt -0.207031 -2.001953
vt 0.628906 -1.25
vt 0.371094 -1.25
vt -2.0 -1.25
vt -1.0 -1.25
vt 0.0 -0.097656
vt 0.0 -0.015625
vt -1.5 -0.015625
vt -1.5 -0.097656
vt 0.0 -0.394531
vt -1.5 -0.394531
vt 0.0 0.109375
vt -1.5 0.109375
vt -1.5 0.015625
vt 0.0 0.015625
vt -9.0 -1.25
vt -9.0 -1.486328
vt -6.0 -1.486328
vt -6.0 -1.25
vt -9.0 -2.0
vt -6.0 -2.0
vt 11.0 0.5
vt 11.0 0.0
vt 10.5 0.5
vt 10.5 0.0
vt 0.986328 -0.007812
vt 0.507812 -0.492188
vt 0.507812 -0.007812
vt 0.986328 -0.492188
vt 0.011719 0.5
vt 0.011719 0.0
vt 0.488281 0.5
vt 0.488281 0.0
vt 0.505859 -0.505859
vt 0.986328 -0.505859
vt 0.505859 -0.992188
vt 0.986328 -0.992188
vt 0.753906 -0.599609
vt 1.0 -0.599609
vt 1.0 -0.513672
vt 0.5 -0.513672
vt 1.0 -0.599609
vt 1.279297 -0.599609
vt 1.5 -0.513672
vt 1.0 -0.513672
vt 0.4375 -0.59375
vt 0.4375 -0.890625
vt 0.285156 -0.59375
vt 0.285156 -0.890625
vt 0.4375 -0.890625
vt 0.4375 -0.394531
vt 0.285156 -0.394531
vt 0.285156 -0.486328
vt 0.4375 -0.394531
vt 0.4375 -0.59375
vt 0.285156 -0.59375
vt 0.4375 -0.890625
vt 0.5 -0.894531
vt 0.5 -0.597656
vt 0.0 -0.597656
vt 0.0 -0.894531
vt 0.5 -0.515625
vt 0.0 -0.515625
vt 0.5 -0.894531
vt 0.0 -0.894531
vt 0.0 -0.988281
vt 0.5 -0.988281
vt 0.841797 -0.986328
vt 0.998047 -0.986328
vt 0.966797 -0.892578
vt 0.841797 -0.892578
vt 0.498047 -0.986328
vt 0.654297 -0.986328
vt 0.654297 -0.892578
vt 0.529297 -0.892578
vt -0.470703 -1.392578
vt -0.345703 -1.392578
vt -0.345703 -1.105469
vt -0.158203 -1.392578
vt -0.158203 -1.105469
vt -0.033203 -1.392578
vt -0.158203 -0.609375
vt -0.251953 -0.515625
vt -0.345703 -0.609375
vt 1.0 0.5
vt 1.0 0.0
vt 1.03125 0.1875
vt 1.15625 0.03125
vt 1.5 0.0
vt 11.0 5.0
vt 11.0 3.5
vt 10.5 5.0
vt 10.5 3.5
vt 0.4375 -0.09375
vt 0.4375 -0.390625
vt 0.285156 -0.09375
vt 0.285156 -0.390625
vt 0.4375 -0.390625
vt 0.4375 0.105469
vt 0.285156 0.105469
vt 0.285156 0.013672
vt 0.4375 0.105469
vt 1.0 -0.099609
vt 1.279297 -0.099609
vt 1.5 -0.013672
vt 1.0 -0.013672
vt 0.4375 -0.09375
vt 1.0 -0.013672
vt 0.5 -0.013672
vt 0.753906 -0.099609
vt 1.0 -0.099609
vt 0.15 0.75
vt -0.15 0.75
vt -0.0 0.5
vt 0.0 -0.097656
vt 0.0 -0.015625
vt -0.5 -0.015625
vt -0.5 -0.097656
vt 0.0 -0.394531
vt -0.5 -0.394531
vt 0.0 0.109375
vt -0.5 0.109375
vt -0.5 0.015625
vt 0.0 0.015625
vt -3.0 -1.25
vt -3.0 -1.486328
vt -2.0 -1.486328
vt -2.0 -1.25
vt -3.0 -2.0
vt -2.0 -2.0
vt -0.470703 -0.892578
vt -0.345703 -0.892578
vt -0.345703 -0.605469
vt -0.158203 -0.892578
vt -0.158203 -0.605469
vt -0.033203 -0.892578
vt -0.158203 -0.109375
vt -0.251953 -0.015625
vt -0.345703 -0.109375
vt -0.345703 -0.986328
vt -0.158203 -0.986328
vt -0.158203 -0.892578
vt -0.345703 -0.892578
vt -0.001953 -0.986328
vt -0.033203 -0.892578
vt -0.501953 -0.986328
vt -0.470703 -0.892578
vt -2.0 -1.486328
vt -2.0 -2.0
vt -1.0 -2.0
vt -1.0 -1.486328
vt -2.0 -1.486328
vt -2.0 -2.0
vt -1.0 -2.0
vt -1.0 -1.486328
vt -2.0 -1.25
vt -1.0 -1.25
vt 1.207031 -2.001953
vt 0.792969 -1.505859
vt 0.207031 -1.505859
vt -0.207031 -2.001953
vt 0.628906 -1.25
vt 0.371094 -1.25
vt -2.0 -1.25
vt -1.0 -1.25
vt -0.081425 0.513672
vt 0.081425 0.513672
vt 0.0 0.75
vt 0.25 0.0
vt -0.25 0.0
vt -0.081425 0.513672
vt 0.081425 0.513672
vt 0.0 0.75
vt 0.25 0.0
vt -0.25 0.0
vt -0.081425 0.513672
vt 0.081425 0.513672
vt 0.0 0.75
vt 0.25 0.0
vt -0.25 0.0
vt -0.081425 0.513672
vt 0.081425 0.513672
vt 0.0 0.75
vt 0.25 0.0
vt -0.25 0.0
vt -0.081425 0.513672
vt 0.081425 0.513672
vt 0.0 0.75
vt 0.25 0.0
vt -0.25 0.0
vt -0.081425 0.513672
vt 0.081425 0.513672
vt 0.0 0.75
vt 0.25 0.0
vt -0.25 0.0
vt -0.081425 0.513672
vt 0.081425 0.513672
vt 0.0 0.75
vt 0.25 0.0
vt -0.25 0.0
vt -0.081425 0.513672
vt 0.081425 0.513672
vt 0.0 0.75
vt 0.25 0.0
vt -0.25 0.0
vt -0.081425 0.513672
vt 0.081425 0.513672
vt 0.0 0.75
vt 0.25 0.0
vt -0.25 0.0
vt -0.081425 0.513672
vt 0.081425 0.513672
vt 0.0 0.75
vt 0.25 0.0
vt -0.25 0.0
vt -0.081425 0.513672
vt 0.081425 0.513672
vt 0.0 0.75
vt 0.25 0.0
vt -0.25 0.0
vt -0.081425 0.513672
vt 0.081425 0.513672
vt 0.0 0.75
vt 0.25 0.0
vt -0.25 0.0
vt -0.081425 0.513672
vt 0.081425 0.513672
vt 0.0 0.75
vt 0.25 0.0
vt -0.25 0.0
vt -0.081425 0.513672
vt 0.081425 0.513672
vt 0.0 0.75
vt 0.25 0.0
vt -0.25 0.0
vt -0.081425 0.513672
vt 0.081425 0.513672
vt 0.0 0.75
vt 0.25 0.0
vt -0.25 0.0
vt -0.081425 0.513672
vt 0.081425 0.513672
vt 0.0 0.75
vt 0.25 0.0
vt -0.25 0.0
vt -0.081425 0.513672
vt 0.081425 0.513672
vt 0.0 0.75
vt 0.25 0.0
vt -0.25 0.0
vt -0.081425 0.513672
vt 0.081425 0.513672
vt 0.0 0.75
vt 0.25 0.0
vt -0.25 0.0
vt -0.081425 0.513672
vt 0.081425 0.513672
vt 0.0 0.75
vt 0.25 0.0
vt -0.25 0.0
vt 0.011719 0.5
vt 0.011719 0.0
vt 0.488281 0.5
vt 0.488281 0.0
vt 0.505859 -0.505859
vt 0.986328 -0.505859
vt 0.505859 -0.992188
vt 0.986328 -0.992188
vt 0.753906 -0.599609
vt 1.0 -0.599609
vt 1.0 -0.513672
vt 0.5 -0.513672
vt 1.0 -0.599609
vt 1.279297 -0.599609
vt 1.5 -0.513672
vt 1.0 -0.513672
vt 0.4375 -0.59375
vt 0.4375 -0.890625
vt 0.285156 -0.59375
vt 0.285156 -0.890625
vt 0.4375 -0.890625
vt 0.4375 -0.394531
vt 0.285156 -0.394531
vt 0.285156 -0.486328
vt 0.4375 -0.394531
vt 0.4375 -0.59375
vt 0.285156 -0.59375
vt 0.4375 -0.890625
vt 0.5 -0.894531
vt 0.5 -0.597656
vt 0.0 -0.597656
vt 0.0 -0.894531
vt 0.5 -0.515625
vt 0.0 -0.515625
vt 0.5 -0.894531
vt 0.0 -0.894531
vt 0.0 -0.988281
vt 0.5 -0.988281
vt 0.841797 -0.986328
vt 0.998047 -0.986328
vt 0.966797 -0.892578
vt 0.841797 -0.892578
vt 0.498047 -0.986328
vt 0.654297 -0.986328
vt 0.654297 -0.892578
vt 0.529297 -0.892578
vt -0.470703 -1.392578
vt -0.345703 -1.392578
vt -0.345703 -1.105469
vt -0.158203 -1.392578
vt -0.158203 -1.105469
vt -0.033203 -1.392578
vt -0.158203 -0.609375
vt -0.251953 -0.515625
vt -0.345703 -0.609375
vt 1.0 0.5
vt 1.0 0.0
vt 1.03125 0.1875
vt 1.15625 0.03125
vt 1.5 0.0
vt 11.0 4.0
vt 11.0 2.5
vt 11.5 4.0
vt 11.5 2.5
vt 0.4375 -0.09375
vt 0.4375 -0.390625
vt 0.285156 -0.09375
vt 0.285156 -0.390625
vt 0.4375 -0.390625
vt 0.4375 0.105469
vt 0.285156 0.105469
vt 0.285156 0.013672
vt 0.4375 0.105469
vt 1.0 -0.099609
vt 1.279297 -0.099609
vt 1.5 -0.013672
vt 1.0 -0.013672
vt 0.4375 -0.09375
vt 1.0 -0.013672
vt 0.5 -0.013672
vt 0.753906 -0.099609
vt 1.0 -0.099609
vt 0.15 0.75
vt -0.15 0.75
vt -0.0 0.5
vt 0.0 -0.097656
vt 0.0 -0.015625
vt -0.5 -0.015625
vt -0.5 -0.097656
vt 0.0 -0.394531
vt -0.5 -0.394531
vt 0.0 0.109375
vt -0.5 0.109375
vt -0.5 0.015625
vt 0.0 0.015625
vt -3.0 -1.25
vt -3.0 -1.486328
vt -2.0 -1.486328
vt -2.0 -1.25
vt -3.0 -2.0
vt -2.0 -2.0
vt -0.470703 -0.892578
vt -0.345703 -0.892578
vt -0.345703 -0.605469
vt -0.158203 -0.892578
vt -0.158203 -0.605469
vt -0.033203 -0.892578
vt -0.158203 -0.109375
vt -0.251953 -0.015625
vt -0.345703 -0.109375
vt -0.345703 -0.986328
vt -0.158203 -0.986328
vt -0.158203 -0.892578
vt -0.345703 -0.892578
vt -0.001953 -0.986328
vt -0.033203 -0.892578
vt -0.501953 -0.986328
vt -0.470703 -0.892578
vt -2.0 -1.486328
vt -2.0 -2.0
vt -1.0 -2.0
vt -1.0 -1.486328
vt -2.0 -1.486328
vt -2.0 -2.0
vt -1.0 -2.0
vt -1.0 -1.486328
vt -2.0 -1.25
vt -1.0 -1.25
vt 1.207031 -2.001953
vt 0.792969 -1.505859
vt 0.207031 -1.505859
vt -0.207031 -2.001953
vt 0.628906 -1.25
vt 0.371094 -1.25
vt -2.0 -1.25
vt -1.0 -1.25
vt -0.081425 0.513672
vt 0.081425 0.513672
vt 0.0 0.75
vt 0.25 0.0
vt -0.25 0.0
vt -0.081425 0.513672
vt 0.081425 0.513672
vt 0.0 0.75
vt 0.25 0.0
vt -0.25 0.0
vt -0.081425 0.513672
vt 0.081425 0.513672
vt 0.0 0.75
vt 0.25 0.0
vt -0.25 0.0
vt -0.081425 0.513672
vt 0.081425 0.513672
vt 0.0 0.75
vt 0.25 0.0
vt -0.25 0.0
vt -0.081425 0.513672
vt 0.081425 0.513672
vt 0.0 0.75
vt 0.25 0.0
vt -0.25 0.0
vt -0.081425 0.513672
vt 0.081425 0.513672
vt 0.0 0.75
vt 0.25 0.0
vt -0.25 0.0
vt -0.081425 0.513672
vt 0.081425 0.513672
vt 0.0 0.75
vt 0.25 0.0
vt -0.25 0.0
vt -0.081425 0.513672
vt 0.081425 0.513672
vt 0.0 0.75
vt 0.25 0.0
vt -0.25 0.0
vt -0.081425 0.513672
vt 0.081425 0.513672
vt 0.0 0.75
vt 0.25 0.0
vt -0.25 0.0
vt -0.081425 0.513672
vt 0.081425 0.513672
vt 0.0 0.75
vt 0.25 0.0
vt -0.25 0.0
vt -0.081425 0.513672
vt 0.081425 0.513672
vt 0.0 0.75
vt 0.25 0.0
vt -0.25 0.0
vt -0.081425 0.513672
vt 0.081425 0.513672
vt 0.0 0.75
vt 0.25 0.0
vt -0.25 0.0
vt -0.081425 0.513672
vt 0.081425 0.513672
vt 0.0 0.75
vt 0.25 0.0
vt -0.25 0.0
vt -0.081425 0.513672
vt 0.081425 0.513672
vt 0.0 0.75
vt 0.25 0.0
vt -0.25 0.0
vt -0.081425 0.513672
vt 0.081425 0.513672
vt 0.0 0.75
vt 0.25 0.0
vt -0.25 0.0
vt -0.081425 0.513672
vt 0.081425 0.513672
vt 0.0 0.75
vt 0.25 0.0
vt -0.25 0.0
vt -0.081425 0.513672
vt 0.081425 0.513672
vt 0.0 0.75
vt 0.25 0.0
vt -0.25 0.0
vt -0.081425 0.513672
vt 0.081425 0.513672
vt 0.0 0.75
vt 0.25 0.0
vt -0.25 0.0
vt -0.081425 0.513672
vt 0.081425 0.513672
vt 0.0 0.75
vt 0.25 0.0
vt -0.25 0.0
vt -0.081425 0.513672
vt 0.081425 0.513672
vt 0.0 0.75
vt 0.25 0.0
vt -0.25 0.0
vt -0.081425 0.513672
vt 0.081425 0.513672
vt 0.0 0.75
vt 0.25 0.0
vt -0.25 0.0
vt 1.0 -0.894531
vt 1.0 -0.597656
vt 0.0 -0.597656
vt 0.0 -0.894531
vt 1.0 -0.515625
vt 0.0 -0.515625
vt 1.0 -0.894531
vt 0.0 -0.894531
vt 0.0 -0.988281
vt 1.0 -0.988281
vt 0.841797 -0.986328
vt 0.998047 -0.986328
vt 0.966797 -0.892578
vt 0.841797 -0.892578
vt 0.498047 -0.986328
vt 0.654297 -0.986328
vt 0.654297 -0.892578
vt 0.529297 -0.892578
vt -0.470703 -1.392578
vt -0.345703 -1.392578
vt -0.345703 -1.105469
vt -0.158203 -1.392578
vt -0.158203 -1.105469
vt -0.033203 -1.392578
vt -0.158203 -0.609375
vt -0.251953 -0.515625
vt -0.345703 -0.609375
vt 1.0 0.5
vt 1.0 0.0
vt 1.03125 0.1875
vt 1.15625 0.03125
vt 1.5 0.0
vt 12.0 3.0
vt 12.0 1.5
vt 11.5 3.0
vt 11.5 1.5
vt 0.4375 -0.09375
vt 0.4375 -0.390625
vt 0.285156 -0.09375
vt 0.285156 -0.390625
vt 0.4375 -0.390625
vt 0.4375 0.105469
vt 0.285156 0.105469
vt 0.285156 0.013672
vt 0.4375 0.105469
vt 1.0 -0.099609
vt 1.279297 -0.099609
vt 1.5 -0.013672
vt 1.0 -0.013672
vt 0.4375 -0.09375
vt 1.0 -0.013672
vt 0.5 -0.013672
vt 0.753906 -0.099609
vt 1.0 -0.099609
vt 0.15 0.75
vt -0.15 0.75
vt -0.0 0.5
vt 0.0 -0.097656
vt 0.0 -0.015625
vt -0.5 -0.015625
vt -0.5 -0.097656
vt 0.0 -0.394531
vt -0.5 -0.394531
vt 0.0 0.109375
vt -0.5 0.109375
vt -0.5 0.015625
vt 0.0 0.015625
vt -3.0 -1.25
vt -3.0 -1.486328
vt -2.0 -1.486328
vt -2.0 -1.25
vt -3.0 -2.0
vt -2.0 -2.0
vt -0.470703 -0.892578
vt -0.345703 -0.892578
vt -0.345703 -0.605469
vt -0.158203 -0.892578
vt -0.158203 -0.605469
vt -0.033203 -0.892578
vt -0.158203 -0.109375
vt -0.251953 -0.015625
vt -0.345703 -0.109375
vt -0.345703 -0.986328
vt -0.158203 -0.986328
vt -0.158203 -0.892578
vt -0.345703 -0.892578
vt -0.001953 -0.986328
vt -0.033203 -0.892578
vt -0.501953 -0.986328
vt -0.470703 -0.892578
vt -2.0 -1.486328
vt -2.0 -2.0
vt -1.0 -2.0
vt -1.0 -1.486328
vt -2.0 -1.486328
vt -2.0 -2.0
vt -1.0 -2.0
vt -1.0 -1.486328
vt -2.0 -1.25
vt -1.0 -1.25
vt 1.207031 -2.001953
vt 0.792969 -1.505859
vt 0.207031 -1.505859
vt -0.207031 -2.001953
vt 0.628906 -1.25
vt 0.371094 -1.25
vt -2.0 -1.25
vt -1.0 -1.25
vt -0.081425 0.513672
vt 0.081425 0.513672
vt 0.0 0.75
vt 0.25 0.0
vt -0.25 0.0
vt -0.081425 0.513672
vt 0.081425 0.513672
vt 0.0 0.75
vt 0.25 0.0
vt -0.25 0.0
vt -0.081425 0.513672
vt 0.081425 0.513672
vt 0.0 0.75
vt 0.25 0.0
vt -0.25 0.0
vt -0.081425 0.513672
vt 0.081425 0.513672
vt 0.0 0.75
vt 0.25 0.0
vt -0.25 0.0
vt -0.081425 0.513672
vt 0.081425 0.513672
vt 0.0 0.75
vt 0.25 0.0
vt -0.25 0.0
vt -0.081425 0.513672
vt 0.081425 0.513672
vt 0.0 0.75
vt 0.25 0.0
vt -0.25 0.0
vt -0.081425 0.513672
vt 0.081425 0.513672
vt 0.0 0.75
vt 0.25 0.0
vt -0.25 0.0
vt -0.081425 0.513672
vt 0.081425 0.513672
vt 0.0 0.75
vt 0.25 0.0
vt -0.25 0.0
vt -0.081425 0.513672
vt 0.081425 0.513672
vt 0.0 0.75
vt 0.25 0.0
vt -0.25 0.0
vt -0.081425 0.513672
vt 0.081425 0.513672
vt 0.0 0.75
vt 0.25 0.0
vt -0.25 0.0
vt -0.081425 0.513672
vt 0.081425 0.513672
vt 0.0 0.75
vt 0.25 0.0
vt -0.25 0.0
vt -0.081425 0.513672
vt 0.081425 0.513672
vt 0.0 0.75
vt 0.25 0.0
vt -0.25 0.0
vt -0.081425 0.513672
vt 0.081425 0.513672
vt 0.0 0.75
vt 0.25 0.0
vt -0.25 0.0
vt -0.081425 0.513672
vt 0.081425 0.513672
vt 0.0 0.75
vt 0.25 0.0
vt -0.25 0.0
vt -0.081425 0.513672
vt 0.081425 0.513672
vt 0.0 0.75
vt 0.25 0.0
vt -0.25 0.0
vt -0.081425 0.513672
vt 0.081425 0.513672
vt 0.0 0.75
vt 0.25 0.0
vt -0.25 0.0
vt -0.081425 0.513672
vt 0.081425 0.513672
vt 0.0 0.75
vt 0.25 0.0
vt -0.25 0.0
vt -0.081425 0.513672
vt 0.081425 0.513672
vt 0.0 0.75
vt 0.25 0.0
vt -0.25 0.0
vt -0.081425 0.513672
vt 0.081425 0.513672
vt 0.0 0.75
vt 0.25 0.0
vt -0.25 0.0
vt -0.081425 0.513672
vt 0.081425 0.513672
vt 0.0 0.75
vt 0.25 0.0
vt -0.25 0.0
vt -0.081425 0.513672
vt 0.081425 0.513672
vt 0.0 0.75
vt 0.25 0.0
vt -0.25 0.0
vt -0.081425 0.513672
vt 0.081425 0.513672
vt 0.0 0.75
vt 0.25 0.0
vt -0.25 0.0
vt -0.081425 0.513672
vt 0.081425 0.513672
vt 0.0 0.75
vt 0.25 0.0
vt -0.25 0.0
vt 0.5 -0.894531
vt 0.5 -0.597656
vt 0.0 -0.597656
vt 0.0 -0.894531
vt 0.5 -0.515625
vt 0.0 -0.515625
vt 0.5 -0.894531
vt 0.0 -0.894531
vt 0.0 -0.988281
vt 0.5 -0.988281
vt 0.841797 -0.986328
vt 0.998047 -0.986328
vt 0.966797 -0.892578
vt 0.841797 -0.892578
vt 0.498047 -0.986328
vt 0.654297 -0.986328
vt 0.654297 -0.892578
vt 0.529297 -0.892578
vt -0.470703 -1.392578
vt -0.345703 -1.392578
vt -0.345703 -1.105469
vt -0.158203 -1.392578
vt -0.158203 -1.105469
vt -0.033203 -1.392578
vt -0.158203 -0.609375
vt -0.251953 -0.515625
vt -0.345703 -0.609375
vt 1.0 0.5
vt 1.0 0.0
vt 1.03125 0.1875
vt 1.15625 0.03125
vt 1.5 0.0
vt 12.0 2.0
vt 12.0 1.0
vt 12.5 2.0
vt 12.5 1.0
vt 0.4375 -0.09375
vt 0.4375 -0.390625
vt 0.285156 -0.09375
vt 0.285156 -0.390625
vt 0.4375 -0.390625
vt 0.4375 0.105469
vt 0.285156 0.105469
vt 0.285156 0.013672
vt 0.4375 0.105469
vt 1.0 -0.099609
vt 1.279297 -0.099609
vt 1.5 -0.013672
vt 1.0 -0.013672
vt 0.4375 -0.09375
vt 1.0 -0.013672
vt 0.5 -0.013672
vt 0.753906 -0.099609
vt 1.0 -0.099609
vt 0.15 0.75
vt -0.15 0.75
vt -0.0 0.5
vt 0.0 -0.097656
vt 0.0 -0.015625
vt -0.5 -0.015625
vt -0.5 -0.097656
vt 0.0 -0.394531
vt -0.5 -0.394531
vt 0.0 0.109375
vt -0.5 0.109375
vt -0.5 0.015625
vt 0.0 0.015625
vt -3.0 -1.25
vt -3.0 -1.486328
vt -2.0 -1.486328
vt -2.0 -1.25
vt -3.0 -2.0
vt -2.0 -2.0
vt -0.470703 -0.892578
vt -0.345703 -0.892578
vt -0.345703 -0.605469
vt -0.158203 -0.892578
vt -0.158203 -0.605469
vt -0.033203 -0.892578
vt -0.158203 -0.109375
vt -0.251953 -0.015625
vt -0.345703 -0.109375
vt -0.345703 -0.986328
vt -0.158203 -0.986328
vt -0.158203 -0.892578
vt -0.345703 -0.892578
vt -0.001953 -0.986328
vt -0.033203 -0.892578
vt -0.501953 -0.986328
vt -0.470703 -0.892578
vt -2.0 -1.486328
vt -2.0 -2.0
vt -1.0 -2.0
vt -1.0 -1.486328
vt -2.0 -1.486328
vt -2.0 -2.0
vt -1.0 -2.0
vt -1.0 -1.486328
vt -2.0 -1.25
vt -1.0 -1.25
vt 1.207031 -2.001953
vt 0.792969 -1.505859
vt 0.207031 -1.505859
vt -0.207031 -2.001953
vt 0.628906 -1.25
vt 0.371094 -1.25
vt -2.0 -1.25
vt -1.0 -1.25
vt -0.081425 0.513672
vt 0.081425 0.513672
vt 0.0 0.75
vt 0.25 0.0
vt -0.25 0.0
vt -0.081425 0.513672
vt 0.081425 0.513672
vt 0.0 0.75
vt 0.25 0.0
vt -0.25 0.0
vt -0.081425 0.513672
vt 0.081425 0.513672
vt 0.0 0.75
vt 0.25 0.0
vt -0.25 0.0
vt -0.081425 0.513672
vt 0.081425 0.513672
vt 0.0 0.75
vt 0.25 0.0
vt -0.25 0.0
vt -0.081425 0.513672
vt 0.081425 0.513672
vt 0.0 0.75
vt 0.25 0.0
vt -0.25 0.0
vt -0.081425 0.513672
vt 0.081425 0.513672
vt 0.0 0.75
vt 0.25 0.0
vt -0.25 0.0
vt -0.081425 0.513672
vt 0.081425 0.513672
vt 0.0 0.75
vt 0.25 0.0
vt -0.25 0.0
vt -0.081425 0.513672
vt 0.081425 0.513672
vt 0.0 0.75
vt 0.25 0.0
vt -0.25 0.0
vt -0.081425 0.513672
vt 0.081425 0.513672
vt 0.0 0.75
vt 0.25 0.0
vt -0.25 0.0
vt -0.081425 0.513672
vt 0.081425 0.513672
vt 0.0 0.75
vt 0.25 0.0
vt -0.25 0.0
vt -0.081425 0.513672
vt 0.081425 0.513672
vt 0.0 0.75
vt 0.25 0.0
vt -0.25 0.0
vt -0.081425 0.513672
vt 0.081425 0.513672
vt 0.0 0.75
vt 0.25 0.0
vt -0.25 0.0
vt -0.081425 0.513672
vt 0.081425 0.513672
vt 0.0 0.75
vt 0.25 0.0
vt -0.25 0.0
vt -0.081425 0.513672
vt 0.081425 0.513672
vt 0.0 0.75
vt 0.25 0.0
vt -0.25 0.0
vt -0.081425 0.513672
vt 0.081425 0.513672
vt 0.0 0.75
vt 0.25 0.0
vt -0.25 0.0
vt -0.081425 0.513672
vt 0.081425 0.513672
vt 0.0 0.75
vt 0.25 0.0
vt -0.25 0.0
vt -0.081425 0.513672
vt 0.081425 0.513672
vt 0.0 0.75
vt 0.25 0.0
vt -0.25 0.0
vt -0.081425 0.513672
vt 0.081425 0.513672
vt 0.0 0.75
vt 0.25 0.0
vt -0.25 0.0
vt -0.081425 0.513672
vt 0.081425 0.513672
vt 0.0 0.75
vt 0.25 0.0
vt -0.25 0.0
vt -0.081425 0.513672
vt 0.081425 0.513672
vt 0.0 0.75
vt 0.25 0.0
vt -0.25 0.0
vt -0.081425 0.513672
vt 0.081425 0.513672
vt 0.0 0.75
vt 0.25 0.0
vt -0.25 0.0
vt -0.081425 0.513672
vt 0.081425 0.513672
vt 0.0 0.75
vt 0.25 0.0
vt -0.25 0.0
vt -0.081425 0.513672
vt 0.081425 0.513672
vt 0.0 0.75
vt 0.25 0.0
vt -0.25 0.0
vt -0.081425 0.513672
vt 0.081425 0.513672
vt 0.0 0.75
vt 0.25 0.0
vt -0.25 0.0
vt -0.081425 0.513672
vt 0.081425 0.513672
vt 0.0 0.75
vt 0.25 0.0
vt -0.25 0.0
vt 0.0 -0.097656
vt 0.0 -0.015625
vt -2.0 -0.015625
vt -2.0 -0.097656
vt 0.0 -0.394531
vt -2.0 -0.394531
vt 0.0 0.109375
vt -2.0 0.109375
vt -2.0 0.015625
vt 0.0 0.015625
vt -12.0 -1.25
vt -12.0 -1.486328
vt -8.0 -1.486328
vt -8.0 -1.25
vt -12.0 -2.0
vt -8.0 -2.0
vt -0.470703 -0.892578
vt -0.345703 -0.892578
vt -0.345703 -0.605469
vt -0.158203 -0.892578
vt -0.158203 -0.605469
vt -0.033203 -0.892578
vt -0.158203 -0.109375
vt -0.251953 -0.015625
vt -0.345703 -0.109375
vt -0.345703 -0.986328
vt -0.158203 -0.986328
vt -0.158203 -0.892578
vt -0.345703 -0.892578
vt -0.001953 -0.986328
vt -0.033203 -0.892578
vt -0.501953 -0.986328
vt -0.470703 -0.892578
vt -2.0 -1.486328
vt -2.0 -2.0
vt -1.0 -2.0
vt -1.0 -1.486328
vt -2.0 -1.486328
vt -2.0 -2.0
vt -1.0 -2.0
vt -1.0 -1.486328
vt -2.0 -1.25
vt -1.0 -1.25
vt 1.207031 -2.001953
vt 0.792969 -1.505859
vt 0.207031 -1.505859
vt -0.207031 -2.001953
vt 0.628906 -1.25
vt 0.371094 -1.25
vt -2.0 -1.25
vt -1.0 -1.25
vt -0.081425 0.513672
vt 0.081425 0.513672
vt 0.0 0.75
vt 0.25 0.0
vt -0.25 0.0
vt -0.081425 0.513672
vt 0.081425 0.513672
vt 0.0 0.75
vt 0.25 0.0
vt -0.25 0.0
vt -0.081425 0.513672
vt 0.081425 0.513672
vt 0.0 0.75
vt 0.25 0.0
vt -0.25 0.0
vt -0.081425 0.513672
vt 0.081425 0.513672
vt 0.0 0.75
vt 0.25 0.0
vt -0.25 0.0
vt -0.081425 0.513672
vt 0.081425 0.513672
vt 0.0 0.75
vt 0.25 0.0
vt -0.25 0.0
vt -0.081425 0.513672
vt 0.081425 0.513672
vt 0.0 0.75
vt 0.25 0.0
vt -0.25 0.0
vt -0.081425 0.513672
vt 0.081425 0.513672
vt 0.0 0.75
vt 0.25 0.0
vt -0.25 0.0
vt -0.081425 0.513672
vt 0.081425 0.513672
vt 0.0 0.75
vt 0.25 0.0
vt -0.25 0.0
vt -0.081425 0.513672
vt 0.081425 0.513672
vt 0.0 0.75
vt 0.25 0.0
vt -0.25 0.0
vt -0.081425 0.513672
vt 0.081425 0.513672
vt 0.0 0.75
vt 0.25 0.0
vt -0.25 0.0
vt -0.081425 0.513672
vt 0.081425 0.513672
vt 0.0 0.75
vt 0.25 0.0
vt -0.25 0.0
vt -0.081425 0.513672
vt 0.081425 0.513672
vt 0.0 0.75
vt 0.25 0.0
vt -0.25 0.0
vt -0.081425 0.513672
vt 0.081425 0.513672
vt 0.0 0.75
vt 0.25 0.0
vt -0.25 0.0
vt -0.081425 0.513672
vt 0.081425 0.513672
vt 0.0 0.75
vt 0.25 0.0
vt -0.25 0.0
vt -0.081425 0.513672
vt 0.081425 0.513672
vt 0.0 0.75
vt 0.25 0.0
vt -0.25 0.0
vt -0.081425 0.513672
vt 0.081425 0.513672
vt 0.0 0.75
vt 0.25 0.0
vt -0.25 0.0
vt -0.081425 0.513672
vt 0.081425 0.513672
vt 0.0 0.75
vt 0.25 0.0
vt -0.25 0.0
vt -0.081425 0.513672
vt 0.081425 0.513672
vt 0.0 0.75
vt 0.25 0.0
vt -0.25 0.0
vt -0.081425 0.513672
vt 0.081425 0.513672
vt 0.0 0.75
vt 0.25 0.0
vt -0.25 0.0
vt -0.081425 0.513672
vt 0.081425 0.513672
vt 0.0 0.75
vt 0.25 0.0
vt -0.25 0.0
vt -0.081425 0.513672
vt 0.081425 0.513672
vt 0.0 0.75
vt 0.25 0.0
vt -0.25 0.0
vt -0.081425 0.513672
vt 0.081425 0.513672
vt 0.0 0.75
vt 0.25 0.0
vt -0.25 0.0
vt -0.081425 0.513672
vt 0.081425 0.513672
vt 0.0 0.75
vt 0.25 0.0
vt -0.25 0.0
vt -0.081425 0.513672
vt 0.081425 0.513672
vt 0.0 0.75
vt 0.25 0.0
vt -0.25 0.0
vt -0.081425 0.513672
vt 0.081425 0.513672
vt 0.0 0.75
vt 0.25 0.0
vt -0.25 0.0
vt -0.081425 0.513672
vt 0.081425 0.513672
vt 0.0 0.75
vt 0.25 0.0
vt -0.25 0.0
vt -0.081425 0.513672
vt 0.081425 0.513672
vt 0.0 0.75
vt 0.25 0.0
vt -0.25 0.0
vt -0.081425 0.513672
vt 0.081425 0.513672
vt 0.0 0.75
vt 0.25 0.0
vt -0.25 0.0
vt -0.081425 0.513672
vt 0.081425 0.513672
vt 0.0 0.75
vt 0.25 0.0
vt -0.25 0.0
vt -0.081425 0.513672
vt 0.081425 0.513672
vt 0.0 0.75
vt 0.25 0.0
vt -0.25 0.0
vt -0.081425 0.513672
vt 0.081425 0.513672
vt 0.0 0.75
vt 0.25 0.0
vt -0.25 0.0
vt -0.081425 0.513672
vt 0.081425 0.513672
vt 0.0 0.75
vt 0.25 0.0
vt -0.25 0.0
vt -0.081425 0.513672
vt 0.081425 0.513672
vt 0.0 0.75
vt 0.25 0.0
vt -0.25 0.0
vt -0.081425 0.513672
vt 0.081425 0.513672
vt 0.0 0.75
vt 0.25 0.0
vt -0.25 0.0
vt -0.081425 0.513672
vt 0.081425 0.513672
vt 0.0 0.75
vt 0.25 0.0
vt -0.25 0.0
vt -0.081425 0.513672
vt 0.081425 0.513672
vt 0.0 0.75
vt 0.25 0.0
vt -0.25 0.0
vt -0.081425 0.513672
vt 0.081425 0.513672
vt 0.0 0.75
vt 0.25 0.0
vt -0.25 0.0
vt -0.081425 0.513672
vt 0.081425 0.513672
vt 0.0 0.75
vt 0.25 0.0
vt -0.25 0.0
vt -0.081425 0.513672
vt 0.081425 0.513672
vt 0.0 0.75
vt 0.25 0.0
vt -0.25 0.0
vt -0.081425 0.513672
vt 0.081425 0.513672
vt 0.0 0.75
vt 0.25 0.0
vt -0.25 0.0
vt -0.081425 0.513672
vt 0.081425 0.513672
vt 0.0 0.75
vt 0.25 0.0
vt -0.25 0.0
vt -0.081425 0.513672
vt 0.081425 0.513672
vt 0.0 0.75
vt 0.25 0.0
vt -0.25 0.0
vt -0.081425 0.513672
vt 0.081425 0.513672
vt 0.0 0.75
vt 0.25 0.0
vt -0.25 0.0
vt -0.081425 0.513672
vt 0.081425 0.513672
vt 0.0 0.75
vt 0.25 0.0
vt -0.25 0.0
vt -0.081425 0.513672
vt 0.081425 0.513672
vt 0.0 0.75
vt 0.25 0.0
vt -0.25 0.0
vt -0.081425 0.513672
vt 0.081425 0.513672
vt 0.0 0.75
vt 0.25 0.0
vt -0.25 0.0
vt -0.081425 0.513672
vt 0.081425 0.513672
vt 0.0 0.75
vt 0.25 0.0
vt -0.25 0.0
vt -0.081425 0.513672
vt 0.081425 0.513672
vt 0.0 0.75
vt 0.25 0.0
vt -0.25 0.0
vt -0.081425 0.513672
vt 0.081425 0.513672
vt 0.0 0.75
vt 0.25 0.0
vt -0.25 0.0
vt -0.081425 0.513672
vt 0.081425 0.513672
vt 0.0 0.75
vt 0.25 0.0
vt -0.25 0.0
vt -0.081425 0.513672
vt 0.081425 0.513672
vt 0.0 0.75
vt 0.25 0.0
vt -0.25 0.0
vt -0.081425 0.513672
vt 0.081425 0.513672
vt 0.0 0.75
vt 0.25 0.0
vt -0.25 0.0
vt -0.081425 0.513672
vt 0.081425 0.513672
vt 0.0 0.75
vt 0.25 0.0
vt -0.25 0.0
vt -0.081425 0.513672
vt 0.081425 0.513672
vt 0.0 0.75
vt 0.25 0.0
vt -0.25 0.0
vt -0.081425 0.513672
vt 0.081425 0.513672
vt 0.0 0.75
vt 0.25 0.0
vt -0.25 0.0
vt -0.081425 0.513672
vt 0.081425 0.513672
vt 0.0 0.75
vt 0.25 0.0
vt -0.25 0.0
vt -0.081425 0.513672
vt 0.081425 0.513672
vt 0.0 0.75
vt 0.25 0.0
vt -0.25 0.0
vt -0.081425 0.513672
vt 0.081425 0.513672
vt 0.0 0.75
vt 0.25 0.0
vt -0.25 0.0
vt -0.081425 0.513672
vt 0.081425 0.513672
vt 0.0 0.75
vt 0.25 0.0
vt -0.25 0.0
vt -0.081425 0.513672
vt 0.081425 0.513672
vt 0.0 0.75
vt 0.25 0.0
vt -0.25 0.0
vt -0.081425 0.513672
vt 0.081425 0.513672
vt 0.0 0.75
vt 0.25 0.0
vt -0.25 0.0
vt -0.081425 0.513672
vt 0.081425 0.513672
vt 0.0 0.75
vt 0.25 0.0
vt -0.25 0.0
vt -0.081425 0.513672
vt 0.081425 0.513672
vt 0.0 0.75
vt 0.25 0.0
vt -0.25 0.0
vt -0.081425 0.513672
vt 0.081425 0.513672
vt 0.0 0.75
vt 0.25 0.0
vt -0.25 0.0
vt -0.081425 0.513672
vt 0.081425 0.513672
vt 0.0 0.75
vt 0.25 0.0
vt -0.25 0.0
vt -0.081425 0.513672
vt 0.081425 0.513672
vt 0.0 0.75
vt 0.25 0.0
vt -0.25 0.0
vt -0.081425 0.513672
vt 0.081425 0.513672
vt 0.0 0.75
vt 0.25 0.0
vt -0.25 0.0
vt -0.081425 0.513672
vt 0.081425 0.513672
vt 0.0 0.75
vt 0.25 0.0
vt -0.25 0.0
vt -0.081425 0.513672
vt 0.081425 0.513672
vt 0.0 0.75
vt 0.25 0.0
vt -0.25 0.0
vt -0.081425 0.513672
vt 0.081425 0.513672
vt 0.0 0.75
vt 0.25 0.0
vt -0.25 0.0
vt -0.081425 0.513672
vt 0.081425 0.513672
vt 0.0 0.75
vt 0.25 0.0
vt -0.25 0.0
vt -0.081425 0.513672
vt 0.081425 0.513672
vt 0.0 0.75
vt 0.25 0.0
vt -0.25 0.0
vt -0.081425 0.513672
vt 0.081425 0.513672
vt 0.0 0.75
vt 0.25 0.0
vt -0.25 0.0
vt -0.081425 0.513672
vt 0.081425 0.513672
vt 0.0 0.75
vt 0.25 0.0
vt -0.25 0.0
vt -0.081425 0.513672
vt 0.081425 0.513672
vt 0.0 0.75
vt 0.25 0.0
vt -0.25 0.0
vt -0.081425 0.513672
vt 0.081425 0.513672
vt 0.0 0.75
vt 0.25 0.0
vt -0.25 0.0
vt -0.081425 0.513672
vt 0.081425 0.513672
vt 0.0 0.75
vt 0.25 0.0
vt -0.25 0.0
vt -0.081425 0.513672
vt 0.081425 0.513672
vt 0.0 0.75
vt 0.25 0.0
vt -0.25 0.0
vt -0.081425 0.513672
vt 0.081425 0.513672
vt 0.0 0.75
vt 0.25 0.0
vt -0.25 0.0
vt -0.081425 0.513672
vt 0.081425 0.513672
vt 0.0 0.75
vt 0.25 0.0
vt -0.25 0.0
vt -0.081425 0.513672
vt 0.081425 0.513672
vt 0.0 0.75
vt 0.25 0.0
vt -0.25 0.0
vt -0.081425 0.513672
vt 0.081425 0.513672
vt 0.0 0.75
vt 0.25 0.0
vt -0.25 0.0
vt -0.081425 0.513672
vt 0.081425 0.513672
vt 0.0 0.75
vt 0.25 0.0
vt -0.25 0.0
vt -0.081425 0.513672
vt 0.081425 0.513672
vt 0.0 0.75
vt 0.25 0.0
vt -0.25 0.0
vt -0.081425 0.513672
vt 0.081425 0.513672
vt 0.0 0.75
vt 0.25 0.0
vt -0.25 0.0
vt -0.081425 0.513672
vt 0.081425 0.513672
vt 0.0 0.75
vt 0.25 0.0
vt -0.25 0.0
vt -0.081425 0.513672
vt 0.081425 0.513672
vt 0.0 0.75
vt 0.25 0.0
vt -0.25 0.0
vt -0.081425 0.513672
vt 0.081425 0.513672
vt 0.0 0.75
vt 0.25 0.0
vt -0.25 0.0
vt -0.081425 0.513672
vt 0.081425 0.513672
vt 0.0 0.75
vt 0.25 0.0
vt -0.25 0.0
vt -0.081425 0.513672
vt 0.081425 0.513672
vt 0.0 0.75
vt 0.25 0.0
vt -0.25 0.0
vt -0.081425 0.513672
vt 0.081425 0.513672
vt 0.0 0.75
vt 0.25 0.0
vt -0.25 0.0
vt -0.081425 0.513672
vt 0.081425 0.513672
vt 0.0 0.75
vt 0.25 0.0
vt -0.25 0.0
vt -0.081425 0.513672
vt 0.081425 0.513672
vt 0.0 0.75
vt 0.25 0.0
vt -0.25 0.0
vt -0.081425 0.513672
vt 0.081425 0.513672
vt 0.0 0.75
vt 0.25 0.0
vt -0.25 0.0
vt -0.081425 0.513672
vt 0.081425 0.513672
vt 0.0 0.75
vt 0.25 0.0
vt -0.25 0.0
vt -0.081425 0.513672
vt 0.081425 0.513672
vt 0.0 0.75
vt 0.25 0.0
vt -0.25 0.0
vt -0.081425 0.513672
vt 0.081425 0.513672
vt 0.0 0.75
vt 0.25 0.0
vt -0.25 0.0
vt -0.081425 0.513672
vt 0.081425 0.513672
vt 0.0 0.75
vt 0.25 0.0
vt -0.25 0.0
vt -0.081425 0.513672
vt 0.081425 0.513672
vt 0.0 0.75
vt 0.25 0.0
vt -0.25 0.0
vt -0.081425 0.513672
vt 0.081425 0.513672
vt 0.0 0.75
vt 0.25 0.0
vt -0.25 0.0
vt -0.081425 0.513672
vt 0.081425 0.513672
vt 0.0 0.75
vt 0.25 0.0
vt -0.25 0.0
vt -0.081425 0.513672
vt 0.081425 0.513672
vt 0.0 0.75
vt 0.25 0.0
vt -0.25 0.0
vt -0.081425 0.513672
vt 0.081425 0.513672
vt 0.0 0.75
vt 0.25 0.0
vt -0.25 0.0
vt -0.081425 0.513672
vt 0.081425 0.513672
vt 0.0 0.75
vt 0.25 0.0
vt -0.25 0.0
vt -0.081425 0.513672
vt 0.081425 0.513672
vt 0.0 0.75
vt 0.25 0.0
vt -0.25 0.0
vt -0.081425 0.513672
vt 0.081425 0.513672
vt 0.0 0.75
vt 0.25 0.0
vt -0.25 0.0
vt -0.081425 0.513672
vt 0.081425 0.513672
vt 0.0 0.75
vt 0.25 0.0
vt -0.25 0.0
vt -0.081425 0.513672
vt 0.081425 0.513672
vt 0.0 0.75
vt 0.25 0.0
vt -0.25 0.0
vt -0.081425 0.513672
vt 0.081425 0.513672
vt 0.0 0.75
vt 0.25 0.0
vt -0.25 0.0
vt -0.081425 0.513672
vt 0.081425 0.513672
vt 0.0 0.75
vt 0.25 0.0
vt -0.25 0.0
vt -0.081425 0.513672
vt 0.081425 0.513672
vt 0.0 0.75
vt 0.25 0.0
vt -0.25 0.0
vt -0.081425 0.513672
vt 0.081425 0.513672
vt 0.0 0.75
vt 0.25 0.0
vt -0.25 0.0
vt -0.081425 0.513672
vt 0.081425 0.513672
vt 0.0 0.75
vt 0.25 0.0
vt -0.25 0.0
vt -0.081425 0.513672
vt 0.081425 0.513672
vt 0.0 0.75
vt 0.25 0.0
vt -0.25 0.0
vt -0.081425 0.513672
vt 0.081425 0.513672
vt 0.0 0.75
vt 0.25 0.0
vt -0.25 0.0
vt -0.081425 0.513672
vt 0.081425 0.513672
vt 0.0 0.75
vt 0.25 0.0
vt -0.25 0.0
vt -0.081425 0.513672
vt 0.081425 0.513672
vt 0.0 0.75
vt 0.25 0.0
vt -0.25 0.0
vt -0.081425 0.513672
vt 0.081425 0.513672
vt 0.0 0.75
vt 0.25 0.0
vt -0.25 0.0
vt -0.081425 0.513672
vt 0.081425 0.513672
vt 0.0 0.75
vt 0.25 0.0
vt -0.25 0.0
vt -0.081425 0.513672
vt 0.081425 0.513672
vt 0.0 0.75
vt 0.25 0.0
vt -0.25 0.0
vt -0.081425 0.513672
vt 0.081425 0.513672
vt 0.0 0.75
vt 0.25 0.0
vt -0.25 0.0
vt -0.081425 0.513672
vt 0.081425 0.513672
vt 0.0 0.75
vt 0.25 0.0
vt -0.25 0.0
vt -0.081425 0.513672
vt 0.081425 0.513672
vt 0.0 0.75
vt 0.25 0.0
vt -0.25 0.0
vt -0.081425 0.513672
vt 0.081425 0.513672
vt 0.0 0.75
vt 0.25 0.0
vt -0.25 0.0
vt -0.081425 0.513672
vt 0.081425 0.513672
vt 0.0 0.75
vt 0.25 0.0
vt -0.25 0.0
vt -0.081425 0.513672
vt 0.081425 0.513672
vt 0.0 0.75
vt 0.25 0.0
vt -0.25 0.0
vt -0.081425 0.513672
vt 0.081425 0.513672
vt 0.0 0.75
vt 0.25 0.0
vt -0.25 0.0
vt -0.081425 0.513672
vt 0.081425 0.513672
vt 0.0 0.75
vt 0.25 0.0
vt -0.25 0.0
vt -0.081425 0.513672
vt 0.081425 0.513672
vt 0.0 0.75
vt 0.25 0.0
vt -0.25 0.0
vt -0.081425 0.513672
vt 0.081425 0.513672
vt 0.0 0.75
vt 0.25 0.0
vt -0.25 0.0
vt -0.081425 0.513672
vt 0.081425 0.513672
vt 0.0 0.75
vt 0.25 0.0
vt -0.25 0.0
vt -0.081425 0.513672
vt 0.081425 0.513672
vt 0.0 0.75
vt 0.25 0.0
vt -0.25 0.0
vt -0.081425 0.513672
vt 0.081425 0.513672
vt 0.0 0.75
vt 0.25 0.0
vt -0.25 0.0
vt -0.081425 0.513672
vt 0.081425 0.513672
vt 0.0 0.75
vt 0.25 0.0
vt -0.25 0.0
vt -0.081425 0.513672
vt 0.081425 0.513672
vt 0.0 0.75
vt 0.25 0.0
vt -0.25 0.0
vt -0.081425 0.513672
vt 0.081425 0.513672
vt 0.0 0.75
vt 0.25 0.0
vt -0.25 0.0
vt -0.081425 0.513672
vt 0.081425 0.513672
vt 0.0 0.75
vt 0.25 0.0
vt -0.25 0.0
vt -0.081425 0.513672
vt 0.081425 0.513672
vt 0.0 0.75
vt 0.25 0.0
vt -0.25 0.0
vt -0.081425 0.513672
vt 0.081425 0.513672
vt 0.0 0.75
vt 0.25 0.0
vt -0.25 0.0
vt -0.081425 0.513672
vt 0.081425 0.513672
vt 0.0 0.75
vt 0.25 0.0
vt -0.25 0.0
vt -0.081425 0.513672
vt 0.081425 0.513672
vt 0.0 0.75
vt 0.25 0.0
vt -0.25 0.0
vt -0.081425 0.513672
vt 0.081425 0.513672
vt 0.0 0.75
vt 0.25 0.0
vt -0.25 0.0
vt -0.081425 0.513672
vt 0.081425 0.513672
vt 0.0 0.75
vt 0.25 0.0
vt -0.25 0.0
vt -0.081425 0.513672
vt 0.081425 0.513672
vt 0.0 0.75
vt 0.25 0.0
vt -0.25 0.0
vt -0.081425 0.513672
vt 0.081425 0.513672
vt 0.0 0.75
vt 0.25 0.0
vt -0.25 0.0
vt -0.081425 0.513672
vt 0.081425 0.513672
vt 0.0 0.75
vt 0.25 0.0
vt -0.25 0.0
vt -0.081425 0.513672
vt 0.081425 0.513672
vt 0.0 0.75
vt 0.25 0.0
vt -0.25 0.0
vt -0.081425 0.513672
vt 0.081425 0.513672
vt 0.0 0.75
vt 0.25 0.0
vt -0.25 0.0
vt -0.081425 0.513672
vt 0.081425 0.513672
vt 0.0 0.75
vt 0.25 0.0
vt -0.25 0.0
vt -0.081425 0.513672
vt 0.081425 0.513672
vt 0.0 0.75
vt 0.25 0.0
vt -0.25 0.0
vt -0.081425 0.513672
vt 0.081425 0.513672
vt 0.0 0.75
vt 0.25 0.0
vt -0.25 0.0
vt -0.081425 0.513672
vt 0.081425 0.513672
vt 0.0 0.75
vt 0.25 0.0
vt -0.25 0.0
vt -0.081425 0.513672
vt 0.081425 0.513672
vt 0.0 0.75
vt 0.25 0.0
vt -0.25 0.0
vt -0.081425 0.513672
vt 0.081425 0.513672
vt 0.0 0.75
vt 0.25 0.0
vt -0.25 0.0
vt -0.081425 0.513672
vt 0.081425 0.513672
vt 0.0 0.75
vt 0.25 0.0
vt -0.25 0.0
vt -0.081425 0.513672
vt 0.081425 0.513672
vt 0.0 0.75
vt 0.25 0.0
vt -0.25 0.0
vt -0.081425 0.513672
vt 0.081425 0.513672
vt 0.0 0.75
vt 0.25 0.0
vt -0.25 0.0
vt -0.081425 0.513672
vt 0.081425 0.513672
vt 0.0 0.75
vt 0.25 0.0
vt -0.25 0.0
vt -0.081425 0.513672
vt 0.081425 0.513672
vt 0.0 0.75
vt 0.25 0.0
vt -0.25 0.0
vt -0.081425 0.513672
vt 0.081425 0.513672
vt 0.0 0.75
vt 0.25 0.0
vt -0.25 0.0
vt -0.081425 0.513672
vt 0.081425 0.513672
vt 0.0 0.75
vt 0.25 0.0
vt -0.25 0.0
vt -0.081425 0.513672
vt 0.081425 0.513672
vt 0.0 0.75
vt 0.25 0.0
vt -0.25 0.0
vt -0.081425 0.513672
vt 0.081425 0.513672
vt 0.0 0.75
vt 0.25 0.0
vt -0.25 0.0
vt -0.081425 0.513672
vt 0.081425 0.513672
vt 0.0 0.75
vt 0.25 0.0
vt -0.25 0.0
vt -0.081425 0.513672
vt 0.081425 0.513672
vt 0.0 0.75
vt 0.25 0.0
vt -0.25 0.0
vt -0.081425 0.513672
vt 0.081425 0.513672
vt 0.0 0.75
vt 0.25 0.0
vt -0.25 0.0
vt -0.081425 0.513672
vt 0.081425 0.513672
vt 0.0 0.75
vt 0.25 0.0
vt -0.25 0.0
vt -0.081425 0.513672
vt 0.081425 0.513672
vt 0.0 0.75
vt 0.25 0.0
vt -0.25 0.0
vt -0.081425 0.513672
vt 0.081425 0.513672
vt 0.0 0.75
vt 0.25 0.0
vt -0.25 0.0
vt -0.081425 0.513672
vt 0.081425 0.513672
vt 0.0 0.75
vt 0.25 0.0
vt -0.25 0.0
vt -0.081425 0.513672
vt 0.081425 0.513672
vt 0.0 0.75
vt 0.25 0.0
vt -0.25 0.0
vt -0.081425 0.513672
vt 0.081425 0.513672
vt 0.0 0.75
vt 0.25 0.0
vt -0.25 0.0
vt -0.081425 0.513672
vt 0.081425 0.513672
vt 0.0 0.75
vt 0.25 0.0
vt -0.25 0.0
vt -0.081425 0.513672
vt 0.081425 0.513672
vt 0.0 0.75
vt 0.25 0.0
vt -0.25 0.0
vt -0.081425 0.513672
vt 0.081425 0.513672
vt 0.0 0.75
vt 0.25 0.0
vt -0.25 0.0
vt -0.081425 0.513672
vt 0.081425 0.513672
vt 0.0 0.75
vt 0.25 0.0
vt -0.25 0.0
vt -0.081425 0.513672
vt 0.081425 0.513672
vt 0.0 0.75
vt 0.25 0.0
vt -0.25 0.0
vt -0.081425 0.513672
vt 0.081425 0.513672
vt 0.0 0.75
vt 0.25 0.0
vt -0.25 0.0
vt -0.081425 0.513672
vt 0.081425 0.513672
vt 0.0 0.75
vt 0.25 0.0
vt -0.25 0.0
vt -0.081425 0.513672
vt 0.081425 0.513672
vt 0.0 0.75
vt 0.25 0.0
vt -0.25 0.0
vt -0.081425 0.513672
vt 0.081425 0.513672
vt 0.0 0.75
vt 0.25 0.0
vt -0.25 0.0
vt -0.081425 0.513672
vt 0.081425 0.513672
vt 0.0 0.75
vt 0.25 0.0
vt -0.25 0.0
vt -0.081425 0.513672
vt 0.081425 0.513672
vt 0.0 0.75
vt 0.25 0.0
vt -0.25 0.0
vt -0.081425 0.513672
vt 0.081425 0.513672
vt 0.0 0.75
vt 0.25 0.0
vt -0.25 0.0
vt -0.081425 0.513672
vt 0.081425 0.513672
vt 0.0 0.75
vt 0.25 0.0
vt -0.25 0.0
vt -0.081425 0.513672
vt 0.081425 0.513672
vt 0.0 0.75
vt 0.25 0.0
vt -0.25 0.0
vt -0.081425 0.513672
vt 0.081425 0.513672
vt 0.0 0.75
vt 0.25 0.0
vt -0.25 0.0
vt -0.081425 0.513672
vt 0.081425 0.513672
vt 0.0 0.75
vt 0.25 0.0
vt -0.25 0.0
vt -0.081425 0.513672
vt 0.081425 0.513672
vt 0.0 0.75
vt 0.25 0.0
vt -0.25 0.0
vt -0.081425 0.513672
vt 0.081425 0.513672
vt 0.0 0.75
vt 0.25 0.0
vt -0.25 0.0
vt -0.081425 0.513672
vt 0.081425 0.513672
vt 0.0 0.75
vt 0.25 0.0
vt -0.25 0.0
vt -0.081425 0.513672
vt 0.081425 0.513672
vt 0.0 0.75
vt 0.25 0.0
vt -0.25 0.0
vt -0.081425 0.513672
vt 0.081425 0.513672
vt 0.0 0.75
vt 0.25 0.0
vt -0.25 0.0
vt -0.081425 0.513672
vt 0.081425 0.513672
vt 0.0 0.75
vt 0.25 0.0
vt -0.25 0.0
vt -0.081425 0.513672
vt 0.081425 0.513672
vt 0.0 0.75
vt 0.25 0.0
vt -0.25 0.0
vt -0.081425 0.513672
vt 0.081425 0.513672
vt 0.0 0.75
vt 0.25 0.0
vt -0.25 0.0
vt -0.081425 0.513672
vt 0.081425 0.513672
vt 0.0 0.75
vt 0.25 0.0
vt -0.25 0.0
vt -0.081425 0.513672
vt 0.081425 0.513672
vt 0.0 0.75
vt 0.25 0.0
vt -0.25 0.0
vt -0.081425 0.513672
vt 0.081425 0.513672
vt 0.0 0.75
vt 0.25 0.0
vt -0.25 0.0
vt -0.081425 0.513672
vt 0.081425 0.513672
vt 0.0 0.75
vt 0.25 0.0
vt -0.25 0.0
vt -0.081425 0.513672
vt 0.081425 0.513672
vt 0.0 0.75
vt 0.25 0.0
vt -0.25 0.0
vt -0.081425 0.513672
vt 0.081425 0.513672
vt 0.0 0.75
vt 0.25 0.0
vt -0.25 0.0
vt -0.081425 0.513672
vt 0.081425 0.513672
vt 0.0 0.75
vt 0.25 0.0
vt -0.25 0.0
vt -0.081425 0.513672
vt 0.081425 0.513672
vt 0.0 0.75
vt 0.25 0.0
vt -0.25 0.0
vt -0.081425 0.513672
vt 0.081425 0.513672
vt 0.0 0.75
vt 0.25 0.0
vt -0.25 0.0
vt -0.081425 0.513672
vt 0.081425 0.513672
vt 0.0 0.75
vt 0.25 0.0
vt -0.25 0.0
vt -0.081425 0.513672
vt 0.081425 0.513672
vt 0.0 0.75
vt 0.25 0.0
vt -0.25 0.0
vt -0.081425 0.513672
vt 0.081425 0.513672
vt 0.0 0.75
vt 0.25 0.0
vt -0.25 0.0
vt -0.081425 0.513672
vt 0.081425 0.513672
vt 0.0 0.75
vt 0.25 0.0
vt -0.25 0.0
vt -0.081425 0.513672
vt 0.081425 0.513672
vt 0.0 0.75
vt 0.25 0.0
vt -0.25 0.0
vt -0.081425 0.513672
vt 0.081425 0.513672
vt 0.0 0.75
vt 0.25 0.0
vt -0.25 0.0
vt -0.081425 0.513672
vt 0.081425 0.513672
vt 0.0 0.75
vt 0.25 0.0
vt -0.25 0.0
vt -0.081425 0.513672
vt 0.081425 0.513672
vt 0.0 0.75
vt 0.25 0.0
vt -0.25 0.0
vt -0.081425 0.513672
vt 0.081425 0.513672
vt 0.0 0.75
vt 0.25 0.0
vt -0.25 0.0
vt -0.081425 0.513672
vt 0.081425 0.513672
vt 0.0 0.75
vt 0.25 0.0
vt -0.25 0.0
vt -0.081425 0.513672
vt 0.081425 0.513672
vt 0.0 0.75
vt 0.25 0.0
vt -0.25 0.0
vt -0.081425 0.513672
vt 0.081425 0.513672
vt 0.0 0.75
vt 0.25 0.0
vt -0.25 0.0
vt -0.081425 0.513672
vt 0.081425 0.513672
vt 0.0 0.75
vt 0.25 0.0
vt -0.25 0.0
vt -0.081425 0.513672
vt 0.081425 0.513672
vt 0.0 0.75
vt 0.25 0.0
vt -0.25 0.0
vn -0.0 -0.0 1.0
vn -0.0 -0.0 1.0
vn -0.0 -0.0 1.0
vn -0.0 -0.0 1.0
vn -0.0 -0.0 1.0
vn -0.0 -0.0 1.0
vn -0.0 -0.0 1.0
vn -0.0 -0.0 1.0
vn -0.0 -0.0 1.0
vn -0.0 -0.0 1.0
vn -0.0 -0.0 1.0
vn -0.0 -0.0 1.0
vn -0.0 -0.0 1.0
vn -0.0 0.0 1.0
vn 0.0 0.0 1.0
vn 0.0 0.0 1.0
vn -0.0 -0.0 1.0
vn -0.0 0.0 1.0
vn 0.0 0.0 1.0
vn -0.0 -0.0 1.0
vn -0.0 -0.0 1.0
vn -0.0 -0.0 1.0
vn -0.0 -0.0 1.0
vn -0.0 0.0 1.0
vn 0.0 -0.0 1.0
vn 0.0 -0.0 1.0
vn -0.0 -0.0 1.0
vn -0.0 0.0 1.0
vn 0.0 0.0 1.0
vn -0.0 0.0 1.0
vn -0.0 -0.0 1.0
vn -0.0 -0.0 1.0
vn -0.0 -0.0 1.0
vn -0.0 -0.0 1.0
vn -0.0 -0.0 1.0
vn -0.0 -0.0 1.0
vn -0.0 -0.0 1.0
vn 0.0 -0.0 1.0
vn -0.0 -0.0 1.0
vn -0.0 0.0 1.0
vn 0.0 0.0 1.0
vn -0.0 0.0 1.0
vn -0.0 -0.0 1.0
vn 0.0 -0.0 1.0
vn -0.0 -0.0 1.0
vn -0.0 -0.0 1.0
vn -0.0 -0.0 1.0
vn -0.0 -0.0 1.0
vn -0.0 0.0 1.0
vn 0.0 0.0 1.0
vn -0.0 0.0 1.0
vn -0.0 -0.0 1.0
vn 0.0 -0.0 1.0
vn -0.0 -0.0 1.0
vn 0.0 -0.0 1.0
vn -0.0 0.0 1.0
vn 0.0 0.0 1.0
vn 0.0 0.0 1.0
vn 0.0 0.0 1.0
vn -0.0 -0.0 1.0
vn -0.0 -0.0 1.0
vn -0.0 0.0 1.0
vn 0.0 0.0 1.0
vn 0.0 0.0 1.0
vn -0.0 0.0 1.0
vn -0.0 -0.0 1.0
vn 0.0 -0.0 1.0
vn -0.0 -0.0 1.0
vn 0.0 -0.0 1.0
vn -0.0 -0.0 1.0
vn -0.0 0.0 1.0
vn -0.0 -0.0 1.0
vn -0.0 -0.0 1.0
vn -0.0 -0.0 1.0
vn 0.0 0.0 1.0
vn 0.0 0.0 1.0
vn -0.0 0.0 1.0
vn -0.0 -0.0 1.0
vn -0.0 -0.0 1.0
vn 0.0 -0.0 1.0
vn -0.0 -0.0 1.0
vn 0.0 -0.0 1.0
vn -0.0 -0.0 1.0
vn -0.0 -0.0 1.0
vn 0.0 -0.0 1.0
vn -0.0 -0.0 1.0
vn -0.0 -0.0 1.0
vn -0.0 -0.0 1.0
vn 0.0 -0.0 1.0
vn -0.0 -0.0 1.0
vn -0.0 -0.0 1.0
vn 0.0 -0.0 1.0
vn -0.0 -0.0 1.0
vn -0.0 -0.0 1.0
vn 0.0 -0.0 1.0
vn -0.0 -0.0 1.0
vn -0.0 -0.0 1.0
vn -0.0 -0.0 1.0
vn -0.0 -0.0 1.0
vn 0.0 -0.0 1.0
vn -0.0 -0.0 1.0
vn -0.0 -0.0 1.0
vn -0.0 -0.0 1.0
vn -0.0 -0.0 1.0
vn -0.0 -0.0 1.0
vn -0.0 -0.0 1.0
vn -0.0 -0.0 1.0
vn -0.0 0.0 1.0
vn 0.0 0.0 1.0
vn 0.0 0.0 1.0
vn -0.0 -0.0 1.0
vn -0.0 -0.0 1.0
vn -0.0 0.0 1.0
vn 0.0 0.0 1.0
vn -0.0 0.0 1.0
vn 0.3865 0.3865 0.8374
vn 0.526 -0.0 0.8505
vn 0.0 -0.0 1.0
vn -0.0 0.526 0.8505
vn -0.0 0.5259 0.8505
vn 0.3262 0.6425 0.6934
vn 0.4629 0.4629 0.7559
vn 0.6426 0.3262 0.6933
vn 0.6426 0.3262 0.6934
vn 0.3262 0.6426 0.6934
vn 0.5259 -0.0 0.8505
vn 0.7071 0.0 0.7071
vn 0.5258 0.0 0.8506
vn 0.0 -0.0 1.0
vn 0.426 0.0 0.9047
vn 0.3865 -0.3865 0.8374
vn -0.0 -0.526 0.8505
vn -0.0 -0.0 1.0
vn 0.526 0.0 0.8505
vn 0.5259 0.0 0.8505
vn 0.6425 -0.3262 0.6934
vn 0.4629 -0.4629 0.7559
vn 0.3262 -0.6426 0.6933
vn 0.3262 -0.6426 0.6934
vn 0.6426 -0.3262 0.6934
vn -0.0 -0.5259 0.8505
vn 0.0 0.0 1.0
vn 0.0 0.0 1.0
vn 0.0 0.0 1.0
vn -0.0 -0.0 1.0
vn -0.0 -0.0 1.0
vn -0.0 0.0 1.0
vn 0.0 0.0 1.0
vn -0.0 0.0 1.0
vn 0.3865 0.3865 0.8374
vn 0.526 -0.0 0.8505
vn 0.0 -0.0 1.0
vn -0.0 0.526 0.8505
vn -0.0 0.5259 0.8505
vn 0.3262 0.6425 0.6934
vn 0.4629 0.4629 0.7559
vn 0.6426 0.3262 0.6933
vn 0.6426 0.3262 0.6934
vn 0.3262 0.6426 0.6934
vn 0.5259 -0.0 0.8505
vn 0.7071 0.0 0.7071
vn 0.5258 0.0 0.8506
vn 0.0 -0.0 1.0
vn 0.426 0.0 0.9047
vn 0.0808 0.1651 0.983
vn 0.0178 0.2269 0.9738
vn 0.0558 0.6983 0.7136
vn 0.3474 0.5641 0.7491
vn 0.1819 0.0679 0.981
vn 0.1788 0.0657 0.9817
vn 0.5999 0.2295 0.7665
vn 0.6978 0.0672 0.7132
vn 0.6948 0.0644 0.7163
vn 0.6012 0.2303 0.7652
vn 0.6426 0.3262 0.6933
vn 0.3477 0.5703 0.7442
vn 0.25 0.5665 0.7852
vn 0.0567 0.6961 0.7157
vn -0.0 -0.0 1.0
vn 0.6425 0.3262 0.6933
vn -0.0 -0.0 1.0
vn 0.1651 -0.0808 0.983
vn 0.2269 -0.0178 0.9738
vn 0.6983 -0.0558 0.7136
vn 0.5641 -0.3474 0.7491
vn 0.0679 -0.1819 0.981
vn 0.0657 -0.1788 0.9817
vn 0.2295 -0.5999 0.7665
vn 0.0672 -0.6978 0.7132
vn 0.0644 -0.6948 0.7163
vn 0.2303 -0.6012 0.7652
vn 0.3262 -0.6426 0.6933
vn 0.5703 -0.3477 0.7442
vn 0.5665 -0.25 0.7852
vn 0.6961 -0.0567 0.7157
vn -0.0 0.0 1.0
vn 0.3262 -0.6425 0.6933
vn 0.7071 0.0 0.7071
vn 0.5258 0.0 0.8506
vn 0.0 -0.0 1.0
vn 0.426 0.0 0.9047
vn 0.3865 -0.3865 0.8374
vn -0.0 -0.526 0.8505
vn -0.0 -0.0 1.0
vn 0.526 0.0 0.8505
vn 0.5259 0.0 0.8505
vn 0.6425 -0.3262 0.6934
vn 0.4629 -0.4629 0.7559
vn 0.3262 -0.6426 0.6933
vn 0.3262 -0.6426 0.6934
vn 0.6426 -0.3262 0.6934
vn -0.0 -0.5259 0.8505
vn 0.0 0.0 1.0
vn 0.0 0.0 1.0
vn -0.0 -0.0 1.0
vn -0.0 0.0 1.0
vn 0.0 0.0 1.0
vn -0.0 0.0 1.0
vn 0.3865 0.3865 0.8374
vn 0.526 -0.0 0.8505
vn 0.0 -0.0 1.0
vn -0.0 0.526 0.8505
vn -0.0 0.5259 0.8505
vn 0.3262 0.6425 0.6934
vn 0.4629 0.4629 0.7559
vn 0.6426 0.3262 0.6933
vn 0.6426 0.3262 0.6934
vn 0.3262 0.6426 0.6934
vn 0.5259 -0.0 0.8505
vn 0.7071 0.0 0.7071
vn 0.5258 0.0 0.8506
vn 0.0 -0.0 1.0
vn 0.426 0.0 0.9047
vn 0.0808 0.1651 0.983
vn 0.0178 0.2269 0.9738
vn 0.0558 0.6983 0.7136
vn 0.3474 0.5641 0.7491
vn 0.1819 0.0679 0.981
vn 0.1788 0.0657 0.9817
vn 0.5999 0.2295 0.7665
vn 0.6978 0.0672 0.7132
vn 0.6948 0.0644 0.7163
vn 0.6012 0.2303 0.7652
vn 0.6426 0.3262 0.6933
vn 0.3477 0.5703 0.7442
vn 0.25 0.5665 0.7852
vn 0.0567 0.6961 0.7157
vn -0.0 -0.0 1.0
vn 0.6425 0.3262 0.6933
vn -0.0 -0.0 1.0
vn 0.0 0.5258 0.8506
vn 0.3985 0.5864 0.7052
vn 0.1727 0.1727 0.9697
vn 0.4632 0.4632 0.7555
vn 0.5864 0.3985 0.7052
vn 0.39 0.39 0.8341
vn 0.0044 0.0044 1.0
vn 0.0 0.0089 1.0
vn 0.5258 -0.0 0.8506
vn 0.0089 -0.0 1.0
vn 0.6335 0.6335 0.4443
vn 0.5258 -0.0 0.8506
vn -0.0098 -0.0 1.0
vn 0.0089 -0.0186 0.9998
vn 0.6953 -0.0 0.7187
vn 0.4005 0.3254 0.8566
vn 0.426 0.0 0.9047
vn 0.0 4.0E-4 1.0
vn 0.0 2.0E-4 1.0
vn 0.0058 -0.0 1.0
vn 0.5258 -0.0 0.8506
vn 0.5864 -0.3985 0.7052
vn 0.1727 -0.1727 0.9697
vn 0.4632 -0.4632 0.7555
vn 0.3985 -0.5864 0.7052
vn 0.39 -0.39 0.8341
vn 0.0044 -0.0044 1.0
vn 0.0089 -0.0 1.0
vn -0.0 -0.5258 0.8506
vn -0.0 -0.0089 1.0
vn 0.6335 -0.6335 0.4443
vn -0.0 -0.0 1.0
vn 0.1651 -0.0808 0.983
vn 0.2269 -0.0178 0.9738
vn 0.6983 -0.0558 0.7136
vn 0.5641 -0.3474 0.7491
vn 0.0679 -0.1819 0.981
vn 0.0657 -0.1788 0.9817
vn 0.2295 -0.5999 0.7665
vn 0.0672 -0.6978 0.7132
vn 0.0644 -0.6948 0.7163
vn 0.2303 -0.6012 0.7652
vn 0.3262 -0.6426 0.6933
vn 0.5703 -0.3477 0.7442
vn 0.5665 -0.25 0.7852
vn 0.6961 -0.0567 0.7157
vn -0.0 0.0 1.0
vn 0.3262 -0.6425 0.6933
vn 0.3865 -0.3865 0.8374
vn -0.0 -0.526 0.8505
vn -0.0 -0.0 1.0
vn 0.526 0.0 0.8505
vn 0.5259 0.0 0.8505
vn 0.6425 -0.3262 0.6934
vn 0.4629 -0.4629 0.7559
vn 0.3262 -0.6426 0.6933
vn 0.3262 -0.6426 0.6934
vn 0.6426 -0.3262 0.6934
vn -0.0 -0.5259 0.8505
vn 0.0 0.0 1.0
vn -0.0 -0.0 1.0
vn -0.0 0.0 1.0
vn 0.0 0.0 1.0
vn -0.0 0.0 1.0
vn 0.3865 0.3865 0.8374
vn 0.526 -0.0 0.8505
vn 0.0 -0.0 1.0
vn -0.0 0.526 0.8505
vn -0.0 0.5259 0.8505
vn 0.3262 0.6425 0.6934
vn 0.4629 0.4629 0.7559
vn 0.6426 0.3262 0.6933
vn 0.6426 0.3262 0.6934
vn 0.3262 0.6426 0.6934
vn 0.5259 -0.0 0.8505
vn 0.7071 0.0 0.7071
vn 0.5258 0.0 0.8506
vn 0.0 -0.0 1.0
vn 0.426 0.0 0.9047
vn 0.0808 0.1651 0.983
vn 0.0178 0.2269 0.9738
vn 0.0558 0.6983 0.7136
vn 0.3474 0.5641 0.7491
vn 0.1819 0.0679 0.981
vn 0.1788 0.0657 0.9817
vn 0.5999 0.2295 0.7665
vn 0.6978 0.0672 0.7132
vn 0.6948 0.0644 0.7163
vn 0.6012 0.2303 0.7652
vn 0.6426 0.3262 0.6933
vn 0.3477 0.5703 0.7442
vn 0.25 0.5665 0.7852
vn 0.0567 0.6961 0.7157
vn -0.0 -0.0 1.0
vn 0.6425 0.3262 0.6933
vn -0.0 -0.0 1.0
vn 0.0 0.5258 0.8506
vn 0.3985 0.5864 0.7052
vn 0.1727 0.1727 0.9697
vn 0.4632 0.4632 0.7555
vn 0.5864 0.3985 0.7052
vn 0.39 0.39 0.8341
vn 0.0044 0.0044 1.0
vn 0.0 0.0089 1.0
vn 0.5258 -0.0 0.8506
vn 0.0089 -0.0 1.0
vn 0.6335 0.6335 0.4443
vn 0.6948 0.0644 0.7163
vn 0.6012 0.2303 0.7652
vn 0.5961 0.3322 0.7309
vn 0.3477 0.5703 0.7442
vn 0.25 0.5665 0.7852
vn 0.0567 0.6961 0.7157
vn 0.0 0.0098 1.0
vn 0.3525 0.1302 0.9267
vn 0.1585 0.3283 0.9312
vn 0.3474 0.5641 0.7491
vn 0.5999 0.2295 0.7665
vn -0.0019 0.4322 0.9018
vn 0.0558 0.6984 0.7136
vn 0.4281 0.0014 0.9037
vn 0.6978 0.0672 0.7132
vn 0.0026 0.0154 0.9999
vn -0.02 -0.0132 0.9997
vn 0.0048 0.0142 0.9999
vn 0.0062 0.0294 0.9995
vn -1.0E-4 0.0116 0.9999
vn 0.0079 0.0104 0.9999
vn -0.0082 0.0097 0.9999
vn 0.0217 0.0096 0.9997
vn -0.0067 0.0032 1.0
vn 0.0036 0.0133 0.9999
vn 0.0034 0.0209 0.9998
vn -0.0109 -0.0255 0.9996
vn 0.2274 -0.9385 -0.2598
vn 0.9386 -0.2269 -0.2599
vn -0.4859 -0.6759 0.5542
vn 0.0241 -0.7836 0.6208
vn 0.7836 -0.0241 0.6208
vn 0.2274 -0.9385 -0.2598
vn 0.9386 -0.2269 -0.2599
vn -0.4859 -0.6759 0.5542
vn 0.0241 -0.7836 0.6208
vn 0.7836 -0.0241 0.6208
vn 0.2274 -0.9385 -0.2598
vn 0.9386 -0.2269 -0.2599
vn -0.4859 -0.6759 0.5542
vn 0.0241 -0.7836 0.6208
vn 0.7836 -0.0241 0.6208
vn 0.0644 -0.6948 0.7163
vn 0.2303 -0.6012 0.7652
vn 0.3322 -0.5961 0.7309
vn 0.5703 -0.3477 0.7442
vn 0.5665 -0.25 0.7852
vn 0.6961 -0.0567 0.7157
vn 0.0098 -0.0 1.0
vn 0.1302 -0.3525 0.9267
vn 0.3283 -0.1585 0.9312
vn 0.5641 -0.3474 0.7491
vn 0.2295 -0.5999 0.7665
vn 0.4322 0.0019 0.9018
vn 0.6984 -0.0558 0.7136
vn 0.0014 -0.4281 0.9037
vn 0.0672 -0.6978 0.7132
vn 0.0154 -0.0026 0.9999
vn -0.0132 0.02 0.9997
vn 0.0142 -0.0048 0.9999
vn 0.0294 -0.0062 0.9995
vn 0.0116 1.0E-4 0.9999
vn 0.0104 -0.0079 0.9999
vn 0.0097 0.0082 0.9999
vn 0.0096 -0.0217 0.9997
vn 0.0032 0.0067 1.0
vn 0.0133 -0.0036 0.9999
vn 0.0209 -0.0034 0.9998
vn -0.0255 0.0109 0.9996
vn 0.5258 -0.0 0.8506
vn -0.0098 -0.0 1.0
vn 0.0089 -0.0186 0.9998
vn 0.6953 -0.0 0.7187
vn 0.4005 0.3254 0.8566
vn 0.426 0.0 0.9047
vn 0.0 4.0E-4 1.0
vn 0.0 2.0E-4 1.0
vn 0.0058 -0.0 1.0
vn 0.5258 -0.0 0.8506
vn 0.5864 -0.3985 0.7052
vn 0.1727 -0.1727 0.9697
vn 0.4632 -0.4632 0.7555
vn 0.3985 -0.5864 0.7052
vn 0.39 -0.39 0.8341
vn 0.0044 -0.0044 1.0
vn 0.0089 -0.0 1.0
vn -0.0 -0.5258 0.8506
vn -0.0 -0.0089 1.0
vn 0.6335 -0.6335 0.4443
vn -0.0 -0.0 1.0
vn 0.1651 -0.0808 0.983
vn 0.2269 -0.0178 0.9738
vn 0.6983 -0.0558 0.7136
vn 0.5641 -0.3474 0.7491
vn 0.0679 -0.1819 0.981
vn 0.0657 -0.1788 0.9817
vn 0.2295 -0.5999 0.7665
vn 0.0672 -0.6978 0.7132
vn 0.0644 -0.6948 0.7163
vn 0.2303 -0.6012 0.7652
vn 0.3262 -0.6426 0.6933
vn 0.5703 -0.3477 0.7442
vn 0.5665 -0.25 0.7852
vn 0.6961 -0.0567 0.7157
vn -0.0 0.0 1.0
vn 0.3262 -0.6425 0.6933
vn 0.7071 0.0 0.7071
vn 0.5258 0.0 0.8506
vn 0.0 -0.0 1.0
vn 0.426 0.0 0.9047
vn -0.0 -0.0 1.0
vn -0.0 0.0 1.0
vn 0.0 0.0 1.0
vn -0.0 0.0 1.0
vn 0.3865 0.3865 0.8374
vn 0.526 -0.0 0.8505
vn 0.0 -0.0 1.0
vn -0.0 0.526 0.8505
vn -0.0 0.5259 0.8505
vn 0.3262 0.6425 0.6934
vn 0.4629 0.4629 0.7559
vn 0.6426 0.3262 0.6933
vn 0.6426 0.3262 0.6934
vn 0.3262 0.6426 0.6934
vn 0.5259 -0.0 0.8505
vn 0.7071 0.0 0.7071
vn 0.5258 0.0 0.8506
vn 0.0 -0.0 1.0
vn 0.426 0.0 0.9047
vn 0.0808 0.1651 0.983
vn 0.0178 0.2269 0.9738
vn 0.0558 0.6983 0.7136
vn 0.3474 0.5641 0.7491
vn 0.1819 0.0679 0.981
vn 0.1788 0.0657 0.9817
vn 0.5999 0.2295 0.7665
vn 0.6978 0.0672 0.7132
vn 0.6948 0.0644 0.7163
vn 0.6012 0.2303 0.7652
vn 0.6426 0.3262 0.6933
vn 0.3477 0.5703 0.7442
vn 0.25 0.5665 0.7852
vn 0.0567 0.6961 0.7157
vn -0.0 -0.0 1.0
vn 0.6425 0.3262 0.6933
vn -0.0 -0.0 1.0
vn 0.0 0.5258 0.8506
vn 0.3985 0.5864 0.7052
vn 0.1727 0.1727 0.9697
vn 0.4632 0.4632 0.7555
vn 0.5864 0.3985 0.7052
vn 0.39 0.39 0.8341
vn 0.0044 0.0044 1.0
vn 0.0 0.0089 1.0
vn 0.5258 -0.0 0.8506
vn 0.0089 -0.0 1.0
vn 0.6335 0.6335 0.4443
vn 0.5258 -0.0 0.8506
vn -0.0098 -0.0 1.0
vn 0.0089 -0.0186 0.9998
vn 0.6953 -0.0 0.7187
vn 0.4005 0.3254 0.8566
vn 0.426 0.0 0.9047
vn 0.0 4.0E-4 1.0
vn 0.0 2.0E-4 1.0
vn 0.0058 -0.0 1.0
vn 0.6948 0.0644 0.7163
vn 0.6012 0.2303 0.7652
vn 0.5961 0.3322 0.7309
vn 0.3477 0.5703 0.7442
vn 0.25 0.5665 0.7852
vn 0.0567 0.6961 0.7157
vn 0.0 0.0098 1.0
vn 0.3525 0.1302 0.9267
vn 0.1585 0.3283 0.9312
vn 0.3474 0.5641 0.7491
vn 0.5999 0.2295 0.7665
vn -0.0019 0.4322 0.9018
vn 0.0558 0.6984 0.7136
vn 0.4281 0.0014 0.9037
vn 0.6978 0.0672 0.7132
vn 0.0026 0.0154 0.9999
vn -0.02 -0.0132 0.9997
vn 0.0048 0.0142 0.9999
vn 0.0062 0.0294 0.9995
vn -1.0E-4 0.0116 0.9999
vn 0.0079 0.0104 0.9999
vn -0.0082 0.0097 0.9999
vn 0.0217 0.0096 0.9997
vn -0.0067 0.0032 1.0
vn 0.0036 0.0133 0.9999
vn 0.0034 0.0209 0.9998
vn -0.0109 -0.0255 0.9996
vn 0.2274 -0.9385 -0.2598
vn 0.9386 -0.2269 -0.2599
vn -0.4859 -0.6759 0.5542
vn 0.0241 -0.7836 0.6208
vn 0.7836 -0.0241 0.6208
vn 0.2274 -0.9385 -0.2598
vn 0.9386 -0.2269 -0.2599
vn -0.4859 -0.6759 0.5542
vn 0.0241 -0.7836 0.6208
vn 0.7836 -0.0241 0.6208
vn 0.2274 -0.9385 -0.2598
vn 0.9386 -0.2269 -0.2599
vn -0.4859 -0.6759 0.5542
vn 0.0241 -0.7836 0.6208
vn 0.7836 -0.0241 0.6208
vn 0.2274 -0.9385 -0.2598
vn 0.9386 -0.2269 -0.2599
vn -0.4859 -0.6759 0.5542
vn 0.0241 -0.7836 0.6208
vn 0.7836 -0.0241 0.6208
vn 0.2274 -0.9385 -0.2598
vn 0.9386 -0.2269 -0.2599
vn -0.4859 -0.6759 0.5542
vn 0.0241 -0.7836 0.6208
vn 0.7836 -0.0241 0.6208
vn 0.2274 -0.9385 -0.2598
vn 0.9386 -0.2269 -0.2599
vn -0.4859 -0.6759 0.5542
vn 0.0241 -0.7836 0.6208
vn 0.7836 -0.0241 0.6208
vn 0.2274 -0.9385 -0.2598
vn 0.9386 -0.2269 -0.2599
vn -0.4859 -0.6759 0.5542
vn 0.0241 -0.7836 0.6208
vn 0.7836 -0.0241 0.6208
vn 0.2274 -0.9385 -0.2598
vn 0.9386 -0.2269 -0.2599
vn -0.4859 -0.6759 0.5542
vn 0.0241 -0.7836 0.6208
vn 0.7836 -0.0241 0.6208
vn 0.2274 -0.9385 -0.2598
vn 0.9386 -0.2269 -0.2599
vn -0.4859 -0.6759 0.5542
vn 0.0241 -0.7836 0.6208
vn 0.7836 -0.0241 0.6208
vn 0.2274 -0.9385 -0.2598
vn 0.9386 -0.2269 -0.2599
vn -0.4859 -0.6759 0.5542
vn 0.0241 -0.7836 0.6208
vn 0.7836 -0.0241 0.6208
vn 0.0644 -0.6948 0.7163
vn 0.2303 -0.6012 0.7652
vn 0.3322 -0.5961 0.7309
vn 0.5703 -0.3477 0.7442
vn 0.5665 -0.25 0.7852
vn 0.6961 -0.0567 0.7157
vn 0.0098 -0.0 1.0
vn 0.1302 -0.3525 0.9267
vn 0.3283 -0.1585 0.9312
vn 0.5641 -0.3474 0.7491
vn 0.2295 -0.5999 0.7665
vn 0.4322 0.0019 0.9018
vn 0.6984 -0.0558 0.7136
vn 0.0014 -0.4281 0.9037
vn 0.0672 -0.6978 0.7132
vn 0.0154 -0.0026 0.9999
vn -0.0132 0.02 0.9997
vn 0.0142 -0.0048 0.9999
vn 0.0294 -0.0062 0.9995
vn 0.0116 1.0E-4 0.9999
vn 0.0104 -0.0079 0.9999
vn 0.0097 0.0082 0.9999
vn 0.0096 -0.0217 0.9997
vn 0.0032 0.0067 1.0
vn 0.0133 -0.0036 0.9999
vn 0.0209 -0.0034 0.9998
vn -0.0255 0.0109 0.9996
vn 0.5258 -0.0 0.8506
vn 0.5864 -0.3985 0.7052
vn 0.1727 -0.1727 0.9697
vn 0.4632 -0.4632 0.7555
vn 0.3985 -0.5864 0.7052
vn 0.39 -0.39 0.8341
vn 0.0044 -0.0044 1.0
vn 0.0089 -0.0 1.0
vn -0.0 -0.5258 0.8506
vn -0.0 -0.0089 1.0
vn 0.6335 -0.6335 0.4443
vn -0.0 -0.0 1.0
vn -0.0 -0.0 1.0
vn -0.0 0.0 1.0
vn 0.0 0.0 1.0
vn -0.0 0.0 1.0
vn 0.3865 0.3865 0.8374
vn 0.526 -0.0 0.8505
vn 0.0 -0.0 1.0
vn -0.0 0.526 0.8505
vn -0.0 0.5259 0.8505
vn 0.3262 0.6425 0.6934
vn 0.4629 0.4629 0.7559
vn 0.6426 0.3262 0.6933
vn 0.6426 0.3262 0.6934
vn 0.3262 0.6426 0.6934
vn 0.5259 -0.0 0.8505
vn 0.7071 0.0 0.7071
vn 0.5258 0.0 0.8506
vn 0.0 -0.0 1.0
vn 0.426 0.0 0.9047
vn 0.0808 0.1651 0.983
vn 0.0178 0.2269 0.9738
vn 0.0558 0.6983 0.7136
vn 0.3474 0.5641 0.7491
vn 0.1819 0.0679 0.981
vn 0.1788 0.0657 0.9817
vn 0.5999 0.2295 0.7665
vn 0.6978 0.0672 0.7132
vn 0.6948 0.0644 0.7163
vn 0.6012 0.2303 0.7652
vn 0.6426 0.3262 0.6933
vn 0.3477 0.5703 0.7442
vn 0.25 0.5665 0.7852
vn 0.0567 0.6961 0.7157
vn -0.0 -0.0 1.0
vn 0.6425 0.3262 0.6933
vn -0.0 -0.0 1.0
vn 0.0 0.5258 0.8506
vn 0.3985 0.5864 0.7052
vn 0.1727 0.1727 0.9697
vn 0.4632 0.4632 0.7555
vn 0.5864 0.3985 0.7052
vn 0.39 0.39 0.8341
vn 0.0044 0.0044 1.0
vn 0.0 0.0089 1.0
vn 0.5258 -0.0 0.8506
vn 0.0089 -0.0 1.0
vn 0.6335 0.6335 0.4443
vn 0.5258 -0.0 0.8506
vn -0.0098 -0.0 1.0
vn 0.0089 -0.0186 0.9998
vn 0.6953 -0.0 0.7187
vn 0.4005 0.3254 0.8566
vn 0.426 0.0 0.9047
vn 0.0 4.0E-4 1.0
vn 0.0 2.0E-4 1.0
vn 0.0058 -0.0 1.0
vn 0.6948 0.0644 0.7163
vn 0.6012 0.2303 0.7652
vn 0.5961 0.3322 0.7309
vn 0.3477 0.5703 0.7442
vn 0.25 0.5665 0.7852
vn 0.0567 0.6961 0.7157
vn 0.0 0.0098 1.0
vn 0.3525 0.1302 0.9267
vn 0.1585 0.3283 0.9312
vn 0.3474 0.5641 0.7491
vn 0.5999 0.2295 0.7665
vn -0.0019 0.4322 0.9018
vn 0.0558 0.6984 0.7136
vn 0.4281 0.0014 0.9037
vn 0.6978 0.0672 0.7132
vn 0.0026 0.0154 0.9999
vn -0.02 -0.0132 0.9997
vn 0.0048 0.0142 0.9999
vn 0.0062 0.0294 0.9995
vn -1.0E-4 0.0116 0.9999
vn 0.0079 0.0104 0.9999
vn -0.0082 0.0097 0.9999
vn 0.0217 0.0096 0.9997
vn -0.0067 0.0032 1.0
vn 0.0036 0.0133 0.9999
vn 0.0034 0.0209 0.9998
vn -0.0109 -0.0255 0.9996
vn 0.2274 -0.9385 -0.2598
vn 0.9386 -0.2269 -0.2599
vn -0.4859 -0.6759 0.5542
vn 0.0241 -0.7836 0.6208
vn 0.7836 -0.0241 0.6208
vn 0.2274 -0.9385 -0.2598
vn 0.9386 -0.2269 -0.2599
vn -0.4859 -0.6759 0.5542
vn 0.0241 -0.7836 0.6208
vn 0.7836 -0.0241 0.6208
vn 0.2274 -0.9385 -0.2598
vn 0.9386 -0.2269 -0.2599
vn -0.4859 -0.6759 0.5542
vn 0.0241 -0.7836 0.6208
vn 0.7836 -0.0241 0.6208
vn 0.2274 -0.9385 -0.2598
vn 0.9386 -0.2269 -0.2599
vn -0.4859 -0.6759 0.5542
vn 0.0241 -0.7836 0.6208
vn 0.7836 -0.0241 0.6208
vn 0.2274 -0.9385 -0.2598
vn 0.9386 -0.2269 -0.2599
vn -0.4859 -0.6759 0.5542
vn 0.0241 -0.7836 0.6208
vn 0.7836 -0.0241 0.6208
vn 0.2274 -0.9385 -0.2598
vn 0.9386 -0.2269 -0.2599
vn -0.4859 -0.6759 0.5542
vn 0.0241 -0.7836 0.6208
vn 0.7836 -0.0241 0.6208
vn 0.2274 -0.9385 -0.2598
vn 0.9386 -0.2269 -0.2599
vn -0.4859 -0.6759 0.5542
vn 0.0241 -0.7836 0.6208
vn 0.7836 -0.0241 0.6208
vn 0.2274 -0.9385 -0.2598
vn 0.9386 -0.2269 -0.2599
vn -0.4859 -0.6759 0.5542
vn 0.0241 -0.7836 0.6208
vn 0.7836 -0.0241 0.6208
vn 0.2274 -0.9385 -0.2598
vn 0.9386 -0.2269 -0.2599
vn -0.4859 -0.6759 0.5542
vn 0.0241 -0.7836 0.6208
vn 0.7836 -0.0241 0.6208
vn 0.2274 -0.9385 -0.2598
vn 0.9386 -0.2269 -0.2599
vn -0.4859 -0.6759 0.5542
vn 0.0241 -0.7836 0.6208
vn 0.7836 -0.0241 0.6208
vn 0.2274 -0.9385 -0.2598
vn 0.9386 -0.2269 -0.2599
vn -0.4859 -0.6759 0.5542
vn 0.0241 -0.7836 0.6208
vn 0.7836 -0.0241 0.6208
vn 0.2274 -0.9385 -0.2598
vn 0.9386 -0.2269 -0.2599
vn -0.4859 -0.6759 0.5542
vn 0.0241 -0.7836 0.6208
vn 0.7836 -0.0241 0.6208
vn 0.2274 -0.9385 -0.2598
vn 0.9386 -0.2269 -0.2599
vn -0.4859 -0.6759 0.5542
vn 0.0241 -0.7836 0.6208
vn 0.7836 -0.0241 0.6208
vn 0.0644 -0.6948 0.7163
vn 0.2303 -0.6012 0.7652
vn 0.3322 -0.5961 0.7309
vn 0.5703 -0.3477 0.7442
vn 0.5665 -0.25 0.7852
vn 0.6961 -0.0567 0.7157
vn 0.0098 -0.0 1.0
vn 0.1302 -0.3525 0.9267
vn 0.3283 -0.1585 0.9312
vn 0.5641 -0.3474 0.7491
vn 0.2295 -0.5999 0.7665
vn 0.4322 0.0019 0.9018
vn 0.6984 -0.0558 0.7136
vn 0.0014 -0.4281 0.9037
vn 0.0672 -0.6978 0.7132
vn 0.0154 -0.0026 0.9999
vn -0.0132 0.02 0.9997
vn 0.0142 -0.0048 0.9999
vn 0.0294 -0.0062 0.9995
vn 0.0116 1.0E-4 0.9999
vn 0.0104 -0.0079 0.9999
vn 0.0097 0.0082 0.9999
vn 0.0096 -0.0217 0.9997
vn 0.0032 0.0067 1.0
vn 0.0133 -0.0036 0.9999
vn 0.0209 -0.0034 0.9998
vn -0.0255 0.0109 0.9996
vn 0.5258 -0.0 0.8506
vn -0.0098 -0.0 1.0
vn 0.0089 -0.0186 0.9998
vn 0.6953 -0.0 0.7187
vn 0.4005 0.3254 0.8566
vn 0.426 0.0 0.9047
vn 0.0 4.0E-4 1.0
vn 0.0 2.0E-4 1.0
vn 0.0058 -0.0 1.0
vn -0.0 -0.0 1.0
vn -0.0 0.0 1.0
vn 0.0 0.0 1.0
vn -0.0 0.0 1.0
vn 0.3865 0.3865 0.8374
vn 0.526 -0.0 0.8505
vn 0.0 -0.0 1.0
vn -0.0 0.526 0.8505
vn -0.0 0.5259 0.8505
vn 0.3262 0.6425 0.6934
vn 0.4629 0.4629 0.7559
vn 0.6426 0.3262 0.6933
vn 0.6426 0.3262 0.6934
vn 0.3262 0.6426 0.6934
vn 0.5259 -0.0 0.8505
vn 0.7071 0.0 0.7071
vn 0.5258 0.0 0.8506
vn 0.0 -0.0 1.0
vn 0.426 0.0 0.9047
vn 0.0808 0.1651 0.983
vn 0.0178 0.2269 0.9738
vn 0.0558 0.6983 0.7136
vn 0.3474 0.5641 0.7491
vn 0.1819 0.0679 0.981
vn 0.1788 0.0657 0.9817
vn 0.5999 0.2295 0.7665
vn 0.6978 0.0672 0.7132
vn 0.6948 0.0644 0.7163
vn 0.6012 0.2303 0.7652
vn 0.6426 0.3262 0.6933
vn 0.3477 0.5703 0.7442
vn 0.25 0.5665 0.7852
vn 0.0567 0.6961 0.7157
vn -0.0 -0.0 1.0
vn 0.6425 0.3262 0.6933
vn -0.0 -0.0 1.0
vn 0.0 0.5258 0.8506
vn 0.3985 0.5864 0.7052
vn 0.1727 0.1727 0.9697
vn 0.4632 0.4632 0.7555
vn 0.5864 0.3985 0.7052
vn 0.39 0.39 0.8341
vn 0.0044 0.0044 1.0
vn 0.0 0.0089 1.0
vn 0.5258 -0.0 0.8506
vn 0.0089 -0.0 1.0
vn 0.6335 0.6335 0.4443
vn 0.5258 -0.0 0.8506
vn -0.0098 -0.0 1.0
vn 0.0089 -0.0186 0.9998
vn 0.6953 -0.0 0.7187
vn 0.4005 0.3254 0.8566
vn 0.426 0.0 0.9047
vn 0.0 4.0E-4 1.0
vn 0.0 2.0E-4 1.0
vn 0.0058 -0.0 1.0
vn 0.6948 0.0644 0.7163
vn 0.6012 0.2303 0.7652
vn 0.5961 0.3322 0.7309
vn 0.3477 0.5703 0.7442
vn 0.25 0.5665 0.7852
vn 0.0567 0.6961 0.7157
vn 0.0 0.0098 1.0
vn 0.3525 0.1302 0.9267
vn 0.1585 0.3283 0.9312
vn 0.3474 0.5641 0.7491
vn 0.5999 0.2295 0.7665
vn -0.0019 0.4322 0.9018
vn 0.0558 0.6984 0.7136
vn 0.4281 0.0014 0.9037
vn 0.6978 0.0672 0.7132
vn 0.0026 0.0154 0.9999
vn -0.02 -0.0132 0.9997
vn 0.0048 0.0142 0.9999
vn 0.0062 0.0294 0.9995
vn -1.0E-4 0.0116 0.9999
vn 0.0079 0.0104 0.9999
vn -0.0082 0.0097 0.9999
vn 0.0217 0.0096 0.9997
vn -0.0067 0.0032 1.0
vn 0.0036 0.0133 0.9999
vn 0.0034 0.0209 0.9998
vn -0.0109 -0.0255 0.9996
vn 0.2274 -0.9385 -0.2598
vn 0.9386 -0.2269 -0.2599
vn -0.4859 -0.6759 0.5542
vn 0.0241 -0.7836 0.6208
vn 0.7836 -0.0241 0.6208
vn 0.2274 -0.9385 -0.2598
vn 0.9386 -0.2269 -0.2599
vn -0.4859 -0.6759 0.5542
vn 0.0241 -0.7836 0.6208
vn 0.7836 -0.0241 0.6208
vn 0.2274 -0.9385 -0.2598
vn 0.9386 -0.2269 -0.2599
vn -0.4859 -0.6759 0.5542
vn 0.0241 -0.7836 0.6208
vn 0.7836 -0.0241 0.6208
vn 0.2274 -0.9385 -0.2598
vn 0.9386 -0.2269 -0.2599
vn -0.4859 -0.6759 0.5542
vn 0.0241 -0.7836 0.6208
vn 0.7836 -0.0241 0.6208
vn 0.2274 -0.9385 -0.2598
vn 0.9386 -0.2269 -0.2599
vn -0.4859 -0.6759 0.5542
vn 0.0241 -0.7836 0.6208
vn 0.7836 -0.0241 0.6208
vn 0.2274 -0.9385 -0.2598
vn 0.9386 -0.2269 -0.2599
vn -0.4859 -0.6759 0.5542
vn 0.0241 -0.7836 0.6208
vn 0.7836 -0.0241 0.6208
vn 0.2274 -0.9385 -0.2598
vn 0.9386 -0.2269 -0.2599
vn -0.4859 -0.6759 0.5542
vn 0.0241 -0.7836 0.6208
vn 0.7836 -0.0241 0.6208
vn 0.2274 -0.9385 -0.2598
vn 0.9386 -0.2269 -0.2599
vn -0.4859 -0.6759 0.5542
vn 0.0241 -0.7836 0.6208
vn 0.7836 -0.0241 0.6208
vn 0.2274 -0.9385 -0.2598
vn 0.9386 -0.2269 -0.2599
vn -0.4859 -0.6759 0.5542
vn 0.0241 -0.7836 0.6208
vn 0.7836 -0.0241 0.6208
vn 0.2274 -0.9385 -0.2598
vn 0.9386 -0.2269 -0.2599
vn -0.4859 -0.6759 0.5542
vn 0.0241 -0.7836 0.6208
vn 0.7836 -0.0241 0.6208
vn 0.2274 -0.9385 -0.2598
vn 0.9386 -0.2269 -0.2599
vn -0.4859 -0.6759 0.5542
vn 0.0241 -0.7836 0.6208
vn 0.7836 -0.0241 0.6208
vn 0.2274 -0.9385 -0.2598
vn 0.9386 -0.2269 -0.2599
vn -0.4859 -0.6759 0.5542
vn 0.0241 -0.7836 0.6208
vn 0.7836 -0.0241 0.6208
vn 0.2274 -0.9385 -0.2598
vn 0.9386 -0.2269 -0.2599
vn -0.4859 -0.6759 0.5542
vn 0.0241 -0.7836 0.6208
vn 0.7836 -0.0241 0.6208
vn 0.2274 -0.9385 -0.2598
vn 0.9386 -0.2269 -0.2599
vn -0.4859 -0.6759 0.5542
vn 0.0241 -0.7836 0.6208
vn 0.7836 -0.0241 0.6208
vn 0.2274 -0.9385 -0.2598
vn 0.9386 -0.2269 -0.2599
vn -0.4859 -0.6759 0.5542
vn 0.0241 -0.7836 0.6208
vn 0.7836 -0.0241 0.6208
vn 0.2274 -0.9385 -0.2598
vn 0.9386 -0.2269 -0.2599
vn -0.4859 -0.6759 0.5542
vn 0.0241 -0.7836 0.6208
vn 0.7836 -0.0241 0.6208
vn 0.2274 -0.9385 -0.2598
vn 0.9386 -0.2269 -0.2599
vn -0.4859 -0.6759 0.5542
vn 0.0241 -0.7836 0.6208
vn 0.7836 -0.0241 0.6208
vn 0.2274 -0.9385 -0.2598
vn 0.9386 -0.2269 -0.2599
vn -0.4859 -0.6759 0.5542
vn 0.0241 -0.7836 0.6208
vn 0.7836 -0.0241 0.6208
vn 0.2274 -0.9385 -0.2598
vn 0.9386 -0.2269 -0.2599
vn -0.4859 -0.6759 0.5542
vn 0.0241 -0.7836 0.6208
vn 0.7836 -0.0241 0.6208
vn 0.0 0.0 1.0
vn -0.0 0.0 1.0
vn 0.3865 0.3865 0.8374
vn 0.526 -0.0 0.8505
vn 0.0 -0.0 1.0
vn -0.0 0.526 0.8505
vn -0.0 0.5259 0.8505
vn 0.3262 0.6425 0.6934
vn 0.4629 0.4629 0.7559
vn 0.6426 0.3262 0.6933
vn 0.6426 0.3262 0.6934
vn 0.3262 0.6426 0.6934
vn 0.5259 -0.0 0.8505
vn 0.7071 0.0 0.7071
vn 0.5258 0.0 0.8506
vn 0.0 -0.0 1.0
vn 0.426 0.0 0.9047
vn 0.0808 0.1651 0.983
vn 0.0178 0.2269 0.9738
vn 0.0558 0.6983 0.7136
vn 0.3474 0.5641 0.7491
vn 0.1819 0.0679 0.981
vn 0.1788 0.0657 0.9817
vn 0.5999 0.2295 0.7665
vn 0.6978 0.0672 0.7132
vn 0.6948 0.0644 0.7163
vn 0.6012 0.2303 0.7652
vn 0.6426 0.3262 0.6933
vn 0.3477 0.5703 0.7442
vn 0.25 0.5665 0.7852
vn 0.0567 0.6961 0.7157
vn -0.0 -0.0 1.0
vn 0.6425 0.3262 0.6933
vn -0.0 -0.0 1.0
vn 0.0 0.5258 0.8506
vn 0.3985 0.5864 0.7052
vn 0.1727 0.1727 0.9697
vn 0.4632 0.4632 0.7555
vn 0.5864 0.3985 0.7052
vn 0.39 0.39 0.8341
vn 0.0044 0.0044 1.0
vn 0.0 0.0089 1.0
vn 0.5258 -0.0 0.8506
vn 0.0089 -0.0 1.0
vn 0.6335 0.6335 0.4443
vn 0.5258 -0.0 0.8506
vn -0.0098 -0.0 1.0
vn 0.0089 -0.0186 0.9998
vn 0.6953 -0.0 0.7187
vn 0.4005 0.3254 0.8566
vn 0.426 0.0 0.9047
vn 0.0 4.0E-4 1.0
vn 0.0 2.0E-4 1.0
vn 0.0058 -0.0 1.0
vn 0.6948 0.0644 0.7163
vn 0.6012 0.2303 0.7652
vn 0.5961 0.3322 0.7309
vn 0.3477 0.5703 0.7442
vn 0.25 0.5665 0.7852
vn 0.0567 0.6961 0.7157
vn 0.0 0.0098 1.0
vn 0.3525 0.1302 0.9267
vn 0.1585 0.3283 0.9312
vn 0.3474 0.5641 0.7491
vn 0.5999 0.2295 0.7665
vn -0.0019 0.4322 0.9018
vn 0.0558 0.6984 0.7136
vn 0.4281 0.0014 0.9037
vn 0.6978 0.0672 0.7132
vn 0.0026 0.0154 0.9999
vn -0.02 -0.0132 0.9997
vn 0.0048 0.0142 0.9999
vn 0.0062 0.0294 0.9995
vn -1.0E-4 0.0116 0.9999
vn 0.0079 0.0104 0.9999
vn -0.0082 0.0097 0.9999
vn 0.0217 0.0096 0.9997
vn -0.0067 0.0032 1.0
vn 0.0036 0.0133 0.9999
vn 0.0034 0.0209 0.9998
vn -0.0109 -0.0255 0.9996
vn 0.2274 -0.9385 -0.2598
vn 0.9386 -0.2269 -0.2599
vn -0.4859 -0.6759 0.5542
vn 0.0241 -0.7836 0.6208
vn 0.7836 -0.0241 0.6208
vn 0.2274 -0.9385 -0.2598
vn 0.9386 -0.2269 -0.2599
vn -0.4859 -0.6759 0.5542
vn 0.0241 -0.7836 0.6208
vn 0.7836 -0.0241 0.6208
vn 0.2274 -0.9385 -0.2598
vn 0.9386 -0.2269 -0.2599
vn -0.4859 -0.6759 0.5542
vn 0.0241 -0.7836 0.6208
vn 0.7836 -0.0241 0.6208
vn 0.2274 -0.9385 -0.2598
vn 0.9386 -0.2269 -0.2599
vn -0.4859 -0.6759 0.5542
vn 0.0241 -0.7836 0.6208
vn 0.7836 -0.0241 0.6208
vn 0.2274 -0.9385 -0.2598
vn 0.9386 -0.2269 -0.2599
vn -0.4859 -0.6759 0.5542
vn 0.0241 -0.7836 0.6208
vn 0.7836 -0.0241 0.6208
vn 0.2274 -0.9385 -0.2598
vn 0.9386 -0.2269 -0.2599
vn -0.4859 -0.6759 0.5542
vn 0.0241 -0.7836 0.6208
vn 0.7836 -0.0241 0.6208
vn 0.2274 -0.9385 -0.2598
vn 0.9386 -0.2269 -0.2599
vn -0.4859 -0.6759 0.5542
vn 0.0241 -0.7836 0.6208
vn 0.7836 -0.0241 0.6208
vn 0.2274 -0.9385 -0.2598
vn 0.9386 -0.2269 -0.2599
vn -0.4859 -0.6759 0.5542
vn 0.0241 -0.7836 0.6208
vn 0.7836 -0.0241 0.6208
vn 0.2274 -0.9385 -0.2598
vn 0.9386 -0.2269 -0.2599
vn -0.4859 -0.6759 0.5542
vn 0.0241 -0.7836 0.6208
vn 0.7836 -0.0241 0.6208
vn 0.2274 -0.9385 -0.2598
vn 0.9386 -0.2269 -0.2599
vn -0.4859 -0.6759 0.5542
vn 0.0241 -0.7836 0.6208
vn 0.7836 -0.0241 0.6208
vn 0.2274 -0.9385 -0.2598
vn 0.9386 -0.2269 -0.2599
vn -0.4859 -0.6759 0.5542
vn 0.0241 -0.7836 0.6208
vn 0.7836 -0.0241 0.6208
vn 0.2274 -0.9385 -0.2598
vn 0.9386 -0.2269 -0.2599
vn -0.4859 -0.6759 0.5542
vn 0.0241 -0.7836 0.6208
vn 0.7836 -0.0241 0.6208
vn 0.2274 -0.9385 -0.2598
vn 0.9386 -0.2269 -0.2599
vn -0.4859 -0.6759 0.5542
vn 0.0241 -0.7836 0.6208
vn 0.7836 -0.0241 0.6208
vn 0.2274 -0.9385 -0.2598
vn 0.9386 -0.2269 -0.2599
vn -0.4859 -0.6759 0.5542
vn 0.0241 -0.7836 0.6208
vn 0.7836 -0.0241 0.6208
vn 0.2274 -0.9385 -0.2598
vn 0.9386 -0.2269 -0.2599
vn -0.4859 -0.6759 0.5542
vn 0.0241 -0.7836 0.6208
vn 0.7836 -0.0241 0.6208
vn 0.2274 -0.9385 -0.2598
vn 0.9386 -0.2269 -0.2599
vn -0.4859 -0.6759 0.5542
vn 0.0241 -0.7836 0.6208
vn 0.7836 -0.0241 0.6208
vn 0.2274 -0.9385 -0.2598
vn 0.9386 -0.2269 -0.2599
vn -0.4859 -0.6759 0.5542
vn 0.0241 -0.7836 0.6208
vn 0.7836 -0.0241 0.6208
vn 0.2274 -0.9385 -0.2598
vn 0.9386 -0.2269 -0.2599
vn -0.4859 -0.6759 0.5542
vn 0.0241 -0.7836 0.6208
vn 0.7836 -0.0241 0.6208
vn 0.2274 -0.9385 -0.2598
vn 0.9386 -0.2269 -0.2599
vn -0.4859 -0.6759 0.5542
vn 0.0241 -0.7836 0.6208
vn 0.7836 -0.0241 0.6208
vn 0.2274 -0.9385 -0.2598
vn 0.9386 -0.2269 -0.2599
vn -0.4859 -0.6759 0.5542
vn 0.0241 -0.7836 0.6208
vn 0.7836 -0.0241 0.6208
vn 0.2274 -0.9385 -0.2598
vn 0.9386 -0.2269 -0.2599
vn -0.4859 -0.6759 0.5542
vn 0.0241 -0.7836 0.6208
vn 0.7836 -0.0241 0.6208
vn 0.7071 0.0 0.7071
vn 0.5258 0.0 0.8506
vn 0.0 -0.0 1.0
vn 0.426 0.0 0.9047
vn 0.0808 0.1651 0.983
vn 0.0178 0.2269 0.9738
vn 0.0558 0.6983 0.7136
vn 0.3474 0.5641 0.7491
vn 0.1819 0.0679 0.981
vn 0.1788 0.0657 0.9817
vn 0.5999 0.2295 0.7665
vn 0.6978 0.0672 0.7132
vn 0.6948 0.0644 0.7163
vn 0.6012 0.2303 0.7652
vn 0.6426 0.3262 0.6933
vn 0.3477 0.5703 0.7442
vn 0.25 0.5665 0.7852
vn 0.0567 0.6961 0.7157
vn -0.0 -0.0 1.0
vn 0.6425 0.3262 0.6933
vn -0.0 -0.0 1.0
vn 0.0 0.5258 0.8506
vn 0.3985 0.5864 0.7052
vn 0.1727 0.1727 0.9697
vn 0.4632 0.4632 0.7555
vn 0.5864 0.3985 0.7052
vn 0.39 0.39 0.8341
vn 0.0044 0.0044 1.0
vn 0.0 0.0089 1.0
vn 0.5258 -0.0 0.8506
vn 0.0089 -0.0 1.0
vn 0.6335 0.6335 0.4443
vn 0.5258 -0.0 0.8506
vn -0.0098 -0.0 1.0
vn 0.0089 -0.0186 0.9998
vn 0.6953 -0.0 0.7187
vn 0.4005 0.3254 0.8566
vn 0.426 0.0 0.9047
vn 0.0 4.0E-4 1.0
vn 0.0 2.0E-4 1.0
vn 0.0058 -0.0 1.0
vn 0.6948 0.0644 0.7163
vn 0.6012 0.2303 0.7652
vn 0.5961 0.3322 0.7309
vn 0.3477 0.5703 0.7442
vn 0.25 0.5665 0.7852
vn 0.0567 0.6961 0.7157
vn 0.0 0.0098 1.0
vn 0.3525 0.1302 0.9267
vn 0.1585 0.3283 0.9312
vn 0.3474 0.5641 0.7491
vn 0.5999 0.2295 0.7665
vn -0.0019 0.4322 0.9018
vn 0.0558 0.6984 0.7136
vn 0.4281 0.0014 0.9037
vn 0.6978 0.0672 0.7132
vn 0.0026 0.0154 0.9999
vn -0.02 -0.0132 0.9997
vn 0.0048 0.0142 0.9999
vn 0.0062 0.0294 0.9995
vn -1.0E-4 0.0116 0.9999
vn 0.0079 0.0104 0.9999
vn -0.0082 0.0097 0.9999
vn 0.0217 0.0096 0.9997
vn -0.0067 0.0032 1.0
vn 0.0036 0.0133 0.9999
vn 0.0034 0.0209 0.9998
vn -0.0109 -0.0255 0.9996
vn 0.2274 -0.9385 -0.2598
vn 0.9386 -0.2269 -0.2599
vn -0.4859 -0.6759 0.5542
vn 0.0241 -0.7836 0.6208
vn 0.7836 -0.0241 0.6208
vn 0.2274 -0.9385 -0.2598
vn 0.9386 -0.2269 -0.2599
vn -0.4859 -0.6759 0.5542
vn 0.0241 -0.7836 0.6208
vn 0.7836 -0.0241 0.6208
vn 0.2274 -0.9385 -0.2598
vn 0.9386 -0.2269 -0.2599
vn -0.4859 -0.6759 0.5542
vn 0.0241 -0.7836 0.6208
vn 0.7836 -0.0241 0.6208
vn 0.2274 -0.9385 -0.2598
vn 0.9386 -0.2269 -0.2599
vn -0.4859 -0.6759 0.5542
vn 0.0241 -0.7836 0.6208
vn 0.7836 -0.0241 0.6208
vn 0.2274 -0.9385 -0.2598
vn 0.9386 -0.2269 -0.2599
vn -0.4859 -0.6759 0.5542
vn 0.0241 -0.7836 0.6208
vn 0.7836 -0.0241 0.6208
vn 0.2274 -0.9385 -0.2598
vn 0.9386 -0.2269 -0.2599
vn -0.4859 -0.6759 0.5542
vn 0.0241 -0.7836 0.6208
vn 0.7836 -0.0241 0.6208
vn 0.2274 -0.9385 -0.2598
vn 0.9386 -0.2269 -0.2599
vn -0.4859 -0.6759 0.5542
vn 0.0241 -0.7836 0.6208
vn 0.7836 -0.0241 0.6208
vn 0.2274 -0.9385 -0.2598
vn 0.9386 -0.2269 -0.2599
vn -0.4859 -0.6759 0.5542
vn 0.0241 -0.7836 0.6208
vn 0.7836 -0.0241 0.6208
vn 0.2274 -0.9385 -0.2598
vn 0.9386 -0.2269 -0.2599
vn -0.4859 -0.6759 0.5542
vn 0.0241 -0.7836 0.6208
vn 0.7836 -0.0241 0.6208
vn 0.2274 -0.9385 -0.2598
vn 0.9386 -0.2269 -0.2599
vn -0.4859 -0.6759 0.5542
vn 0.0241 -0.7836 0.6208
vn 0.7836 -0.0241 0.6208
vn 0.2274 -0.9385 -0.2598
vn 0.9386 -0.2269 -0.2599
vn -0.4859 -0.6759 0.5542
vn 0.0241 -0.7836 0.6208
vn 0.7836 -0.0241 0.6208
vn 0.2274 -0.9385 -0.2598
vn 0.9386 -0.2269 -0.2599
vn -0.4859 -0.6759 0.5542
vn 0.0241 -0.7836 0.6208
vn 0.7836 -0.0241 0.6208
vn 0.2274 -0.9385 -0.2598
vn 0.9386 -0.2269 -0.2599
vn -0.4859 -0.6759 0.5542
vn 0.0241 -0.7836 0.6208
vn 0.7836 -0.0241 0.6208
vn 0.2274 -0.9385 -0.2598
vn 0.9386 -0.2269 -0.2599
vn -0.4859 -0.6759 0.5542
vn 0.0241 -0.7836 0.6208
vn 0.7836 -0.0241 0.6208
vn 0.2274 -0.9385 -0.2598
vn 0.9386 -0.2269 -0.2599
vn -0.4859 -0.6759 0.5542
vn 0.0241 -0.7836 0.6208
vn 0.7836 -0.0241 0.6208
vn 0.2274 -0.9385 -0.2598
vn 0.9386 -0.2269 -0.2599
vn -0.4859 -0.6759 0.5542
vn 0.0241 -0.7836 0.6208
vn 0.7836 -0.0241 0.6208
vn 0.2274 -0.9385 -0.2598
vn 0.9386 -0.2269 -0.2599
vn -0.4859 -0.6759 0.5542
vn 0.0241 -0.7836 0.6208
vn 0.7836 -0.0241 0.6208
vn 0.2274 -0.9385 -0.2598
vn 0.9386 -0.2269 -0.2599
vn -0.4859 -0.6759 0.5542
vn 0.0241 -0.7836 0.6208
vn 0.7836 -0.0241 0.6208
vn 0.2274 -0.9385 -0.2598
vn 0.9386 -0.2269 -0.2599
vn -0.4859 -0.6759 0.5542
vn 0.0241 -0.7836 0.6208
vn 0.7836 -0.0241 0.6208
vn 0.2274 -0.9385 -0.2598
vn 0.9386 -0.2269 -0.2599
vn -0.4859 -0.6759 0.5542
vn 0.0241 -0.7836 0.6208
vn 0.7836 -0.0241 0.6208
vn 0.2274 -0.9385 -0.2598
vn 0.9386 -0.2269 -0.2599
vn -0.4859 -0.6759 0.5542
vn 0.0241 -0.7836 0.6208
vn 0.7836 -0.0241 0.6208
vn 0.2274 -0.9385 -0.2598
vn 0.9386 -0.2269 -0.2599
vn -0.4859 -0.6759 0.5542
vn 0.0241 -0.7836 0.6208
vn 0.7836 -0.0241 0.6208
vn 0.2274 -0.9385 -0.2598
vn 0.9386 -0.2269 -0.2599
vn -0.4859 -0.6759 0.5542
vn 0.0241 -0.7836 0.6208
vn 0.7836 -0.0241 0.6208
vn 0.7071 0.0 0.7071
vn 0.5258 0.0 0.8506
vn 0.0 -0.0 1.0
vn 0.426 0.0 0.9047
vn 0.0808 0.1651 0.983
vn 0.0178 0.2269 0.9738
vn 0.0558 0.6983 0.7136
vn 0.3474 0.5641 0.7491
vn 0.1819 0.0679 0.981
vn 0.1788 0.0657 0.9817
vn 0.5999 0.2295 0.7665
vn 0.6978 0.0672 0.7132
vn 0.6948 0.0644 0.7163
vn 0.6012 0.2303 0.7652
vn 0.6426 0.3262 0.6933
vn 0.3477 0.5703 0.7442
vn 0.25 0.5665 0.7852
vn 0.0567 0.6961 0.7157
vn -0.0 -0.0 1.0
vn 0.6425 0.3262 0.6933
vn -0.0 -0.0 1.0
vn 0.0 0.5258 0.8506
vn 0.3985 0.5864 0.7052
vn 0.1727 0.1727 0.9697
vn 0.4632 0.4632 0.7555
vn 0.5864 0.3985 0.7052
vn 0.39 0.39 0.8341
vn 0.0044 0.0044 1.0
vn 0.0 0.0089 1.0
vn 0.5258 -0.0 0.8506
vn 0.0089 -0.0 1.0
vn 0.6335 0.6335 0.4443
vn 0.5258 -0.0 0.8506
vn -0.0098 -0.0 1.0
vn 0.0089 -0.0186 0.9998
vn 0.6953 -0.0 0.7187
vn 0.4005 0.3254 0.8566
vn 0.426 0.0 0.9047
vn 0.0 4.0E-4 1.0
vn 0.0 2.0E-4 1.0
vn 0.0058 -0.0 1.0
vn 0.6948 0.0644 0.7163
vn 0.6012 0.2303 0.7652
vn 0.5961 0.3322 0.7309
vn 0.3477 0.5703 0.7442
vn 0.25 0.5665 0.7852
vn 0.0567 0.6961 0.7157
vn 0.0 0.0098 1.0
vn 0.3525 0.1302 0.9267
vn 0.1585 0.3283 0.9312
vn 0.3474 0.5641 0.7491
vn 0.5999 0.2295 0.7665
vn -0.0019 0.4322 0.9018
vn 0.0558 0.6984 0.7136
vn 0.4281 0.0014 0.9037
vn 0.6978 0.0672 0.7132
vn 0.0026 0.0154 0.9999
vn -0.02 -0.0132 0.9997
vn 0.0048 0.0142 0.9999
vn 0.0062 0.0294 0.9995
vn -1.0E-4 0.0116 0.9999
vn 0.0079 0.0104 0.9999
vn -0.0082 0.0097 0.9999
vn 0.0217 0.0096 0.9997
vn -0.0067 0.0032 1.0
vn 0.0036 0.0133 0.9999
vn 0.0034 0.0209 0.9998
vn -0.0109 -0.0255 0.9996
vn 0.2274 -0.9385 -0.2598
vn 0.9386 -0.2269 -0.2599
vn -0.4859 -0.6759 0.5542
vn 0.0241 -0.7836 0.6208
vn 0.7836 -0.0241 0.6208
vn 0.2274 -0.9385 -0.2598
vn 0.9386 -0.2269 -0.2599
vn -0.4859 -0.6759 0.5542
vn 0.0241 -0.7836 0.6208
vn 0.7836 -0.0241 0.6208
vn 0.2274 -0.9385 -0.2598
vn 0.9386 -0.2269 -0.2599
vn -0.4859 -0.6759 0.5542
vn 0.0241 -0.7836 0.6208
vn 0.7836 -0.0241 0.6208
vn 0.2274 -0.9385 -0.2598
vn 0.9386 -0.2269 -0.2599
vn -0.4859 -0.6759 0.5542
vn 0.0241 -0.7836 0.6208
vn 0.7836 -0.0241 0.6208
vn 0.2274 -0.9385 -0.2598
vn 0.9386 -0.2269 -0.2599
vn -0.4859 -0.6759 0.5542
vn 0.0241 -0.7836 0.6208
vn 0.7836 -0.0241 0.6208
vn 0.2274 -0.9385 -0.2598
vn 0.9386 -0.2269 -0.2599
vn -0.4859 -0.6759 0.5542
vn 0.0241 -0.7836 0.6208
vn 0.7836 -0.0241 0.6208
vn 0.2274 -0.9385 -0.2598
vn 0.9386 -0.2269 -0.2599
vn -0.4859 -0.6759 0.5542
vn 0.0241 -0.7836 0.6208
vn 0.7836 -0.0241 0.6208
vn 0.2274 -0.9385 -0.2598
vn 0.9386 -0.2269 -0.2599
vn -0.4859 -0.6759 0.5542
vn 0.0241 -0.7836 0.6208
vn 0.7836 -0.0241 0.6208
vn 0.2274 -0.9385 -0.2598
vn 0.9386 -0.2269 -0.2599
vn -0.4859 -0.6759 0.5542
vn 0.0241 -0.7836 0.6208
vn 0.7836 -0.0241 0.6208
vn 0.2274 -0.9385 -0.2598
vn 0.9386 -0.2269 -0.2599
vn -0.4859 -0.6759 0.5542
vn 0.0241 -0.7836 0.6208
vn 0.7836 -0.0241 0.6208
vn 0.2274 -0.9385 -0.2598
vn 0.9386 -0.2269 -0.2599
vn -0.4859 -0.6759 0.5542
vn 0.0241 -0.7836 0.6208
vn 0.7836 -0.0241 0.6208
vn 0.2274 -0.9385 -0.2598
vn 0.9386 -0.2269 -0.2599
vn -0.4859 -0.6759 0.5542
vn 0.0241 -0.7836 0.6208
vn 0.7836 -0.0241 0.6208
vn 0.2274 -0.9385 -0.2598
vn 0.9386 -0.2269 -0.2599
vn -0.4859 -0.6759 0.5542
vn 0.0241 -0.7836 0.6208
vn 0.7836 -0.0241 0.6208
vn 0.2274 -0.9385 -0.2598
vn 0.9386 -0.2269 -0.2599
vn -0.4859 -0.6759 0.5542
vn 0.0241 -0.7836 0.6208
vn 0.7836 -0.0241 0.6208
vn 0.2274 -0.9385 -0.2598
vn 0.9386 -0.2269 -0.2599
vn -0.4859 -0.6759 0.5542
vn 0.0241 -0.7836 0.6208
vn 0.7836 -0.0241 0.6208
vn 0.2274 -0.9385 -0.2598
vn 0.9386 -0.2269 -0.2599
vn -0.4859 -0.6759 0.5542
vn 0.0241 -0.7836 0.6208
vn 0.7836 -0.0241 0.6208
vn 0.2274 -0.9385 -0.2598
vn 0.9386 -0.2269 -0.2599
vn -0.4859 -0.6759 0.5542
vn 0.0241 -0.7836 0.6208
vn 0.7836 -0.0241 0.6208
vn 0.2274 -0.9385 -0.2598
vn 0.9386 -0.2269 -0.2599
vn -0.4859 -0.6759 0.5542
vn 0.0241 -0.7836 0.6208
vn 0.7836 -0.0241 0.6208
vn 0.2274 -0.9385 -0.2598
vn 0.9386 -0.2269 -0.2599
vn -0.4859 -0.6759 0.5542
vn 0.0241 -0.7836 0.6208
vn 0.7836 -0.0241 0.6208
vn 0.2274 -0.9385 -0.2598
vn 0.9386 -0.2269 -0.2599
vn -0.4859 -0.6759 0.5542
vn 0.0241 -0.7836 0.6208
vn 0.7836 -0.0241 0.6208
vn 0.2274 -0.9385 -0.2598
vn 0.9386 -0.2269 -0.2599
vn -0.4859 -0.6759 0.5542
vn 0.0241 -0.7836 0.6208
vn 0.7836 -0.0241 0.6208
vn 0.2274 -0.9385 -0.2598
vn 0.9386 -0.2269 -0.2599
vn -0.4859 -0.6759 0.5542
vn 0.0241 -0.7836 0.6208
vn 0.7836 -0.0241 0.6208
vn 0.2274 -0.9385 -0.2598
vn 0.9386 -0.2269 -0.2599
vn -0.4859 -0.6759 0.5542
vn 0.0241 -0.7836 0.6208
vn 0.7836 -0.0241 0.6208
vn 0.2274 -0.9385 -0.2598
vn 0.9386 -0.2269 -0.2599
vn -0.4859 -0.6759 0.5542
vn 0.0241 -0.7836 0.6208
vn 0.7836 -0.0241 0.6208
vn 0.2274 -0.9385 -0.2598
vn 0.9386 -0.2269 -0.2599
vn -0.4859 -0.6759 0.5542
vn 0.0241 -0.7836 0.6208
vn 0.7836 -0.0241 0.6208
vn 0.5258 -0.0 0.8506
vn -0.0098 -0.0 1.0
vn 0.0089 -0.0186 0.9998
vn 0.6953 -0.0 0.7187
vn 0.4005 0.3254 0.8566
vn 0.426 0.0 0.9047
vn 0.0 4.0E-4 1.0
vn 0.0 2.0E-4 1.0
vn 0.0058 -0.0 1.0
vn 0.6948 0.0644 0.7163
vn 0.6012 0.2303 0.7652
vn 0.5961 0.3322 0.7309
vn 0.3477 0.5703 0.7442
vn 0.25 0.5665 0.7852
vn 0.0567 0.6961 0.7157
vn 0.0 0.0098 1.0
vn 0.3525 0.1302 0.9267
vn 0.1585 0.3283 0.9312
vn 0.3474 0.5641 0.7491
vn 0.5999 0.2295 0.7665
vn -0.0019 0.4322 0.9018
vn 0.0558 0.6984 0.7136
vn 0.4281 0.0014 0.9037
vn 0.6978 0.0672 0.7132
vn 0.0026 0.0154 0.9999
vn -0.02 -0.0132 0.9997
vn 0.0048 0.0142 0.9999
vn 0.0062 0.0294 0.9995
vn -1.0E-4 0.0116 0.9999
vn 0.0079 0.0104 0.9999
vn -0.0082 0.0097 0.9999
vn 0.0217 0.0096 0.9997
vn -0.0067 0.0032 1.0
vn 0.0036 0.0133 0.9999
vn 0.0034 0.0209 0.9998
vn -0.0109 -0.0255 0.9996
vn 0.2274 -0.9385 -0.2598
vn 0.9386 -0.2269 -0.2599
vn -0.4859 -0.6759 0.5542
vn 0.0241 -0.7836 0.6208
vn 0.7836 -0.0241 0.6208
vn 0.2274 -0.9385 -0.2598
vn 0.9386 -0.2269 -0.2599
vn -0.4859 -0.6759 0.5542
vn 0.0241 -0.7836 0.6208
vn 0.7836 -0.0241 0.6208
vn 0.2274 -0.9385 -0.2598
vn 0.9386 -0.2269 -0.2599
vn -0.4859 -0.6759 0.5542
vn 0.0241 -0.7836 0.6208
vn 0.7836 -0.0241 0.6208
vn 0.2274 -0.9385 -0.2598
vn 0.9386 -0.2269 -0.2599
vn -0.4859 -0.6759 0.5542
vn 0.0241 -0.7836 0.6208
vn 0.7836 -0.0241 0.6208
vn 0.2274 -0.9385 -0.2598
vn 0.9386 -0.2269 -0.2599
vn -0.4859 -0.6759 0.5542
vn 0.0241 -0.7836 0.6208
vn 0.7836 -0.0241 0.6208
vn 0.2274 -0.9385 -0.2598
vn 0.9386 -0.2269 -0.2599
vn -0.4859 -0.6759 0.5542
vn 0.0241 -0.7836 0.6208
vn 0.7836 -0.0241 0.6208
vn 0.2274 -0.9385 -0.2598
vn 0.9386 -0.2269 -0.2599
vn -0.4859 -0.6759 0.5542
vn 0.0241 -0.7836 0.6208
vn 0.7836 -0.0241 0.6208
vn 0.2274 -0.9385 -0.2598
vn 0.9386 -0.2269 -0.2599
vn -0.4859 -0.6759 0.5542
vn 0.0241 -0.7836 0.6208
vn 0.7836 -0.0241 0.6208
vn 0.2274 -0.9385 -0.2598
vn 0.9386 -0.2269 -0.2599
vn -0.4859 -0.6759 0.5542
vn 0.0241 -0.7836 0.6208
vn 0.7836 -0.0241 0.6208
vn 0.2274 -0.9385 -0.2598
vn 0.9386 -0.2269 -0.2599
vn -0.4859 -0.6759 0.5542
vn 0.0241 -0.7836 0.6208
vn 0.7836 -0.0241 0.6208
vn 0.2274 -0.9385 -0.2598
vn 0.9386 -0.2269 -0.2599
vn -0.4859 -0.6759 0.5542
vn 0.0241 -0.7836 0.6208
vn 0.7836 -0.0241 0.6208
vn 0.2274 -0.9385 -0.2598
vn 0.9386 -0.2269 -0.2599
vn -0.4859 -0.6759 0.5542
vn 0.0241 -0.7836 0.6208
vn 0.7836 -0.0241 0.6208
vn 0.2274 -0.9385 -0.2598
vn 0.9386 -0.2269 -0.2599
vn -0.4859 -0.6759 0.5542
vn 0.0241 -0.7836 0.6208
vn 0.7836 -0.0241 0.6208
vn 0.2274 -0.9385 -0.2598
vn 0.9386 -0.2269 -0.2599
vn -0.4859 -0.6759 0.5542
vn 0.0241 -0.7836 0.6208
vn 0.7836 -0.0241 0.6208
vn 0.2274 -0.9385 -0.2598
vn 0.9386 -0.2269 -0.2599
vn -0.4859 -0.6759 0.5542
vn 0.0241 -0.7836 0.6208
vn 0.7836 -0.0241 0.6208
vn 0.2274 -0.9385 -0.2598
vn 0.9386 -0.2269 -0.2599
vn -0.4859 -0.6759 0.5542
vn 0.0241 -0.7836 0.6208
vn 0.7836 -0.0241 0.6208
vn 0.2274 -0.9385 -0.2598
vn 0.9386 -0.2269 -0.2599
vn -0.4859 -0.6759 0.5542
vn 0.0241 -0.7836 0.6208
vn 0.7836 -0.0241 0.6208
vn 0.2274 -0.9385 -0.2598
vn 0.9386 -0.2269 -0.2599
vn -0.4859 -0.6759 0.5542
vn 0.0241 -0.7836 0.6208
vn 0.7836 -0.0241 0.6208
vn 0.2274 -0.9385 -0.2598
vn 0.9386 -0.2269 -0.2599
vn -0.4859 -0.6759 0.5542
vn 0.0241 -0.7836 0.6208
vn 0.7836 -0.0241 0.6208
vn 0.2274 -0.9385 -0.2598
vn 0.9386 -0.2269 -0.2599
vn -0.4859 -0.6759 0.5542
vn 0.0241 -0.7836 0.6208
vn 0.7836 -0.0241 0.6208
vn 0.2274 -0.9385 -0.2598
vn 0.9386 -0.2269 -0.2599
vn -0.4859 -0.6759 0.5542
vn 0.0241 -0.7836 0.6208
vn 0.7836 -0.0241 0.6208
vn 0.2274 -0.9385 -0.2598
vn 0.9386 -0.2269 -0.2599
vn -0.4859 -0.6759 0.5542
vn 0.0241 -0.7836 0.6208
vn 0.7836 -0.0241 0.6208
vn 0.2274 -0.9385 -0.2598
vn 0.9386 -0.2269 -0.2599
vn -0.4859 -0.6759 0.5542
vn 0.0241 -0.7836 0.6208
vn 0.7836 -0.0241 0.6208
vn 0.2274 -0.9385 -0.2598
vn 0.9386 -0.2269 -0.2599
vn -0.4859 -0.6759 0.5542
vn 0.0241 -0.7836 0.6208
vn 0.7836 -0.0241 0.6208
vn 0.2274 -0.9385 -0.2598
vn 0.9386 -0.2269 -0.2599
vn -0.4859 -0.6759 0.5542
vn 0.0241 -0.7836 0.6208
vn 0.7836 -0.0241 0.6208
vn 0.2274 -0.9385 -0.2598
vn 0.9386 -0.2269 -0.2599
vn -0.4859 -0.6759 0.5542
vn 0.0241 -0.7836 0.6208
vn 0.7836 -0.0241 0.6208
vn 0.2274 -0.9385 -0.2598
vn 0.9386 -0.2269 -0.2599
vn -0.4859 -0.6759 0.5542
vn 0.0241 -0.7836 0.6208
vn 0.7836 -0.0241 0.6208
vn 0.2274 -0.9385 -0.2598
vn 0.9386 -0.2269 -0.2599
vn -0.4859 -0.6759 0.5542
vn 0.0241 -0.7836 0.6208
vn 0.7836 -0.0241 0.6208
vn 0.2274 -0.9385 -0.2598
vn 0.9386 -0.2269 -0.2599
vn -0.4859 -0.6759 0.5542
vn 0.0241 -0.7836 0.6208
vn 0.7836 -0.0241 0.6208
vn 0.2274 -0.9385 -0.2598
vn 0.9386 -0.2269 -0.2599
vn -0.4859 -0.6759 0.5542
vn 0.0241 -0.7836 0.6208
vn 0.7836 -0.0241 0.6208
vn 0.2274 -0.9385 -0.2598
vn 0.9386 -0.2269 -0.2599
vn -0.4859 -0.6759 0.5542
vn 0.0241 -0.7836 0.6208
vn 0.7836 -0.0241 0.6208
vn 0.2274 -0.9385 -0.2598
vn 0.9386 -0.2269 -0.2599
vn -0.4859 -0.6759 0.5542
vn 0.0241 -0.7836 0.6208
vn 0.7836 -0.0241 0.6208
vn 0.2274 -0.9385 -0.2598
vn 0.9386 -0.2269 -0.2599
vn -0.4859 -0.6759 0.5542
vn 0.0241 -0.7836 0.6208
vn 0.7836 -0.0241 0.6208
vn 0.2274 -0.9385 -0.2598
vn 0.9386 -0.2269 -0.2599
vn -0.4859 -0.6759 0.5542
vn 0.0241 -0.7836 0.6208
vn 0.7836 -0.0241 0.6208
vn 0.2274 -0.9385 -0.2598
vn 0.9386 -0.2269 -0.2599
vn -0.4859 -0.6759 0.5542
vn 0.0241 -0.7836 0.6208
vn 0.7836 -0.0241 0.6208
vn 0.2274 -0.9385 -0.2598
vn 0.9386 -0.2269 -0.2599
vn -0.4859 -0.6759 0.5542
vn 0.0241 -0.7836 0.6208
vn 0.7836 -0.0241 0.6208
vn 0.2274 -0.9385 -0.2598
vn 0.9386 -0.2269 -0.2599
vn -0.4859 -0.6759 0.5542
vn 0.0241 -0.7836 0.6208
vn 0.7836 -0.0241 0.6208
vn 0.2274 -0.9385 -0.2598
vn 0.9386 -0.2269 -0.2599
vn -0.4859 -0.6759 0.5542
vn 0.0241 -0.7836 0.6208
vn 0.7836 -0.0241 0.6208
vn 0.2274 -0.9385 -0.2598
vn 0.9386 -0.2269 -0.2599
vn -0.4859 -0.6759 0.5542
vn 0.0241 -0.7836 0.6208
vn 0.7836 -0.0241 0.6208
vn 0.2274 -0.9385 -0.2598
vn 0.9386 -0.2269 -0.2599
vn -0.4859 -0.6759 0.5542
vn 0.0241 -0.7836 0.6208
vn 0.7836 -0.0241 0.6208
vn 0.2274 -0.9385 -0.2598
vn 0.9386 -0.2269 -0.2599
vn -0.4859 -0.6759 0.5542
vn 0.0241 -0.7836 0.6208
vn 0.7836 -0.0241 0.6208
vn 0.2274 -0.9385 -0.2598
vn 0.9386 -0.2269 -0.2599
vn -0.4859 -0.6759 0.5542
vn 0.0241 -0.7836 0.6208
vn 0.7836 -0.0241 0.6208
vn 0.2274 -0.9385 -0.2598
vn 0.9386 -0.2269 -0.2599
vn -0.4859 -0.6759 0.5542
vn 0.0241 -0.7836 0.6208
vn 0.7836 -0.0241 0.6208
vn 0.2274 -0.9385 -0.2598
vn 0.9386 -0.2269 -0.2599
vn -0.4859 -0.6759 0.5542
vn 0.0241 -0.7836 0.6208
vn 0.7836 -0.0241 0.6208
vn 0.2274 -0.9385 -0.2598
vn 0.9386 -0.2269 -0.2599
vn -0.4859 -0.6759 0.5542
vn 0.0241 -0.7836 0.6208
vn 0.7836 -0.0241 0.6208
vn 0.2274 -0.9385 -0.2598
vn 0.9386 -0.2269 -0.2599
vn -0.4859 -0.6759 0.5542
vn 0.0241 -0.7836 0.6208
vn 0.7836 -0.0241 0.6208
vn 0.2274 -0.9385 -0.2598
vn 0.9386 -0.2269 -0.2599
vn -0.4859 -0.6759 0.5542
vn 0.0241 -0.7836 0.6208
vn 0.7836 -0.0241 0.6208
vn 0.2274 -0.9385 -0.2598
vn 0.9386 -0.2269 -0.2599
vn -0.4859 -0.6759 0.5542
vn 0.0241 -0.7836 0.6208
vn 0.7836 -0.0241 0.6208
vn 0.2274 -0.9385 -0.2598
vn 0.9386 -0.2269 -0.2599
vn -0.4859 -0.6759 0.5542
vn 0.0241 -0.7836 0.6208
vn 0.7836 -0.0241 0.6208
vn 0.2274 -0.9385 -0.2598
vn 0.9386 -0.2269 -0.2599
vn -0.4859 -0.6759 0.5542
vn 0.0241 -0.7836 0.6208
vn 0.7836 -0.0241 0.6208
vn 0.2274 -0.9385 -0.2598
vn 0.9386 -0.2269 -0.2599
vn -0.4859 -0.6759 0.5542
vn 0.0241 -0.7836 0.6208
vn 0.7836 -0.0241 0.6208
vn 0.2274 -0.9385 -0.2598
vn 0.9386 -0.2269 -0.2599
vn -0.4859 -0.6759 0.5542
vn 0.0241 -0.7836 0.6208
vn 0.7836 -0.0241 0.6208
vn 0.2274 -0.9385 -0.2598
vn 0.9386 -0.2269 -0.2599
vn -0.4859 -0.6759 0.5542
vn 0.0241 -0.7836 0.6208
vn 0.7836 -0.0241 0.6208
vn 0.2274 -0.9385 -0.2598
vn 0.9386 -0.2269 -0.2599
vn -0.4859 -0.6759 0.5542
vn 0.0241 -0.7836 0.6208
vn 0.7836 -0.0241 0.6208
vn 0.2274 -0.9385 -0.2598
vn 0.9386 -0.2269 -0.2599
vn -0.4859 -0.6759 0.5542
vn 0.0241 -0.7836 0.6208
vn 0.7836 -0.0241 0.6208
vn 0.2274 -0.9385 -0.2598
vn 0.9386 -0.2269 -0.2599
vn -0.4859 -0.6759 0.5542
vn 0.0241 -0.7836 0.6208
vn 0.7836 -0.0241 0.6208
vn 0.2274 -0.9385 -0.2598
vn 0.9386 -0.2269 -0.2599
vn -0.4859 -0.6759 0.5542
vn 0.0241 -0.7836 0.6208
vn 0.7836 -0.0241 0.6208
vn 0.2274 -0.9385 -0.2598
vn 0.9386 -0.2269 -0.2599
vn -0.4859 -0.6759 0.5542
vn 0.0241 -0.7836 0.6208
vn 0.7836 -0.0241 0.6208
vn 0.2274 -0.9385 -0.2598
vn 0.9386 -0.2269 -0.2599
vn -0.4859 -0.6759 0.5542
vn 0.0241 -0.7836 0.6208
vn 0.7836 -0.0241 0.6208
vn 0.2274 -0.9385 -0.2598
vn 0.9386 -0.2269 -0.2599
vn -0.4859 -0.6759 0.5542
vn 0.0241 -0.7836 0.6208
vn 0.7836 -0.0241 0.6208
vn 0.2274 -0.9385 -0.2598
vn 0.9386 -0.2269 -0.2599
vn -0.4859 -0.6759 0.5542
vn 0.0241 -0.7836 0.6208
vn 0.7836 -0.0241 0.6208
vn 0.2274 -0.9385 -0.2598
vn 0.9386 -0.2269 -0.2599
vn -0.4859 -0.6759 0.5542
vn 0.0241 -0.7836 0.6208
vn 0.7836 -0.0241 0.6208
vn 0.2274 -0.9385 -0.2598
vn 0.9386 -0.2269 -0.2599
vn -0.4859 -0.6759 0.5542
vn 0.0241 -0.7836 0.6208
vn 0.7836 -0.0241 0.6208
vn 0.2274 -0.9385 -0.2598
vn 0.9386 -0.2269 -0.2599
vn -0.4859 -0.6759 0.5542
vn 0.0241 -0.7836 0.6208
vn 0.7836 -0.0241 0.6208
vn 0.2274 -0.9385 -0.2598
vn 0.9386 -0.2269 -0.2599
vn -0.4859 -0.6759 0.5542
vn 0.0241 -0.7836 0.6208
vn 0.7836 -0.0241 0.6208
vn 0.2274 -0.9385 -0.2598
vn 0.9386 -0.2269 -0.2599
vn -0.4859 -0.6759 0.5542
vn 0.0241 -0.7836 0.6208
vn 0.7836 -0.0241 0.6208
vn 0.2274 -0.9385 -0.2598
vn 0.9386 -0.2269 -0.2599
vn -0.4859 -0.6759 0.5542
vn 0.0241 -0.7836 0.6208
vn 0.7836 -0.0241 0.6208
vn 0.2274 -0.9385 -0.2598
vn 0.9386 -0.2269 -0.2599
vn -0.4859 -0.6759 0.5542
vn 0.0241 -0.7836 0.6208
vn 0.7836 -0.0241 0.6208
vn 0.2274 -0.9385 -0.2598
vn 0.9386 -0.2269 -0.2599
vn -0.4859 -0.6759 0.5542
vn 0.0241 -0.7836 0.6208
vn 0.7836 -0.0241 0.6208
vn 0.2274 -0.9385 -0.2598
vn 0.9386 -0.2269 -0.2599
vn -0.4859 -0.6759 0.5542
vn 0.0241 -0.7836 0.6208
vn 0.7836 -0.0241 0.6208
vn 0.2274 -0.9385 -0.2598
vn 0.9386 -0.2269 -0.2599
vn -0.4859 -0.6759 0.5542
vn 0.0241 -0.7836 0.6208
vn 0.7836 -0.0241 0.6208
vn 0.2274 -0.9385 -0.2598
vn 0.9386 -0.2269 -0.2599
vn -0.4859 -0.6759 0.5542
vn 0.0241 -0.7836 0.6208
vn 0.7836 -0.0241 0.6208
vn 0.2274 -0.9385 -0.2598
vn 0.9386 -0.2269 -0.2599
vn -0.4859 -0.6759 0.5542
vn 0.0241 -0.7836 0.6208
vn 0.7836 -0.0241 0.6208
vn 0.2274 -0.9385 -0.2598
vn 0.9386 -0.2269 -0.2599
vn -0.4859 -0.6759 0.5542
vn 0.0241 -0.7836 0.6208
vn 0.7836 -0.0241 0.6208
vn 0.2274 -0.9385 -0.2598
vn 0.9386 -0.2269 -0.2599
vn -0.4859 -0.6759 0.5542
vn 0.0241 -0.7836 0.6208
vn 0.7836 -0.0241 0.6208
vn 0.2274 -0.9385 -0.2598
vn 0.9386 -0.2269 -0.2599
vn -0.4859 -0.6759 0.5542
vn 0.0241 -0.7836 0.6208
vn 0.7836 -0.0241 0.6208
vn 0.2274 -0.9385 -0.2598
vn 0.9386 -0.2269 -0.2599
vn -0.4859 -0.6759 0.5542
vn 0.0241 -0.7836 0.6208
vn 0.7836 -0.0241 0.6208
vn 0.2274 -0.9385 -0.2598
vn 0.9386 -0.2269 -0.2599
vn -0.4859 -0.6759 0.5542
vn 0.0241 -0.7836 0.6208
vn 0.7836 -0.0241 0.6208
vn 0.2274 -0.9385 -0.2598
vn 0.9386 -0.2269 -0.2599
vn -0.4859 -0.6759 0.5542
vn 0.0241 -0.7836 0.6208
vn 0.7836 -0.0241 0.6208
vn 0.2274 -0.9385 -0.2598
vn 0.9386 -0.2269 -0.2599
vn -0.4859 -0.6759 0.5542
vn 0.0241 -0.7836 0.6208
vn 0.7836 -0.0241 0.6208
vn 0.2274 -0.9385 -0.2598
vn 0.9386 -0.2269 -0.2599
vn -0.4859 -0.6759 0.5542
vn 0.0241 -0.7836 0.6208
vn 0.7836 -0.0241 0.6208
vn 0.2274 -0.9385 -0.2598
vn 0.9386 -0.2269 -0.2599
vn -0.4859 -0.6759 0.5542
vn 0.0241 -0.7836 0.6208
vn 0.7836 -0.0241 0.6208
vn 0.2274 -0.9385 -0.2598
vn 0.9386 -0.2269 -0.2599
vn -0.4859 -0.6759 0.5542
vn 0.0241 -0.7836 0.6208
vn 0.7836 -0.0241 0.6208
vn 0.2274 -0.9385 -0.2598
vn 0.9386 -0.2269 -0.2599
vn -0.4859 -0.6759 0.5542
vn 0.0241 -0.7836 0.6208
vn 0.7836 -0.0241 0.6208
vn 0.2274 -0.9385 -0.2598
vn 0.9386 -0.2269 -0.2599
vn -0.4859 -0.6759 0.5542
vn 0.0241 -0.7836 0.6208
vn 0.7836 -0.0241 0.6208
vn 0.2274 -0.9385 -0.2598
vn 0.9386 -0.2269 -0.2599
vn -0.4859 -0.6759 0.5542
vn 0.0241 -0.7836 0.6208
vn 0.7836 -0.0241 0.6208
vn 0.2274 -0.9385 -0.2598
vn 0.9386 -0.2269 -0.2599
vn -0.4859 -0.6759 0.5542
vn 0.0241 -0.7836 0.6208
vn 0.7836 -0.0241 0.6208
vn 0.2274 -0.9385 -0.2598
vn 0.9386 -0.2269 -0.2599
vn -0.4859 -0.6759 0.5542
vn 0.0241 -0.7836 0.6208
vn 0.7836 -0.0241 0.6208
vn 0.2274 -0.9385 -0.2598
vn 0.9386 -0.2269 -0.2599
vn -0.4859 -0.6759 0.5542
vn 0.0241 -0.7836 0.6208
vn 0.7836 -0.0241 0.6208
vn 0.2274 -0.9385 -0.2598
vn 0.9386 -0.2269 -0.2599
vn -0.4859 -0.6759 0.5542
vn 0.0241 -0.7836 0.6208
vn 0.7836 -0.0241 0.6208
vn 0.2274 -0.9385 -0.2598
vn 0.9386 -0.2269 -0.2599
vn -0.4859 -0.6759 0.5542
vn 0.0241 -0.7836 0.6208
vn 0.7836 -0.0241 0.6208
vn 0.2274 -0.9385 -0.2598
vn 0.9386 -0.2269 -0.2599
vn -0.4859 -0.6759 0.5542
vn 0.0241 -0.7836 0.6208
vn 0.7836 -0.0241 0.6208
vn 0.2274 -0.9385 -0.2598
vn 0.9386 -0.2269 -0.2599
vn -0.4859 -0.6759 0.5542
vn 0.0241 -0.7836 0.6208
vn 0.7836 -0.0241 0.6208
vn 0.2274 -0.9385 -0.2598
vn 0.9386 -0.2269 -0.2599
vn -0.4859 -0.6759 0.5542
vn 0.0241 -0.7836 0.6208
vn 0.7836 -0.0241 0.6208
vn 0.2274 -0.9385 -0.2598
vn 0.9386 -0.2269 -0.2599
vn -0.4859 -0.6759 0.5542
vn 0.0241 -0.7836 0.6208
vn 0.7836 -0.0241 0.6208
vn 0.2274 -0.9385 -0.2598
vn 0.9386 -0.2269 -0.2599
vn -0.4859 -0.6759 0.5542
vn 0.0241 -0.7836 0.6208
vn 0.7836 -0.0241 0.6208
vn 0.2274 -0.9385 -0.2598
vn 0.9386 -0.2269 -0.2599
vn -0.4859 -0.6759 0.5542
vn 0.0241 -0.7836 0.6208
vn 0.7836 -0.0241 0.6208
vn 0.2274 -0.9385 -0.2598
vn 0.9386 -0.2269 -0.2599
vn -0.4859 -0.6759 0.5542
vn 0.0241 -0.7836 0.6208
vn 0.7836 -0.0241 0.6208
vn 0.2274 -0.9385 -0.2598
vn 0.9386 -0.2269 -0.2599
vn -0.4859 -0.6759 0.5542
vn 0.0241 -0.7836 0.6208
vn 0.7836 -0.0241 0.6208
vn 0.2274 -0.9385 -0.2598
vn 0.9386 -0.2269 -0.2599
vn -0.4859 -0.6759 0.5542
vn 0.0241 -0.7836 0.6208
vn 0.7836 -0.0241 0.6208
vn 0.2274 -0.9385 -0.2598
vn 0.9386 -0.2269 -0.2599
vn -0.4859 -0.6759 0.5542
vn 0.0241 -0.7836 0.6208
vn 0.7836 -0.0241 0.6208
vn 0.2274 -0.9385 -0.2598
vn 0.9386 -0.2269 -0.2599
vn -0.4859 -0.6759 0.5542
vn 0.0241 -0.7836 0.6208
vn 0.7836 -0.0241 0.6208
vn 0.2274 -0.9385 -0.2598
vn 0.9386 -0.2269 -0.2599
vn -0.4859 -0.6759 0.5542
vn 0.0241 -0.7836 0.6208
vn 0.7836 -0.0241 0.6208
vn 0.2274 -0.9385 -0.2598
vn 0.9386 -0.2269 -0.2599
vn -0.4859 -0.6759 0.5542
vn 0.0241 -0.7836 0.6208
vn 0.7836 -0.0241 0.6208
vn 0.2274 -0.9385 -0.2598
vn 0.9386 -0.2269 -0.2599
vn -0.4859 -0.6759 0.5542
vn 0.0241 -0.7836 0.6208
vn 0.7836 -0.0241 0.6208
vn 0.2274 -0.9385 -0.2598
vn 0.9386 -0.2269 -0.2599
vn -0.4859 -0.6759 0.5542
vn 0.0241 -0.7836 0.6208
vn 0.7836 -0.0241 0.6208
vn 0.2274 -0.9385 -0.2598
vn 0.9386 -0.2269 -0.2599
vn -0.4859 -0.6759 0.5542
vn 0.0241 -0.7836 0.6208
vn 0.7836 -0.0241 0.6208
vn 0.2274 -0.9385 -0.2598
vn 0.9386 -0.2269 -0.2599
vn -0.4859 -0.6759 0.5542
vn 0.0241 -0.7836 0.6208
vn 0.7836 -0.0241 0.6208
vn 0.2274 -0.9385 -0.2598
vn 0.9386 -0.2269 -0.2599
vn -0.4859 -0.6759 0.5542
vn 0.0241 -0.7836 0.6208
vn 0.7836 -0.0241 0.6208
vn 0.2274 -0.9385 -0.2598
vn 0.9386 -0.2269 -0.2599
vn -0.4859 -0.6759 0.5542
vn 0.0241 -0.7836 0.6208
vn 0.7836 -0.0241 0.6208
vn 0.2274 -0.9385 -0.2598
vn 0.9386 -0.2269 -0.2599
vn -0.4859 -0.6759 0.5542
vn 0.0241 -0.7836 0.6208
vn 0.7836 -0.0241 0.6208
vn 0.2274 -0.9385 -0.2598
vn 0.9386 -0.2269 -0.2599
vn -0.4859 -0.6759 0.5542
vn 0.0241 -0.7836 0.6208
vn 0.7836 -0.0241 0.6208
vn 0.2274 -0.9385 -0.2598
vn 0.9386 -0.2269 -0.2599
vn -0.4859 -0.6759 0.5542
vn 0.0241 -0.7836 0.6208
vn 0.7836 -0.0241 0.6208
vn 0.2274 -0.9385 -0.2598
vn 0.9386 -0.2269 -0.2599
vn -0.4859 -0.6759 0.5542
vn 0.0241 -0.7836 0.6208
vn 0.7836 -0.0241 0.6208
vn 0.2274 -0.9385 -0.2598
vn 0.9386 -0.2269 -0.2599
vn -0.4859 -0.6759 0.5542
vn 0.0241 -0.7836 0.6208
vn 0.7836 -0.0241 0.6208
vn 0.2274 -0.9385 -0.2598
vn 0.9386 -0.2269 -0.2599
vn -0.4859 -0.6759 0.5542
vn 0.0241 -0.7836 0.6208
vn 0.7836 -0.0241 0.6208
vn 0.2274 -0.9385 -0.2598
vn 0.9386 -0.2269 -0.2599
vn -0.4859 -0.6759 0.5542
vn 0.0241 -0.7836 0.6208
vn 0.7836 -0.0241 0.6208
vn 0.2274 -0.9385 -0.2598
vn 0.9386 -0.2269 -0.2599
vn -0.4859 -0.6759 0.5542
vn 0.0241 -0.7836 0.6208
vn 0.7836 -0.0241 0.6208
vn 0.2274 -0.9385 -0.2598
vn 0.9386 -0.2269 -0.2599
vn -0.4859 -0.6759 0.5542
vn 0.0241 -0.7836 0.6208
vn 0.7836 -0.0241 0.6208
vn 0.2274 -0.9385 -0.2598
vn 0.9386 -0.2269 -0.2599
vn -0.4859 -0.6759 0.5542
vn 0.0241 -0.7836 0.6208
vn 0.7836 -0.0241 0.6208
vn 0.2274 -0.9385 -0.2598
vn 0.9386 -0.2269 -0.2599
vn -0.4859 -0.6759 0.5542
vn 0.0241 -0.7836 0.6208
vn 0.7836 -0.0241 0.6208
vn 0.2274 -0.9385 -0.2598
vn 0.9386 -0.2269 -0.2599
vn -0.4859 -0.6759 0.5542
vn 0.0241 -0.7836 0.6208
vn 0.7836 -0.0241 0.6208
vn 0.2274 -0.9385 -0.2598
vn 0.9386 -0.2269 -0.2599
vn -0.4859 -0.6759 0.5542
vn 0.0241 -0.7836 0.6208
vn 0.7836 -0.0241 0.6208
vn 0.2274 -0.9385 -0.2598
vn 0.9386 -0.2269 -0.2599
vn -0.4859 -0.6759 0.5542
vn 0.0241 -0.7836 0.6208
vn 0.7836 -0.0241 0.6208
vn 0.2274 -0.9385 -0.2598
vn 0.9386 -0.2269 -0.2599
vn -0.4859 -0.6759 0.5542
vn 0.0241 -0.7836 0.6208
vn 0.7836 -0.0241 0.6208
vn 0.2274 -0.9385 -0.2598
vn 0.9386 -0.2269 -0.2599
vn -0.4859 -0.6759 0.5542
vn 0.0241 -0.7836 0.6208
vn 0.7836 -0.0241 0.6208
vn 0.2274 -0.9385 -0.2598
vn 0.9386 -0.2269 -0.2599
vn -0.4859 -0.6759 0.5542
vn 0.0241 -0.7836 0.6208
vn 0.7836 -0.0241 0.6208
vn 0.2274 -0.9385 -0.2598
vn 0.9386 -0.2269 -0.2599
vn -0.4859 -0.6759 0.5542
vn 0.0241 -0.7836 0.6208
vn 0.7836 -0.0241 0.6208
vn 0.2274 -0.9385 -0.2598
vn 0.9386 -0.2269 -0.2599
vn -0.4859 -0.6759 0.5542
vn 0.0241 -0.7836 0.6208
vn 0.7836 -0.0241 0.6208
vn 0.2274 -0.9385 -0.2598
vn 0.9386 -0.2269 -0.2599
vn -0.4859 -0.6759 0.5542
vn 0.0241 -0.7836 0.6208
vn 0.7836 -0.0241 0.6208
vn 0.2274 -0.9385 -0.2598
vn 0.9386 -0.2269 -0.2599
vn -0.4859 -0.6759 0.5542
vn 0.0241 -0.7836 0.6208
vn 0.7836 -0.0241 0.6208
vn 0.2274 -0.9385 -0.2598
vn 0.9386 -0.2269 -0.2599
vn -0.4859 -0.6759 0.5542
vn 0.0241 -0.7836 0.6208
vn 0.7836 -0.0241 0.6208
vn 0.2274 -0.9385 -0.2598
vn 0.9386 -0.2269 -0.2599
vn -0.4859 -0.6759 0.5542
vn 0.0241 -0.7836 0.6208
vn 0.7836 -0.0241 0.6208
vn 0.2274 -0.9385 -0.2598
vn 0.9386 -0.2269 -0.2599
vn -0.4859 -0.6759 0.5542
vn 0.0241 -0.7836 0.6208
vn 0.7836 -0.0241 0.6208
vn 0.2274 -0.9385 -0.2598
vn 0.9386 -0.2269 -0.2599
vn -0.4859 -0.6759 0.5542
vn 0.0241 -0.7836 0.6208
vn 0.7836 -0.0241 0.6208
vn 0.2274 -0.9385 -0.2598
vn 0.9386 -0.2269 -0.2599
vn -0.4859 -0.6759 0.5542
vn 0.0241 -0.7836 0.6208
vn 0.7836 -0.0241 0.6208
vn 0.2274 -0.9385 -0.2598
vn 0.9386 -0.2269 -0.2599
vn -0.4859 -0.6759 0.5542
vn 0.0241 -0.7836 0.6208
vn 0.7836 -0.0241 0.6208
vn 0.2274 -0.9385 -0.2598
vn 0.9386 -0.2269 -0.2599
vn -0.4859 -0.6759 0.5542
vn 0.0241 -0.7836 0.6208
vn 0.7836 -0.0241 0.6208
vn 0.2274 -0.9385 -0.2598
vn 0.9386 -0.2269 -0.2599
vn -0.4859 -0.6759 0.5542
vn 0.0241 -0.7836 0.6208
vn 0.7836 -0.0241 0.6208
vn 0.2274 -0.9385 -0.2598
vn 0.9386 -0.2269 -0.2599
vn -0.4859 -0.6759 0.5542
vn 0.0241 -0.7836 0.6208
vn 0.7836 -0.0241 0.6208
vn 0.2274 -0.9385 -0.2598
vn 0.9386 -0.2269 -0.2599
vn -0.4859 -0.6759 0.5542
vn 0.0241 -0.7836 0.6208
vn 0.7836 -0.0241 0.6208
vn 0.2274 -0.9385 -0.2598
vn 0.9386 -0.2269 -0.2599
vn -0.4859 -0.6759 0.5542
vn 0.0241 -0.7836 0.6208
vn 0.7836 -0.0241 0.6208
vn 0.2274 -0.9385 -0.2598
vn 0.9386 -0.2269 -0.2599
vn -0.4859 -0.6759 0.5542
vn 0.0241 -0.7836 0.6208
vn 0.7836 -0.0241 0.6208
vn 0.2274 -0.9385 -0.2598
vn 0.9386 -0.2269 -0.2599
vn -0.4859 -0.6759 0.5542
vn 0.0241 -0.7836 0.6208
vn 0.7836 -0.0241 0.6208
vn 0.2274 -0.9385 -0.2598
vn 0.9386 -0.2269 -0.2599
vn -0.4859 -0.6759 0.5542
vn 0.0241 -0.7836 0.6208
vn 0.7836 -0.0241 0.6208
vn 0.2274 -0.9385 -0.2598
vn 0.9386 -0.2269 -0.2599
vn -0.4859 -0.6759 0.5542
vn 0.0241 -0.7836 0.6208
vn 0.7836 -0.0241 0.6208
vn 0.2274 -0.9385 -0.2598
vn 0.9386 -0.2269 -0.2599
vn -0.4859 -0.6759 0.5542
vn 0.0241 -0.7836 0.6208
vn 0.7836 -0.0241 0.6208
vn 0.2274 -0.9385 -0.2598
vn 0.9386 -0.2269 -0.2599
vn -0.4859 -0.6759 0.5542
vn 0.0241 -0.7836 0.6208
vn 0.7836 -0.0241 0.6208
vn 0.2274 -0.9385 -0.2598
vn 0.9386 -0.2269 -0.2599
vn -0.4859 -0.6759 0.5542
vn 0.0241 -0.7836 0.6208
vn 0.7836 -0.0241 0.6208
vn 0.2274 -0.9385 -0.2598
vn 0.9386 -0.2269 -0.2599
vn -0.4859 -0.6759 0.5542
vn 0.0241 -0.7836 0.6208
vn 0.7836 -0.0241 0.6208
vn 0.2274 -0.9385 -0.2598
vn 0.9386 -0.2269 -0.2599
vn -0.4859 -0.6759 0.5542
vn 0.0241 -0.7836 0.6208
vn 0.7836 -0.0241 0.6208
vn 0.2274 -0.9385 -0.2598
vn 0.9386 -0.2269 -0.2599
vn -0.4859 -0.6759 0.5542
vn 0.0241 -0.7836 0.6208
vn 0.7836 -0.0241 0.6208
vn 0.2274 -0.9385 -0.2598
vn 0.9386 -0.2269 -0.2599
vn -0.4859 -0.6759 0.5542
vn 0.0241 -0.7836 0.6208
vn 0.7836 -0.0241 0.6208
vn 0.2274 -0.9385 -0.2598
vn 0.9386 -0.2269 -0.2599
vn -0.4859 -0.6759 0.5542
vn 0.0241 -0.7836 0.6208
vn 0.7836 -0.0241 0.6208
vn 0.2274 -0.9385 -0.2598
vn 0.9386 -0.2269 -0.2599
vn -0.4859 -0.6759 0.5542
vn 0.0241 -0.7836 0.6208
vn 0.7836 -0.0241 0.6208
vn 0.2274 -0.9385 -0.2598
vn 0.9386 -0.2269 -0.2599
vn -0.4859 -0.6759 0.5542
vn 0.0241 -0.7836 0.6208
vn 0.7836 -0.0241 0.6208
vn 0.2274 -0.9385 -0.2598
vn 0.9386 -0.2269 -0.2599
vn -0.4859 -0.6759 0.5542
vn 0.0241 -0.7836 0.6208
vn 0.7836 -0.0241 0.6208
vn 0.2274 -0.9385 -0.2598
vn 0.9386 -0.2269 -0.2599
vn -0.4859 -0.6759 0.5542
vn 0.0241 -0.7836 0.6208
vn 0.7836 -0.0241 0.6208
vn 0.2274 -0.9385 -0.2598
vn 0.9386 -0.2269 -0.2599
vn -0.4859 -0.6759 0.5542
vn 0.0241 -0.7836 0.6208
vn 0.7836 -0.0241 0.6208
vn 0.2274 -0.9385 -0.2598
vn 0.9386 -0.2269 -0.2599
vn -0.4859 -0.6759 0.5542
vn 0.0241 -0.7836 0.6208
vn 0.7836 -0.0241 0.6208
vn 0.2274 -0.9385 -0.2598
vn 0.9386 -0.2269 -0.2599
vn -0.4859 -0.6759 0.5542
vn 0.0241 -0.7836 0.6208
vn 0.7836 -0.0241 0.6208
vn 0.2274 -0.9385 -0.2598
vn 0.9386 -0.2269 -0.2599
vn -0.4859 -0.6759 0.5542
vn 0.0241 -0.7836 0.6208
vn 0.7836 -0.0241 0.6208
vn 0.2274 -0.9385 -0.2598
vn 0.9386 -0.2269 -0.2599
vn -0.4859 -0.6759 0.5542
vn 0.0241 -0.7836 0.6208
vn 0.7836 -0.0241 0.6208
vn 0.2274 -0.9385 -0.2598
vn 0.9386 -0.2269 -0.2599
vn -0.4859 -0.6759 0.5542
vn 0.0241 -0.7836 0.6208
vn 0.7836 -0.0241 0.6208
vn 0.2274 -0.9385 -0.2598
vn 0.9386 -0.2269 -0.2599
vn -0.4859 -0.6759 0.5542
vn 0.0241 -0.7836 0.6208
vn 0.7836 -0.0241 0.6208
vn 0.2274 -0.9385 -0.2598
vn 0.9386 -0.2269 -0.2599
vn -0.4859 -0.6759 0.5542
vn 0.0241 -0.7836 0.6208
vn 0.7836 -0.0241 0.6208
vn 0.2274 -0.9385 -0.2598
vn 0.9386 -0.2269 -0.2599
vn -0.4859 -0.6759 0.5542
vn 0.0241 -0.7836 0.6208
vn 0.7836 -0.0241 0.6208
vn 0.2274 -0.9385 -0.2598
vn 0.9386 -0.2269 -0.2599
vn -0.4859 -0.6759 0.5542
vn 0.0241 -0.7836 0.6208
vn 0.7836 -0.0241 0.6208
vn 0.2274 -0.9385 -0.2598
vn 0.9386 -0.2269 -0.2599
vn -0.4859 -0.6759 0.5542
vn 0.0241 -0.7836 0.6208
vn 0.7836 -0.0241 0.6208
vn 0.2274 -0.9385 -0.2598
vn 0.9386 -0.2269 -0.2599
vn -0.4859 -0.6759 0.5542
vn 0.0241 -0.7836 0.6208
vn 0.7836 -0.0241 0.6208
vn 0.2274 -0.9385 -0.2598
vn 0.9386 -0.2269 -0.2599
vn -0.4859 -0.6759 0.5542
vn 0.0241 -0.7836 0.6208
vn 0.7836 -0.0241 0.6208
vn 0.2274 -0.9385 -0.2598
vn 0.9386 -0.2269 -0.2599
vn -0.4859 -0.6759 0.5542
vn 0.0241 -0.7836 0.6208
vn 0.7836 -0.0241 0.6208
vn 0.2274 -0.9385 -0.2598
vn 0.9386 -0.2269 -0.2599
vn -0.4859 -0.6759 0.5542
vn 0.0241 -0.7836 0.6208
vn 0.7836 -0.0241 0.6208
vn 0.2274 -0.9385 -0.2598
vn 0.9386 -0.2269 -0.2599
vn -0.4859 -0.6759 0.5542
vn 0.0241 -0.7836 0.6208
vn 0.7836 -0.0241 0.6208
vn 0.2274 -0.9385 -0.2598
vn 0.9386 -0.2269 -0.2599
vn -0.4859 -0.6759 0.5542
vn 0.0241 -0.7836 0.6208
vn 0.7836 -0.0241 0.6208
vn 0.2274 -0.9385 -0.2598
vn 0.9386 -0.2269 -0.2599
vn -0.4859 -0.6759 0.5542
vn 0.0241 -0.7836 0.6208
vn 0.7836 -0.0241 0.6208
vn 0.2274 -0.9385 -0.2598
vn 0.9386 -0.2269 -0.2599
vn -0.4859 -0.6759 0.5542
vn 0.0241 -0.7836 0.6208
vn 0.7836 -0.0241 0.6208
vn 0.2274 -0.9385 -0.2598
vn 0.9386 -0.2269 -0.2599
vn -0.4859 -0.6759 0.5542
vn 0.0241 -0.7836 0.6208
vn 0.7836 -0.0241 0.6208
vn 0.2274 -0.9385 -0.2598
vn 0.9386 -0.2269 -0.2599
vn -0.4859 -0.6759 0.5542
vn 0.0241 -0.7836 0.6208
vn 0.7836 -0.0241 0.6208
vn 0.2274 -0.9385 -0.2598
vn 0.9386 -0.2269 -0.2599
vn -0.4859 -0.6759 0.5542
vn 0.0241 -0.7836 0.6208
vn 0.7836 -0.0241 0.6208
vn 0.2274 -0.9385 -0.2598
vn 0.9386 -0.2269 -0.2599
vn -0.4859 -0.6759 0.5542
vn 0.0241 -0.7836 0.6208
vn 0.7836 -0.0241 0.6208
vn 0.2274 -0.9385 -0.2598
vn 0.9386 -0.2269 -0.2599
vn -0.4859 -0.6759 0.5542
vn 0.0241 -0.7836 0.6208
vn 0.7836 -0.0241 0.6208
vn 0.2274 -0.9385 -0.2598
vn 0.9386 -0.2269 -0.2599
vn -0.4859 -0.6759 0.5542
vn 0.0241 -0.7836 0.6208
vn 0.7836 -0.0241 0.6208
vn 0.2274 -0.9385 -0.2598
vn 0.9386 -0.2269 -0.2599
vn -0.4859 -0.6759 0.5542
vn 0.0241 -0.7836 0.6208
vn 0.7836 -0.0241 0.6208
vn 0.2274 -0.9385 -0.2598
vn 0.9386 -0.2269 -0.2599
vn -0.4859 -0.6759 0.5542
vn 0.0241 -0.7836 0.6208
vn 0.7836 -0.0241 0.6208
vn 0.2274 -0.9385 -0.2598
vn 0.9386 -0.2269 -0.2599
vn -0.4859 -0.6759 0.5542
vn 0.0241 -0.7836 0.6208
vn 0.7836 -0.0241 0.6208
vn 0.2274 -0.9385 -0.2598
vn 0.9386 -0.2269 -0.2599
vn -0.4859 -0.6759 0.5542
vn 0.0241 -0.7836 0.6208
vn 0.7836 -0.0241 0.6208
vn 0.2274 -0.9385 -0.2598
vn 0.9386 -0.2269 -0.2599
vn -0.4859 -0.6759 0.5542
vn 0.0241 -0.7836 0.6208
vn 0.7836 -0.0241 0.6208
vn 0.2274 -0.9385 -0.2598
vn 0.9386 -0.2269 -0.2599
vn -0.4859 -0.6759 0.5542
vn 0.0241 -0.7836 0.6208
vn 0.7836 -0.0241 0.6208
vn 0.2274 -0.9385 -0.2598
vn 0.9386 -0.2269 -0.2599
vn -0.4859 -0.6759 0.5542
vn 0.0241 -0.7836 0.6208
vn 0.7836 -0.0241 0.6208
vn 0.2274 -0.9385 -0.2598
vn 0.9386 -0.2269 -0.2599
vn -0.4859 -0.6759 0.5542
vn 0.0241 -0.7836 0.6208
vn 0.7836 -0.0241 0.6208
vn 0.2274 -0.9385 -0.2598
vn 0.9386 -0.2269 -0.2599
vn -0.4859 -0.6759 0.5542
vn 0.0241 -0.7836 0.6208
vn 0.7836 -0.0241 0.6208
vn 0.2274 -0.9385 -0.2598
vn 0.9386 -0.2269 -0.2599
vn -0.4859 -0.6759 0.5542
vn 0.0241 -0.7836 0.6208
vn 0.7836 -0.0241 0.6208
vn 0.2274 -0.9385 -0.2598
vn 0.9386 -0.2269 -0.2599
vn -0.4859 -0.6759 0.5542
vn 0.0241 -0.7836 0.6208
vn 0.7836 -0.0241 0.6208
vn 0.2274 -0.9385 -0.2598
vn 0.9386 -0.2269 -0.2599
vn -0.4859 -0.6759 0.5542
vn 0.0241 -0.7836 0.6208
vn 0.7836 -0.0241 0.6208
vn 0.2274 -0.9385 -0.2598
vn 0.9386 -0.2269 -0.2599
vn -0.4859 -0.6759 0.5542
vn 0.0241 -0.7836 0.6208
vn 0.7836 -0.0241 0.6208
vn 0.2274 -0.9385 -0.2598
vn 0.9386 -0.2269 -0.2599
vn -0.4859 -0.6759 0.5542
vn 0.0241 -0.7836 0.6208
vn 0.7836 -0.0241 0.6208
vn 0.2274 -0.9385 -0.2598
vn 0.9386 -0.2269 -0.2599
vn -0.4859 -0.6759 0.5542
vn 0.0241 -0.7836 0.6208
vn 0.7836 -0.0241 0.6208
vn 0.2274 -0.9385 -0.2598
vn 0.9386 -0.2269 -0.2599
vn -0.4859 -0.6759 0.5542
vn 0.0241 -0.7836 0.6208
vn 0.7836 -0.0241 0.6208
vn 0.2274 -0.9385 -0.2598
vn 0.9386 -0.2269 -0.2599
vn -0.4859 -0.6759 0.5542
vn 0.0241 -0.7836 0.6208
vn 0.7836 -0.0241 0.6208
vn 0.2274 -0.9385 -0.2598
vn 0.9386 -0.2269 -0.2599
vn -0.4859 -0.6759 0.5542
vn 0.0241 -0.7836 0.6208
vn 0.7836 -0.0241 0.6208
vn 0.2274 -0.9385 -0.2598
vn 0.9386 -0.2269 -0.2599
vn -0.4859 -0.6759 0.5542
vn 0.0241 -0.7836 0.6208
vn 0.7836 -0.0241 0.6208
vn 0.2274 -0.9385 -0.2598
vn 0.9386 -0.2269 -0.2599
vn -0.4859 -0.6759 0.5542
vn 0.0241 -0.7836 0.6208
vn 0.7836 -0.0241 0.6208
vn 0.2274 -0.9385 -0.2598
vn 0.9386 -0.2269 -0.2599
vn -0.4859 -0.6759 0.5542
vn 0.0241 -0.7836 0.6208
vn 0.7836 -0.0241 0.6208
vn 0.2274 -0.9385 -0.2598
vn 0.9386 -0.2269 -0.2599
vn -0.4859 -0.6759 0.5542
vn 0.0241 -0.7836 0.6208
vn 0.7836 -0.0241 0.6208
vn 0.2274 -0.9385 -0.2598
vn 0.9386 -0.2269 -0.2599
vn -0.4859 -0.6759 0.5542
vn 0.0241 -0.7836 0.6208
vn 0.7836 -0.0241 0.6208
vn 0.2274 -0.9385 -0.2598
vn 0.9386 -0.2269 -0.2599
vn -0.4859 -0.6759 0.5542
vn 0.0241 -0.7836 0.6208
vn 0.7836 -0.0241 0.6208
vn 0.2274 -0.9385 -0.2598
vn 0.9386 -0.2269 -0.2599
vn -0.4859 -0.6759 0.5542
vn 0.0241 -0.7836 0.6208
vn 0.7836 -0.0241 0.6208
vn 0.2274 -0.9385 -0.2598
vn 0.9386 -0.2269 -0.2599
vn -0.4859 -0.6759 0.5542
vn 0.0241 -0.7836 0.6208
vn 0.7836 -0.0241 0.6208
vn 0.2274 -0.9385 -0.2598
vn 0.9386 -0.2269 -0.2599
vn -0.4859 -0.6759 0.5542
vn 0.0241 -0.7836 0.6208
vn 0.7836 -0.0241 0.6208
vn 0.2274 -0.9385 -0.2598
vn 0.9386 -0.2269 -0.2599
vn -0.4859 -0.6759 0.5542
vn 0.0241 -0.7836 0.6208
vn 0.7836 -0.0241 0.6208
vn 0.2274 -0.9385 -0.2598
vn 0.9386 -0.2269 -0.2599
vn -0.4859 -0.6759 0.5542
vn 0.0241 -0.7836 0.6208
vn 0.7836 -0.0241 0.6208
vn 0.2274 -0.9385 -0.2598
vn 0.9386 -0.2269 -0.2599
vn -0.4859 -0.6759 0.5542
vn 0.0241 -0.7836 0.6208
vn 0.7836 -0.0241 0.6208
vn 0.2274 -0.9385 -0.2598
vn 0.9386 -0.2269 -0.2599
vn -0.4859 -0.6759 0.5542
vn 0.0241 -0.7836 0.6208
vn 0.7836 -0.0241 0.6208
vn 0.2274 -0.9385 -0.2598
vn 0.9386 -0.2269 -0.2599
vn -0.4859 -0.6759 0.5542
vn 0.0241 -0.7836 0.6208
vn 0.7836 -0.0241 0.6208
vn 0.2274 -0.9385 -0.2598
vn 0.9386 -0.2269 -0.2599
vn -0.4859 -0.6759 0.5542
vn 0.0241 -0.7836 0.6208
vn 0.7836 -0.0241 0.6208
vn 0.2274 -0.9385 -0.2598
vn 0.9386 -0.2269 -0.2599
vn -0.4859 -0.6759 0.5542
vn 0.0241 -0.7836 0.6208
vn 0.7836 -0.0241 0.6208
vn 0.2274 -0.9385 -0.2598
vn 0.9386 -0.2269 -0.2599
vn -0.4859 -0.6759 0.5542
vn 0.0241 -0.7836 0.6208
vn 0.7836 -0.0241 0.6208
vn 0.2274 -0.9385 -0.2598
vn 0.9386 -0.2269 -0.2599
vn -0.4859 -0.6759 0.5542
vn 0.0241 -0.7836 0.6208
vn 0.7836 -0.0241 0.6208
c 1.0 1.0 1.0
c 1.0 1.0 1.0
c 1.0 1.0 1.0
c 1.0 1.0 1.0
c 1.0 1.0 1.0
c 1.0 1.0 1.0
c 1.0 1.0 1.0
c 1.0 1.0 1.0
c 1.0 1.0 1.0
c 1.0 1.0 1.0
c 1.0 1.0 1.0
c 1.0 1.0 1.0
c 1.0 1.0 1.0
c 1.0 1.0 1.0
c 1.0 1.0 1.0
c 1.0 1.0 1.0
c 1.0 1.0 1.0
c 1.0 1.0 1.0
c 1.0 1.0 1.0
c 1.0 1.0 1.0
c 1.0 1.0 1.0
c 1.0 1.0 1.0
c 1.0 1.0 1.0
c 1.0 1.0 1.0
c 1.0 1.0 1.0
c 1.0 1.0 1.0
c 1.0 1.0 1.0
c 1.0 1.0 1.0
c 1.0 1.0 1.0
c 1.0 1.0 1.0
c 1.0 1.0 1.0
c 1.0 1.0 1.0
c 1.0 1.0 1.0
c 1.0 1.0 1.0
c 1.0 1.0 1.0
c 1.0 1.0 1.0
c 1.0 1.0 1.0
c 1.0 1.0 1.0
c 1.0 1.0 1.0
c 1.0 1.0 1.0
c 1.0 1.0 1.0
c 1.0 1.0 1.0
c 1.0 1.0 1.0
c 1.0 1.0 1.0
c 1.0 1.0 1.0
c 1.0 1.0 1.0
c 1.0 1.0 1.0
c 1.0 1.0 1.0
c 1.0 1.0 1.0
c 1.0 1.0 1.0
c 1.0 1.0 1.0
c 1.0 1.0 1.0
c 1.0 1.0 1.0
c 1.0 1.0 1.0
c 1.0 1.0 1.0
c 1.0 1.0 1.0
c 1.0 1.0 1.0
c 1.0 1.0 1.0
c 1.0 1.0 1.0
c 1.0 1.0 1.0
c 1.0 1.0 1.0
c 1.0 1.0 1.0
c 1.0 1.0 1.0
c 1.0 1.0 1.0
c 1.0 1.0 1.0
c 1.0 1.0 1.0
c 1.0 1.0 1.0
c 1.0 1.0 1.0
c 1.0 1.0 1.0
c 1.0 1.0 1.0
c 1.0 1.0 1.0
c 1.0 1.0 1.0
c 1.0 1.0 1.0
c 1.0 1.0 1.0
c 1.0 1.0 1.0
c 1.0 1.0 1.0
c 1.0 1.0 1.0
c 1.0 1.0 1.0
c 1.0 1.0 1.0
c 1.0 1.0 1.0
c 1.0 1.0 1.0
c 1.0 1.0 1.0
c 1.0 1.0 1.0
c 1.0 1.0 1.0
c 1.0 1.0 1.0
c 1.0 1.0 1.0
c 1.0 1.0 1.0
c 1.0 1.0 1.0
c 1.0 1.0 1.0
c 1.0 1.0 1.0
c 1.0 1.0 1.0
c 1.0 1.0 1.0
c 1.0 1.0 1.0
c 1.0 1.0 1.0
c 1.0 1.0 1.0
c 1.0 1.0 1.0
c 1.0 1.0 1.0
c 1.0 1.0 1.0
c 1.0 1.0 1.0
c 1.0 1.0 1.0
c 1.0 1.0 1.0
c 1.0 1.0 1.0
c 1.0 1.0 1.0
c 1.0 1.0 1.0
c 1.0 1.0 1.0
c 1.0 1.0 1.0
c 1.0 1.0 1.0
c 1.0 1.0 1.0
c 1.0 1.0 1.0
c 1.0 1.0 1.0
c 1.0 1.0 1.0
c 1.0 1.0 1.0
c 1.0 1.0 1.0
c 1.0 1.0 1.0
c 1.0 1.0 1.0
c 1.0 1.0 1.0
c 1.0 1.0 1.0
c 1.0 1.0 1.0
c 1.0 1.0 1.0
c 1.0 1.0 1.0
c 1.0 1.0 1.0
c 1.0 1.0 1.0
c 1.0 1.0 1.0
c 1.0 1.0 1.0
c 1.0 1.0 1.0
c 1.0 1.0 1.0
c 1.0 1.0 1.0
c 1.0 1.0 1.0
c 1.0 1.0 1.0
c 1.0 1.0 1.0
c 1.0 1.0 1.0
c 1.0 1.0 1.0
c 1.0 1.0 1.0
c 1.0 1.0 1.0
c 1.0 1.0 1.0
c 1.0 1.0 1.0
c 1.0 1.0 1.0
c 1.0 1.0 1.0
c 1.0 1.0 1.0
c 1.0 1.0 1.0
c 1.0 1.0 1.0
c 1.0 1.0 1.0
c 1.0 1.0 1.0
c 1.0 1.0 1.0
c 1.0 1.0 1.0
c 1.0 1.0 1.0
c 1.0 1.0 1.0
c 1.0 1.0 1.0
c 1.0 1.0 1.0
c 1.0 1.0 1.0
c 1.0 1.0 1.0
c 1.0 1.0 1.0
c 1.0 1.0 1.0
c 1.0 1.0 1.0
c 1.0 1.0 1.0
c 1.0 1.0 1.0
c 1.0 1.0 1.0
c 1.0 1.0 1.0
c 1.0 1.0 1.0
c 1.0 1.0 1.0
c 1.0 1.0 1.0
c 1.0 1.0 1.0
c 1.0 1.0 1.0
c 1.0 1.0 1.0
c 1.0 1.0 1.0
c 1.0 1.0 1.0
c 1.0 1.0 1.0
c 1.0 1.0 1.0
c 1.0 1.0 1.0
c 1.0 1.0 1.0
c 1.0 1.0 1.0
c 1.0 1.0 1.0
c 1.0 1.0 1.0
c 1.0 1.0 1.0
c 1.0 1.0 1.0
c 1.0 1.0 1.0
c 1.0 1.0 1.0
c 1.0 1.0 1.0
c 1.0 1.0 1.0
c 1.0 1.0 1.0
c 1.0 1.0 1.0
c 1.0 1.0 1.0
c 1.0 1.0 1.0
c 1.0 1.0 1.0
c 1.0 1.0 1.0
c 1.0 1.0 1.0
c 1.0 1.0 1.0
c 1.0 1.0 1.0
c 1.0 1.0 1.0
c 1.0 1.0 1.0
c 1.0 1.0 1.0
c 1.0 1.0 1.0
c 1.0 1.0 1.0
c 1.0 1.0 1.0
c 1.0 1.0 1.0
c 1.0 1.0 1.0
c 1.0 1.0 1.0
c 1.0 1.0 1.0
c 1.0 1.0 1.0
c 1.0 1.0 1.0
c 1.0 1.0 1.0
c 1.0 1.0 1.0
c 1.0 1.0 1.0
c 1.0 1.0 1.0
c 1.0 1.0 1.0
c 1.0 1.0 1.0
c 1.0 1.0 1.0
c 1.0 1.0 1.0
c 1.0 1.0 1.0
c 1.0 1.0 1.0
c 1.0 1.0 1.0
c 1.0 1.0 1.0
c 1.0 1.0 1.0
c 1.0 1.0 1.0
c 1.0 1.0 1.0
c 1.0 1.0 1.0
c 1.0 1.0 1.0
c 1.0 1.0 1.0
c 1.0 1.0 1.0
c 1.0 1.0 1.0
c 1.0 1.0 1.0
c 1.0 1.0 1.0
c 1.0 1.0 1.0
c 1.0 1.0 1.0
c 1.0 1.0 1.0
c 1.0 1.0 1.0
c 1.0 1.0 1.0
c 1.0 1.0 1.0
c 1.0 1.0 1.0
c 1.0 1.0 1.0
c 1.0 1.0 1.0
c 1.0 1.0 1.0
c 1.0 1.0 1.0
c 1.0 1.0 1.0
c 1.0 1.0 1.0
c 1.0 1.0 1.0
c 1.0 1.0 1.0
c 1.0 1.0 1.0
c 1.0 1.0 1.0
c 1.0 1.0 1.0
c 1.0 1.0 1.0
c 1.0 1.0 1.0
c 1.0 1.0 1.0
c 1.0 1.0 1.0
c 1.0 1.0 1.0
c 1.0 1.0 1.0
c 1.0 1.0 1.0
c 1.0 1.0 1.0
c 1.0 1.0 1.0
c 1.0 1.0 1.0
c 1.0 1.0 1.0
c 1.0 1.0 1.0
c 1.0 1.0 1.0
c 1.0 1.0 1.0
c 1.0 1.0 1.0
c 1.0 1.0 1.0
c 1.0 1.0 1.0
c 1.0 1.0 1.0
c 1.0 1.0 1.0
c 1.0 1.0 1.0
c 1.0 1.0 1.0
c 1.0 1.0 1.0
c 1.0 1.0 1.0
c 1.0 1.0 1.0
c 1.0 1.0 1.0
c 1.0 1.0 1.0
c 1.0 1.0 1.0
c 1.0 1.0 1.0
c 1.0 1.0 1.0
c 1.0 1.0 1.0
c 1.0 1.0 1.0
c 1.0 1.0 1.0
c 1.0 1.0 1.0
c 1.0 1.0 1.0
c 1.0 1.0 1.0
c 1.0 1.0 1.0
c 1.0 1.0 1.0
c 1.0 1.0 1.0
c 1.0 1.0 1.0
c 1.0 1.0 1.0
c 1.0 1.0 1.0
c 1.0 1.0 1.0
c 1.0 1.0 1.0
c 1.0 1.0 1.0
c 1.0 1.0 1.0
c 1.0 1.0 1.0
c 1.0 1.0 1.0
c 1.0 1.0 1.0
c 1.0 1.0 1.0
c 1.0 1.0 1.0
c 1.0 1.0 1.0
c 1.0 1.0 1.0
c 1.0 1.0 1.0
c 1.0 1.0 1.0
c 1.0 1.0 1.0
c 1.0 1.0 1.0
c 1.0 1.0 1.0
c 1.0 1.0 1.0
c 1.0 1.0 1.0
c 1.0 1.0 1.0
c 1.0 1.0 1.0
c 1.0 1.0 1.0
c 1.0 1.0 1.0
c 1.0 1.0 1.0
c 1.0 1.0 1.0
c 1.0 1.0 1.0
c 1.0 1.0 1.0
c 1.0 1.0 1.0
c 1.0 1.0 1.0
c 1.0 1.0 1.0
c 1.0 1.0 1.0
c 1.0 1.0 1.0
c 1.0 1.0 1.0
c 1.0 1.0 1.0
c 1.0 1.0 1.0
c 1.0 1.0 1.0
c 1.0 1.0 1.0
c 1.0 1.0 1.0
c 1.0 1.0 1.0
c 1.0 1.0 1.0
c 1.0 1.0 1.0
c 1.0 1.0 1.0
c 1.0 1.0 1.0
c 1.0 1.0 1.0
c 1.0 1.0 1.0
c 1.0 1.0 1.0
c 1.0 1.0 1.0
c 1.0 1.0 1.0
c 1.0 1.0 1.0
c 1.0 1.0 1.0
c 1.0 1.0 1.0
c 1.0 1.0 1.0
c 1.0 1.0 1.0
c 1.0 1.0 1.0
c 1.0 1.0 1.0
c 1.0 1.0 1.0
c 1.0 1.0 1.0
c 1.0 1.0 1.0
c 1.0 1.0 1.0
c 1.0 1.0 1.0
c 1.0 1.0 1.0
c 1.0 1.0 1.0
c 1.0 1.0 1.0
c 1.0 1.0 1.0
c 1.0 1.0 1.0
c 1.0 1.0 1.0
c 1.0 1.0 1.0
c 1.0 1.0 1.0
c 1.0 1.0 1.0
c 1.0 1.0 1.0
c 1.0 1.0 1.0
c 1.0 1.0 1.0
c 1.0 1.0 1.0
c 1.0 1.0 1.0
c 1.0 1.0 1.0
c 1.0 1.0 1.0
c 1.0 1.0 1.0
c 1.0 1.0 1.0
c 1.0 1.0 1.0
c 1.0 1.0 1.0
c 1.0 1.0 1.0
c 1.0 1.0 1.0
c 1.0 1.0 1.0
c 1.0 1.0 1.0
c 1.0 1.0 1.0
c 1.0 1.0 1.0
c 1.0 1.0 1.0
c 1.0 1.0 1.0
c 1.0 1.0 1.0
c 1.0 1.0 1.0
c 1.0 1.0 1.0
c 1.0 1.0 1.0
c 1.0 1.0 1.0
c 1.0 1.0 1.0
c 1.0 1.0 1.0
c 1.0 1.0 1.0
c 1.0 1.0 1.0
c 1.0 1.0 1.0
c 1.0 1.0 1.0
c 1.0 1.0 1.0
c 1.0 1.0 1.0
c 1.0 1.0 1.0
c 1.0 1.0 1.0
c 1.0 1.0 1.0
c 1.0 1.0 1.0
c 1.0 1.0 1.0
c 1.0 1.0 1.0
c 1.0 1.0 1.0
c 1.0 1.0 1.0
c 1.0 1.0 1.0
c 1.0 1.0 1.0
c 1.0 1.0 1.0
c 1.0 1.0 1.0
c 1.0 1.0 1.0
c 1.0 1.0 1.0
c 1.0 1.0 1.0
c 1.0 1.0 1.0
c 1.0 1.0 1.0
c 1.0 1.0 1.0
c 1.0 1.0 1.0
c 1.0 1.0 1.0
c 1.0 1.0 1.0
c 1.0 1.0 1.0
c 1.0 1.0 1.0
c 1.0 1.0 1.0
c 1.0 1.0 1.0
c 1.0 1.0 1.0
c 1.0 1.0 1.0
c 1.0 1.0 1.0
c 1.0 1.0 1.0
c 1.0 1.0 1.0
c 1.0 1.0 1.0
c 1.0 1.0 1.0
c 1.0 1.0 1.0
c 1.0 1.0 1.0
c 1.0 1.0 1.0
c 1.0 1.0 1.0
c 1.0 1.0 1.0
c 1.0 1.0 1.0
c 1.0 1.0 1.0
c 1.0 1.0 1.0
c 1.0 1.0 1.0
c 1.0 1.0 1.0
c 1.0 1.0 1.0
c 1.0 1.0 1.0
c 1.0 1.0 1.0
c 1.0 1.0 1.0
c 1.0 1.0 1.0
c 1.0 1.0 1.0
c 1.0 1.0 1.0
c 1.0 1.0 1.0
c 1.0 1.0 1.0
c 1.0 1.0 1.0
c 1.0 1.0 1.0
c 1.0 1.0 1.0
c 1.0 1.0 1.0
c 1.0 1.0 1.0
c 1.0 1.0 1.0
c 1.0 1.0 1.0
c 1.0 1.0 1.0
c 1.0 1.0 1.0
c 1.0 1.0 1.0
c 1.0 1.0 1.0
c 1.0 1.0 1.0
c 1.0 1.0 1.0
c 1.0 1.0 1.0
c 1.0 1.0 1.0
c 1.0 1.0 1.0
c 1.0 1.0 1.0
c 1.0 1.0 1.0
c 1.0 1.0 1.0
c 1.0 1.0 1.0
c 1.0 1.0 1.0
c 1.0 1.0 1.0
c 1.0 1.0 1.0
c 1.0 1.0 1.0
c 1.0 1.0 1.0
c 1.0 1.0 1.0
c 1.0 1.0 1.0
c 1.0 1.0 1.0
c 1.0 1.0 1.0
c 1.0 1.0 1.0
c 1.0 1.0 1.0
c 1.0 1.0 1.0
c 1.0 1.0 1.0
c 1.0 1.0 1.0
c 1.0 1.0 1.0
c 1.0 1.0 1.0
c 1.0 1.0 1.0
c 1.0 1.0 1.0
c 1.0 1.0 1.0
c 1.0 1.0 1.0
c 1.0 1.0 1.0
c 1.0 1.0 1.0
c 1.0 1.0 1.0
c 1.0 1.0 1.0
c 1.0 1.0 1.0
c 1.0 1.0 1.0
c 1.0 1.0 1.0
c 1.0 1.0 1.0
c 1.0 1.0 1.0
c 1.0 1.0 1.0
c 1.0 1.0 1.0
c 1.0 1.0 1.0
c 1.0 1.0 1.0
c 1.0 1.0 1.0
c 1.0 1.0 1.0
c 1.0 1.0 1.0
c 1.0 1.0 1.0
c 1.0 1.0 1.0
c 1.0 1.0 1.0
c 1.0 1.0 1.0
c 1.0 1.0 1.0
c 1.0 1.0 1.0
c 1.0 1.0 1.0
c 1.0 1.0 1.0
c 1.0 1.0 1.0
c 1.0 1.0 1.0
c 1.0 1.0 1.0
c 1.0 1.0 1.0
c 1.0 1.0 1.0
c 1.0 1.0 1.0
c 1.0 1.0 1.0
c 1.0 1.0 1.0
c 1.0 1.0 1.0
c 1.0 1.0 1.0
c 1.0 1.0 1.0
c 1.0 1.0 1.0
c 1.0 1.0 1.0
c 1.0 1.0 1.0
c 1.0 1.0 1.0
c 1.0 1.0 1.0
c 1.0 1.0 1.0
c 1.0 1.0 1.0
c 1.0 1.0 1.0
c 1.0 1.0 1.0
c 1.0 1.0 1.0
c 1.0 1.0 1.0
c 1.0 1.0 1.0
c 1.0 1.0 1.0
c 1.0 1.0 1.0
c 1.0 1.0 1.0
c 1.0 1.0 1.0
c 1.0 1.0 1.0
c 1.0 1.0 1.0
c 1.0 1.0 1.0
c 1.0 1.0 1.0
c 1.0 1.0 1.0
c 1.0 1.0 1.0
c 1.0 1.0 1.0
c 1.0 1.0 1.0
c 1.0 1.0 1.0
c 1.0 1.0 1.0
c 1.0 1.0 1.0
c 1.0 1.0 1.0
c 1.0 1.0 1.0
c 1.0 1.0 1.0
c 1.0 1.0 1.0
c 1.0 1.0 1.0
c 1.0 1.0 1.0
c 1.0 1.0 1.0
c 1.0 1.0 1.0
c 1.0 1.0 1.0
c 1.0 1.0 1.0
c 1.0 1.0 1.0
c 1.0 1.0 1.0
c 1.0 1.0 1.0
c 1.0 1.0 1.0
c 1.0 1.0 1.0
c 1.0 1.0 1.0
c 1.0 1.0 1.0
c 1.0 1.0 1.0
c 1.0 1.0 1.0
c 1.0 1.0 1.0
c 1.0 1.0 1.0
c 1.0 1.0 1.0
c 1.0 1.0 1.0
c 1.0 1.0 1.0
c 1.0 1.0 1.0
c 1.0 1.0 1.0
usemtl sea_line02
s off
f 757/762/268/145 755/763/269/145 750/764/270/145 749/765/263/145
f 755/763/269/145 756/766/263/145 751/767/263/145 750/764/270/145
f 934/949/373/160 936/950/374/160 935/951/375/160 933/952/376/160
f 940/953/377/160 942/954/364/160 941/955/364/160 939/956/378/160
f 938/957/379/160 940/953/377/160 939/956/378/160 937/958/380/160
f 926/959/364/160 928/960/381/160 927/961/382/160 925/962/364/160
f 928/960/381/160 930/963/364/160 929/964/364/160 927/961/382/160
f 932/965/383/160 934/949/373/160 933/952/376/160 931/966/384/160
f 984/999/415/164 986/1000/416/164 985/1001/417/164 983/1002/418/164
f 990/1003/419/164 992/1004/406/164 991/1005/406/164 989/1006/420/164
f 988/1007/421/164 990/1003/419/164 989/1006/420/164 987/1008/422/164
f 976/1009/406/164 978/1010/423/164 977/1011/424/164 975/1012/406/164
f 978/1010/423/164 980/1013/406/164 979/1014/406/164 977/1011/424/164
f 982/1015/425/164 984/999/415/164 983/1002/418/164 981/1016/426/164
f 1006/1027/433/165 1004/1028/434/165 999/1029/435/165 998/1030/428/165
f 1004/1028/434/165 1005/1031/428/165 1000/1032/428/165 999/1029/435/165
f 1156/1193/521/179 1154/1194/522/179 1149/1195/523/179 1148/1196/516/179
f 1154/1194/522/179 1155/1197/516/179 1150/1198/516/179 1149/1195/523/179
f 1185/1216/539/180 1187/1217/540/180 1186/1218/541/180 1184/1219/542/180
f 1191/1220/543/180 1193/1221/530/180 1192/1222/530/180 1190/1223/544/180
f 1189/1224/545/180 1191/1220/543/180 1190/1223/544/180 1188/1225/546/180
f 1177/1226/530/180 1179/1227/547/180 1178/1228/548/180 1176/1229/530/180
f 1179/1227/547/180 1181/1230/530/180 1180/1231/530/180 1178/1228/548/180
f 1183/1232/549/180 1185/1216/539/180 1184/1219/542/180 1182/1233/550/180
f 1270/1301/616/191 1272/1302/617/191 1271/1303/618/191 1269/1304/619/191
f 1276/1305/620/191 1278/1306/607/191 1277/1307/607/191 1275/1308/621/191
f 1274/1309/622/191 1276/1305/620/191 1275/1308/621/191 1273/1310/623/191
f 1262/1311/607/191 1264/1312/624/191 1263/1313/625/191 1261/1314/607/191
f 1264/1312/624/191 1266/1315/607/191 1265/1316/607/191 1263/1313/625/191
f 1268/1317/626/191 1270/1301/616/191 1269/1304/619/191 1267/1318/627/191
f 1394/1447/693/203 1392/1448/694/203 1387/1449/695/203 1386/1450/688/203
f 1392/1448/694/203 1393/1451/688/203 1388/1452/688/203 1387/1449/695/203
f 1423/1470/711/204 1425/1471/712/204 1424/1472/713/204 1422/1473/714/204
f 1429/1474/715/204 1431/1475/702/204 1430/1476/702/204 1428/1477/716/204
f 1427/1478/717/204 1429/1474/715/204 1428/1477/716/204 1426/1479/718/204
f 1415/1480/702/204 1417/1481/719/204 1416/1482/720/204 1414/1483/702/204
f 1417/1481/719/204 1419/1484/702/204 1418/1485/702/204 1416/1482/720/204
f 1421/1486/721/204 1423/1470/711/204 1422/1473/714/204 1420/1487/722/204
f 1523/1570/803/218 1525/1571/804/218 1524/1572/805/218 1522/1573/806/218
f 1529/1574/807/218 1531/1575/794/218 1530/1576/794/218 1528/1577/808/218
f 1527/1578/809/218 1529/1574/807/218 1528/1577/808/218 1526/1579/810/218
f 1515/1580/794/218 1517/1581/811/218 1516/1582/812/218 1514/1583/794/218
f 1517/1581/811/218 1519/1584/794/218 1518/1585/794/218 1516/1582/812/218
f 1521/1586/813/218 1523/1570/803/218 1522/1573/806/218 1520/1587/814/218
f 1545/1598/821/219 1543/1599/822/219 1538/1600/823/219 1537/1601/816/219
f 1543/1599/822/219 1544/1602/816/219 1539/1603/816/219 1538/1600/823/219
f 1646/1707/877/229 1644/1708/878/229 1639/1709/879/229 1638/1710/872/229
f 1644/1708/878/229 1645/1711/872/229 1640/1712/872/229 1639/1709/879/229
f 1675/1730/895/230 1677/1731/896/230 1676/1732/897/230 1674/1733/898/230
f 1681/1734/899/230 1683/1735/886/230 1682/1736/886/230 1680/1737/900/230
f 1679/1738/901/230 1681/1734/899/230 1680/1737/900/230 1678/1739/902/230
f 1667/1740/886/230 1669/1741/903/230 1668/1742/904/230 1666/1743/886/230
f 1669/1741/903/230 1671/1744/886/230 1670/1745/886/230 1668/1742/904/230
f 1673/1746/905/230 1675/1730/895/230 1674/1733/898/230 1672/1747/906/230
f 1869/1938/1053/257 1867/1939/1054/257 1862/1940/1055/257 1861/1941/1048/257
f 1867/1939/1054/257 1868/1942/1048/257 1863/1943/1048/257 1862/1940/1055/257
f 1898/1961/1071/258 1900/1962/1072/258 1899/1963/1073/258 1897/1964/1074/258
f 1904/1965/1075/258 1906/1966/1062/258 1905/1967/1062/258 1903/1968/1076/258
f 1902/1969/1077/258 1904/1965/1075/258 1903/1968/1076/258 1901/1970/1078/258
f 1890/1971/1062/258 1892/1972/1079/258 1891/1973/1080/258 1889/1974/1062/258
f 1892/1972/1079/258 1894/1975/1062/258 1893/1976/1062/258 1891/1973/1080/258
f 1896/1977/1081/258 1898/1961/1071/258 1897/1964/1074/258 1895/1978/1082/258
f 2074/2151/1226/284 2072/2152/1227/284 2067/2153/1228/284 2066/2154/1221/284
f 2072/2152/1227/284 2073/2155/1221/284 2068/2156/1221/284 2067/2153/1228/284
f 2103/2174/1244/285 2105/2175/1245/285 2104/2176/1246/285 2102/2177/1247/285
f 2109/2178/1248/285 2111/2179/1235/285 2110/2180/1235/285 2108/2181/1249/285
f 2107/2182/1250/285 2109/2178/1248/285 2108/2181/1249/285 2106/2183/1251/285
f 2095/2184/1235/285 2097/2185/1252/285 2096/2186/1253/285 2094/2187/1235/285
f 2097/2185/1252/285 2099/2188/1235/285 2098/2189/1235/285 2096/2186/1253/285
f 2101/2190/1254/285 2103/2174/1244/285 2102/2177/1247/285 2100/2191/1255/285
f 2289/2374/1409/313 2287/2375/1410/313 2282/2376/1411/313 2281/2377/1404/313
f 2287/2375/1410/313 2288/2378/1404/313 2283/2379/1404/313 2282/2376/1411/313
f 2318/2397/1427/314 2320/2398/1428/314 2319/2399/1429/314 2317/2400/1430/314
f 2324/2401/1431/314 2326/2402/1418/314 2325/2403/1418/314 2323/2404/1432/314
f 2322/2405/1433/314 2324/2401/1431/314 2323/2404/1432/314 2321/2406/1434/314
f 2310/2407/1418/314 2312/2408/1435/314 2311/2409/1436/314 2309/2410/1418/314
f 2312/2408/1435/314 2314/2411/1418/314 2313/2412/1418/314 2311/2409/1436/314
f 2316/2413/1437/314 2318/2397/1427/314 2317/2400/1430/314 2315/2414/1438/314
f 2465/2550/1570/340 2463/2551/1571/340 2458/2552/1572/340 2457/2553/1565/340
f 2463/2551/1571/340 2464/2554/1565/340 2459/2555/1565/340 2458/2552/1572/340
f 2494/2573/1588/341 2496/2574/1589/341 2495/2575/1590/341 2493/2576/1591/341
f 2500/2577/1592/341 2502/2578/1579/341 2501/2579/1579/341 2499/2580/1593/341
f 2498/2581/1594/341 2500/2577/1592/341 2499/2580/1593/341 2497/2582/1595/341
f 2486/2583/1579/341 2488/2584/1596/341 2487/2585/1597/341 2485/2586/1579/341
f 2488/2584/1596/341 2490/2587/1579/341 2489/2588/1579/341 2487/2585/1597/341
f 2492/2589/1598/341 2494/2573/1588/341 2493/2576/1591/341 2491/2590/1599/341
f 741/749/261/144 742/750/261/144 743/751/261/144
f 770/786/281/146 771/787/281/146 772/788/281/146
f 905/929/357/159 906/930/357/159 907/931/357/159
f 944/967/385/161 945/968/386/161 947/969/387/161
f 946/970/388/161 944/967/385/161 943/971/389/161
f 946/970/388/161 945/968/386/161 944/967/385/161
f 949/972/390/162 950/973/391/162 952/974/392/162
f 951/975/393/162 949/972/390/162 948/976/394/162
f 951/975/393/162 950/973/391/162 949/972/390/162
f 954/977/395/163 955/978/396/163 957/979/397/163
f 956/980/398/163 954/977/395/163 953/981/399/163
f 956/980/398/163 955/978/396/163 954/977/395/163
f 1019/1051/446/166 1020/1052/446/166 1021/1053/446/166
f 1140/1180/514/178 1141/1181/514/178 1142/1182/514/178
f 1195/1234/551/181 1196/1235/552/181 1198/1236/553/181
f 1197/1237/554/181 1195/1234/551/181 1194/1238/555/181
f 1197/1237/554/181 1196/1235/552/181 1195/1234/551/181
f 1200/1239/556/182 1201/1240/557/182 1203/1241/558/182
f 1202/1242/559/182 1200/1239/556/182 1199/1243/560/182
f 1202/1242/559/182 1201/1240/557/182 1200/1239/556/182
f 1205/1244/561/183 1206/1245/562/183 1208/1246/563/183
f 1207/1247/564/183 1205/1244/561/183 1204/1248/565/183
f 1207/1247/564/183 1206/1245/562/183 1205/1244/561/183
f 1210/1249/566/184 1211/1250/567/184 1213/1251/568/184
f 1212/1252/569/184 1210/1249/566/184 1209/1253/570/184
f 1212/1252/569/184 1211/1250/567/184 1210/1249/566/184
f 1215/1254/571/185 1216/1255/572/185 1218/1256/573/185
f 1217/1257/574/185 1215/1254/571/185 1214/1258/575/185
f 1217/1257/574/185 1216/1255/572/185 1215/1254/571/185
f 1220/1259/576/186 1221/1260/577/186 1223/1261/578/186
f 1222/1262/579/186 1220/1259/576/186 1219/1263/580/186
f 1222/1262/579/186 1221/1260/577/186 1220/1259/576/186
f 1225/1264/581/187 1226/1265/582/187 1228/1266/583/187
f 1227/1267/584/187 1225/1264/581/187 1224/1268/585/187
f 1227/1267/584/187 1226/1265/582/187 1225/1264/581/187
f 1230/1269/586/188 1231/1270/587/188 1233/1271/588/188
f 1232/1272/589/188 1230/1269/586/188 1229/1273/590/188
f 1232/1272/589/188 1231/1270/587/188 1230/1269/586/188
f 1235/1274/591/189 1236/1275/592/189 1238/1276/593/189
f 1237/1277/594/189 1235/1274/591/189 1234/1278/595/189
f 1237/1277/594/189 1236/1275/592/189 1235/1274/591/189
f 1240/1279/596/190 1241/1280/597/190 1243/1281/598/190
f 1242/1282/599/190 1240/1279/596/190 1239/1283/600/190
f 1242/1282/599/190 1241/1280/597/190 1240/1279/596/190
f 1289/1337/638/192 1290/1338/638/192 1291/1339/638/192
f 1378/1434/686/202 1379/1435/686/202 1380/1436/686/202
f 1433/1488/723/205 1434/1489/724/205 1436/1490/725/205
f 1435/1491/726/205 1433/1488/723/205 1432/1492/727/205
f 1435/1491/726/205 1434/1489/724/205 1433/1488/723/205
f 1438/1493/728/206 1439/1494/729/206 1441/1495/730/206
f 1440/1496/731/206 1438/1493/728/206 1437/1497/732/206
f 1440/1496/731/206 1439/1494/729/206 1438/1493/728/206
f 1443/1498/733/207 1444/1499/734/207 1446/1500/735/207
f 1445/1501/736/207 1443/1498/733/207 1442/1502/737/207
f 1445/1501/736/207 1444/1499/734/207 1443/1498/733/207
f 1448/1503/738/208 1449/1504/739/208 1451/1505/740/208
f 1450/1506/741/208 1448/1503/738/208 1447/1507/742/208
f 1450/1506/741/208 1449/1504/739/208 1448/1503/738/208
f 1453/1508/743/209 1454/1509/744/209 1456/1510/745/209
f 1455/1511/746/209 1453/1508/743/209 1452/1512/747/209
f 1455/1511/746/209 1454/1509/744/209 1453/1508/743/209
f 1458/1513/748/210 1459/1514/749/210 1461/1515/750/210
f 1460/1516/751/210 1458/1513/748/210 1457/1517/752/210
f 1460/1516/751/210 1459/1514/749/210 1458/1513/748/210
f 1463/1518/753/211 1464/1519/754/211 1466/1520/755/211
f 1465/1521/756/211 1463/1518/753/211 1462/1522/757/211
f 1465/1521/756/211 1464/1519/754/211 1463/1518/753/211
f 1468/1523/758/212 1469/1524/759/212 1471/1525/760/212
f 1470/1526/761/212 1468/1523/758/212 1467/1527/762/212
f 1470/1526/761/212 1469/1524/759/212 1468/1523/758/212
f 1473/1528/763/213 1474/1529/764/213 1476/1530/765/213
f 1475/1531/766/213 1473/1528/763/213 1472/1532/767/213
f 1475/1531/766/213 1474/1529/764/213 1473/1528/763/213
f 1478/1533/768/214 1479/1534/769/214 1481/1535/770/214
f 1480/1536/771/214 1478/1533/768/214 1477/1537/772/214
f 1480/1536/771/214 1479/1534/769/214 1478/1533/768/214
f 1483/1538/773/215 1484/1539/774/215 1486/1540/775/215
f 1485/1541/776/215 1483/1538/773/215 1482/1542/777/215
f 1485/1541/776/215 1484/1539/774/215 1483/1538/773/215
f 1488/1543/778/216 1489/1544/779/216 1491/1545/780/216
f 1490/1546/781/216 1488/1543/778/216 1487/1547/782/216
f 1490/1546/781/216 1489/1544/779/216 1488/1543/778/216
f 1493/1548/783/217 1494/1549/784/217 1496/1550/785/217
f 1495/1551/786/217 1493/1548/783/217 1492/1552/787/217
f 1495/1551/786/217 1494/1549/784/217 1493/1548/783/217
f 1630/1694/870/228 1631/1695/870/228 1632/1696/870/228
f 1685/1748/907/231 1686/1749/908/231 1688/1750/909/231
f 1687/1751/910/231 1685/1748/907/231 1684/1752/911/231
f 1687/1751/910/231 1686/1749/908/231 1685/1748/907/231
f 1690/1753/912/232 1691/1754/913/232 1693/1755/914/232
f 1692/1756/915/232 1690/1753/912/232 1689/1757/916/232
f 1692/1756/915/232 1691/1754/913/232 1690/1753/912/232
f 1695/1758/917/233 1696/1759/918/233 1698/1760/919/233
f 1697/1761/920/233 1695/1758/917/233 1694/1762/921/233
f 1697/1761/920/233 1696/1759/918/233 1695/1758/917/233
f 1700/1763/922/234 1701/1764/923/234 1703/1765/924/234
f 1702/1766/925/234 1700/1763/922/234 1699/1767/926/234
f 1702/1766/925/234 1701/1764/923/234 1700/1763/922/234
f 1705/1768/927/235 1706/1769/928/235 1708/1770/929/235
f 1707/1771/930/235 1705/1768/927/235 1704/1772/931/235
f 1707/1771/930/235 1706/1769/928/235 1705/1768/927/235
f 1710/1773/932/236 1711/1774/933/236 1713/1775/934/236
f 1712/1776/935/236 1710/1773/932/236 1709/1777/936/236
f 1712/1776/935/236 1711/1774/933/236 1710/1773/932/236
f 1715/1778/937/237 1716/1779/938/237 1718/1780/939/237
f 1717/1781/940/237 1715/1778/937/237 1714/1782/941/237
f 1717/1781/940/237 1716/1779/938/237 1715/1778/937/237
f 1720/1783/942/238 1721/1784/943/238 1723/1785/944/238
f 1722/1786/945/238 1720/1783/942/238 1719/1787/946/238
f 1722/1786/945/238 1721/1784/943/238 1720/1783/942/238
f 1725/1788/947/239 1726/1789/948/239 1728/1790/949/239
f 1727/1791/950/239 1725/1788/947/239 1724/1792/951/239
f 1727/1791/950/239 1726/1789/948/239 1725/1788/947/239
f 1730/1793/952/240 1731/1794/953/240 1733/1795/954/240
f 1732/1796/955/240 1730/1793/952/240 1729/1797/956/240
f 1732/1796/955/240 1731/1794/953/240 1730/1793/952/240
f 1735/1798/957/241 1736/1799/958/241 1738/1800/959/241
f 1737/1801/960/241 1735/1798/957/241 1734/1802/961/241
f 1737/1801/960/241 1736/1799/958/241 1735/1798/957/241
f 1740/1803/962/242 1741/1804/963/242 1743/1805/964/242
f 1742/1806/965/242 1740/1803/962/242 1739/1807/966/242
f 1742/1806/965/242 1741/1804/963/242 1740/1803/962/242
f 1745/1808/967/243 1746/1809/968/243 1748/1810/969/243
f 1747/1811/970/243 1745/1808/967/243 1744/1812/971/243
f 1747/1811/970/243 1746/1809/968/243 1745/1808/967/243
f 1750/1813/972/244 1751/1814/973/244 1753/1815/974/244
f 1752/1816/975/244 1750/1813/972/244 1749/1817/976/244
f 1752/1816/975/244 1751/1814/973/244 1750/1813/972/244
f 1755/1818/977/245 1756/1819/978/245 1758/1820/979/245
f 1757/1821/980/245 1755/1818/977/245 1754/1822/981/245
f 1757/1821/980/245 1756/1819/978/245 1755/1818/977/245
f 1760/1823/982/246 1761/1824/983/246 1763/1825/984/246
f 1762/1826/985/246 1760/1823/982/246 1759/1827/986/246
f 1762/1826/985/246 1761/1824/983/246 1760/1823/982/246
f 1765/1828/987/247 1766/1829/988/247 1768/1830/989/247
f 1767/1831/990/247 1765/1828/987/247 1764/1832/991/247
f 1767/1831/990/247 1766/1829/988/247 1765/1828/987/247
f 1770/1833/992/248 1771/1834/993/248 1773/1835/994/248
f 1772/1836/995/248 1770/1833/992/248 1769/1837/996/248
f 1772/1836/995/248 1771/1834/993/248 1770/1833/992/248
f 1775/1838/997/249 1776/1839/998/249 1778/1840/999/249
f 1777/1841/1000/249 1775/1838/997/249 1774/1842/1001/249
f 1777/1841/1000/249 1776/1839/998/249 1775/1838/997/249
f 1853/1925/1046/256 1854/1926/1046/256 1855/1927/1046/256
f 1908/1979/1083/259 1909/1980/1084/259 1911/1981/1085/259
f 1910/1982/1086/259 1908/1979/1083/259 1907/1983/1087/259
f 1910/1982/1086/259 1909/1980/1084/259 1908/1979/1083/259
f 1913/1984/1088/260 1914/1985/1089/260 1916/1986/1090/260
f 1915/1987/1091/260 1913/1984/1088/260 1912/1988/1092/260
f 1915/1987/1091/260 1914/1985/1089/260 1913/1984/1088/260
f 1918/1989/1093/261 1919/1990/1094/261 1921/1991/1095/261
f 1920/1992/1096/261 1918/1989/1093/261 1917/1993/1097/261
f 1920/1992/1096/261 1919/1990/1094/261 1918/1989/1093/261
f 1923/1994/1098/262 1924/1995/1099/262 1926/1996/1100/262
f 1925/1997/1101/262 1923/1994/1098/262 1922/1998/1102/262
f 1925/1997/1101/262 1924/1995/1099/262 1923/1994/1098/262
f 1928/1999/1103/263 1929/2000/1104/263 1931/2001/1105/263
f 1930/2002/1106/263 1928/1999/1103/263 1927/2003/1107/263
f 1930/2002/1106/263 1929/2000/1104/263 1928/1999/1103/263
f 1933/2004/1108/264 1934/2005/1109/264 1936/2006/1110/264
f 1935/2007/1111/264 1933/2004/1108/264 1932/2008/1112/264
f 1935/2007/1111/264 1934/2005/1109/264 1933/2004/1108/264
f 1938/2009/1113/265 1939/2010/1114/265 1941/2011/1115/265
f 1940/2012/1116/265 1938/2009/1113/265 1937/2013/1117/265
f 1940/2012/1116/265 1939/2010/1114/265 1938/2009/1113/265
f 1943/2014/1118/266 1944/2015/1119/266 1946/2016/1120/266
f 1945/2017/1121/266 1943/2014/1118/266 1942/2018/1122/266
f 1945/2017/1121/266 1944/2015/1119/266 1943/2014/1118/266
f 1948/2019/1123/267 1949/2020/1124/267 1951/2021/1125/267
f 1950/2022/1126/267 1948/2019/1123/267 1947/2023/1127/267
f 1950/2022/1126/267 1949/2020/1124/267 1948/2019/1123/267
f 1953/2024/1128/268 1954/2025/1129/268 1956/2026/1130/268
f 1955/2027/1131/268 1953/2024/1128/268 1952/2028/1132/268
f 1955/2027/1131/268 1954/2025/1129/268 1953/2024/1128/268
f 1958/2029/1133/269 1959/2030/1134/269 1961/2031/1135/269
f 1960/2032/1136/269 1958/2029/1133/269 1957/2033/1137/269
f 1960/2032/1136/269 1959/2030/1134/269 1958/2029/1133/269
f 1963/2034/1138/270 1964/2035/1139/270 1966/2036/1140/270
f 1965/2037/1141/270 1963/2034/1138/270 1962/2038/1142/270
f 1965/2037/1141/270 1964/2035/1139/270 1963/2034/1138/270
f 1968/2039/1143/271 1969/2040/1144/271 1971/2041/1145/271
f 1970/2042/1146/271 1968/2039/1143/271 1967/2043/1147/271
f 1970/2042/1146/271 1969/2040/1144/271 1968/2039/1143/271
f 1973/2044/1148/272 1974/2045/1149/272 1976/2046/1150/272
f 1975/2047/1151/272 1973/2044/1148/272 1972/2048/1152/272
f 1975/2047/1151/272 1974/2045/1149/272 1973/2044/1148/272
f 1978/2049/1153/273 1979/2050/1154/273 1981/2051/1155/273
f 1980/2052/1156/273 1978/2049/1153/273 1977/2053/1157/273
f 1980/2052/1156/273 1979/2050/1154/273 1978/2049/1153/273
f 1983/2054/1158/274 1984/2055/1159/274 1986/2056/1160/274
f 1985/2057/1161/274 1983/2054/1158/274 1982/2058/1162/274
f 1985/2057/1161/274 1984/2055/1159/274 1983/2054/1158/274
f 1988/2059/1163/275 1989/2060/1164/275 1991/2061/1165/275
f 1990/2062/1166/275 1988/2059/1163/275 1987/2063/1167/275
f 1990/2062/1166/275 1989/2060/1164/275 1988/2059/1163/275
f 1993/2064/1168/276 1994/2065/1169/276 1996/2066/1170/276
f 1995/2067/1171/276 1993/2064/1168/276 1992/2068/1172/276
f 1995/2067/1171/276 1994/2065/1169/276 1993/2064/1168/276
f 1998/2069/1173/277 1999/2070/1174/277 2001/2071/1175/277
f 2000/2072/1176/277 1998/2069/1173/277 1997/2073/1177/277
f 2000/2072/1176/277 1999/2070/1174/277 1998/2069/1173/277
f 2003/2074/1178/278 2004/2075/1179/278 2006/2076/1180/278
f 2005/2077/1181/278 2003/2074/1178/278 2002/2078/1182/278
f 2005/2077/1181/278 2004/2075/1179/278 2003/2074/1178/278
f 2008/2079/1183/279 2009/2080/1184/279 2011/2081/1185/279
f 2010/2082/1186/279 2008/2079/1183/279 2007/2083/1187/279
f 2010/2082/1186/279 2009/2080/1184/279 2008/2079/1183/279
f 2058/2138/1219/283 2059/2139/1219/283 2060/2140/1219/283
f 2113/2192/1256/286 2114/2193/1257/286 2116/2194/1258/286
f 2115/2195/1259/286 2113/2192/1256/286 2112/2196/1260/286
f 2115/2195/1259/286 2114/2193/1257/286 2113/2192/1256/286
f 2118/2197/1261/287 2119/2198/1262/287 2121/2199/1263/287
f 2120/2200/1264/287 2118/2197/1261/287 2117/2201/1265/287
f 2120/2200/1264/287 2119/2198/1262/287 2118/2197/1261/287
f 2123/2202/1266/288 2124/2203/1267/288 2126/2204/1268/288
f 2125/2205/1269/288 2123/2202/1266/288 2122/2206/1270/288
f 2125/2205/1269/288 2124/2203/1267/288 2123/2202/1266/288
f 2128/2207/1271/289 2129/2208/1272/289 2131/2209/1273/289
f 2130/2210/1274/289 2128/2207/1271/289 2127/2211/1275/289
f 2130/2210/1274/289 2129/2208/1272/289 2128/2207/1271/289
f 2133/2212/1276/290 2134/2213/1277/290 2136/2214/1278/290
f 2135/2215/1279/290 2133/2212/1276/290 2132/2216/1280/290
f 2135/2215/1279/290 2134/2213/1277/290 2133/2212/1276/290
f 2138/2217/1281/291 2139/2218/1282/291 2141/2219/1283/291
f 2140/2220/1284/291 2138/2217/1281/291 2137/2221/1285/291
f 2140/2220/1284/291 2139/2218/1282/291 2138/2217/1281/291
f 2143/2222/1286/292 2144/2223/1287/292 2146/2224/1288/292
f 2145/2225/1289/292 2143/2222/1286/292 2142/2226/1290/292
f 2145/2225/1289/292 2144/2223/1287/292 2143/2222/1286/292
f 2148/2227/1291/293 2149/2228/1292/293 2151/2229/1293/293
f 2150/2230/1294/293 2148/2227/1291/293 2147/2231/1295/293
f 2150/2230/1294/293 2149/2228/1292/293 2148/2227/1291/293
f 2153/2232/1296/294 2154/2233/1297/294 2156/2234/1298/294
f 2155/2235/1299/294 2153/2232/1296/294 2152/2236/1300/294
f 2155/2235/1299/294 2154/2233/1297/294 2153/2232/1296/294
f 2158/2237/1301/295 2159/2238/1302/295 2161/2239/1303/295
f 2160/2240/1304/295 2158/2237/1301/295 2157/2241/1305/295
f 2160/2240/1304/295 2159/2238/1302/295 2158/2237/1301/295
f 2163/2242/1306/296 2164/2243/1307/296 2166/2244/1308/296
f 2165/2245/1309/296 2163/2242/1306/296 2162/2246/1310/296
f 2165/2245/1309/296 2164/2243/1307/296 2163/2242/1306/296
f 2168/2247/1311/297 2169/2248/1312/297 2171/2249/1313/297
f 2170/2250/1314/297 2168/2247/1311/297 2167/2251/1315/297
f 2170/2250/1314/297 2169/2248/1312/297 2168/2247/1311/297
f 2173/2252/1316/298 2174/2253/1317/298 2176/2254/1318/298
f 2175/2255/1319/298 2173/2252/1316/298 2172/2256/1320/298
f 2175/2255/1319/298 2174/2253/1317/298 2173/2252/1316/298
f 2178/2257/1321/299 2179/2258/1322/299 2181/2259/1323/299
f 2180/2260/1324/299 2178/2257/1321/299 2177/2261/1325/299
f 2180/2260/1324/299 2179/2258/1322/299 2178/2257/1321/299
f 2183/2262/1326/300 2184/2263/1327/300 2186/2264/1328/300
f 2185/2265/1329/300 2183/2262/1326/300 2182/2266/1330/300
f 2185/2265/1329/300 2184/2263/1327/300 2183/2262/1326/300
f 2188/2267/1331/301 2189/2268/1332/301 2191/2269/1333/301
f 2190/2270/1334/301 2188/2267/1331/301 2187/2271/1335/301
f 2190/2270/1334/301 2189/2268/1332/301 2188/2267/1331/301
f 2193/2272/1336/302 2194/2273/1337/302 2196/2274/1338/302
f 2195/2275/1339/302 2193/2272/1336/302 2192/2276/1340/302
f 2195/2275/1339/302 2194/2273/1337/302 2193/2272/1336/302
f 2198/2277/1341/303 2199/2278/1342/303 2201/2279/1343/303
f 2200/2280/1344/303 2198/2277/1341/303 2197/2281/1345/303
f 2200/2280/1344/303 2199/2278/1342/303 2198/2277/1341/303
f 2203/2282/1346/304 2204/2283/1347/304 2206/2284/1348/304
f 2205/2285/1349/304 2203/2282/1346/304 2202/2286/1350/304
f 2205/2285/1349/304 2204/2283/1347/304 2203/2282/1346/304
f 2208/2287/1351/305 2209/2288/1352/305 2211/2289/1353/305
f 2210/2290/1354/305 2208/2287/1351/305 2207/2291/1355/305
f 2210/2290/1354/305 2209/2288/1352/305 2208/2287/1351/305
f 2213/2292/1356/306 2214/2293/1357/306 2216/2294/1358/306
f 2215/2295/1359/306 2213/2292/1356/306 2212/2296/1360/306
f 2215/2295/1359/306 2214/2293/1357/306 2213/2292/1356/306
f 2218/2297/1361/307 2219/2298/1362/307 2221/2299/1363/307
f 2220/2300/1364/307 2218/2297/1361/307 2217/2301/1365/307
f 2220/2300/1364/307 2219/2298/1362/307 2218/2297/1361/307
f 2223/2302/1366/308 2224/2303/1367/308 2226/2304/1368/308
f 2225/2305/1369/308 2223/2302/1366/308 2222/2306/1370/308
f 2225/2305/1369/308 2224/2303/1367/308 2223/2302/1366/308
f 2273/2361/1402/312 2274/2362/1402/312 2275/2363/1402/312
f 2328/2415/1439/315 2329/2416/1440/315 2331/2417/1441/315
f 2330/2418/1442/315 2328/2415/1439/315 2327/2419/1443/315
f 2330/2418/1442/315 2329/2416/1440/315 2328/2415/1439/315
f 2333/2420/1444/316 2334/2421/1445/316 2336/2422/1446/316
f 2335/2423/1447/316 2333/2420/1444/316 2332/2424/1448/316
f 2335/2423/1447/316 2334/2421/1445/316 2333/2420/1444/316
f 2338/2425/1449/317 2339/2426/1450/317 2341/2427/1451/317
f 2340/2428/1452/317 2338/2425/1449/317 2337/2429/1453/317
f 2340/2428/1452/317 2339/2426/1450/317 2338/2425/1449/317
f 2343/2430/1454/318 2344/2431/1455/318 2346/2432/1456/318
f 2345/2433/1457/318 2343/2430/1454/318 2342/2434/1458/318
f 2345/2433/1457/318 2344/2431/1455/318 2343/2430/1454/318
f 2348/2435/1459/319 2349/2436/1460/319 2351/2437/1461/319
f 2350/2438/1462/319 2348/2435/1459/319 2347/2439/1463/319
f 2350/2438/1462/319 2349/2436/1460/319 2348/2435/1459/319
f 2353/2440/1464/320 2354/2441/1465/320 2356/2442/1466/320
f 2355/2443/1467/320 2353/2440/1464/320 2352/2444/1468/320
f 2355/2443/1467/320 2354/2441/1465/320 2353/2440/1464/320
f 2358/2445/1469/321 2359/2446/1470/321 2361/2447/1471/321
f 2360/2448/1472/321 2358/2445/1469/321 2357/2449/1473/321
f 2360/2448/1472/321 2359/2446/1470/321 2358/2445/1469/321
f 2363/2450/1474/322 2364/2451/1475/322 2366/2452/1476/322
f 2365/2453/1477/322 2363/2450/1474/322 2362/2454/1478/322
f 2365/2453/1477/322 2364/2451/1475/322 2363/2450/1474/322
f 2368/2455/1479/323 2369/2456/1480/323 2371/2457/1481/323
f 2370/2458/1482/323 2368/2455/1479/323 2367/2459/1483/323
f 2370/2458/1482/323 2369/2456/1480/323 2368/2455/1479/323
f 2373/2460/1484/324 2374/2461/1485/324 2376/2462/1486/324
f 2375/2463/1487/324 2373/2460/1484/324 2372/2464/1488/324
f 2375/2463/1487/324 2374/2461/1485/324 2373/2460/1484/324
f 2378/2465/1489/325 2379/2466/1490/325 2381/2467/1491/325
f 2380/2468/1492/325 2378/2465/1489/325 2377/2469/1493/325
f 2380/2468/1492/325 2379/2466/1490/325 2378/2465/1489/325
f 2383/2470/1494/326 2384/2471/1495/326 2386/2472/1496/326
f 2385/2473/1497/326 2383/2470/1494/326 2382/2474/1498/326
f 2385/2473/1497/326 2384/2471/1495/326 2383/2470/1494/326
f 2388/2475/1499/327 2389/2476/1500/327 2391/2477/1501/327
f 2390/2478/1502/327 2388/2475/1499/327 2387/2479/1503/327
f 2390/2478/1502/327 2389/2476/1500/327 2388/2475/1499/327
f 2393/2480/1504/328 2394/2481/1505/328 2396/2482/1506/328
f 2395/2483/1507/328 2393/2480/1504/328 2392/2484/1508/328
f 2395/2483/1507/328 2394/2481/1505/328 2393/2480/1504/328
f 2398/2485/1509/329 2399/2486/1510/329 2401/2487/1511/329
f 2400/2488/1512/329 2398/2485/1509/329 2397/2489/1513/329
f 2400/2488/1512/329 2399/2486/1510/329 2398/2485/1509/329
f 2403/2490/1514/330 2404/2491/1515/330 2406/2492/1516/330
f 2405/2493/1517/330 2403/2490/1514/330 2402/2494/1518/330
f 2405/2493/1517/330 2404/2491/1515/330 2403/2490/1514/330
f 2408/2495/1519/331 2409/2496/1520/331 2411/2497/1521/331
f 2410/2498/1522/331 2408/2495/1519/331 2407/2499/1523/331
f 2410/2498/1522/331 2409/2496/1520/331 2408/2495/1519/331
f 2413/2500/1524/332 2414/2501/1525/332 2416/2502/1526/332
f 2415/2503/1527/332 2413/2500/1524/332 2412/2504/1528/332
f 2415/2503/1527/332 2414/2501/1525/332 2413/2500/1524/332
f 2418/2505/1529/333 2419/2506/1530/333 2421/2507/1531/333
f 2420/2508/1532/333 2418/2505/1529/333 2417/2509/1533/333
f 2420/2508/1532/333 2419/2506/1530/333 2418/2505/1529/333
f 2423/2510/1534/334 2424/2511/1535/334 2426/2512/1536/334
f 2425/2513/1537/334 2423/2510/1534/334 2422/2514/1538/334
f 2425/2513/1537/334 2424/2511/1535/334 2423/2510/1534/334
f 2428/2515/1539/335 2429/2516/1540/335 2431/2517/1541/335
f 2430/2518/1542/335 2428/2515/1539/335 2427/2519/1543/335
f 2430/2518/1542/335 2429/2516/1540/335 2428/2515/1539/335
f 2433/2520/1544/336 2434/2521/1545/336 2436/2522/1546/336
f 2435/2523/1547/336 2433/2520/1544/336 2432/2524/1548/336
f 2435/2523/1547/336 2434/2521/1545/336 2433/2520/1544/336
f 2438/2525/1549/337 2439/2526/1550/337 2441/2527/1551/337
f 2440/2528/1552/337 2438/2525/1549/337 2437/2529/1553/337
f 2440/2528/1552/337 2439/2526/1550/337 2438/2525/1549/337
f 2443/2530/1554/338 2444/2531/1555/338 2446/2532/1556/338
f 2445/2533/1557/338 2443/2530/1554/338 2442/2534/1558/338
f 2445/2533/1557/338 2444/2531/1555/338 2443/2530/1554/338
f 2448/2535/1559/339 2449/2536/1560/339 2451/2537/1561/339
f 2450/2538/1562/339 2448/2535/1559/339 2447/2539/1563/339
f 2450/2538/1562/339 2449/2536/1560/339 2448/2535/1559/339
f 2504/2591/1600/342 2505/2592/1601/342 2507/2593/1602/342
f 2506/2594/1603/342 2504/2591/1600/342 2503/2595/1604/342
f 2506/2594/1603/342 2505/2592/1601/342 2504/2591/1600/342
f 2509/2596/1605/343 2510/2597/1606/343 2512/2598/1607/343
f 2511/2599/1608/343 2509/2596/1605/343 2508/2600/1609/343
f 2511/2599/1608/343 2510/2597/1606/343 2509/2596/1605/343
f 2514/2601/1610/344 2515/2602/1611/344 2517/2603/1612/344
f 2516/2604/1613/344 2514/2601/1610/344 2513/2605/1614/344
f 2516/2604/1613/344 2515/2602/1611/344 2514/2601/1610/344
f 2519/2606/1615/345 2520/2607/1616/345 2522/2608/1617/345
f 2521/2609/1618/345 2519/2606/1615/345 2518/2610/1619/345
f 2521/2609/1618/345 2520/2607/1616/345 2519/2606/1615/345
f 2524/2611/1620/346 2525/2612/1621/346 2527/2613/1622/346
f 2526/2614/1623/346 2524/2611/1620/346 2523/2615/1624/346
f 2526/2614/1623/346 2525/2612/1621/346 2524/2611/1620/346
f 2529/2616/1625/347 2530/2617/1626/347 2532/2618/1627/347
f 2531/2619/1628/347 2529/2616/1625/347 2528/2620/1629/347
f 2531/2619/1628/347 2530/2617/1626/347 2529/2616/1625/347
f 2534/2621/1630/348 2535/2622/1631/348 2537/2623/1632/348
f 2536/2624/1633/348 2534/2621/1630/348 2533/2625/1634/348
f 2536/2624/1633/348 2535/2622/1631/348 2534/2621/1630/348
f 2539/2626/1635/349 2540/2627/1636/349 2542/2628/1637/349
f 2541/2629/1638/349 2539/2626/1635/349 2538/2630/1639/349
f 2541/2629/1638/349 2540/2627/1636/349 2539/2626/1635/349
f 2544/2631/1640/350 2545/2632/1641/350 2547/2633/1642/350
f 2546/2634/1643/350 2544/2631/1640/350 2543/2635/1644/350
f 2546/2634/1643/350 2545/2632/1641/350 2544/2631/1640/350
f 2549/2636/1645/351 2550/2637/1646/351 2552/2638/1647/351
f 2551/2639/1648/351 2549/2636/1645/351 2548/2640/1649/351
f 2551/2639/1648/351 2550/2637/1646/351 2549/2636/1645/351
f 2554/2641/1650/352 2555/2642/1651/352 2557/2643/1652/352
f 2556/2644/1653/352 2554/2641/1650/352 2553/2645/1654/352
f 2556/2644/1653/352 2555/2642/1651/352 2554/2641/1650/352
f 2559/2646/1655/353 2560/2647/1656/353 2562/2648/1657/353
f 2561/2649/1658/353 2559/2646/1655/353 2558/2650/1659/353
f 2561/2649/1658/353 2560/2647/1656/353 2559/2646/1655/353
f 2564/2651/1660/354 2565/2652/1661/354 2567/2653/1662/354
f 2566/2654/1663/354 2564/2651/1660/354 2563/2655/1664/354
f 2566/2654/1663/354 2565/2652/1661/354 2564/2651/1660/354
f 2569/2656/1665/355 2570/2657/1666/355 2572/2658/1667/355
f 2571/2659/1668/355 2569/2656/1665/355 2568/2660/1669/355
f 2571/2659/1668/355 2570/2657/1666/355 2569/2656/1665/355
f 2574/2661/1670/356 2575/2662/1671/356 2577/2663/1672/356
f 2576/2664/1673/356 2574/2661/1670/356 2573/2665/1674/356
f 2576/2664/1673/356 2575/2662/1671/356 2574/2661/1670/356
f 2579/2666/1675/357 2580/2667/1676/357 2582/2668/1677/357
f 2581/2669/1678/357 2579/2666/1675/357 2578/2670/1679/357
f 2581/2669/1678/357 2580/2667/1676/357 2579/2666/1675/357
f 2584/2671/1680/358 2585/2672/1681/358 2587/2673/1682/358
f 2586/2674/1683/358 2584/2671/1680/358 2583/2675/1684/358
f 2586/2674/1683/358 2585/2672/1681/358 2584/2671/1680/358
f 2589/2676/1685/359 2590/2677/1686/359 2592/2678/1687/359
f 2591/2679/1688/359 2589/2676/1685/359 2588/2680/1689/359
f 2591/2679/1688/359 2590/2677/1686/359 2589/2676/1685/359
f 2594/2681/1690/360 2595/2682/1691/360 2597/2683/1692/360
f 2596/2684/1693/360 2594/2681/1690/360 2593/2685/1694/360
f 2596/2684/1693/360 2595/2682/1691/360 2594/2681/1690/360
f 2599/2686/1695/361 2600/2687/1696/361 2602/2688/1697/361
f 2601/2689/1698/361 2599/2686/1695/361 2598/2690/1699/361
f 2601/2689/1698/361 2600/2687/1696/361 2599/2686/1695/361
f 2604/2691/1700/362 2605/2692/1701/362 2607/2693/1702/362
f 2606/2694/1703/362 2604/2691/1700/362 2603/2695/1704/362
f 2606/2694/1703/362 2605/2692/1701/362 2604/2691/1700/362
f 2609/2696/1705/363 2610/2697/1706/363 2612/2698/1707/363
f 2611/2699/1708/363 2609/2696/1705/363 2608/2700/1709/363
f 2611/2699/1708/363 2610/2697/1706/363 2609/2696/1705/363
f 2614/2701/1710/364 2615/2702/1711/364 2617/2703/1712/364
f 2616/2704/1713/364 2614/2701/1710/364 2613/2705/1714/364
f 2616/2704/1713/364 2615/2702/1711/364 2614/2701/1710/364
f 2619/2706/1715/365 2620/2707/1716/365 2622/2708/1717/365
f 2621/2709/1718/365 2619/2706/1715/365 2618/2710/1719/365
f 2621/2709/1718/365 2620/2707/1716/365 2619/2706/1715/365
f 2624/2711/1720/366 2625/2712/1721/366 2627/2713/1722/366
f 2626/2714/1723/366 2624/2711/1720/366 2623/2715/1724/366
f 2626/2714/1723/366 2625/2712/1721/366 2624/2711/1720/366
f 2629/2716/1725/367 2630/2717/1726/367 2632/2718/1727/367
f 2631/2719/1728/367 2629/2716/1725/367 2628/2720/1729/367
f 2631/2719/1728/367 2630/2717/1726/367 2629/2716/1725/367
f 2634/2721/1730/368 2635/2722/1731/368 2637/2723/1732/368
f 2636/2724/1733/368 2634/2721/1730/368 2633/2725/1734/368
f 2636/2724/1733/368 2635/2722/1731/368 2634/2721/1730/368
f 2639/2726/1735/369 2640/2727/1736/369 2642/2728/1737/369
f 2641/2729/1738/369 2639/2726/1735/369 2638/2730/1739/369
f 2641/2729/1738/369 2640/2727/1736/369 2639/2726/1735/369
f 2644/2731/1740/370 2645/2732/1741/370 2647/2733/1742/370
f 2646/2734/1743/370 2644/2731/1740/370 2643/2735/1744/370
f 2646/2734/1743/370 2645/2732/1741/370 2644/2731/1740/370
f 2649/2736/1745/371 2650/2737/1746/371 2652/2738/1747/371
f 2651/2739/1748/371 2649/2736/1745/371 2648/2740/1749/371
f 2651/2739/1748/371 2650/2737/1746/371 2649/2736/1745/371
f 2654/2741/1750/372 2655/2742/1751/372 2657/2743/1752/372
f 2656/2744/1753/372 2654/2741/1750/372 2653/2745/1754/372
f 2656/2744/1753/372 2655/2742/1751/372 2654/2741/1750/372
f 2659/2746/1755/373 2660/2747/1756/373 2662/2748/1757/373
f 2661/2749/1758/373 2659/2746/1755/373 2658/2750/1759/373
f 2661/2749/1758/373 2660/2747/1756/373 2659/2746/1755/373
f 2664/2751/1760/374 2665/2752/1761/374 2667/2753/1762/374
f 2666/2754/1763/374 2664/2751/1760/374 2663/2755/1764/374
f 2666/2754/1763/374 2665/2752/1761/374 2664/2751/1760/374
f 2669/2756/1765/375 2670/2757/1766/375 2672/2758/1767/375
f 2671/2759/1768/375 2669/2756/1765/375 2668/2760/1769/375
f 2671/2759/1768/375 2670/2757/1766/375 2669/2756/1765/375
f 2674/2761/1770/376 2675/2762/1771/376 2677/2763/1772/376
f 2676/2764/1773/376 2674/2761/1770/376 2673/2765/1774/376
f 2676/2764/1773/376 2675/2762/1771/376 2674/2761/1770/376
f 2679/2766/1775/377 2680/2767/1776/377 2682/2768/1777/377
f 2681/2769/1778/377 2679/2766/1775/377 2678/2770/1779/377
f 2681/2769/1778/377 2680/2767/1776/377 2679/2766/1775/377
f 2684/2771/1780/378 2685/2772/1781/378 2687/2773/1782/378
f 2686/2774/1783/378 2684/2771/1780/378 2683/2775/1784/378
f 2686/2774/1783/378 2685/2772/1781/378 2684/2771/1780/378
f 2689/2776/1785/379 2690/2777/1786/379 2692/2778/1787/379
f 2691/2779/1788/379 2689/2776/1785/379 2688/2780/1789/379
f 2691/2779/1788/379 2690/2777/1786/379 2689/2776/1785/379
f 2694/2781/1790/380 2695/2782/1791/380 2697/2783/1792/380
f 2696/2784/1793/380 2694/2781/1790/380 2693/2785/1794/380
f 2696/2784/1793/380 2695/2782/1791/380 2694/2781/1790/380
f 2699/2786/1795/381 2700/2787/1796/381 2702/2788/1797/381
f 2701/2789/1798/381 2699/2786/1795/381 2698/2790/1799/381
f 2701/2789/1798/381 2700/2787/1796/381 2699/2786/1795/381
f 2704/2791/1800/382 2705/2792/1801/382 2707/2793/1802/382
f 2706/2794/1803/382 2704/2791/1800/382 2703/2795/1804/382
f 2706/2794/1803/382 2705/2792/1801/382 2704/2791/1800/382
f 2709/2796/1805/383 2710/2797/1806/383 2712/2798/1807/383
f 2711/2799/1808/383 2709/2796/1805/383 2708/2800/1809/383
f 2711/2799/1808/383 2710/2797/1806/383 2709/2796/1805/383
f 2714/2801/1810/384 2715/2802/1811/384 2717/2803/1812/384
f 2716/2804/1813/384 2714/2801/1810/384 2713/2805/1814/384
f 2716/2804/1813/384 2715/2802/1811/384 2714/2801/1810/384
f 2719/2806/1815/385 2720/2807/1816/385 2722/2808/1817/385
f 2721/2809/1818/385 2719/2806/1815/385 2718/2810/1819/385
f 2721/2809/1818/385 2720/2807/1816/385 2719/2806/1815/385
f 2724/2811/1820/386 2725/2812/1821/386 2727/2813/1822/386
f 2726/2814/1823/386 2724/2811/1820/386 2723/2815/1824/386
f 2726/2814/1823/386 2725/2812/1821/386 2724/2811/1820/386
f 2729/2816/1825/387 2730/2817/1826/387 2732/2818/1827/387
f 2731/2819/1828/387 2729/2816/1825/387 2728/2820/1829/387
f 2731/2819/1828/387 2730/2817/1826/387 2729/2816/1825/387
f 2734/2821/1830/388 2735/2822/1831/388 2737/2823/1832/388
f 2736/2824/1833/388 2734/2821/1830/388 2733/2825/1834/388
f 2736/2824/1833/388 2735/2822/1831/388 2734/2821/1830/388
f 2739/2826/1835/389 2740/2827/1836/389 2742/2828/1837/389
f 2741/2829/1838/389 2739/2826/1835/389 2738/2830/1839/389
f 2741/2829/1838/389 2740/2827/1836/389 2739/2826/1835/389
f 2744/2831/1840/390 2745/2832/1841/390 2747/2833/1842/390
f 2746/2834/1843/390 2744/2831/1840/390 2743/2835/1844/390
f 2746/2834/1843/390 2745/2832/1841/390 2744/2831/1840/390
f 2749/2836/1845/391 2750/2837/1846/391 2752/2838/1847/391
f 2751/2839/1848/391 2749/2836/1845/391 2748/2840/1849/391
f 2751/2839/1848/391 2750/2837/1846/391 2749/2836/1845/391
f 2754/2841/1850/392 2755/2842/1851/392 2757/2843/1852/392
f 2756/2844/1853/392 2754/2841/1850/392 2753/2845/1854/392
f 2756/2844/1853/392 2755/2842/1851/392 2754/2841/1850/392
f 2759/2846/1855/393 2760/2847/1856/393 2762/2848/1857/393
f 2761/2849/1858/393 2759/2846/1855/393 2758/2850/1859/393
f 2761/2849/1858/393 2760/2847/1856/393 2759/2846/1855/393
f 2764/2851/1860/394 2765/2852/1861/394 2767/2853/1862/394
f 2766/2854/1863/394 2764/2851/1860/394 2763/2855/1864/394
f 2766/2854/1863/394 2765/2852/1861/394 2764/2851/1860/394
f 2769/2856/1865/395 2770/2857/1866/395 2772/2858/1867/395
f 2771/2859/1868/395 2769/2856/1865/395 2768/2860/1869/395
f 2771/2859/1868/395 2770/2857/1866/395 2769/2856/1865/395
f 2774/2861/1870/396 2775/2862/1871/396 2777/2863/1872/396
f 2776/2864/1873/396 2774/2861/1870/396 2773/2865/1874/396
f 2776/2864/1873/396 2775/2862/1871/396 2774/2861/1870/396
f 2779/2866/1875/397 2780/2867/1876/397 2782/2868/1877/397
f 2781/2869/1878/397 2779/2866/1875/397 2778/2870/1879/397
f 2781/2869/1878/397 2780/2867/1876/397 2779/2866/1875/397
f 2784/2871/1880/398 2785/2872/1881/398 2787/2873/1882/398
f 2786/2874/1883/398 2784/2871/1880/398 2783/2875/1884/398
f 2786/2874/1883/398 2785/2872/1881/398 2784/2871/1880/398
f 2789/2876/1885/399 2790/2877/1886/399 2792/2878/1887/399
f 2791/2879/1888/399 2789/2876/1885/399 2788/2880/1889/399
f 2791/2879/1888/399 2790/2877/1886/399 2789/2876/1885/399
f 2794/2881/1890/400 2795/2882/1891/400 2797/2883/1892/400
f 2796/2884/1893/400 2794/2881/1890/400 2793/2885/1894/400
f 2796/2884/1893/400 2795/2882/1891/400 2794/2881/1890/400
f 2799/2886/1895/401 2800/2887/1896/401 2802/2888/1897/401
f 2801/2889/1898/401 2799/2886/1895/401 2798/2890/1899/401
f 2801/2889/1898/401 2800/2887/1896/401 2799/2886/1895/401
f 2804/2891/1900/402 2805/2892/1901/402 2807/2893/1902/402
f 2806/2894/1903/402 2804/2891/1900/402 2803/2895/1904/402
f 2806/2894/1903/402 2805/2892/1901/402 2804/2891/1900/402
f 2809/2896/1905/403 2810/2897/1906/403 2812/2898/1907/403
f 2811/2899/1908/403 2809/2896/1905/403 2808/2900/1909/403
f 2811/2899/1908/403 2810/2897/1906/403 2809/2896/1905/403
f 2814/2901/1910/404 2815/2902/1911/404 2817/2903/1912/404
f 2816/2904/1913/404 2814/2901/1910/404 2813/2905/1914/404
f 2816/2904/1913/404 2815/2902/1911/404 2814/2901/1910/404
f 2819/2906/1915/405 2820/2907/1916/405 2822/2908/1917/405
f 2821/2909/1918/405 2819/2906/1915/405 2818/2910/1919/405
f 2821/2909/1918/405 2820/2907/1916/405 2819/2906/1915/405
f 2824/2911/1920/406 2825/2912/1921/406 2827/2913/1922/406
f 2826/2914/1923/406 2824/2911/1920/406 2823/2915/1924/406
f 2826/2914/1923/406 2825/2912/1921/406 2824/2911/1920/406
f 2829/2916/1925/407 2830/2917/1926/407 2832/2918/1927/407
f 2831/2919/1928/407 2829/2916/1925/407 2828/2920/1929/407
f 2831/2919/1928/407 2830/2917/1926/407 2829/2916/1925/407
f 2834/2921/1930/408 2835/2922/1931/408 2837/2923/1932/408
f 2836/2924/1933/408 2834/2921/1930/408 2833/2925/1934/408
f 2836/2924/1933/408 2835/2922/1931/408 2834/2921/1930/408
f 2839/2926/1935/409 2840/2927/1936/409 2842/2928/1937/409
f 2841/2929/1938/409 2839/2926/1935/409 2838/2930/1939/409
f 2841/2929/1938/409 2840/2927/1936/409 2839/2926/1935/409
f 2844/2931/1940/410 2845/2932/1941/410 2847/2933/1942/410
f 2846/2934/1943/410 2844/2931/1940/410 2843/2935/1944/410
f 2846/2934/1943/410 2845/2932/1941/410 2844/2931/1940/410
f 2849/2936/1945/411 2850/2937/1946/411 2852/2938/1947/411
f 2851/2939/1948/411 2849/2936/1945/411 2848/2940/1949/411
f 2851/2939/1948/411 2850/2937/1946/411 2849/2936/1945/411
f 2854/2941/1950/412 2855/2942/1951/412 2857/2943/1952/412
f 2856/2944/1953/412 2854/2941/1950/412 2853/2945/1954/412
f 2856/2944/1953/412 2855/2942/1951/412 2854/2941/1950/412
f 2859/2946/1955/413 2860/2947/1956/413 2862/2948/1957/413
f 2861/2949/1958/413 2859/2946/1955/413 2858/2950/1959/413
f 2861/2949/1958/413 2860/2947/1956/413 2859/2946/1955/413
f 2864/2951/1960/414 2865/2952/1961/414 2867/2953/1962/414
f 2866/2954/1963/414 2864/2951/1960/414 2863/2955/1964/414
f 2866/2954/1963/414 2865/2952/1961/414 2864/2951/1960/414
f 2869/2956/1965/415 2870/2957/1966/415 2872/2958/1967/415
f 2871/2959/1968/415 2869/2956/1965/415 2868/2960/1969/415
f 2871/2959/1968/415 2870/2957/1966/415 2869/2956/1965/415
f 2874/2961/1970/416 2875/2962/1971/416 2877/2963/1972/416
f 2876/2964/1973/416 2874/2961/1970/416 2873/2965/1974/416
f 2876/2964/1973/416 2875/2962/1971/416 2874/2961/1970/416
f 2879/2966/1975/417 2880/2967/1976/417 2882/2968/1977/417
f 2881/2969/1978/417 2879/2966/1975/417 2878/2970/1979/417
f 2881/2969/1978/417 2880/2967/1976/417 2879/2966/1975/417
f 2884/2971/1980/418 2885/2972/1981/418 2887/2973/1982/418
f 2886/2974/1983/418 2884/2971/1980/418 2883/2975/1984/418
f 2886/2974/1983/418 2885/2972/1981/418 2884/2971/1980/418
f 2889/2976/1985/419 2890/2977/1986/419 2892/2978/1987/419
f 2891/2979/1988/419 2889/2976/1985/419 2888/2980/1989/419
f 2891/2979/1988/419 2890/2977/1986/419 2889/2976/1985/419
f 2894/2981/1990/420 2895/2982/1991/420 2897/2983/1992/420
f 2896/2984/1993/420 2894/2981/1990/420 2893/2985/1994/420
f 2896/2984/1993/420 2895/2982/1991/420 2894/2981/1990/420
f 2899/2986/1995/421 2900/2987/1996/421 2902/2988/1997/421
f 2901/2989/1998/421 2899/2986/1995/421 2898/2990/1999/421
f 2901/2989/1998/421 2900/2987/1996/421 2899/2986/1995/421
f 2904/2991/2000/422 2905/2992/2001/422 2907/2993/2002/422
f 2906/2994/2003/422 2904/2991/2000/422 2903/2995/2004/422
f 2906/2994/2003/422 2905/2992/2001/422 2904/2991/2000/422
f 2909/2996/2005/423 2910/2997/2006/423 2912/2998/2007/423
f 2911/2999/2008/423 2909/2996/2005/423 2908/3000/2009/423
f 2911/2999/2008/423 2910/2997/2006/423 2909/2996/2005/423
f 2914/3001/2010/424 2915/3002/2011/424 2917/3003/2012/424
f 2916/3004/2013/424 2914/3001/2010/424 2913/3005/2014/424
f 2916/3004/2013/424 2915/3002/2011/424 2914/3001/2010/424
f 2919/3006/2015/425 2920/3007/2016/425 2922/3008/2017/425
f 2921/3009/2018/425 2919/3006/2015/425 2918/3010/2019/425
f 2921/3009/2018/425 2920/3007/2016/425 2919/3006/2015/425
f 2924/3011/2020/426 2925/3012/2021/426 2927/3013/2022/426
f 2926/3014/2023/426 2924/3011/2020/426 2923/3015/2024/426
f 2926/3014/2023/426 2925/3012/2021/426 2924/3011/2020/426
f 2929/3016/2025/427 2930/3017/2026/427 2932/3018/2027/427
f 2931/3019/2028/427 2929/3016/2025/427 2928/3020/2029/427
f 2931/3019/2028/427 2930/3017/2026/427 2929/3016/2025/427
f 2934/3021/2030/428 2935/3022/2031/428 2937/3023/2032/428
f 2936/3024/2033/428 2934/3021/2030/428 2933/3025/2034/428
f 2936/3024/2033/428 2935/3022/2031/428 2934/3021/2030/428
f 2939/3026/2035/429 2940/3027/2036/429 2942/3028/2037/429
f 2941/3029/2038/429 2939/3026/2035/429 2938/3030/2039/429
f 2941/3029/2038/429 2940/3027/2036/429 2939/3026/2035/429
f 2944/3031/2040/430 2945/3032/2041/430 2947/3033/2042/430
f 2946/3034/2043/430 2944/3031/2040/430 2943/3035/2044/430
f 2946/3034/2043/430 2945/3032/2041/430 2944/3031/2040/430
f 2949/3036/2045/431 2950/3037/2046/431 2952/3038/2047/431
f 2951/3039/2048/431 2949/3036/2045/431 2948/3040/2049/431
f 2951/3039/2048/431 2950/3037/2046/431 2949/3036/2045/431
f 2954/3041/2050/432 2955/3042/2051/432 2957/3043/2052/432
f 2956/3044/2053/432 2954/3041/2050/432 2953/3045/2054/432
f 2956/3044/2053/432 2955/3042/2051/432 2954/3041/2050/432
f 2959/3046/2055/433 2960/3047/2056/433 2962/3048/2057/433
f 2961/3049/2058/433 2959/3046/2055/433 2958/3050/2059/433
f 2961/3049/2058/433 2960/3047/2056/433 2959/3046/2055/433
f 2964/3051/2060/434 2965/3052/2061/434 2967/3053/2062/434
f 2966/3054/2063/434 2964/3051/2060/434 2963/3055/2064/434
f 2966/3054/2063/434 2965/3052/2061/434 2964/3051/2060/434
f 2969/3056/2065/435 2970/3057/2066/435 2972/3058/2067/435
f 2971/3059/2068/435 2969/3056/2065/435 2968/3060/2069/435
f 2971/3059/2068/435 2970/3057/2066/435 2969/3056/2065/435
f 2974/3061/2070/436 2975/3062/2071/436 2977/3063/2072/436
f 2976/3064/2073/436 2974/3061/2070/436 2973/3065/2074/436
f 2976/3064/2073/436 2975/3062/2071/436 2974/3061/2070/436
f 2979/3066/2075/437 2980/3067/2076/437 2982/3068/2077/437
f 2981/3069/2078/437 2979/3066/2075/437 2978/3070/2079/437
f 2981/3069/2078/437 2980/3067/2076/437 2979/3066/2075/437
f 2984/3071/2080/438 2985/3072/2081/438 2987/3073/2082/438
f 2986/3074/2083/438 2984/3071/2080/438 2983/3075/2084/438
f 2986/3074/2083/438 2985/3072/2081/438 2984/3071/2080/438
f 2989/3076/2085/439 2990/3077/2086/439 2992/3078/2087/439
f 2991/3079/2088/439 2989/3076/2085/439 2988/3080/2089/439
f 2991/3079/2088/439 2990/3077/2086/439 2989/3076/2085/439
f 2994/3081/2090/440 2995/3082/2091/440 2997/3083/2092/440
f 2996/3084/2093/440 2994/3081/2090/440 2993/3085/2094/440
f 2996/3084/2093/440 2995/3082/2091/440 2994/3081/2090/440
f 2999/3086/2095/441 3000/3087/2096/441 3002/3088/2097/441
f 3001/3089/2098/441 2999/3086/2095/441 2998/3090/2099/441
f 3001/3089/2098/441 3000/3087/2096/441 2999/3086/2095/441
f 3004/3091/2100/442 3005/3092/2101/442 3007/3093/2102/442
f 3006/3094/2103/442 3004/3091/2100/442 3003/3095/2104/442
f 3006/3094/2103/442 3005/3092/2101/442 3004/3091/2100/442
f 3009/3096/2105/443 3010/3097/2106/443 3012/3098/2107/443
f 3011/3099/2108/443 3009/3096/2105/443 3008/3100/2109/443
f 3011/3099/2108/443 3010/3097/2106/443 3009/3096/2105/443
f 3014/3101/2110/444 3015/3102/2111/444 3017/3103/2112/444
f 3016/3104/2113/444 3014/3101/2110/444 3013/3105/2114/444
f 3016/3104/2113/444 3015/3102/2111/444 3014/3101/2110/444
f 3019/3106/2115/445 3020/3107/2116/445 3022/3108/2117/445
f 3021/3109/2118/445 3019/3106/2115/445 3018/3110/2119/445
f 3021/3109/2118/445 3020/3107/2116/445 3019/3106/2115/445
f 3024/3111/2120/446 3025/3112/2121/446 3027/3113/2122/446
f 3026/3114/2123/446 3024/3111/2120/446 3023/3115/2124/446
f 3026/3114/2123/446 3025/3112/2121/446 3024/3111/2120/446
f 3029/3116/2125/447 3030/3117/2126/447 3032/3118/2127/447
f 3031/3119/2128/447 3029/3116/2125/447 3028/3120/2129/447
f 3031/3119/2128/447 3030/3117/2126/447 3029/3116/2125/447
f 3034/3121/2130/448 3035/3122/2131/448 3037/3123/2132/448
f 3036/3124/2133/448 3034/3121/2130/448 3033/3125/2134/448
f 3036/3124/2133/448 3035/3122/2131/448 3034/3121/2130/448
f 3039/3126/2135/449 3040/3127/2136/449 3042/3128/2137/449
f 3041/3129/2138/449 3039/3126/2135/449 3038/3130/2139/449
f 3041/3129/2138/449 3040/3127/2136/449 3039/3126/2135/449
f 3044/3131/2140/450 3045/3132/2141/450 3047/3133/2142/450
f 3046/3134/2143/450 3044/3131/2140/450 3043/3135/2144/450
f 3046/3134/2143/450 3045/3132/2141/450 3044/3131/2140/450
f 3049/3136/2145/451 3050/3137/2146/451 3052/3138/2147/451
f 3051/3139/2148/451 3049/3136/2145/451 3048/3140/2149/451
f 3051/3139/2148/451 3050/3137/2146/451 3049/3136/2145/451
f 3054/3141/2150/452 3055/3142/2151/452 3057/3143/2152/452
f 3056/3144/2153/452 3054/3141/2150/452 3053/3145/2154/452
f 3056/3144/2153/452 3055/3142/2151/452 3054/3141/2150/452
f 3059/3146/2155/453 3060/3147/2156/453 3062/3148/2157/453
f 3061/3149/2158/453 3059/3146/2155/453 3058/3150/2159/453
f 3061/3149/2158/453 3060/3147/2156/453 3059/3146/2155/453
f 3064/3151/2160/454 3065/3152/2161/454 3067/3153/2162/454
f 3066/3154/2163/454 3064/3151/2160/454 3063/3155/2164/454
f 3066/3154/2163/454 3065/3152/2161/454 3064/3151/2160/454
f 3069/3156/2165/455 3070/3157/2166/455 3072/3158/2167/455
f 3071/3159/2168/455 3069/3156/2165/455 3068/3160/2169/455
f 3071/3159/2168/455 3070/3157/2166/455 3069/3156/2165/455
f 3074/3161/2170/456 3075/3162/2171/456 3077/3163/2172/456
f 3076/3164/2173/456 3074/3161/2170/456 3073/3165/2174/456
f 3076/3164/2173/456 3075/3162/2171/456 3074/3161/2170/456
f 3079/3166/2175/457 3080/3167/2176/457 3082/3168/2177/457
f 3081/3169/2178/457 3079/3166/2175/457 3078/3170/2179/457
f 3081/3169/2178/457 3080/3167/2176/457 3079/3166/2175/457
f 3084/3171/2180/458 3085/3172/2181/458 3087/3173/2182/458
f 3086/3174/2183/458 3084/3171/2180/458 3083/3175/2184/458
f 3086/3174/2183/458 3085/3172/2181/458 3084/3171/2180/458
f 3089/3176/2185/459 3090/3177/2186/459 3092/3178/2187/459
f 3091/3179/2188/459 3089/3176/2185/459 3088/3180/2189/459
f 3091/3179/2188/459 3090/3177/2186/459 3089/3176/2185/459
f 3094/3181/2190/460 3095/3182/2191/460 3097/3183/2192/460
f 3096/3184/2193/460 3094/3181/2190/460 3093/3185/2194/460
f 3096/3184/2193/460 3095/3182/2191/460 3094/3181/2190/460
f 3099/3186/2195/461 3100/3187/2196/461 3102/3188/2197/461
f 3101/3189/2198/461 3099/3186/2195/461 3098/3190/2199/461
f 3101/3189/2198/461 3100/3187/2196/461 3099/3186/2195/461
f 3104/3191/2200/462 3105/3192/2201/462 3107/3193/2202/462
f 3106/3194/2203/462 3104/3191/2200/462 3103/3195/2204/462
f 3106/3194/2203/462 3105/3192/2201/462 3104/3191/2200/462
f 3109/3196/2205/463 3110/3197/2206/463 3112/3198/2207/463
f 3111/3199/2208/463 3109/3196/2205/463 3108/3200/2209/463
f 3111/3199/2208/463 3110/3197/2206/463 3109/3196/2205/463
f 3114/3201/2210/464 3115/3202/2211/464 3117/3203/2212/464
f 3116/3204/2213/464 3114/3201/2210/464 3113/3205/2214/464
f 3116/3204/2213/464 3115/3202/2211/464 3114/3201/2210/464
f 3119/3206/2215/465 3120/3207/2216/465 3122/3208/2217/465
f 3121/3209/2218/465 3119/3206/2215/465 3118/3210/2219/465
f 3121/3209/2218/465 3120/3207/2216/465 3119/3206/2215/465
f 3124/3211/2220/466 3125/3212/2221/466 3127/3213/2222/466
f 3126/3214/2223/466 3124/3211/2220/466 3123/3215/2224/466
f 3126/3214/2223/466 3125/3212/2221/466 3124/3211/2220/466
f 3129/3216/2225/467 3130/3217/2226/467 3132/3218/2227/467
f 3131/3219/2228/467 3129/3216/2225/467 3128/3220/2229/467
f 3131/3219/2228/467 3130/3217/2226/467 3129/3216/2225/467
f 3134/3221/2230/468 3135/3222/2231/468 3137/3223/2232/468
f 3136/3224/2233/468 3134/3221/2230/468 3133/3225/2234/468
f 3136/3224/2233/468 3135/3222/2231/468 3134/3221/2230/468
f 3139/3226/2235/469 3140/3227/2236/469 3142/3228/2237/469
f 3141/3229/2238/469 3139/3226/2235/469 3138/3230/2239/469
f 3141/3229/2238/469 3140/3227/2236/469 3139/3226/2235/469
f 3144/3231/2240/470 3145/3232/2241/470 3147/3233/2242/470
f 3146/3234/2243/470 3144/3231/2240/470 3143/3235/2244/470
f 3146/3234/2243/470 3145/3232/2241/470 3144/3231/2240/470
f 3149/3236/2245/471 3150/3237/2246/471 3152/3238/2247/471
f 3151/3239/2248/471 3149/3236/2245/471 3148/3240/2249/471
f 3151/3239/2248/471 3150/3237/2246/471 3149/3236/2245/471
f 3154/3241/2250/472 3155/3242/2251/472 3157/3243/2252/472
f 3156/3244/2253/472 3154/3241/2250/472 3153/3245/2254/472
f 3156/3244/2253/472 3155/3242/2251/472 3154/3241/2250/472
f 3159/3246/2255/473 3160/3247/2256/473 3162/3248/2257/473
f 3161/3249/2258/473 3159/3246/2255/473 3158/3250/2259/473
f 3161/3249/2258/473 3160/3247/2256/473 3159/3246/2255/473
f 3164/3251/2260/474 3165/3252/2261/474 3167/3253/2262/474
f 3166/3254/2263/474 3164/3251/2260/474 3163/3255/2264/474
f 3166/3254/2263/474 3165/3252/2261/474 3164/3251/2260/474
f 3169/3256/2265/475 3170/3257/2266/475 3172/3258/2267/475
f 3171/3259/2268/475 3169/3256/2265/475 3168/3260/2269/475
f 3171/3259/2268/475 3170/3257/2266/475 3169/3256/2265/475
f 3174/3261/2270/476 3175/3262/2271/476 3177/3263/2272/476
f 3176/3264/2273/476 3174/3261/2270/476 3173/3265/2274/476
f 3176/3264/2273/476 3175/3262/2271/476 3174/3261/2270/476
f 3179/3266/2275/477 3180/3267/2276/477 3182/3268/2277/477
f 3181/3269/2278/477 3179/3266/2275/477 3178/3270/2279/477
f 3181/3269/2278/477 3180/3267/2276/477 3179/3266/2275/477
f 3184/3271/2280/478 3185/3272/2281/478 3187/3273/2282/478
f 3186/3274/2283/478 3184/3271/2280/478 3183/3275/2284/478
f 3186/3274/2283/478 3185/3272/2281/478 3184/3271/2280/478
f 3189/3276/2285/479 3190/3277/2286/479 3192/3278/2287/479
f 3191/3279/2288/479 3189/3276/2285/479 3188/3280/2289/479
f 3191/3279/2288/479 3190/3277/2286/479 3189/3276/2285/479
f 3194/3281/2290/480 3195/3282/2291/480 3197/3283/2292/480
f 3196/3284/2293/480 3194/3281/2290/480 3193/3285/2294/480
f 3196/3284/2293/480 3195/3282/2291/480 3194/3281/2290/480
f 3199/3286/2295/481 3200/3287/2296/481 3202/3288/2297/481
f 3201/3289/2298/481 3199/3286/2295/481 3198/3290/2299/481
f 3201/3289/2298/481 3200/3287/2296/481 3199/3286/2295/481
f 3204/3291/2300/482 3205/3292/2301/482 3207/3293/2302/482
f 3206/3294/2303/482 3204/3291/2300/482 3203/3295/2304/482
f 3206/3294/2303/482 3205/3292/2301/482 3204/3291/2300/482
f 3209/3296/2305/483 3210/3297/2306/483 3212/3298/2307/483
f 3211/3299/2308/483 3209/3296/2305/483 3208/3300/2309/483
f 3211/3299/2308/483 3210/3297/2306/483 3209/3296/2305/483
f 3214/3301/2310/484 3215/3302/2311/484 3217/3303/2312/484
f 3216/3304/2313/484 3214/3301/2310/484 3213/3305/2314/484
f 3216/3304/2313/484 3215/3302/2311/484 3214/3301/2310/484
f 3219/3306/2315/485 3220/3307/2316/485 3222/3308/2317/485
f 3221/3309/2318/485 3219/3306/2315/485 3218/3310/2319/485
f 3221/3309/2318/485 3220/3307/2316/485 3219/3306/2315/485
f 3224/3311/2320/486 3225/3312/2321/486 3227/3313/2322/486
f 3226/3314/2323/486 3224/3311/2320/486 3223/3315/2324/486
f 3226/3314/2323/486 3225/3312/2321/486 3224/3311/2320/486
f 3229/3316/2325/487 3230/3317/2326/487 3232/3318/2327/487
f 3231/3319/2328/487 3229/3316/2325/487 3228/3320/2329/487
f 3231/3319/2328/487 3230/3317/2326/487 3229/3316/2325/487
f 3234/3321/2330/488 3235/3322/2331/488 3237/3323/2332/488
f 3236/3324/2333/488 3234/3321/2330/488 3233/3325/2334/488
f 3236/3324/2333/488 3235/3322/2331/488 3234/3321/2330/488
f 3239/3326/2335/489 3240/3327/2336/489 3242/3328/2337/489
f 3241/3329/2338/489 3239/3326/2335/489 3238/3330/2339/489
f 3241/3329/2338/489 3240/3327/2336/489 3239/3326/2335/489
f 3244/3331/2340/490 3245/3332/2341/490 3247/3333/2342/490
f 3246/3334/2343/490 3244/3331/2340/490 3243/3335/2344/490
f 3246/3334/2343/490 3245/3332/2341/490 3244/3331/2340/490
f 3249/3336/2345/491 3250/3337/2346/491 3252/3338/2347/491
f 3251/3339/2348/491 3249/3336/2345/491 3248/3340/2349/491
f 3251/3339/2348/491 3250/3337/2346/491 3249/3336/2345/491
f 3254/3341/2350/492 3255/3342/2351/492 3257/3343/2352/492
f 3256/3344/2353/492 3254/3341/2350/492 3253/3345/2354/492
f 3256/3344/2353/492 3255/3342/2351/492 3254/3341/2350/492
f 3259/3346/2355/493 3260/3347/2356/493 3262/3348/2357/493
f 3261/3349/2358/493 3259/3346/2355/493 3258/3350/2359/493
f 3261/3349/2358/493 3260/3347/2356/493 3259/3346/2355/493
f 3264/3351/2360/494 3265/3352/2361/494 3267/3353/2362/494
f 3266/3354/2363/494 3264/3351/2360/494 3263/3355/2364/494
f 3266/3354/2363/494 3265/3352/2361/494 3264/3351/2360/494
f 3269/3356/2365/495 3270/3357/2366/495 3272/3358/2367/495
f 3271/3359/2368/495 3269/3356/2365/495 3268/3360/2369/495
f 3271/3359/2368/495 3270/3357/2366/495 3269/3356/2365/495
f 3274/3361/2370/496 3275/3362/2371/496 3277/3363/2372/496
f 3276/3364/2373/496 3274/3361/2370/496 3273/3365/2374/496
f 3276/3364/2373/496 3275/3362/2371/496 3274/3361/2370/496
f 3279/3366/2375/497 3280/3367/2376/497 3282/3368/2377/497
f 3281/3369/2378/497 3279/3366/2375/497 3278/3370/2379/497
f 3281/3369/2378/497 3280/3367/2376/497 3279/3366/2375/497
f 3284/3371/2380/498 3285/3372/2381/498 3287/3373/2382/498
f 3286/3374/2383/498 3284/3371/2380/498 3283/3375/2384/498
f 3286/3374/2383/498 3285/3372/2381/498 3284/3371/2380/498
f 3289/3376/2385/499 3290/3377/2386/499 3292/3378/2387/499
f 3291/3379/2388/499 3289/3376/2385/499 3288/3380/2389/499
f 3291/3379/2388/499 3290/3377/2386/499 3289/3376/2385/499
f 3294/3381/2390/500 3295/3382/2391/500 3297/3383/2392/500
f 3296/3384/2393/500 3294/3381/2390/500 3293/3385/2394/500
f 3296/3384/2393/500 3295/3382/2391/500 3294/3381/2390/500
f 3299/3386/2395/501 3300/3387/2396/501 3302/3388/2397/501
f 3301/3389/2398/501 3299/3386/2395/501 3298/3390/2399/501
f 3301/3389/2398/501 3300/3387/2396/501 3299/3386/2395/501
f 3304/3391/2400/502 3305/3392/2401/502 3307/3393/2402/502
f 3306/3394/2403/502 3304/3391/2400/502 3303/3395/2404/502
f 3306/3394/2403/502 3305/3392/2401/502 3304/3391/2400/502
f 3309/3396/2405/503 3310/3397/2406/503 3312/3398/2407/503
f 3311/3399/2408/503 3309/3396/2405/503 3308/3400/2409/503
f 3311/3399/2408/503 3310/3397/2406/503 3309/3396/2405/503
f 3314/3401/2410/504 3315/3402/2411/504 3317/3403/2412/504
f 3316/3404/2413/504 3314/3401/2410/504 3313/3405/2414/504
f 3316/3404/2413/504 3315/3402/2411/504 3314/3401/2410/504
f 3319/3406/2415/505 3320/3407/2416/505 3322/3408/2417/505
f 3321/3409/2418/505 3319/3406/2415/505 3318/3410/2419/505
f 3321/3409/2418/505 3320/3407/2416/505 3319/3406/2415/505
f 3324/3411/2420/506 3325/3412/2421/506 3327/3413/2422/506
f 3326/3414/2423/506 3324/3411/2420/506 3323/3415/2424/506
f 3326/3414/2423/506 3325/3412/2421/506 3324/3411/2420/506
f 3329/3416/2425/507 3330/3417/2426/507 3332/3418/2427/507
f 3331/3419/2428/507 3329/3416/2425/507 3328/3420/2429/507
f 3331/3419/2428/507 3330/3417/2426/507 3329/3416/2425/507
f 3334/3421/2430/508 3335/3422/2431/508 3337/3423/2432/508
f 3336/3424/2433/508 3334/3421/2430/508 3333/3425/2434/508
f 3336/3424/2433/508 3335/3422/2431/508 3334/3421/2430/508
f 3339/3426/2435/509 3340/3427/2436/509 3342/3428/2437/509
f 3341/3429/2438/509 3339/3426/2435/509 3338/3430/2439/509
f 3341/3429/2438/509 3340/3427/2436/509 3339/3426/2435/509
f 3344/3431/2440/510 3345/3432/2441/510 3347/3433/2442/510
f 3346/3434/2443/510 3344/3431/2440/510 3343/3435/2444/510
f 3346/3434/2443/510 3345/3432/2441/510 3344/3431/2440/510
f 3349/3436/2445/511 3350/3437/2446/511 3352/3438/2447/511
f 3351/3439/2448/511 3349/3436/2445/511 3348/3440/2449/511
f 3351/3439/2448/511 3350/3437/2446/511 3349/3436/2445/511
f 3354/3441/2450/512 3355/3442/2451/512 3357/3443/2452/512
f 3356/3444/2453/512 3354/3441/2450/512 3353/3445/2454/512
f 3356/3444/2453/512 3355/3442/2451/512 3354/3441/2450/512
f 3359/3446/2455/513 3360/3447/2456/513 3362/3448/2457/513
f 3361/3449/2458/513 3359/3446/2455/513 3358/3450/2459/513
f 3361/3449/2458/513 3360/3447/2456/513 3359/3446/2455/513
f 3364/3451/2460/514 3365/3452/2461/514 3367/3453/2462/514
f 3366/3454/2463/514 3364/3451/2460/514 3363/3455/2464/514
f 3366/3454/2463/514 3365/3452/2461/514 3364/3451/2460/514
f 3369/3456/2465/515 3370/3457/2466/515 3372/3458/2467/515
f 3371/3459/2468/515 3369/3456/2465/515 3368/3460/2469/515
f 3371/3459/2468/515 3370/3457/2466/515 3369/3456/2465/515
f 3374/3461/2470/516 3375/3462/2471/516 3377/3463/2472/516
f 3376/3464/2473/516 3374/3461/2470/516 3373/3465/2474/516
f 3376/3464/2473/516 3375/3462/2471/516 3374/3461/2470/516
f 3379/3466/2475/517 3380/3467/2476/517 3382/3468/2477/517
f 3381/3469/2478/517 3379/3466/2475/517 3378/3470/2479/517
f 3381/3469/2478/517 3380/3467/2476/517 3379/3466/2475/517
f 3384/3471/2480/518 3385/3472/2481/518 3387/3473/2482/518
f 3386/3474/2483/518 3384/3471/2480/518 3383/3475/2484/518
f 3386/3474/2483/518 3385/3472/2481/518 3384/3471/2480/518
f 3389/3476/2485/519 3390/3477/2486/519 3392/3478/2487/519
f 3391/3479/2488/519 3389/3476/2485/519 3388/3480/2489/519
f 3391/3479/2488/519 3390/3477/2486/519 3389/3476/2485/519
f 3394/3481/2490/520 3395/3482/2491/520 3397/3483/2492/520
f 3396/3484/2493/520 3394/3481/2490/520 3393/3485/2494/520
f 3396/3484/2493/520 3395/3482/2491/520 3394/3481/2490/520
f 3399/3486/2495/521 3400/3487/2496/521 3402/3488/2497/521
f 3401/3489/2498/521 3399/3486/2495/521 3398/3490/2499/521
f 3401/3489/2498/521 3400/3487/2496/521 3399/3486/2495/521
f 3404/3491/2500/522 3405/3492/2501/522 3407/3493/2502/522
f 3406/3494/2503/522 3404/3491/2500/522 3403/3495/2504/522
f 3406/3494/2503/522 3405/3492/2501/522 3404/3491/2500/522
f 3409/3496/2505/523 3410/3497/2506/523 3412/3498/2507/523
f 3411/3499/2508/523 3409/3496/2505/523 3408/3500/2509/523
f 3411/3499/2508/523 3410/3497/2506/523 3409/3496/2505/523
f 3414/3501/2510/524 3415/3502/2511/524 3417/3503/2512/524
f 3416/3504/2513/524 3414/3501/2510/524 3413/3505/2514/524
f 3416/3504/2513/524 3415/3502/2511/524 3414/3501/2510/524
f 3419/3506/2515/525 3420/3507/2516/525 3422/3508/2517/525
f 3421/3509/2518/525 3419/3506/2515/525 3418/3510/2519/525
f 3421/3509/2518/525 3420/3507/2516/525 3419/3506/2515/525
f 3424/3511/2520/526 3425/3512/2521/526 3427/3513/2522/526
f 3426/3514/2523/526 3424/3511/2520/526 3423/3515/2524/526
f 3426/3514/2523/526 3425/3512/2521/526 3424/3511/2520/526
f 3429/3516/2525/527 3430/3517/2526/527 3432/3518/2527/527
f 3431/3519/2528/527 3429/3516/2525/527 3428/3520/2529/527
f 3431/3519/2528/527 3430/3517/2526/527 3429/3516/2525/527
f 3434/3521/2530/528 3435/3522/2531/528 3437/3523/2532/528
f 3436/3524/2533/528 3434/3521/2530/528 3433/3525/2534/528
f 3436/3524/2533/528 3435/3522/2531/528 3434/3521/2530/528
f 3439/3526/2535/529 3440/3527/2536/529 3442/3528/2537/529
f 3441/3529/2538/529 3439/3526/2535/529 3438/3530/2539/529
f 3441/3529/2538/529 3440/3527/2536/529 3439/3526/2535/529
f 3444/3531/2540/530 3445/3532/2541/530 3447/3533/2542/530
f 3446/3534/2543/530 3444/3531/2540/530 3443/3535/2544/530
f 3446/3534/2543/530 3445/3532/2541/530 3444/3531/2540/530
f 3449/3536/2545/531 3450/3537/2546/531 3452/3538/2547/531
f 3451/3539/2548/531 3449/3536/2545/531 3448/3540/2549/531
f 3451/3539/2548/531 3450/3537/2546/531 3449/3536/2545/531
f 3454/3541/2550/532 3455/3542/2551/532 3457/3543/2552/532
f 3456/3544/2553/532 3454/3541/2550/532 3453/3545/2554/532
f 3456/3544/2553/532 3455/3542/2551/532 3454/3541/2550/532
f 3459/3546/2555/533 3460/3547/2556/533 3462/3548/2557/533
f 3461/3549/2558/533 3459/3546/2555/533 3458/3550/2559/533
f 3461/3549/2558/533 3460/3547/2556/533 3459/3546/2555/533
f 3464/3551/2560/534 3465/3552/2561/534 3467/3553/2562/534
f 3466/3554/2563/534 3464/3551/2560/534 3463/3555/2564/534
f 3466/3554/2563/534 3465/3552/2561/534 3464/3551/2560/534
f 3469/3556/2565/535 3470/3557/2566/535 3472/3558/2567/535
f 3471/3559/2568/535 3469/3556/2565/535 3468/3560/2569/535
f 3471/3559/2568/535 3470/3557/2566/535 3469/3556/2565/535
f 3474/3561/2570/536 3475/3562/2571/536 3477/3563/2572/536
f 3476/3564/2573/536 3474/3561/2570/536 3473/3565/2574/536
f 3476/3564/2573/536 3475/3562/2571/536 3474/3561/2570/536
f 3479/3566/2575/537 3480/3567/2576/537 3482/3568/2577/537
f 3481/3569/2578/537 3479/3566/2575/537 3478/3570/2579/537
f 3481/3569/2578/537 3480/3567/2576/537 3479/3566/2575/537
f 3484/3571/2580/538 3485/3572/2581/538 3487/3573/2582/538
f 3486/3574/2583/538 3484/3571/2580/538 3483/3575/2584/538
f 3486/3574/2583/538 3485/3572/2581/538 3484/3571/2580/538
f 3489/3576/2585/539 3490/3577/2586/539 3492/3578/2587/539
f 3491/3579/2588/539 3489/3576/2585/539 3488/3580/2589/539
f 3491/3579/2588/539 3490/3577/2586/539 3489/3576/2585/539
f 3494/3581/2590/540 3495/3582/2591/540 3497/3583/2592/540
f 3496/3584/2593/540 3494/3581/2590/540 3493/3585/2594/540
f 3496/3584/2593/540 3495/3582/2591/540 3494/3581/2590/540
f 3499/3586/2595/541 3500/3587/2596/541 3502/3588/2597/541
f 3501/3589/2598/541 3499/3586/2595/541 3498/3590/2599/541
f 3501/3589/2598/541 3500/3587/2596/541 3499/3586/2595/541
f 3504/3591/2600/542 3505/3592/2601/542 3507/3593/2602/542
f 3506/3594/2603/542 3504/3591/2600/542 3503/3595/2604/542
f 3506/3594/2603/542 3505/3592/2601/542 3504/3591/2600/542
f 3509/3596/2605/543 3510/3597/2606/543 3512/3598/2607/543
f 3511/3599/2608/543 3509/3596/2605/543 3508/3600/2609/543
f 3511/3599/2608/543 3510/3597/2606/543 3509/3596/2605/543
f 3514/3601/2610/544 3515/3602/2611/544 3517/3603/2612/544
f 3516/3604/2613/544 3514/3601/2610/544 3513/3605/2614/544
f 3516/3604/2613/544 3515/3602/2611/544 3514/3601/2610/544
f 3519/3606/2615/545 3520/3607/2616/545 3522/3608/2617/545
f 3521/3609/2618/545 3519/3606/2615/545 3518/3610/2619/545
f 3521/3609/2618/545 3520/3607/2616/545 3519/3606/2615/545
f 3524/3611/2620/546 3525/3612/2621/546 3527/3613/2622/546
f 3526/3614/2623/546 3524/3611/2620/546 3523/3615/2624/546
f 3526/3614/2623/546 3525/3612/2621/546 3524/3611/2620/546
f 3529/3616/2625/547 3530/3617/2626/547 3532/3618/2627/547
f 3531/3619/2628/547 3529/3616/2625/547 3528/3620/2629/547
f 3531/3619/2628/547 3530/3617/2626/547 3529/3616/2625/547
f 3534/3621/2630/548 3535/3622/2631/548 3537/3623/2632/548
f 3536/3624/2633/548 3534/3621/2630/548 3533/3625/2634/548
f 3536/3624/2633/548 3535/3622/2631/548 3534/3621/2630/548
f 3539/3626/2635/549 3540/3627/2636/549 3542/3628/2637/549
f 3541/3629/2638/549 3539/3626/2635/549 3538/3630/2639/549
f 3541/3629/2638/549 3540/3627/2636/549 3539/3626/2635/549
f 3544/3631/2640/550 3545/3632/2641/550 3547/3633/2642/550
f 3546/3634/2643/550 3544/3631/2640/550 3543/3635/2644/550
f 3546/3634/2643/550 3545/3632/2641/550 3544/3631/2640/550
f 3549/3636/2645/551 3550/3637/2646/551 3552/3638/2647/551
f 3551/3639/2648/551 3549/3636/2645/551 3548/3640/2649/551
f 3551/3639/2648/551 3550/3637/2646/551 3549/3636/2645/551
f 3554/3641/2650/552 3555/3642/2651/552 3557/3643/2652/552
f 3556/3644/2653/552 3554/3641/2650/552 3553/3645/2654/552
f 3556/3644/2653/552 3555/3642/2651/552 3554/3641/2650/552
f 3559/3646/2655/553 3560/3647/2656/553 3562/3648/2657/553
f 3561/3649/2658/553 3559/3646/2655/553 3558/3650/2659/553
f 3561/3649/2658/553 3560/3647/2656/553 3559/3646/2655/553
f 3564/3651/2660/554 3565/3652/2661/554 3567/3653/2662/554
f 3566/3654/2663/554 3564/3651/2660/554 3563/3655/2664/554
f 3566/3654/2663/554 3565/3652/2661/554 3564/3651/2660/554
f 3569/3656/2665/555 3570/3657/2666/555 3572/3658/2667/555
f 3571/3659/2668/555 3569/3656/2665/555 3568/3660/2669/555
f 3571/3659/2668/555 3570/3657/2666/555 3569/3656/2665/555
f 3574/3661/2670/556 3575/3662/2671/556 3577/3663/2672/556
f 3576/3664/2673/556 3574/3661/2670/556 3573/3665/2674/556
f 3576/3664/2673/556 3575/3662/2671/556 3574/3661/2670/556
f 3579/3666/2675/557 3580/3667/2676/557 3582/3668/2677/557
f 3581/3669/2678/557 3579/3666/2675/557 3578/3670/2679/557
f 3581/3669/2678/557 3580/3667/2676/557 3579/3666/2675/557
f 3584/3671/2680/558 3585/3672/2681/558 3587/3673/2682/558
f 3586/3674/2683/558 3584/3671/2680/558 3583/3675/2684/558
f 3586/3674/2683/558 3585/3672/2681/558 3584/3671/2680/558
f 3589/3676/2685/559 3590/3677/2686/559 3592/3678/2687/559
f 3591/3679/2688/559 3589/3676/2685/559 3588/3680/2689/559
f 3591/3679/2688/559 3590/3677/2686/559 3589/3676/2685/559
f 3594/3681/2690/560 3595/3682/2691/560 3597/3683/2692/560
f 3596/3684/2693/560 3594/3681/2690/560 3593/3685/2694/560
f 3596/3684/2693/560 3595/3682/2691/560 3594/3681/2690/560
usemtl grass01
s off
f 121/121/31/31 122/122/31/31 123/123/31/31 124/124/31/31
f 169/169/43/43 170/170/43/43 171/171/43/43 172/172/43/43
f 205/205/52/52 206/206/52/52 207/207/52/52 208/208/52/52
f 261/261/66/66 262/262/66/66 263/263/66/66 264/264/66/66
f 285/285/72/72 286/286/72/72 287/287/72/72 288/288/72/72
f 289/289/73/73 290/290/73/73 291/291/73/73 292/292/73/73
f 293/293/74/74 294/294/74/74 295/295/74/74 296/296/74/74
f 309/311/78/78 310/312/78/78 311/309/78/78 312/310/78/78
f 313/313/79/79 314/314/79/79 315/315/79/79 316/316/79/79
f 333/333/84/84 334/334/84/84 335/335/84/84 336/336/84/84
f 349/349/88/88 350/350/88/88 351/351/88/88 352/352/88/88
usemtl fieldkk01_r
s off
f 53/53/14/14 54/55/14/14 55/54/14/14 56/56/14/14
f 57/59/15/15 58/57/15/15 59/58/15/15 60/60/15/15
f 61/61/16/16 62/63/16/16 63/62/16/16 64/64/16/16
f 69/69/18/18 70/71/18/18 71/70/18/18 72/72/18/18
f 73/75/19/19 74/73/19/19 75/74/19/19 76/76/19/19
f 93/95/24/24 94/93/24/24 95/94/24/24 96/96/24/24
f 101/103/26/26 102/101/26/26 103/102/26/26 104/104/26/26
f 109/109/28/28 110/111/28/28 111/110/28/28 112/112/28/28
f 113/115/29/29 114/113/29/29 115/114/29/29 116/116/29/29
f 117/118/30/30 118/117/30/30 119/119/30/30 120/120/30/30
f 141/141/36/36 142/143/36/36 143/142/36/36 144/144/36/36
f 145/147/37/37 146/145/37/37 147/146/37/37 148/148/37/37
f 149/149/38/38 150/151/38/38 151/150/38/38 152/152/38/38
f 157/157/40/40 158/159/40/40 159/158/40/40 160/160/40/40
f 161/163/41/41 162/161/41/41 163/162/41/41 164/164/41/41
f 165/166/42/42 166/165/42/42 167/167/42/42 168/168/42/42
f 173/174/44/44 174/173/44/44 175/175/44/44 176/176/44/44
f 193/193/49/49 194/195/49/49 195/194/49/49 196/196/49/49
f 197/199/50/50 198/197/50/50 199/198/50/50 200/200/50/50
f 201/202/51/51 202/201/51/51 203/203/51/51 204/204/51/51
f 209/210/53/53 210/209/53/53 211/211/53/53 212/212/53/53
f 213/215/54/54 214/213/54/54 215/214/54/54 216/216/54/54
f 217/217/55/55 218/219/55/55 219/218/55/55 220/220/55/55
f 221/221/56/56 222/223/56/56 223/222/56/56 224/224/56/56
f 225/227/57/57 226/225/57/57 227/226/57/57 228/228/57/57
f 229/231/58/58 230/229/58/58 231/230/58/58 232/232/58/58
f 233/233/59/59 234/235/59/59 235/234/59/59 236/236/59/59
f 245/245/62/62 246/247/62/62 247/246/62/62 248/248/62/62
f 249/251/63/63 250/249/63/63 251/250/63/63 252/252/63/63
f 253/255/64/64 254/253/64/64 255/254/64/64 256/256/64/64
f 257/258/65/65 258/257/65/65 259/259/65/65 260/260/65/65
f 265/266/67/67 266/265/67/67 267/267/67/67 268/268/67/67
f 269/271/68/68 270/269/68/68 271/270/68/68 272/272/68/68
f 273/273/69/69 274/275/69/69 275/274/69/69 276/276/69/69
f 281/282/71/71 282/281/71/71 283/283/71/71 284/284/71/71
f 297/298/75/75 298/297/75/75 299/299/75/75 300/300/75/75
f 301/303/76/76 302/301/76/76 303/302/76/76 304/304/76/76
f 305/306/77/77 306/305/77/77 307/307/77/77 308/308/77/77
f 317/318/80/80 318/317/80/80 319/319/80/80 320/320/80/80
f 321/323/81/81 322/321/81/81 323/322/81/81 324/324/81/81
f 325/325/82/82 326/327/82/82 327/326/82/82 328/328/82/82
f 337/338/85/85 338/337/85/85 339/339/85/85 340/340/85/85
f 341/343/86/86 342/341/86/86 343/342/86/86 344/344/86/86
f 345/346/87/87 346/345/87/87 347/347/87/87 348/348/87/87
f 353/354/89/89 354/353/89/89 355/355/89/89 356/356/89/89
f 357/359/90/90 358/357/90/90 359/358/90/90 360/360/90/90
f 361/363/91/91 362/361/91/91 363/362/91/91 364/364/91/91
f 365/365/92/92 366/367/92/92 367/366/92/92 368/368/92/92
f 373/375/94/94 374/373/94/94 375/374/94/94 376/376/94/94
f 377/377/95/95 378/379/95/95 379/378/95/95 380/380/95/95
f 389/389/98/98 390/391/98/98 391/390/98/98 392/392/98/98
f 393/395/99/99 394/393/99/99 395/394/99/99 396/396/99/99
f 397/397/100/100 398/399/100/100 399/398/100/100 400/400/100/100
f 429/429/108/108 430/431/108/108 431/430/108/108 432/432/108/108
f 433/435/109/109 434/433/109/109 435/434/109/109 436/436/109/109
f 437/437/110/110 438/439/110/110 439/438/110/110 440/440/110/110
f 449/449/113/113 450/451/113/113 451/450/113/113 452/452/113/113
f 453/455/114/114 454/453/114/114 455/454/114/114 456/456/114/114
f 457/458/115/115 458/457/115/115 459/459/115/115 460/460/115/115
f 511/512/142/119 512/511/142/119 513/513/142/119 514/514/142/119
f 515/517/143/120 516/515/143/120 517/516/143/120 518/518/143/120
f 519/519/144/121 520/521/144/121 521/520/144/121 522/522/144/121
f 531/531/147/124 532/533/147/124 533/532/147/124 534/534/147/124
f 535/537/148/125 536/535/148/125 537/536/148/125 538/538/148/125
f 539/540/149/126 540/539/149/126 541/541/149/126 542/542/149/126
f 651/652/213/134 652/651/213/134 653/653/213/134 654/654/213/134
f 655/655/214/135 656/657/214/135 657/656/214/135 658/658/214/135
f 663/663/216/137 664/665/216/137 665/664/216/137 666/666/216/137
f 667/669/217/138 668/667/217/138 669/668/217/138 670/670/217/138
f 671/672/218/139 672/671/218/139 673/673/218/139 674/674/218/139
f 819/836/310/150 820/835/310/150 821/837/310/150 822/838/310/150
f 827/843/312/152 828/845/312/152 829/844/312/152 830/846/312/152
f 831/849/313/153 832/847/313/153 833/848/313/153 834/850/313/153
f 835/852/314/154 836/851/314/154 837/853/314/154 838/854/314/154
f 1062/1094/469/171 1063/1096/469/171 1064/1095/469/171 1065/1097/469/171
f 1066/1100/470/172 1067/1098/470/172 1068/1099/470/172 1069/1101/470/172
f 1070/1103/471/173 1071/1102/471/173 1072/1104/471/173 1073/1105/471/173
f 1300/1348/641/195 1301/1350/641/195 1302/1349/641/195 1303/1351/641/195
f 1304/1354/642/196 1305/1352/642/196 1306/1353/642/196 1307/1355/642/196
f 1308/1357/643/197 1309/1356/643/197 1310/1358/643/197 1311/1359/643/197
f 1552/1608/825/221 1553/1610/825/221 1554/1609/825/221 1555/1611/825/221
f 1556/1614/826/222 1557/1612/826/222 1558/1613/826/222 1559/1615/826/222
f 1560/1617/827/223 1561/1616/827/223 1562/1618/827/223 1563/1619/827/223
f 1779/1845/1002/250 1780/1843/1002/250 1781/1844/1002/250 1782/1846/1002/250
f 1783/1848/1003/251 1784/1847/1003/251 1785/1849/1003/251 1786/1850/1003/251
usemtl fieldkk01
s off
f 1/1/1/1 2/2/1/1 3/3/1/1 4/4/1/1
f 5/5/2/2 6/6/2/2 7/7/2/2 8/8/2/2
f 9/9/3/3 10/10/3/3 11/11/3/3 12/12/3/3
f 13/13/4/4 14/14/4/4 15/15/4/4 16/16/4/4
f 17/19/5/5 18/20/5/5 19/17/5/5 20/18/5/5
f 21/21/6/6 22/22/6/6 23/23/6/6 24/24/6/6
f 25/25/7/7 26/26/7/7 27/27/7/7 28/28/7/7
f 29/29/8/8 30/30/8/8 31/31/8/8 32/32/8/8
f 33/35/9/9 34/36/9/9 35/33/9/9 36/34/9/9
f 37/37/10/10 38/38/10/10 39/39/10/10 40/40/10/10
f 41/41/11/11 42/42/11/11 43/43/11/11 44/44/11/11
f 45/45/12/12 46/46/12/12 47/47/12/12 48/48/12/12
f 49/51/13/13 50/52/13/13 51/49/13/13 52/50/13/13
f 65/67/17/17 66/68/17/17 67/65/17/17 68/66/17/17
f 77/77/20/20 78/78/20/20 79/79/20/20 80/80/20/20
f 81/81/21/21 82/82/21/21 83/83/21/21 84/84/21/21
f 85/87/22/22 86/88/22/22 87/85/22/22 88/86/22/22
f 89/89/23/23 90/90/23/23 91/91/23/23 92/92/23/23
f 105/105/27/27 106/106/27/27 107/107/27/27 108/108/27/27
f 125/125/32/32 126/126/32/32 127/127/32/32 128/128/32/32
f 129/129/33/33 130/130/33/33 131/131/33/33 132/132/33/33
f 133/133/34/34 134/134/34/34 135/135/34/34 136/136/34/34
f 137/139/35/35 138/140/35/35 139/137/35/35 140/138/35/35
f 153/153/39/39 154/154/39/39 155/155/39/39 156/156/39/39
f 177/177/45/45 178/178/45/45 179/179/45/45 180/180/45/45
f 181/181/46/46 182/182/46/46 183/183/46/46 184/184/46/46
f 185/185/47/47 186/186/47/47 187/187/47/47 188/188/47/47
f 189/189/48/48 190/190/48/48 191/191/48/48 192/192/48/48
f 237/237/60/60 238/238/60/60 239/239/60/60 240/240/60/60
f 241/241/61/61 242/242/61/61 243/243/61/61 244/244/61/61
f 277/277/70/70 278/278/70/70 279/279/70/70 280/280/70/70
f 329/331/83/83 330/332/83/83 331/329/83/83 332/330/83/83
f 369/369/93/93 370/370/93/93 371/371/93/93 372/372/93/93
f 381/381/96/96 382/382/96/96 383/383/96/96 384/384/96/96
f 385/387/97/97 386/385/97/97 387/386/97/97 388/388/97/97
f 401/403/101/101 402/404/101/101 403/401/101/101 404/402/101/101
f 405/405/102/102 406/406/102/102 407/407/102/102 408/408/102/102
f 409/409/103/103 410/410/103/103 411/411/103/103 412/412/103/103
f 413/413/104/104 414/414/104/104 415/415/104/104 416/416/104/104
f 417/417/105/105 418/418/105/105 419/419/105/105 420/420/105/105
f 421/423/106/106 422/421/106/106 423/422/106/106 424/424/106/106
f 425/427/107/107 426/428/107/107 427/425/107/107 428/426/107/107
f 441/441/111/111 442/442/111/111 443/443/111/111 444/444/111/111
f 445/445/112/112 446/446/112/112 447/447/112/112 448/448/112/112
f 523/523/145/122 524/524/145/122 525/525/145/122 526/526/145/122
f 527/529/146/123 528/527/146/123 529/528/146/123 530/530/146/123
f 659/659/215/136 660/661/215/136 661/662/215/136 662/660/215/136
f 823/841/311/151 824/839/311/151 825/840/311/151 826/842/311/151
f 1058/1090/468/170 1059/1092/468/170 1060/1093/468/170 1061/1091/468/170
f 1296/1346/640/194 1297/1344/640/194 1298/1345/640/194 1299/1347/640/194
f 1548/1604/824/220 1549/1606/824/220 1550/1607/824/220 1551/1605/824/220
usemtl road05
s off
f 595/595/181/130 596/597/181/130 597/598/181/130 598/596/181/130
f 727/729/250/143 728/727/250/143 729/730/250/143 730/728/250/143
f 773/791/282/147 774/789/282/147 775/792/282/147 776/790/282/147
f 891/909/346/158 892/907/346/158 893/908/346/158 894/910/346/158
f 1022/1056/447/167 1023/1054/447/167 1024/1055/447/167 1025/1057/447/167
f 1126/1158/503/177 1127/1160/503/177 1128/1161/503/177 1129/1159/503/177
f 1292/1340/639/193 1293/1342/639/193 1294/1341/639/193 1295/1343/639/193
f 1364/1414/675/201 1365/1412/675/201 1366/1413/675/201 1367/1415/675/201
f 1616/1672/859/227 1617/1674/859/227 1618/1675/859/227 1619/1673/859/227
f 1839/1905/1035/255 1840/1903/1035/255 1841/1904/1035/255 1842/1906/1035/255
f 2044/2116/1208/282 2045/2118/1208/282 2046/2119/1208/282 2047/2117/1208/282
f 2259/2341/1391/311 2260/2339/1391/311 2261/2340/1391/311 2262/2342/1391/311
f 573/590/179/129 574/591/179/129 575/592/179/129
f 574/591/179/129 576/593/179/129 575/592/179/129
f 577/594/179/129 576/593/179/129 574/591/179/129
f 599/616/196/131 600/617/196/131 601/618/196/131
f 600/617/196/131 602/619/196/131 601/618/196/131
f 603/620/196/131 602/619/196/131 600/617/196/131
f 705/722/248/142 706/723/248/142 707/724/248/142
f 706/723/248/142 708/725/248/142 707/724/248/142
f 709/726/248/142 708/725/248/142 706/723/248/142
f 777/810/297/148 778/811/297/148 779/812/297/148
f 778/811/297/148 780/813/297/148 779/812/297/148
f 781/814/297/148 780/813/297/148 778/811/297/148
f 869/902/344/157 870/903/344/157 871/904/344/157
f 870/903/344/157 872/905/344/157 871/904/344/157
f 873/906/344/157 872/905/344/157 870/903/344/157
f 1026/1075/462/168 1027/1076/462/168 1028/1077/462/168
f 1027/1076/462/168 1029/1078/462/168 1028/1077/462/168
f 1030/1079/462/168 1029/1078/462/168 1027/1076/462/168
f 1104/1153/501/176 1105/1154/501/176 1106/1155/501/176
f 1105/1154/501/176 1107/1156/501/176 1106/1155/501/176
f 1108/1157/501/176 1107/1156/501/176 1105/1154/501/176
f 1342/1407/673/200 1343/1408/673/200 1344/1409/673/200
f 1343/1408/673/200 1345/1410/673/200 1344/1409/673/200
f 1346/1411/673/200 1345/1410/673/200 1343/1408/673/200
f 1594/1667/857/226 1595/1668/857/226 1596/1669/857/226
f 1595/1668/857/226 1597/1670/857/226 1596/1669/857/226
f 1598/1671/857/226 1597/1670/857/226 1595/1668/857/226
f 1817/1898/1033/254 1818/1899/1033/254 1819/1900/1033/254
f 1818/1899/1033/254 1820/1901/1033/254 1819/1900/1033/254
f 1821/1902/1033/254 1820/1901/1033/254 1818/1899/1033/254
f 2022/2111/1206/281 2023/2112/1206/281 2024/2113/1206/281
f 2023/2112/1206/281 2025/2114/1206/281 2024/2113/1206/281
f 2026/2115/1206/281 2025/2114/1206/281 2023/2112/1206/281
f 2237/2334/1389/310 2238/2335/1389/310 2239/2336/1389/310
f 2238/2335/1389/310 2240/2337/1389/310 2239/2336/1389/310
f 2241/2338/1389/310 2240/2337/1389/310 2238/2335/1389/310
usemtl grass02
s off
f 100/97/25/25 97/98/25/25 98/99/25/25 99/100/25/25
usemtl wall01_d
s off
f 731/740/251/144 733/741/253/144 737/742/257/144 738/743/258/144
f 740/745/260/144 737/746/257/144 733/747/253/144 739/748/259/144
f 745/752/262/145 746/753/263/145 754/754/264/145 753/755/262/145
f 744/756/265/145 745/752/262/145 753/755/262/145 752/757/265/145
f 748/758/265/145 759/759/266/145 758/760/267/145 747/761/267/145
f 760/777/271/146 762/778/273/146 766/779/277/146 767/780/278/146
f 769/782/280/146 766/783/277/146 762/784/273/146 768/785/279/146
f 895/920/347/159 897/921/349/159 901/922/353/159 902/923/354/159
f 904/925/356/159 901/926/353/159 897/927/349/159 903/928/355/159
f 994/1017/427/165 995/1018/428/165 1003/1019/429/165 1002/1020/427/165
f 993/1021/430/165 994/1017/427/165 1002/1020/427/165 1001/1022/430/165
f 997/1023/430/165 1008/1024/431/165 1007/1025/432/165 996/1026/432/165
f 1009/1042/436/166 1011/1043/438/166 1015/1044/442/166 1016/1045/443/166
f 1018/1047/445/166 1015/1048/442/166 1011/1049/438/166 1017/1050/444/166
f 1130/1171/504/178 1132/1172/506/178 1136/1173/510/178 1137/1174/511/178
f 1139/1176/513/178 1136/1177/510/178 1132/1178/506/178 1138/1179/512/178
f 1144/1183/515/179 1145/1184/516/179 1153/1185/517/179 1152/1186/515/179
f 1143/1187/518/179 1144/1183/515/179 1152/1186/515/179 1151/1188/518/179
f 1147/1189/518/179 1158/1190/519/179 1157/1191/520/179 1146/1192/520/179
f 1279/1328/628/192 1281/1329/630/192 1285/1330/634/192 1286/1331/635/192
f 1288/1333/637/192 1285/1334/634/192 1281/1335/630/192 1287/1336/636/192
f 1368/1425/676/202 1370/1426/678/202 1374/1427/682/202 1375/1428/683/202
f 1377/1430/685/202 1374/1431/682/202 1370/1432/678/202 1376/1433/684/202
f 1382/1437/687/203 1383/1438/688/203 1391/1439/689/203 1390/1440/687/203
f 1381/1441/690/203 1382/1437/687/203 1390/1440/687/203 1389/1442/690/203
f 1385/1443/690/203 1396/1444/691/203 1395/1445/692/203 1384/1446/692/203
f 1533/1588/815/219 1534/1589/816/219 1542/1590/817/219 1541/1591/815/219
f 1532/1592/818/219 1533/1588/815/219 1541/1591/815/219 1540/1593/818/219
f 1536/1594/818/219 1547/1595/819/219 1546/1596/820/219 1535/1597/820/219
f 1620/1685/860/228 1622/1686/862/228 1626/1687/866/228 1627/1688/867/228
f 1629/1690/869/228 1626/1691/866/228 1622/1692/862/228 1628/1693/868/228
f 1634/1697/871/229 1635/1698/872/229 1643/1699/873/229 1642/1700/871/229
f 1633/1701/874/229 1634/1697/871/229 1642/1700/871/229 1641/1702/874/229
f 1637/1703/874/229 1648/1704/875/229 1647/1705/876/229 1636/1706/876/229
f 1843/1916/1036/256 1845/1917/1038/256 1849/1918/1042/256 1850/1919/1043/256
f 1852/1921/1045/256 1849/1922/1042/256 1845/1923/1038/256 1851/1924/1044/256
f 1857/1928/1047/257 1858/1929/1048/257 1866/1930/1049/257 1865/1931/1047/257
f 1856/1932/1050/257 1857/1928/1047/257 1865/1931/1047/257 1864/1933/1050/257
f 1860/1934/1050/257 1871/1935/1051/257 1870/1936/1052/257 1859/1937/1052/257
f 2048/2129/1209/283 2050/2130/1211/283 2054/2131/1215/283 2055/2132/1216/283
f 2057/2134/1218/283 2054/2135/1215/283 2050/2136/1211/283 2056/2137/1217/283
f 2062/2141/1220/284 2063/2142/1221/284 2071/2143/1222/284 2070/2144/1220/284
f 2061/2145/1223/284 2062/2141/1220/284 2070/2144/1220/284 2069/2146/1223/284
f 2065/2147/1223/284 2076/2148/1224/284 2075/2149/1225/284 2064/2150/1225/284
f 2263/2352/1392/312 2265/2353/1394/312 2269/2354/1398/312 2270/2355/1399/312
f 2272/2357/1401/312 2269/2358/1398/312 2265/2359/1394/312 2271/2360/1400/312
f 2277/2364/1403/313 2278/2365/1404/313 2286/2366/1405/313 2285/2367/1403/313
f 2276/2368/1406/313 2277/2364/1403/313 2285/2367/1403/313 2284/2369/1406/313
f 2280/2370/1406/313 2291/2371/1407/313 2290/2372/1408/313 2279/2373/1408/313
f 2453/2540/1564/340 2454/2541/1565/340 2462/2542/1566/340 2461/2543/1564/340
f 2452/2544/1567/340 2453/2540/1564/340 2461/2543/1564/340 2460/2545/1567/340
f 2456/2546/1567/340 2467/2547/1568/340 2466/2548/1569/340 2455/2549/1569/340
f 731/731/251/144 732/732/252/144 733/733/253/144
f 732/732/252/144 734/734/254/144 733/733/253/144
f 733/733/253/144 734/734/254/144 735/735/255/144
f 735/736/255/144 734/737/254/144 736/738/256/144
f 734/737/254/144 732/739/252/144 736/738/256/144
f 739/744/259/144 733/733/253/144 735/735/255/144
f 760/768/271/146 761/769/272/146 762/770/273/146
f 761/769/272/146 763/771/274/146 762/770/273/146
f 762/770/273/146 763/771/274/146 764/772/275/146
f 764/773/275/146 763/774/274/146 765/775/276/146
f 763/774/274/146 761/776/272/146 765/775/276/146
f 768/781/279/146 762/770/273/146 764/772/275/146
f 895/911/347/159 896/912/348/159 897/913/349/159
f 896/912/348/159 898/914/350/159 897/913/349/159
f 897/913/349/159 898/914/350/159 899/915/351/159
f 899/916/351/159 898/917/350/159 900/918/352/159
f 898/917/350/159 896/919/348/159 900/918/352/159
f 903/924/355/159 897/913/349/159 899/915/351/159
f 908/932/358/160 909/933/359/160 910/934/360/160
f 909/933/359/160 911/935/361/160 910/934/360/160
f 910/934/360/160 911/935/361/160 912/936/362/160
f 911/935/361/160 913/937/363/160 912/936/362/160
f 914/938/362/160 915/939/364/160 916/940/360/160
f 958/982/400/164 959/983/401/164 960/984/402/164
f 959/983/401/164 961/985/403/164 960/984/402/164
f 960/984/402/164 961/985/403/164 962/986/404/164
f 961/985/403/164 963/987/405/164 962/986/404/164
f 964/988/404/164 965/989/406/164 966/990/402/164
f 1009/1033/436/166 1010/1034/437/166 1011/1035/438/166
f 1010/1034/437/166 1012/1036/439/166 1011/1035/438/166
f 1011/1035/438/166 1012/1036/439/166 1013/1037/440/166
f 1013/1038/440/166 1012/1039/439/166 1014/1040/441/166
f 1012/1039/439/166 1010/1041/437/166 1014/1040/441/166
f 1017/1046/444/166 1011/1035/438/166 1013/1037/440/166
f 1130/1162/504/178 1131/1163/505/178 1132/1164/506/178
f 1131/1163/505/178 1133/1165/507/178 1132/1164/506/178
f 1132/1164/506/178 1133/1165/507/178 1134/1166/508/178
f 1134/1167/508/178 1133/1168/507/178 1135/1169/509/178
f 1133/1168/507/178 1131/1170/505/178 1135/1169/509/178
f 1138/1175/512/178 1132/1164/506/178 1134/1166/508/178
f 1159/1199/524/180 1160/1200/525/180 1161/1201/526/180
f 1160/1200/525/180 1162/1202/527/180 1161/1201/526/180
f 1161/1201/526/180 1162/1202/527/180 1163/1203/528/180
f 1162/1202/527/180 1164/1204/529/180 1163/1203/528/180
f 1165/1205/528/180 1166/1206/530/180 1167/1207/526/180
f 1244/1284/601/191 1245/1285/602/191 1246/1286/603/191
f 1245/1285/602/191 1247/1287/604/191 1246/1286/603/191
f 1246/1286/603/191 1247/1287/604/191 1248/1288/605/191
f 1247/1287/604/191 1249/1289/606/191 1248/1288/605/191
f 1250/1290/605/191 1251/1291/607/191 1252/1292/603/191
f 1279/1319/628/192 1280/1320/629/192 1281/1321/630/192
f 1280/1320/629/192 1282/1322/631/192 1281/1321/630/192
f 1281/1321/630/192 1282/1322/631/192 1283/1323/632/192
f 1283/1324/632/192 1282/1325/631/192 1284/1326/633/192
f 1282/1325/631/192 1280/1327/629/192 1284/1326/633/192
f 1287/1332/636/192 1281/1321/630/192 1283/1323/632/192
f 1368/1416/676/202 1369/1417/677/202 1370/1418/678/202
f 1369/1417/677/202 1371/1419/679/202 1370/1418/678/202
f 1370/1418/678/202 1371/1419/679/202 1372/1420/680/202
f 1372/1421/680/202 1371/1422/679/202 1373/1423/681/202
f 1371/1422/679/202 1369/1424/677/202 1373/1423/681/202
f 1376/1429/684/202 1370/1418/678/202 1372/1420/680/202
f 1397/1453/696/204 1398/1454/697/204 1399/1455/698/204
f 1398/1454/697/204 1400/1456/699/204 1399/1455/698/204
f 1399/1455/698/204 1400/1456/699/204 1401/1457/700/204
f 1400/1456/699/204 1402/1458/701/204 1401/1457/700/204
f 1403/1459/700/204 1404/1460/702/204 1405/1461/698/204
f 1497/1553/788/218 1498/1554/789/218 1499/1555/790/218
f 1498/1554/789/218 1500/1556/791/218 1499/1555/790/218
f 1499/1555/790/218 1500/1556/791/218 1501/1557/792/218
f 1500/1556/791/218 1502/1558/793/218 1501/1557/792/218
f 1503/1559/792/218 1504/1560/794/218 1505/1561/790/218
f 1620/1676/860/228 1621/1677/861/228 1622/1678/862/228
f 1621/1677/861/228 1623/1679/863/228 1622/1678/862/228
f 1622/1678/862/228 1623/1679/863/228 1624/1680/864/228
f 1624/1681/864/228 1623/1682/863/228 1625/1683/865/228
f 1623/1682/863/228 1621/1684/861/228 1625/1683/865/228
f 1628/1689/868/228 1622/1678/862/228 1624/1680/864/228
f 1649/1713/880/230 1650/1714/881/230 1651/1715/882/230
f 1650/1714/881/230 1652/1716/883/230 1651/1715/882/230
f 1651/1715/882/230 1652/1716/883/230 1653/1717/884/230
f 1652/1716/883/230 1654/1718/885/230 1653/1717/884/230
f 1655/1719/884/230 1656/1720/886/230 1657/1721/882/230
f 1843/1907/1036/256 1844/1908/1037/256 1845/1909/1038/256
f 1844/1908/1037/256 1846/1910/1039/256 1845/1909/1038/256
f 1845/1909/1038/256 1846/1910/1039/256 1847/1911/1040/256
f 1847/1912/1040/256 1846/1913/1039/256 1848/1914/1041/256
f 1846/1913/1039/256 1844/1915/1037/256 1848/1914/1041/256
f 1851/1920/1044/256 1845/1909/1038/256 1847/1911/1040/256
f 1872/1944/1056/258 1873/1945/1057/258 1874/1946/1058/258
f 1873/1945/1057/258 1875/1947/1059/258 1874/1946/1058/258
f 1874/1946/1058/258 1875/1947/1059/258 1876/1948/1060/258
f 1875/1947/1059/258 1877/1949/1061/258 1876/1948/1060/258
f 1878/1950/1060/258 1879/1951/1062/258 1880/1952/1058/258
f 2048/2120/1209/283 2049/2121/1210/283 2050/2122/1211/283
f 2049/2121/1210/283 2051/2123/1212/283 2050/2122/1211/283
f 2050/2122/1211/283 2051/2123/1212/283 2052/2124/1213/283
f 2052/2125/1213/283 2051/2126/1212/283 2053/2127/1214/283
f 2051/2126/1212/283 2049/2128/1210/283 2053/2127/1214/283
f 2056/2133/1217/283 2050/2122/1211/283 2052/2124/1213/283
f 2077/2157/1229/285 2078/2158/1230/285 2079/2159/1231/285
f 2078/2158/1230/285 2080/2160/1232/285 2079/2159/1231/285
f 2079/2159/1231/285 2080/2160/1232/285 2081/2161/1233/285
f 2080/2160/1232/285 2082/2162/1234/285 2081/2161/1233/285
f 2083/2163/1233/285 2084/2164/1235/285 2085/2165/1231/285
f 2263/2343/1392/312 2264/2344/1393/312 2265/2345/1394/312
f 2264/2344/1393/312 2266/2346/1395/312 2265/2345/1394/312
f 2265/2345/1394/312 2266/2346/1395/312 2267/2347/1396/312
f 2267/2348/1396/312 2266/2349/1395/312 2268/2350/1397/312
f 2266/2349/1395/312 2264/2351/1393/312 2268/2350/1397/312
f 2271/2356/1400/312 2265/2345/1394/312 2267/2347/1396/312
f 2292/2380/1412/314 2293/2381/1413/314 2294/2382/1414/314
f 2293/2381/1413/314 2295/2383/1415/314 2294/2382/1414/314
f 2294/2382/1414/314 2295/2383/1415/314 2296/2384/1416/314
f 2295/2383/1415/314 2297/2385/1417/314 2296/2384/1416/314
f 2298/2386/1416/314 2299/2387/1418/314 2300/2388/1414/314
f 2468/2556/1573/341 2469/2557/1574/341 2470/2558/1575/341
f 2469/2557/1574/341 2471/2559/1576/341 2470/2558/1575/341
f 2470/2558/1575/341 2471/2559/1576/341 2472/2560/1577/341
f 2471/2559/1576/341 2473/2561/1578/341 2472/2560/1577/341
f 2474/2562/1577/341 2475/2563/1579/341 2476/2564/1575/341
usemtl wall01_g
s off
f 920/941/365/160 922/942/366/160 921/943/367/160 919/944/368/160
f 922/942/366/160 924/945/369/160 923/946/370/160 921/943/367/160
f 918/947/371/160 920/941/365/160 919/944/368/160 917/948/372/160
f 970/991/407/164 972/992/408/164 971/993/409/164 969/994/410/164
f 972/992/408/164 974/995/411/164 973/996/412/164 971/993/409/164
f 968/997/413/164 970/991/407/164 969/994/410/164 967/998/414/164
f 1171/1208/531/180 1173/1209/532/180 1172/1210/533/180 1170/1211/534/180
f 1173/1209/532/180 1175/1212/535/180 1174/1213/536/180 1172/1210/533/180
f 1169/1214/537/180 1171/1208/531/180 1170/1211/534/180 1168/1215/538/180
f 1256/1293/608/191 1258/1294/609/191 1257/1295/610/191 1255/1296/611/191
f 1258/1294/609/191 1260/1297/612/191 1259/1298/613/191 1257/1295/610/191
f 1254/1299/614/191 1256/1293/608/191 1255/1296/611/191 1253/1300/615/191
f 1409/1462/703/204 1411/1463/704/204 1410/1464/705/204 1408/1465/706/204
f 1411/1463/704/204 1413/1466/707/204 1412/1467/708/204 1410/1464/705/204
f 1407/1468/709/204 1409/1462/703/204 1408/1465/706/204 1406/1469/710/204
f 1509/1562/795/218 1511/1563/796/218 1510/1564/797/218 1508/1565/798/218
f 1511/1563/796/218 1513/1566/799/218 1512/1567/800/218 1510/1564/797/218
f 1507/1568/801/218 1509/1562/795/218 1508/1565/798/218 1506/1569/802/218
f 1661/1722/887/230 1663/1723/888/230 1662/1724/889/230 1660/1725/890/230
f 1663/1723/888/230 1665/1726/891/230 1664/1727/892/230 1662/1724/889/230
f 1659/1728/893/230 1661/1722/887/230 1660/1725/890/230 1658/1729/894/230
f 1884/1953/1063/258 1886/1954/1064/258 1885/1955/1065/258 1883/1956/1066/258
f 1886/1954/1064/258 1888/1957/1067/258 1887/1958/1068/258 1885/1955/1065/258
f 1882/1959/1069/258 1884/1953/1063/258 1883/1956/1066/258 1881/1960/1070/258
f 2089/2166/1236/285 2091/2167/1237/285 2090/2168/1238/285 2088/2169/1239/285
f 2091/2167/1237/285 2093/2170/1240/285 2092/2171/1241/285 2090/2168/1238/285
f 2087/2172/1242/285 2089/2166/1236/285 2088/2169/1239/285 2086/2173/1243/285
f 2304/2389/1419/314 2306/2390/1420/314 2305/2391/1421/314 2303/2392/1422/314
f 2306/2390/1420/314 2308/2393/1423/314 2307/2394/1424/314 2305/2391/1421/314
f 2302/2395/1425/314 2304/2389/1419/314 2303/2392/1422/314 2301/2396/1426/314
f 2480/2565/1580/341 2482/2566/1581/341 2481/2567/1582/341 2479/2568/1583/341
f 2482/2566/1581/341 2484/2569/1584/341 2483/2570/1585/341 2481/2567/1582/341
f 2478/2571/1586/341 2480/2565/1580/341 2479/2568/1583/341 2477/2572/1587/341
usemtl wallkn_d
s off
f 461/461/116/116 462/462/117/116 463/463/118/116 464/464/118/116
f 465/465/119/116 466/466/116/116 467/467/118/116 468/468/118/116
f 481/481/127/117 482/482/128/117 483/483/128/117 484/484/127/117
f 482/482/128/117 485/485/129/117 486/486/129/117 483/483/128/117
f 487/487/127/117 488/488/127/117 489/489/130/117 490/490/130/117
f 491/491/131/118 492/492/132/118 493/493/133/118 494/494/133/118
f 495/495/134/118 496/496/131/118 497/497/133/118 498/498/133/118
f 543/543/150/127 544/544/151/127 545/545/152/127 546/546/152/127
f 547/547/153/127 548/548/150/127 549/549/152/127 550/550/152/127
f 563/563/161/128 564/564/162/128 565/565/162/128 566/566/161/128
f 564/564/162/128 567/567/163/128 568/568/163/128 565/565/162/128
f 569/569/161/128 570/570/161/128 571/571/164/128 572/572/164/128
f 578/573/165/129 579/574/166/129 580/575/167/129 581/576/168/129
f 582/577/169/129 583/578/170/129 584/579/171/129 585/580/172/129
f 583/578/170/129 578/573/165/129 581/576/168/129 584/579/171/129
f 604/599/182/131 605/600/183/131 606/601/184/131 607/602/185/131
f 608/603/186/131 609/604/187/131 610/605/188/131 611/606/189/131
f 609/604/187/131 604/599/182/131 607/602/185/131 610/605/188/131
f 621/621/198/132 622/622/199/132 623/623/199/132 624/624/198/132
f 622/622/199/132 625/625/200/132 626/626/200/132 623/623/199/132
f 627/627/198/132 628/628/198/132 629/629/201/132 630/630/201/132
f 631/631/202/133 632/632/203/133 633/633/204/133 634/634/204/133
f 635/635/205/133 636/636/202/133 637/637/204/133 638/638/204/133
f 675/675/219/140 676/676/220/140 677/677/221/140 678/678/221/140
f 679/679/222/140 680/680/219/140 681/681/221/140 682/682/221/140
f 695/695/230/141 696/696/231/141 697/697/231/141 698/698/230/141
f 696/696/231/141 699/699/232/141 700/700/232/141 697/697/231/141
f 701/701/230/141 702/702/230/141 703/703/233/141 704/704/233/141
f 710/705/234/142 711/706/235/142 712/707/236/142 713/708/237/142
f 714/709/238/142 715/710/239/142 716/711/240/142 717/712/241/142
f 715/710/239/142 710/705/234/142 713/708/237/142 716/711/240/142
f 782/793/283/148 783/794/284/148 784/795/285/148 785/796/286/148
f 786/797/287/148 787/798/288/148 788/799/289/148 789/800/290/148
f 787/798/288/148 782/793/283/148 785/796/286/148 788/799/289/148
f 799/815/299/149 800/816/300/149 801/817/301/149 802/818/301/149
f 803/819/302/149 804/820/299/149 805/821/301/149 806/822/301/149
f 839/855/315/155 840/856/316/155 841/857/317/155 842/858/317/155
f 843/859/318/155 844/860/315/155 845/861/317/155 846/862/317/155
f 859/875/326/156 860/876/327/156 861/877/327/156 862/878/326/156
f 860/876/327/156 863/879/328/156 864/880/328/156 861/877/327/156
f 865/881/326/156 866/882/326/156 867/883/329/156 868/884/329/156
f 874/885/330/157 875/886/331/157 876/887/332/157 877/888/333/157
f 878/889/334/157 879/890/335/157 880/891/336/157 881/892/337/157
f 879/890/335/157 874/885/330/157 877/888/333/157 880/891/336/157
f 1031/1058/448/168 1032/1059/449/168 1033/1060/450/168 1034/1061/451/168
f 1035/1062/452/168 1036/1063/453/168 1037/1064/454/168 1038/1065/455/168
f 1036/1063/453/168 1031/1058/448/168 1034/1061/451/168 1037/1064/454/168
f 1048/1080/464/169 1049/1081/465/169 1050/1082/465/169 1051/1083/464/169
f 1049/1081/465/169 1052/1084/466/169 1053/1085/466/169 1050/1082/465/169
f 1054/1086/464/169 1055/1087/464/169 1056/1088/467/169 1057/1089/467/169
f 1074/1106/472/174 1075/1107/473/174 1076/1108/474/174 1077/1109/474/174
f 1078/1110/475/174 1079/1111/472/174 1080/1112/474/174 1081/1113/474/174
f 1094/1126/483/175 1095/1127/484/175 1096/1128/484/175 1097/1129/483/175
f 1095/1127/484/175 1098/1130/485/175 1099/1131/485/175 1096/1128/484/175
f 1100/1132/483/175 1101/1133/483/175 1102/1134/486/175 1103/1135/486/175
f 1109/1136/487/176 1110/1137/488/176 1111/1138/489/176 1112/1139/490/176
f 1113/1140/491/176 1114/1141/492/176 1115/1142/493/176 1116/1143/494/176
f 1114/1141/492/176 1109/1136/487/176 1112/1139/490/176 1115/1142/493/176
f 1312/1360/644/198 1313/1361/645/198 1314/1362/646/198 1315/1363/646/198
f 1316/1364/647/198 1317/1365/644/198 1318/1366/646/198 1319/1367/646/198
f 1332/1380/655/199 1333/1381/656/199 1334/1382/656/199 1335/1383/655/199
f 1333/1381/656/199 1336/1384/657/199 1337/1385/657/199 1334/1382/656/199
f 1338/1386/655/199 1339/1387/655/199 1340/1388/658/199 1341/1389/658/199
f 1347/1390/659/200 1348/1391/660/200 1349/1392/661/200 1350/1393/662/200
f 1351/1394/663/200 1352/1395/664/200 1353/1396/665/200 1354/1397/666/200
f 1352/1395/664/200 1347/1390/659/200 1350/1393/662/200 1353/1396/665/200
f 1564/1620/828/224 1565/1621/829/224 1566/1622/830/224 1567/1623/830/224
f 1568/1624/831/224 1569/1625/828/224 1570/1626/830/224 1571/1627/830/224
f 1584/1640/839/225 1585/1641/840/225 1586/1642/840/225 1587/1643/839/225
f 1585/1641/840/225 1588/1644/841/225 1589/1645/841/225 1586/1642/840/225
f 1590/1646/839/225 1591/1647/839/225 1592/1648/842/225 1593/1649/842/225
f 1599/1650/843/226 1600/1651/844/226 1601/1652/845/226 1602/1653/846/226
f 1603/1654/847/226 1604/1655/848/226 1605/1656/849/226 1606/1657/850/226
f 1604/1655/848/226 1599/1650/843/226 1602/1653/846/226 1605/1656/849/226
f 1787/1851/1004/252 1788/1852/1005/252 1789/1853/1006/252 1790/1854/1006/252
f 1791/1855/1007/252 1792/1856/1004/252 1793/1857/1006/252 1794/1858/1006/252
f 1807/1871/1015/253 1808/1872/1016/253 1809/1873/1016/253 1810/1874/1015/253
f 1808/1872/1016/253 1811/1875/1017/253 1812/1876/1017/253 1809/1873/1016/253
f 1813/1877/1015/253 1814/1878/1015/253 1815/1879/1018/253 1816/1880/1018/253
f 1822/1881/1019/254 1823/1882/1020/254 1824/1883/1021/254 1825/1884/1022/254
f 1826/1885/1023/254 1827/1886/1024/254 1828/1887/1025/254 1829/1888/1026/254
f 1827/1886/1024/254 1822/1881/1019/254 1825/1884/1022/254 1828/1887/1025/254
f 2012/2084/1188/280 2013/2085/1189/280 2014/2086/1189/280 2015/2087/1188/280
f 2013/2085/1189/280 2016/2088/1190/280 2017/2089/1190/280 2014/2086/1189/280
f 2018/2090/1188/280 2019/2091/1188/280 2020/2092/1191/280 2021/2093/1191/280
f 2027/2094/1192/281 2028/2095/1193/281 2029/2096/1194/281 2030/2097/1195/281
f 2031/2098/1196/281 2032/2099/1197/281 2033/2100/1198/281 2034/2101/1199/281
f 2032/2099/1197/281 2027/2094/1192/281 2030/2097/1195/281 2033/2100/1198/281
f 2227/2307/1371/309 2228/2308/1372/309 2229/2309/1372/309 2230/2310/1371/309
f 2228/2308/1372/309 2231/2311/1373/309 2232/2312/1373/309 2229/2309/1372/309
f 2233/2313/1371/309 2234/2314/1371/309 2235/2315/1374/309 2236/2316/1374/309
f 2242/2317/1375/310 2243/2318/1376/310 2244/2319/1377/310 2245/2320/1378/310
f 2246/2321/1379/310 2247/2322/1380/310 2248/2323/1381/310 2249/2324/1382/310
f 2247/2322/1380/310 2242/2317/1375/310 2245/2320/1378/310 2248/2323/1381/310
f 469/469/120/116 470/470/121/116 471/471/116/116
f 470/470/121/116 472/472/122/116 471/471/116/116
f 471/471/116/116 472/472/122/116 473/473/123/116
f 474/474/124/116 475/475/122/116 476/476/116/116
f 475/475/122/116 477/477/125/116 476/476/116/116
f 478/478/126/116 479/479/116/116 480/480/123/116
f 499/499/135/118 500/500/136/118 501/501/131/118
f 500/500/136/118 502/502/137/118 501/501/131/118
f 501/501/131/118 502/502/137/118 503/503/138/118
f 504/504/139/118 505/505/137/118 506/506/131/118
f 505/505/137/118 507/507/140/118 506/506/131/118
f 508/508/141/118 509/509/131/118 510/510/138/118
f 551/551/154/127 552/552/155/127 553/553/150/127
f 552/552/155/127 554/554/156/127 553/553/150/127
f 553/553/150/127 554/554/156/127 555/555/157/127
f 556/556/158/127 557/557/156/127 558/558/150/127
f 557/557/156/127 559/559/159/127 558/558/150/127
f 560/560/160/127 561/561/150/127 562/562/157/127
f 586/581/173/129 587/582/174/129 588/583/175/129
f 587/582/174/129 589/584/176/129 588/583/175/129
f 588/583/175/129 589/584/176/129 590/585/177/129
f 589/584/176/129 591/586/178/129 590/585/177/129
f 592/587/177/129 593/588/179/129 594/589/180/129
f 612/607/190/131 613/608/191/131 614/609/192/131
f 613/608/191/131 615/610/193/131 614/609/192/131
f 614/609/192/131 615/610/193/131 616/611/194/131
f 615/610/193/131 617/612/195/131 616/611/194/131
f 618/613/194/131 619/614/196/131 620/615/197/131
f 639/639/206/133 640/640/207/133 641/641/202/133
f 640/640/207/133 642/642/208/133 641/641/202/133
f 641/641/202/133 642/642/208/133 643/643/209/133
f 644/644/210/133 645/645/208/133 646/646/202/133
f 645/645/208/133 647/647/211/133 646/646/202/133
f 648/648/212/133 649/649/202/133 650/650/209/133
f 683/683/223/140 684/684/224/140 685/685/219/140
f 684/684/224/140 686/686/225/140 685/685/219/140
f 685/685/219/140 686/686/225/140 687/687/226/140
f 688/688/227/140 689/689/225/140 690/690/219/140
f 689/689/225/140 691/691/228/140 690/690/219/140
f 692/692/229/140 693/693/219/140 694/694/226/140
f 718/713/242/142 719/714/243/142 720/715/244/142
f 719/714/243/142 721/716/245/142 720/715/244/142
f 720/715/244/142 721/716/245/142 722/717/246/142
f 721/716/245/142 723/718/247/142 722/717/246/142
f 724/719/246/142 725/720/248/142 726/721/249/142
f 790/801/291/148 791/802/292/148 792/803/293/148
f 791/802/292/148 793/804/294/148 792/803/293/148
f 792/803/293/148 793/804/294/148 794/805/295/148
f 793/804/294/148 795/806/296/148 794/805/295/148
f 796/807/295/148 797/808/297/148 798/809/298/148
f 807/823/303/149 808/824/304/149 809/825/299/149
f 808/824/304/149 810/826/305/149 809/825/299/149
f 809/825/299/149 810/826/305/149 811/827/306/149
f 812/828/307/149 813/829/305/149 814/830/299/149
f 813/829/305/149 815/831/308/149 814/830/299/149
f 816/832/309/149 817/833/299/149 818/834/306/149
f 847/863/319/155 848/864/320/155 849/865/315/155
f 848/864/320/155 850/866/321/155 849/865/315/155
f 849/865/315/155 850/866/321/155 851/867/322/155
f 852/868/323/155 853/869/321/155 854/870/315/155
f 853/869/321/155 855/871/324/155 854/870/315/155
f 856/872/325/155 857/873/315/155 858/874/322/155
f 882/893/338/157 883/894/339/157 884/895/340/157
f 883/894/339/157 885/896/341/157 884/895/340/157
f 884/895/340/157 885/896/341/157 886/897/342/157
f 885/896/341/157 887/898/343/157 886/897/342/157
f 888/899/342/157 889/900/344/157 890/901/345/157
f 1039/1066/456/168 1040/1067/457/168 1041/1068/458/168
f 1040/1067/457/168 1042/1069/459/168 1041/1068/458/168
f 1041/1068/458/168 1042/1069/459/168 1043/1070/460/168
f 1042/1069/459/168 1044/1071/461/168 1043/1070/460/168
f 1045/1072/460/168 1046/1073/462/168 1047/1074/463/168
f 1082/1114/476/174 1083/1115/477/174 1084/1116/472/174
f 1083/1115/477/174 1085/1117/478/174 1084/1116/472/174
f 1084/1116/472/174 1085/1117/478/174 1086/1118/479/174
f 1087/1119/480/174 1088/1120/478/174 1089/1121/472/174
f 1088/1120/478/174 1090/1122/481/174 1089/1121/472/174
f 1091/1123/482/174 1092/1124/472/174 1093/1125/479/174
f 1117/1144/495/176 1118/1145/496/176 1119/1146/497/176
f 1118/1145/496/176 1120/1147/498/176 1119/1146/497/176
f 1119/1146/497/176 1120/1147/498/176 1121/1148/499/176
f 1120/1147/498/176 1122/1149/500/176 1121/1148/499/176
f 1123/1150/499/176 1124/1151/501/176 1125/1152/502/176
f 1320/1368/648/198 1321/1369/649/198 1322/1370/644/198
f 1321/1369/649/198 1323/1371/650/198 1322/1370/644/198
f 1322/1370/644/198 1323/1371/650/198 1324/1372/651/198
f 1325/1373/652/198 1326/1374/650/198 1327/1375/644/198
f 1326/1374/650/198 1328/1376/653/198 1327/1375/644/198
f 1329/1377/654/198 1330/1378/644/198 1331/1379/651/198
f 1355/1398/667/200 1356/1399/668/200 1357/1400/669/200
f 1356/1399/668/200 1358/1401/670/200 1357/1400/669/200
f 1357/1400/669/200 1358/1401/670/200 1359/1402/671/200
f 1358/1401/670/200 1360/1403/672/200 1359/1402/671/200
f 1361/1404/671/200 1362/1405/673/200 1363/1406/674/200
f 1572/1628/832/224 1573/1629/833/224 1574/1630/828/224
f 1573/1629/833/224 1575/1631/834/224 1574/1630/828/224
f 1574/1630/828/224 1575/1631/834/224 1576/1632/835/224
f 1577/1633/836/224 1578/1634/834/224 1579/1635/828/224
f 1578/1634/834/224 1580/1636/837/224 1579/1635/828/224
f 1581/1637/838/224 1582/1638/828/224 1583/1639/835/224
f 1607/1658/851/226 1608/1659/852/226 1609/1660/853/226
f 1608/1659/852/226 1610/1661/854/226 1609/1660/853/226
f 1609/1660/853/226 1610/1661/854/226 1611/1662/855/226
f 1610/1661/854/226 1612/1663/856/226 1611/1662/855/226
f 1613/1664/855/226 1614/1665/857/226 1615/1666/858/226
f 1795/1859/1008/252 1796/1860/1009/252 1797/1861/1004/252
f 1796/1860/1009/252 1798/1862/1010/252 1797/1861/1004/252
f 1797/1861/1004/252 1798/1862/1010/252 1799/1863/1011/252
f 1800/1864/1012/252 1801/1865/1010/252 1802/1866/1004/252
f 1801/1865/1010/252 1803/1867/1013/252 1802/1866/1004/252
f 1804/1868/1014/252 1805/1869/1004/252 1806/1870/1011/252
f 1830/1889/1027/254 1831/1890/1028/254 1832/1891/1029/254
f 1831/1890/1028/254 1833/1892/1030/254 1832/1891/1029/254
f 1832/1891/1029/254 1833/1892/1030/254 1834/1893/1031/254
f 1833/1892/1030/254 1835/1894/1032/254 1834/1893/1031/254
f 1836/1895/1031/254 1837/1896/1033/254 1838/1897/1034/254
f 2035/2102/1200/281 2036/2103/1201/281 2037/2104/1202/281
f 2036/2103/1201/281 2038/2105/1203/281 2037/2104/1202/281
f 2037/2104/1202/281 2038/2105/1203/281 2039/2106/1204/281
f 2038/2105/1203/281 2040/2107/1205/281 2039/2106/1204/281
f 2041/2108/1204/281 2042/2109/1206/281 2043/2110/1207/281
f 2250/2325/1383/310 2251/2326/1384/310 2252/2327/1385/310
f 2251/2326/1384/310 2253/2328/1386/310 2252/2327/1385/310
f 2252/2327/1385/310 2253/2328/1386/310 2254/2329/1387/310
f 2253/2328/1386/310 2255/2330/1388/310 2254/2329/1387/310
f 2256/2331/1387/310 2257/2332/1389/310 2258/2333/1390/310
