mtllib bd_01_01.mtl
o map
v -15.0 -11.000006 2.000001
v -16.0 -11.000006 2.000001
v -16.0 -16.000006 2.000001
v -15.0 -16.000006 2.000001
v -15.0 -10.2109375 1.098633
v -16.0 -10.2109375 1.098633
v -15.0 -10.669921 1.997071
v -16.0 -10.669921 1.997071
v -15.0 -10.999999 2.0
v -16.0 -10.999999 2.0
v -15.0 -9.999999 1.0
v -16.0 -9.999999 1.0
v -16.0 -10.2109375 1.098633
v -15.0 -10.2109375 1.098633
v -15.0 -9.125 1.125
v -16.0 -9.125 1.125
v -16.0 -10.125 1.125
v -15.0 -10.125 1.125
v -15.5 -8.125 1.125001
v -16.0 -8.125 1.125001
v -16.0 -8.625 1.125001
v -15.5 -8.625 1.125001
v -15.5 -8.625 1.125001
v -16.0 -8.625 1.125001
v -16.0 -9.125 1.125001
v -15.5 -9.125 1.125001
v -15.0 -9.125 1.125001
v -15.0 -8.625 1.125001
v -15.5 -8.625 1.125001
v -15.5 -9.125 1.125001
v -16.0 -7.210937 0.09863299
v -16.0 -7.669921 0.997071
v -15.0 -7.669921 0.997071
v -15.0 -7.210937 0.09863299
v -16.0 -7.999999 1.0
v -15.0 -7.999999 1.0
v -16.0 -7.210937 0.09863299
v -15.0 -7.210937 0.09863299
v -15.0 -6.999999 0.0
v -16.0 -6.999999 0.0
v -14.0 -7.0 0.0
v -14.0 -6.0 0.0
v -16.0 -6.0 0.0
v -16.0 -7.0 0.0
v -15.0 -6.0 0.0
v -15.0 -5.0 0.0
v -16.0 -5.0 0.0
v -16.0 -6.0 0.0
v -15.0 3.0 0.0
v -16.0 3.0 0.0
v -16.0 -5.0 0.0
v -15.0 -5.0 0.0
v -15.0 10.0 0.0
v -16.0 10.0 0.0
v -16.0 3.0 0.0
v -15.0 3.0 0.0
v -16.0 10.0 0.0
v -15.0 10.0 0.0
v -15.0 11.0 0.0
v -16.0 11.0 0.0
v -16.0 11.0 0.0625
v -15.0 11.0 0.0625
v -15.0 12.0 0.0625
v -16.0 12.0 0.0625
v -15.0 16.0 0.0
v -16.0 16.0 0.0
v -16.0 12.0 0.0
v -15.0 12.0 0.0
v -12.0 -12.000004 2.000001
v -15.0 -12.000004 2.000001
v -15.0 -16.000004 2.000001
v -12.0 -16.000004 2.000001
v -14.0 -11.669921 1.997071
v -14.0 -11.2109375 1.098633
v -14.669922 -11.669921 1.997071
v -14.105469 -11.105468 1.098633
v -14.2109375 -10.999999 1.098633
v -14.2109375 -10.999999 1.098633
v -14.105469 -11.105468 1.098633
v -14.0 -10.999999 1.0
v -14.0 -11.2109375 1.098633
v -15.0 -10.999999 2.0
v -15.0 -11.999999 2.0
v -14.669922 -11.669921 1.997071
v -14.669922 -10.999999 1.997071
v -15.0 -11.999999 2.0
v -14.0 -11.999999 2.0
v -14.0 -11.669921 1.997071
v -14.669922 -11.669921 1.997071
v -14.669922 -10.999999 1.997071
v -14.669922 -11.669921 1.997071
v -14.2109375 -10.999999 1.098633
v -14.0 -10.999999 1.0
v -14.0625 -10.374999 1.0
v -14.3125 -10.062499 1.0
v -15.0 -9.999999 1.0
v -14.0 -9.999999 1.0
v -14.2109375 -10.999999 1.098633
v -14.25 -10.562499 1.098633
v -14.669922 -10.999999 1.997071
v -14.5 -10.249999 1.098633
v -15.0 -10.669921 1.997071
v -15.0 -10.2109375 1.098633
v -15.0 -10.669921 1.997071
v -15.0 -10.999999 2.0
v -14.669922 -10.999999 1.997071
v -14.3125 -10.062499 1.0
v -15.0 -9.999999 1.0
v -15.0 -10.2109375 1.098633
v -14.5 -10.249999 1.098633
v -14.0 -10.999999 1.0
v -14.0625 -10.374999 1.0
v -14.25 -10.562499 1.098633
v -14.2109375 -10.999999 1.098633
v -14.5 -9.125 1.125001
v -15.0 -9.125 1.125001
v -15.0 -10.125 1.125001
v -14.5 -10.125 1.125001
v -14.0 -8.669921 0.997071
v -14.0 -8.2109375 0.09863299
v -14.669922 -8.669921 0.997071
v -14.105469 -8.105468 0.09863299
v -14.2109375 -7.999999 0.09863299
v -14.2109375 -7.999999 0.09863299
v -14.105469 -8.105468 0.09863299
v -14.0 -7.999999 0.0
v -14.0 -8.2109375 0.09863299
v -15.0 -7.999999 1.0
v -15.0 -8.999999 1.0
v -14.669922 -8.669921 0.997071
v -14.669922 -7.999999 0.997071
v -15.0 -8.999999 1.0
v -14.0 -8.999999 1.0
v -14.0 -8.669921 0.997071
v -14.669922 -8.669921 0.997071
v -14.669922 -7.999999 0.997071
v -14.669922 -8.669921 0.997071
v -14.2109375 -7.999999 0.09863299
v -14.0 -7.999999 0.0
v -14.0 -6.999999 0.0
v -14.0625 -7.374999 0.0
v -14.3125 -7.062499 0.0
v -15.0 -6.999999 0.0
v -14.2109375 -7.999999 0.09863299
v -14.25 -7.562499 0.09863299
v -14.669922 -7.999999 0.997071
v -14.5 -7.249999 0.09863299
v -15.0 -7.669921 0.997071
v -15.0 -7.210937 0.09863299
v -15.0 -7.669921 0.997071
v -15.0 -7.999999 1.0
v -14.669922 -7.999999 0.997071
v -14.3125 -7.062499 0.0
v -15.0 -6.999999 0.0
v -15.0 -7.210937 0.09863299
v -14.5 -7.249999 0.09863299
v -14.0 -7.999999 0.0
v -14.0625 -7.374999 0.0
v -14.25 -7.562499 0.09863299
v -14.2109375 -7.999999 0.09863299
v -15.0 -5.0 0.0
v -15.0 -6.0 0.0
v -7.0 -6.0 0.0
v -7.0 -5.0 0.0
v -13.0 3.0 0.0
v -15.0 3.0 0.0
v -15.0 -5.0 0.0
v -13.0 -5.0 0.0
v -13.0 10.0 0.0
v -15.0 10.0 0.0
v -15.0 3.0 0.0
v -13.0 3.0 0.0
v -7.0 10.0 0.0
v -7.0 11.0 0.0
v -15.0 11.0 0.0
v -15.0 10.0 0.0
v -14.0 11.0 0.0
v -14.0 12.0 0.0
v -15.0 12.0 0.0
v -15.0 11.0 0.0
v -14.0 13.0 0.0
v -15.0 13.0 0.0
v -15.0 12.0 0.0
v -14.0 12.0 0.0
v -7.0 16.0 0.0
v -15.0 16.0 0.0
v -15.0 13.0 0.0
v -7.0 13.0 0.0
v -12.0 -11.2109375 1.098633
v -14.0 -11.2109375 1.098633
v -12.0 -11.669921 1.997071
v -14.0 -11.669921 1.997071
v -12.0 -11.999999 2.0
v -14.0 -11.999999 2.0
v -12.0 -10.999999 1.0
v -14.0 -10.999999 1.0
v -14.0 -11.2109375 1.098633
v -12.0 -11.2109375 1.098633
v -11.0 -10.125 1.125
v -14.0 -10.125 1.125
v -14.0 -11.125 1.125
v -11.0 -11.125 1.125
v -10.0 -10.0 1.0
v -10.0 -9.0 1.0
v -14.0 -9.0 1.0
v -14.0 -10.0 1.0
v -14.0 -8.2109375 0.09863299
v -14.0 -8.669921 0.997071
v -10.0 -8.669921 0.997071
v -10.0 -8.2109375 0.09863299
v -14.0 -8.999999 1.0
v -10.0 -8.999999 1.0
v -14.0 -8.2109375 0.09863299
v -10.0 -8.2109375 0.09863299
v -10.0 -7.999999 0.0
v -14.0 -7.999999 0.0
v -14.0 -7.7070312 0.042967975
v -12.0 -7.7070312 0.042967975
v -12.0 -6.2929688 1.457031
v -14.0 -6.2929688 1.457031
v -14.0 12.0 0.0
v -14.0 11.0 0.0
v -13.0 11.0 0.0
v -13.0 12.0 0.0
v -13.0 13.0 0.0
v -14.0 13.0 0.0
v -14.0 12.0 0.0
v -13.0 12.0 0.0
v -5.0 -3.0 0.0
v -13.0 -3.0 0.0
v -13.0 -5.0 0.0
v -5.0 -5.0 0.0
v -11.0 -1.0 0.0
v -13.0 -1.0 0.0
v -13.0 -3.0 0.0
v -11.0 -3.0 0.0
v -13.0 0.0 0.0
v -13.0 -1.0 0.0
v -12.0 -1.0 0.0
v -12.0 0.0 0.0
v -13.0 0.0 0.0
v -12.0 0.0 0.0
v -12.0 7.0 0.0
v -13.0 7.0 0.0
v -12.0 8.0 0.0
v -13.0 8.0 0.0
v -13.0 7.0 0.0
v -12.0 7.0 0.0
v -5.0 10.0 0.0
v -13.0 10.0 0.0
v -13.0 8.0 0.0
v -5.0 8.0 0.0
v -12.0 12.0 0.0
v -13.0 12.0 0.0
v -13.0 11.0 0.0
v -12.0 11.0 0.0
v -13.0 12.0 0.0
v -12.0 12.0 0.0
v -12.0 13.0 0.0
v -13.0 13.0 0.0
v -11.0 -14.000002 2.000001
v -12.0 -14.000002 2.000001
v -12.0 -16.000002 2.000001
v -11.0 -16.000002 2.000001
v -11.0 -13.669921 1.997071
v -11.0 -13.2109375 1.098633
v -11.669922 -13.669921 1.997071
v -11.105469 -13.105468 1.098633
v -11.2109375 -12.999999 1.098633
v -11.2109375 -12.999999 1.098633
v -11.105469 -13.105468 1.098633
v -11.0 -12.999999 1.0
v -11.0 -13.2109375 1.098633
v -12.0 -12.999999 2.0
v -12.0 -13.999999 2.0
v -11.669922 -13.669921 1.997071
v -11.669922 -12.999999 1.997071
v -12.0 -13.999999 2.0
v -11.0 -13.999999 2.0
v -11.0 -13.669921 1.997071
v -11.669922 -13.669921 1.997071
v -11.669922 -12.999999 1.997071
v -11.669922 -13.669921 1.997071
v -11.2109375 -12.999999 1.098633
v -11.2109375 -13.0 1.098633
v -11.2109375 -12.0 1.098633
v -11.669921 -13.0 1.997071
v -11.669921 -12.0 1.997071
v -11.999999 -13.0 2.0
v -11.999999 -12.0 2.0
v -10.999999 -13.0 1.0
v -10.999999 -12.0 1.0
v -11.2109375 -12.0 1.098633
v -11.2109375 -13.0 1.098633
v -11.0 -11.999999 1.0
v -11.0625 -11.374999 1.0
v -11.3125 -11.062499 1.0
v -12.0 -10.999999 1.0
v -11.0 -10.999999 1.0
v -11.2109375 -11.999999 1.098633
v -11.25 -11.562499 1.098633
v -11.669922 -11.999999 1.997071
v -11.5 -11.249999 1.098633
v -12.0 -11.669921 1.997071
v -12.0 -11.2109375 1.098633
v -12.0 -11.669921 1.997071
v -12.0 -11.999999 2.0
v -11.669922 -11.999999 1.997071
v -11.3125 -11.062499 1.0
v -12.0 -10.999999 1.0
v -12.0 -11.2109375 1.098633
v -11.5 -11.249999 1.098633
v -11.0 -11.999999 1.0
v -11.0625 -11.374999 1.0
v -11.25 -11.562499 1.098633
v -11.2109375 -11.999999 1.098633
v -9.0 -7.0 0.0
v -12.0 -7.0 0.0
v -12.0 -8.0 0.0
v -9.0 -8.0 0.0
v -11.0 -6.0 0.0
v -12.0 -6.0 0.0
v -12.0 -7.0 0.0
v -11.0 -7.0 0.0
v -12.0 -1.0 0.0
v -11.0 -1.0 0.0
v -11.0 0.0 0.0
v -12.0 0.0 0.0
v -12.0 0.0 0.0
v -11.0 0.0 0.0
v -11.0 1.0 0.0
v -12.0 1.0 0.0
v -11.0 6.0 0.0
v -12.0 6.0 0.0
v -12.0 1.0 0.0
v -11.0 1.0 0.0
v -11.0 6.0 0.0
v -11.0 7.0 0.0
v -12.0 7.0 0.0
v -12.0 6.0 0.0
v -12.0 8.0 0.0
v -12.0 7.0 0.0
v -5.0 7.0 0.0
v -5.0 8.0 0.0
v -12.0 11.0 0.0625
v -9.0 11.0 0.0625
v -9.0 12.0 0.0625
v -12.0 12.0 0.0625
v -4.0 13.0 0.0
v -12.0 13.0 0.0
v -12.0 12.0 0.0
v -4.0 12.0 0.0
v -10.2109375 -16.0 1.098633
v -10.2109375 -14.0 1.098633
v -10.669921 -16.0 1.997071
v -10.669921 -14.0 1.997071
v -10.999999 -16.0 2.0
v -10.999999 -14.0 2.0
v -9.999999 -16.0 1.0
v -9.999999 -14.0 1.0
v -10.2109375 -14.0 1.098633
v -10.2109375 -16.0 1.098633
v -10.0 -13.999999 1.0
v -10.0625 -13.374999 1.0
v -10.3125 -13.062499 1.0
v -11.0 -12.999999 1.0
v -10.0 -12.999999 1.0
v -10.2109375 -13.999999 1.098633
v -10.25 -13.562499 1.098633
v -10.669922 -13.999999 1.997071
v -10.5 -13.249999 1.098633
v -11.0 -13.669921 1.997071
v -11.0 -13.2109375 1.098633
v -11.0 -13.669921 1.997071
v -11.0 -13.999999 2.0
v -10.669922 -13.999999 1.997071
v -10.3125 -13.062499 1.0
v -11.0 -12.999999 1.0
v -11.0 -13.2109375 1.098633
v -10.5 -13.249999 1.098633
v -10.0 -13.999999 1.0
v -10.0625 -13.374999 1.0
v -10.25 -13.562499 1.098633
v -10.2109375 -13.999999 1.098633
v -7.0 -12.125 1.125
v -11.0 -12.125 1.125
v -11.0 -13.125 1.125
v -7.0 -13.125 1.125
v -8.0 -11.125 1.125
v -11.0 -11.125 1.125
v -11.0 -12.125 1.125
v -8.0 -12.125 1.125
v -10.5 -10.125 1.125001
v -11.0 -10.125 1.125001
v -11.0 -10.625 1.125001
v -10.5 -10.625 1.125001
v -10.5 -10.625 1.125001
v -11.0 -10.625 1.125001
v -11.0 -11.125 1.125001
v -10.5 -11.125 1.125001
v -10.0 -11.125 1.125001
v -10.0 -10.625 1.125001
v -10.5 -10.625 1.125001
v -10.5 -11.125 1.125001
v -10.0 -7.0 0.0
v -10.0 -6.0 0.0
v -11.0 -6.0 0.0
v -11.0 -7.0 0.0
v -11.0 -2.0 0.0
v -11.0 -3.0 0.0
v -10.0 -3.0 0.0
v -10.0 -2.0 0.0
v -10.0 -1.0 0.0
v -11.0 -1.0 0.0
v -11.0 -2.0 0.0
v -10.0 -2.0 0.0
v -10.0 0.0 0.0
v -11.0 0.0 0.0
v -11.0 -1.0 0.0
v -10.0 -1.0 0.0
v -11.0 0.0 0.0
v -10.0 0.0 0.0
v -10.0 1.0 0.0
v -11.0 1.0 0.0
v -11.0 1.0 0.0
v -10.0 1.0 0.0
v -10.0 2.0 0.0
v -11.0 2.0 0.0
v -10.0 7.0 0.0
v -11.0 7.0 0.0
v -11.0 2.0 0.0
v -10.0 2.0 0.0
v -8.0 -13.125 1.125
v -10.0 -13.125 1.125
v -10.0 -16.125 1.125
v -8.0 -16.125 1.125
v -7.0 -11.0 1.0
v -7.0 -10.0 1.0
v -10.0 -10.0 1.0
v -10.0 -11.0 1.0
v -9.0 -9.669921 0.997071
v -9.0 -9.2109375 0.09863299
v -9.669922 -9.669921 0.997071
v -9.105469 -9.105468 0.09863299
v -9.2109375 -8.999999 0.09863299
v -9.2109375 -8.999999 0.09863299
v -9.105469 -9.105468 0.09863299
v -9.0 -8.999999 0.0
v -9.0 -9.2109375 0.09863299
v -10.0 -8.999999 1.0
v -10.0 -9.999999 1.0
v -9.669922 -9.669921 0.997071
v -9.669922 -8.999999 0.997071
v -10.0 -9.999999 1.0
v -9.0 -9.999999 1.0
v -9.0 -9.669921 0.997071
v -9.669922 -9.669921 0.997071
v -9.669922 -8.999999 0.997071
v -9.669922 -9.669921 0.997071
v -9.2109375 -8.999999 0.09863299
v -9.0 -8.999999 0.0
v -9.0 -7.999999 0.0
v -9.0625 -8.374999 0.0
v -9.3125 -8.062499 0.0
v -10.0 -7.999999 0.0
v -9.2109375 -8.999999 0.09863299
v -9.25 -8.562499 0.09863299
v -9.669922 -8.999999 0.997071
v -9.5 -8.249999 0.09863299
v -10.0 -8.669921 0.997071
v -10.0 -8.2109375 0.09863299
v -10.0 -8.669921 0.997071
v -10.0 -8.999999 1.0
v -9.669922 -8.999999 0.997071
v -9.3125 -8.062499 0.0
v -10.0 -7.999999 0.0
v -10.0 -8.2109375 0.09863299
v -9.5 -8.249999 0.09863299
v -9.0 -8.999999 0.0
v -9.0625 -8.374999 0.0
v -9.25 -8.562499 0.09863299
v -9.2109375 -8.999999 0.09863299
v -10.0 -7.0 0.0625
v -9.0 -7.0 0.0625
v -9.0 -6.0 0.0625
v -10.0 -6.0 0.0625
v -2.0 -3.0 0.0
v -2.0 -2.0 0.0
v -10.0 -2.0 0.0
v -10.0 -3.0 0.0
v -9.0 -1.0 0.0
v -10.0 -1.0 0.0
v -10.0 -2.0 0.0
v -9.0 -2.0 0.0
v -9.0 0.0 0.0
v -10.0 0.0 0.0
v -10.0 -1.0 0.0
v -9.0 -1.0 0.0
v -9.0 1.0 0.0
v -10.0 1.0 0.0
v -10.0 0.0 0.0
v -9.0 0.0 0.0
v -10.0 1.0 0.0
v -9.0 1.0 0.0
v -9.0 2.0 0.0
v -10.0 2.0 0.0
v -10.0 2.0 0.0
v -9.0 2.0 0.0
v -9.0 3.0 0.0
v -10.0 3.0 0.0
v -10.0 3.0 0.0625
v -9.0 3.0 0.0625
v -9.0 4.0 0.0625
v -10.0 4.0 0.0625
v -8.0 6.0 0.0
v -10.0 6.0 0.0
v -10.0 4.0 0.0
v -8.0 4.0 0.0
v -8.0 6.0 0.0
v -8.0 7.0 0.0
v -10.0 7.0 0.0
v -10.0 6.0 0.0
v -9.0 -9.2109375 0.09863299
v -9.0 -9.669921 0.997071
v -7.0 -9.669921 0.997071
v -7.0 -9.2109375 0.09863299
v -9.0 -9.999999 1.0
v -7.0 -9.999999 1.0
v -9.0 -9.2109375 0.09863299
v -7.0 -9.2109375 0.09863299
v -7.0 -8.999999 0.0
v -9.0 -8.999999 0.0
v -7.0 -8.0 0.0
v -9.0 -8.0 0.0
v -9.0 -9.0 0.0
v -7.0 -9.0 0.0
v -9.0 -8.0 0.0625
v -8.0 -8.0 0.0625
v -8.0 -7.0 0.0625
v -9.0 -7.0 0.0625
v -1.0 -6.0 0.0
v -9.0 -6.0 0.0
v -9.0 -7.0 0.0
v -1.0 -7.0 0.0
v -7.0 -1.0 0.0
v -9.0 -1.0 0.0
v -9.0 -2.0 0.0
v -7.0 -2.0 0.0
v -8.0 0.0 0.0
v -9.0 0.0 0.0
v -9.0 -1.0 0.0
v -8.0 -1.0 0.0
v -8.0 1.0 0.0
v -9.0 1.0 0.0
v -9.0 0.0 0.0
v -8.0 0.0 0.0
v -8.0 2.0 0.0
v -9.0 2.0 0.0
v -9.0 1.0 0.0
v -8.0 1.0 0.0
v -9.0 2.0 0.0
v -8.0 2.0 0.0
v -8.0 3.0 0.0
v -9.0 3.0 0.0
v -9.0 3.0 0.0
v -8.0 3.0 0.0
v -8.0 4.0 0.0
v -9.0 4.0 0.0
v -8.0 11.0 0.0
v -8.0 12.0 0.0
v -9.0 12.0 0.0
v -9.0 11.0 0.0
v -7.000001 -15.0 1.0
v -7.625001 -15.0625 1.0
v -7.937501 -15.3125 1.0
v -8.000001 -16.0 1.0
v -8.000001 -15.0 1.0
v -7.000001 -15.2109375 1.098633
v -7.437501 -15.25 1.098633
v -7.000001 -15.669922 1.997071
v -7.750001 -15.5 1.098633
v -7.330079 -16.0 1.997071
v -7.789063 -16.0 1.098633
v -7.330079 -16.0 1.997071
v -7.000001 -16.0 2.0
v -7.000001 -15.669922 1.997071
v -7.937501 -15.3125 1.0
v -8.000001 -16.0 1.0
v -7.789063 -16.0 1.098633
v -7.750001 -15.5 1.098633
v -7.000001 -15.0 1.0
v -7.625001 -15.0625 1.0
v -7.437501 -15.25 1.098633
v -7.000001 -15.2109375 1.098633
v -7.0 -13.125 1.125
v -8.0 -13.125 1.125
v -8.0 -15.125 1.125
v -7.0 -15.125 1.125
v -7.5 -11.125 1.125001
v -8.0 -11.125 1.125001
v -8.0 -11.625 1.125001
v -7.5 -11.625 1.125001
v -7.5 -11.625 1.125001
v -8.0 -11.625 1.125001
v -8.0 -12.125 1.125001
v -7.5 -12.125 1.125001
v -7.0 -12.125 1.125001
v -7.0 -11.625 1.125001
v -7.5 -11.625 1.125001
v -7.5 -12.125 1.125001
v -7.0 -7.0 0.0
v -8.0 -7.0 0.0
v -8.0 -8.0 0.0
v -7.0 -8.0 0.0
v -1.0 0.0 0.0
v -8.0 0.0 0.0
v -8.0 -1.0 0.0
v -1.0 -1.0 0.0
v -7.0 1.0 0.0
v -8.0 1.0 0.0
v -8.0 0.0 0.0
v -7.0 0.0 0.0
v -7.0 2.0 0.0
v -8.0 2.0 0.0
v -8.0 1.0 0.0
v -7.0 1.0 0.0
v -7.0 3.0 0.0
v -8.0 3.0 0.0
v -8.0 2.0 0.0
v -7.0 2.0 0.0
v -8.0 3.0 0.0
v -7.0 3.0 0.0
v -7.0 4.0 0.0
v -8.0 4.0 0.0
v -8.0 4.0 0.0
v -7.0 4.0 0.0
v -7.0 5.0 0.0
v -8.0 5.0 0.0
v -7.0 7.0 0.0
v -8.0 7.0 0.0
v -8.0 5.0 0.0
v -7.0 5.0 0.0
v -8.0 11.0 0.0625
v -7.0 11.0 0.0625
v -7.0 12.0 0.0625
v -8.0 12.0 0.0625
v -6.330079 -15.0 1.997071
v -6.789063 -15.0 1.098633
v -6.330079 -15.669922 1.997071
v -6.894532 -15.105469 1.098633
v -7.000001 -15.2109375 1.098633
v -7.000001 -15.2109375 1.098633
v -6.894532 -15.105469 1.098633
v -7.000001 -15.0 1.0
v -6.789063 -15.0 1.098633
v -7.000001 -16.0 2.0
v -6.000001 -16.0 2.0
v -6.330079 -15.669922 1.997071
v -7.000001 -15.669922 1.997071
v -6.000001 -16.0 2.0
v -6.000001 -15.0 2.0
v -6.330079 -15.0 1.997071
v -6.330079 -15.669922 1.997071
v -7.000001 -15.669922 1.997071
v -6.330079 -15.669922 1.997071
v -7.000001 -15.2109375 1.098633
v -6.000001 -14.0 1.0
v -6.625001 -14.0625 1.0
v -6.937501 -14.3125 1.0
v -7.000001 -15.0 1.0
v -7.000001 -14.0 1.0
v -6.000001 -14.2109375 1.098633
v -6.437501 -14.25 1.098633
v -6.000001 -14.669922 1.997071
v -6.750001 -14.5 1.098633
v -6.330079 -15.0 1.997071
v -6.789063 -15.0 1.098633
v -6.330079 -15.0 1.997071
v -6.000001 -15.0 2.0
v -6.000001 -14.669922 1.997071
v -6.937501 -14.3125 1.0
v -7.000001 -15.0 1.0
v -6.789063 -15.0 1.098633
v -6.750001 -14.5 1.098633
v -6.000001 -14.0 1.0
v -6.625001 -14.0625 1.0
v -6.437501 -14.25 1.098633
v -6.000001 -14.2109375 1.098633
v -5.0 -13.125 1.125
v -7.0 -13.125 1.125
v -7.0 -14.125 1.125
v -5.0 -14.125 1.125
v -6.5 -12.125 1.125001
v -7.0 -12.125 1.125001
v -7.0 -12.625 1.125001
v -6.5 -12.625 1.125001
v -6.5 -12.625 1.125001
v -7.0 -12.625 1.125001
v -7.0 -13.125 1.125001
v -6.5 -13.125 1.125001
v -6.0 -13.125 1.125001
v -6.0 -12.625 1.125001
v -6.5 -12.625 1.125001
v -6.5 -13.125 1.125001
v -6.5 -11.625 1.125002
v -7.0 -11.625 1.125002
v -7.0 -12.125 1.125002
v -6.5 -12.125 1.125002
v -6.0 -10.669921 0.997071
v -6.0 -10.2109375 0.09863299
v -6.669922 -10.669921 0.997071
v -6.1054688 -10.105468 0.09863299
v -6.210938 -9.999999 0.09863299
v -6.210938 -9.999999 0.09863299
v -6.1054688 -10.105468 0.09863299
v -6.0 -9.999999 0.0
v -6.0 -10.2109375 0.09863299
v -7.0 -9.999999 1.0
v -7.0 -10.999999 1.0
v -6.669922 -10.669921 0.997071
v -6.669922 -9.999999 0.997071
v -7.0 -10.999999 1.0
v -6.0 -10.999999 1.0
v -6.0 -10.669921 0.997071
v -6.669922 -10.669921 0.997071
v -6.669922 -9.999999 0.997071
v -6.669922 -10.669921 0.997071
v -6.210938 -9.999999 0.09863299
v -6.0 -9.999999 0.0
v -6.0 -8.999999 0.0
v -6.0625 -9.374999 0.0
v -6.3125 -9.062499 0.0
v -7.0 -8.999999 0.0
v -6.210938 -9.999999 0.09863299
v -6.25 -9.562499 0.09863299
v -6.669922 -9.999999 0.997071
v -6.5 -9.249999 0.09863299
v -7.0 -9.669921 0.997071
v -7.0 -9.2109375 0.09863299
v -7.0 -9.669921 0.997071
v -7.0 -9.999999 1.0
v -6.669922 -9.999999 0.997071
v -6.3125 -9.062499 0.0
v -7.0 -8.999999 0.0
v -7.0 -9.2109375 0.09863299
v -6.5 -9.249999 0.09863299
v -6.0 -9.999999 0.0
v -6.0625 -9.374999 0.0
v -6.25 -9.562499 0.09863299
v -6.210938 -9.999999 0.09863299
v -7.0 -8.707031 0.042967975
v -5.0 -8.707031 0.042967975
v -5.0 -7.2929688 1.457031
v -7.0 -7.2929688 1.457031
v -7.0 -5.0 0.0
v -7.0 -6.0 0.0
v 1.0 -6.0 0.0
v 1.0 -5.0 0.0
v 1.0 1.0 0.0
v -7.0 1.0 0.0
v -7.0 0.0 0.0
v 1.0 0.0 0.0
v -6.0 2.0 0.0
v -7.0 2.0 0.0
v -7.0 1.0 0.0
v -6.0 1.0 0.0
v -6.0 3.0 0.0
v -7.0 3.0 0.0
v -7.0 2.0 0.0
v -6.0 2.0 0.0
v -6.0 4.0 0.0
v -7.0 4.0 0.0
v -7.0 3.0 0.0
v -6.0 3.0 0.0
v -7.0 4.0 0.0
v -6.0 4.0 0.0
v -6.0 5.0 0.0
v -7.0 5.0 0.0
v -7.0 5.0 0.0
v -6.0 5.0 0.0
v -6.0 6.0 0.0
v -7.0 6.0 0.0
v -6.0 7.0 0.0
v -7.0 7.0 0.0
v -7.0 6.0 0.0
v -6.0 6.0 0.0
v -2.0 10.0 0.0
v -2.0 11.0 0.0
v -7.0 11.0 0.0
v -7.0 10.0 0.0
v -7.0 11.0 0.0625
v -6.0 11.0 0.0625
v -6.0 12.0 0.0625
v -7.0 12.0 0.0625
v 1.0 16.0 0.0
v -7.0 16.0 0.0
v -7.0 13.0 0.0
v 1.0 13.0 0.0
v -5.0 -15.000001 2.000001
v -6.0 -15.000001 2.000001
v -6.0 -16.000002 2.000001
v -5.0 -16.000002 2.000001
v -5.0 -14.2109375 1.098633
v -6.0 -14.2109375 1.098633
v -5.0 -14.669921 1.997071
v -6.0 -14.669921 1.997071
v -5.0 -14.999999 2.0
v -6.0 -14.999999 2.0
v -5.0 -13.999999 1.0
v -6.0 -13.999999 1.0
v -6.0 -14.2109375 1.098633
v -5.0 -14.2109375 1.098633
v -5.0 -12.625 1.125001
v -6.0 -12.625 1.125001
v -6.0 -13.125 1.125001
v -5.0 -13.125 1.125001
v -5.0 -11.669921 0.997071
v -5.0 -11.2109375 0.09863299
v -5.669922 -11.669921 0.997071
v -5.1054688 -11.105468 0.09863299
v -5.210938 -10.999999 0.09863299
v -5.210938 -10.999999 0.09863299
v -5.1054688 -11.105468 0.09863299
v -5.0 -10.999999 0.0
v -5.0 -11.2109375 0.09863299
v -6.0 -10.999999 1.0
v -6.0 -11.999999 1.0
v -5.669922 -11.669921 0.997071
v -5.669922 -10.999999 0.997071
v -6.0 -11.999999 1.0
v -5.0 -11.999999 1.0
v -5.0 -11.669921 0.997071
v -5.669922 -11.669921 0.997071
v -5.669922 -10.999999 0.997071
v -5.669922 -11.669921 0.997071
v -5.210938 -10.999999 0.09863299
v -5.0 -10.999999 0.0
v -5.0 -9.999999 0.0
v -5.0625 -10.374999 0.0
v -5.3125 -10.062499 0.0
v -6.0 -9.999999 0.0
v -5.210938 -10.999999 0.09863299
v -5.25 -10.562499 0.09863299
v -5.669922 -10.999999 0.997071
v -5.5 -10.249999 0.09863299
v -6.0 -10.669921 0.997071
v -6.0 -10.2109375 0.09863299
v -6.0 -10.669921 0.997071
v -6.0 -10.999999 1.0
v -5.669922 -10.999999 0.997071
v -5.3125 -10.062499 0.0
v -6.0 -9.999999 0.0
v -6.0 -10.2109375 0.09863299
v -5.5 -10.249999 0.09863299
v -5.0 -10.999999 0.0
v -5.0625 -10.374999 0.0
v -5.25 -10.562499 0.09863299
v -5.210938 -10.999999 0.09863299
v -6.0 -9.707031 0.042967975
v -4.0 -9.707031 0.042967975
v -4.0 -8.292969 1.457031
v -6.0 -8.292969 1.457031
v 2.0 2.0 0.0
v -6.0 2.0 0.0
v -6.0 1.0 0.0
v 2.0 1.0 0.0
v -5.0 3.0 0.0
v -6.0 3.0 0.0
v -6.0 2.0 0.0
v -5.0 2.0 0.0
v -5.0 4.0 0.0
v -6.0 4.0 0.0
v -6.0 3.0 0.0
v -5.0 3.0 0.0
v -5.0 5.0 0.0
v -6.0 5.0 0.0
v -6.0 4.0 0.0
v -5.0 4.0 0.0
v -6.0 5.0 0.0
v -5.0 5.0 0.0
v -5.0 6.0 0.0
v -6.0 6.0 0.0
v -6.0 6.0 0.0
v -5.0 6.0 0.0
v -5.0 7.0 0.0
v -6.0 7.0 0.0
v -4.0 11.0 0.0
v -4.0 12.0 0.0
v -6.0 12.0 0.0
v -6.0 11.0 0.0
v -4.0 -15.669921 1.997071
v -4.0 -15.2109375 1.098633
v -4.669922 -15.669921 1.997071
v -4.1054688 -15.105468 1.098633
v -4.210938 -14.999999 1.098633
v -4.210938 -14.999999 1.098633
v -4.1054688 -15.105468 1.098633
v -4.0 -14.999999 1.0
v -4.0 -15.2109375 1.098633
v -5.0 -14.999999 2.0
v -5.0 -15.999999 2.0
v -4.669922 -15.669921 1.997071
v -4.669922 -14.999999 1.997071
v -5.0 -15.999999 2.0
v -4.0 -15.999999 2.0
v -4.0 -15.669921 1.997071
v -4.669922 -15.669921 1.997071
v -4.669922 -14.999999 1.997071
v -4.669922 -15.669921 1.997071
v -4.210938 -14.999999 1.098633
v -4.0 -14.999999 1.0
v -4.0625 -14.374999 1.0
v -4.3125 -14.062499 1.0
v -5.0 -13.999999 1.0
v -4.0 -13.999999 1.0
v -4.210938 -14.999999 1.098633
v -4.25 -14.562499 1.098633
v -4.669922 -14.999999 1.997071
v -4.5 -14.249999 1.098633
v -5.0 -14.669921 1.997071
v -5.0 -14.2109375 1.098633
v -5.0 -14.669921 1.997071
v -5.0 -14.999999 2.0
v -4.669922 -14.999999 1.997071
v -4.3125 -14.062499 1.0
v -5.0 -13.999999 1.0
v -5.0 -14.2109375 1.098633
v -4.5 -14.249999 1.098633
v -4.0 -14.999999 1.0
v -4.0625 -14.374999 1.0
v -4.25 -14.562499 1.098633
v -4.210938 -14.999999 1.098633
v -4.5 -13.125 1.125001
v -5.0 -13.125 1.125001
v -5.0 -13.625 1.125001
v -4.5 -13.625 1.125001
v -4.5 -13.625 1.125001
v -5.0 -13.625 1.125001
v -5.0 -14.125 1.125001
v -4.5 -14.125 1.125001
v -4.0 -14.125 1.125001
v -4.0 -13.625 1.125001
v -4.5 -13.625 1.125001
v -4.5 -14.125 1.125001
v -4.5 -12.625 1.125002
v -5.0 -12.625 1.125002
v -5.0 -13.125 1.125002
v -4.5 -13.125 1.125002
v -5.0 -11.2109375 0.09863299
v -5.0 -11.669921 0.997071
v -4.0 -11.669921 0.997071
v -4.0 -11.2109375 0.09863299
v -5.0 -11.999999 1.0
v -4.0 -11.999999 1.0
v -5.0 -11.2109375 0.09863299
v -4.0 -11.2109375 0.09863299
v -4.0 -10.999999 0.0
v -5.0 -10.999999 0.0
v -2.0 -10.0 0.0
v -5.0 -10.0 0.0
v -5.0 -11.0 0.0
v -2.0 -11.0 0.0
v 3.0 -7.0 0.0
v -5.0 -7.0 0.0
v -5.0 -8.0 0.0
v 3.0 -8.0 0.0
v 3.0 -3.0 0.0
v -5.0 -3.0 0.0
v -5.0 -5.0 0.0
v 3.0 -5.0 0.0
v 3.0 3.0 0.0
v -5.0 3.0 0.0
v -5.0 2.0 0.0
v 3.0 2.0 0.0
v -4.0 4.0 0.0
v -5.0 4.0 0.0
v -5.0 3.0 0.0
v -4.0 3.0 0.0
v -4.0 5.0 0.0
v -5.0 5.0 0.0
v -5.0 4.0 0.0
v -4.0 4.0 0.0
v -4.0 6.0 0.0
v -5.0 6.0 0.0
v -5.0 5.0 0.0
v -4.0 5.0 0.0
v -5.0 6.0 0.0
v -4.0 6.0 0.0
v -4.0 7.0 0.0
v -5.0 7.0 0.0
v -4.0 7.0 0.0
v -4.0 8.0 0.0
v -5.0 8.0 0.0
v -5.0 7.0 0.0
v 3.0 10.0 0.0
v -5.0 10.0 0.0
v -5.0 8.0 0.0
v 3.0 8.0 0.0
v -3.0 -15.999999 1.0
v -3.0625 -15.374999 1.0
v -3.3125 -15.062499 1.0
v -4.0 -14.999999 1.0
v -3.0 -14.999999 1.0
v -3.210938 -15.999999 1.098633
v -3.25 -15.562499 1.098633
v -3.6699219 -15.999999 1.997071
v -3.5 -15.249999 1.098633
v -4.0 -15.669921 1.997071
v -4.0 -15.2109375 1.098633
v -4.0 -15.669921 1.997071
v -4.0 -15.999999 2.0
v -3.6699219 -15.999999 1.997071
v -3.3125 -15.062499 1.0
v -4.0 -14.999999 1.0
v -4.0 -15.2109375 1.098633
v -3.5 -15.249999 1.098633
v -3.0 -15.999999 1.0
v -3.0625 -15.374999 1.0
v -3.25 -15.562499 1.098633
v -3.210938 -15.999999 1.098633
v -3.0 -14.125 1.125
v -4.0 -14.125 1.125
v -4.0 -15.125 1.125
v -3.0 -15.125 1.125
v -3.0 -13.625 1.125001
v -4.0 -13.625 1.125001
v -4.0 -14.125 1.125001
v -3.0 -14.125 1.125001
v -3.0 -12.669921 0.997071
v -3.0 -12.2109375 0.09863299
v -3.6699219 -12.669921 0.997071
v -3.105469 -12.105468 0.09863299
v -3.210938 -11.999999 0.09863299
v -3.210938 -11.999999 0.09863299
v -3.105469 -12.105468 0.09863299
v -3.0 -11.999999 0.0
v -3.0 -12.2109375 0.09863299
v -4.0 -11.999999 1.0
v -4.0 -12.999999 1.0
v -3.6699219 -12.669921 0.997071
v -3.6699219 -11.999999 0.997071
v -4.0 -12.999999 1.0
v -3.0 -12.999999 1.0
v -3.0 -12.669921 0.997071
v -3.6699219 -12.669921 0.997071
v -3.6699219 -11.999999 0.997071
v -3.6699219 -12.669921 0.997071
v -3.210938 -11.999999 0.09863299
v -3.0 -11.999999 0.0
v -3.0 -10.999999 0.0
v -3.0625 -11.374999 0.0
v -3.3125 -11.062499 0.0
v -4.0 -10.999999 0.0
v -3.210938 -11.999999 0.09863299
v -3.25 -11.562499 0.09863299
v -3.6699219 -11.999999 0.997071
v -3.5 -11.249999 0.09863299
v -4.0 -11.669921 0.997071
v -4.0 -11.2109375 0.09863299
v -4.0 -11.669921 0.997071
v -4.0 -11.999999 1.0
v -3.6699219 -11.999999 0.997071
v -3.3125 -11.062499 0.0
v -4.0 -10.999999 0.0
v -4.0 -11.2109375 0.09863299
v -3.5 -11.249999 0.09863299
v -3.0 -11.999999 0.0
v -3.0625 -11.374999 0.0
v -3.25 -11.562499 0.09863299
v -3.210938 -11.999999 0.09863299
v 4.0 -1.0 0.0
v -4.0 -1.0 0.0
v -4.0 -2.0 0.0
v 4.0 -2.0 0.0
v 3.0 4.0 0.0
v -4.0 4.0 0.0
v -4.0 3.0 0.0
v 3.0 3.0 0.0
v -3.0 5.0 0.0
v -4.0 5.0 0.0
v -4.0 4.0 0.0
v -3.0 4.0 0.0
v -3.0 6.0 0.0
v -4.0 6.0 0.0
v -4.0 5.0 0.0
v -3.0 5.0 0.0
v -3.0 8.0 0.0
v -4.0 8.0 0.0
v -4.0 6.0 0.0
v -3.0 6.0 0.0
v 2.0 13.0 0.0
v -4.0 13.0 0.0
v -4.0 11.0 0.0
v 2.0 11.0 0.0
v 2.0 -15.125 1.125
v -3.0 -15.125 1.125
v -3.0 -16.125 1.125
v 2.0 -16.125 1.125
v -2.5 -14.125 1.125001
v -3.0 -14.125 1.125001
v -3.0 -14.625 1.125001
v -2.5 -14.625 1.125001
v -2.5 -14.625 1.125001
v -3.0 -14.625 1.125001
v -3.0 -15.125 1.125001
v -2.5 -15.125 1.125001
v -2.0 -15.125 1.125001
v -2.0 -14.625 1.125001
v -2.5 -14.625 1.125001
v -2.5 -15.125 1.125001
v -2.5 -13.625 1.125002
v -3.0 -13.625 1.125002
v -3.0 -14.125 1.125002
v -2.5 -14.125 1.125002
v -3.0 -12.2109375 0.09863299
v -3.0 -12.669921 0.997071
v -2.0 -12.669921 0.997071
v -2.0 -12.2109375 0.09863299
v -3.0 -12.999999 1.0
v -2.0 -12.999999 1.0
v -3.0 -12.2109375 0.09863299
v -2.0 -12.2109375 0.09863299
v -2.0 -11.999999 0.0
v -3.0 -11.999999 0.0
v 3.0 -11.0 0.0
v -3.0 -11.0 0.0
v -3.0 -12.0 0.0
v 3.0 -12.0 0.0
v -3.0 -10.0 0.0625
v -2.0 -10.0 0.0625
v -2.0 -9.0 0.0625
v -3.0 -9.0 0.0625
v -1.0 -8.0 0.0
v -3.0 -8.0 0.0
v -3.0 -9.0 0.0
v -1.0 -9.0 0.0
v 2.0 5.0 0.0
v -3.0 5.0 0.0
v -3.0 4.0 0.0
v 2.0 4.0 0.0
v -2.0 6.0 0.0
v -3.0 6.0 0.0
v -3.0 5.0 0.0
v -2.0 5.0 0.0
v -2.0 7.0 0.0
v -3.0 7.0 0.0
v -3.0 6.0 0.0
v -2.0 6.0 0.0
v -2.0 8.0 0.0
v -3.0 8.0 0.0
v -3.0 7.0 0.0
v -2.0 7.0 0.0
v 2.0 -14.625 1.125001
v -2.0 -14.625 1.125001
v -2.0 -15.125 1.125001
v 2.0 -15.125 1.125001
v -1.0 -13.669921 0.997071
v -1.0 -13.2109375 0.09863299
v -1.669922 -13.669921 0.997071
v -1.105469 -13.105468 0.09863299
v -1.210938 -12.999999 0.09863299
v -1.210938 -12.999999 0.09863299
v -1.105469 -13.105468 0.09863299
v -1.0 -12.999999 0.0
v -1.0 -13.2109375 0.09863299
v -2.0 -12.999999 1.0
v -2.0 -13.999999 1.0
v -1.669922 -13.669921 0.997071
v -1.669922 -12.999999 0.997071
v -2.0 -13.999999 1.0
v -1.0 -13.999999 1.0
v -1.0 -13.669921 0.997071
v -1.669922 -13.669921 0.997071
v -1.669922 -12.999999 0.997071
v -1.669922 -13.669921 0.997071
v -1.210938 -12.999999 0.09863299
v -1.0 -12.999999 0.0
v -1.0 -11.999999 0.0
v -1.0625 -12.374999 0.0
v -1.3125 -12.062499 0.0
v -2.0 -11.999999 0.0
v -1.210938 -12.999999 0.09863299
v -1.25 -12.562499 0.09863299
v -1.669922 -12.999999 0.997071
v -1.5 -12.249999 0.09863299
v -2.0 -12.669921 0.997071
v -2.0 -12.2109375 0.09863299
v -2.0 -12.669921 0.997071
v -2.0 -12.999999 1.0
v -1.669922 -12.999999 0.997071
v -1.3125 -12.062499 0.0
v -2.0 -11.999999 0.0
v -2.0 -12.2109375 0.09863299
v -1.5 -12.249999 0.09863299
v -1.0 -12.999999 0.0
v -1.0625 -12.374999 0.0
v -1.25 -12.562499 0.09863299
v -1.210938 -12.999999 0.09863299
v -1.0 -11.0 0.0
v -1.0 -10.0 0.0
v -2.0 -10.0 0.0
v -2.0 -11.0 0.0
v -1.0 -9.0 0.0
v -2.0 -9.0 0.0
v -2.0 -10.0 0.0
v -1.0 -10.0 0.0
v 6.0 -3.0 0.0
v 6.0 -2.0 0.0
v -2.0 -2.0 0.0
v -2.0 -3.0 0.0
v 1.0 6.0 0.0
v -2.0 6.0 0.0
v -2.0 5.0 0.0
v 1.0 5.0 0.0
v -1.0 7.0 0.0
v -2.0 7.0 0.0
v -2.0 6.0 0.0
v -1.0 6.0 0.0
v -1.0 8.0 0.0
v -2.0 8.0 0.0
v -2.0 7.0 0.0
v -1.0 7.0 0.0
v 1.187501 11.0 0.692382
v 1.187501 11.0 1.125
v 1.187501 10.75 0.692382
v 1.187501 10.75 1.125
v 1.187501 10.0 -0.06738299
v 1.187501 10.0 0.356445
v -2.187499 11.0 1.125
v -2.187499 11.0 0.692383
v -2.187499 10.75 1.125
v -2.187499 10.75 0.692383
v -2.187499 10.0 0.356445
v -2.187499 10.0 -0.06738299
v 0.68750095 11.0 1.0
v 0.68750095 10.0 0.0
v 0.93750095 10.0 0.0
v 0.93750095 11.0 1.0
v -1.6874989 11.0 1.0
v -1.6874989 10.0 0.0
v 0.68750095 10.0 0.0
v 0.68750095 11.0 1.0
v -1.937499 11.0 1.125
v -1.937499 11.0 1.0
v -2.187499 11.0 0.692383
v -2.187499 11.0 1.125
v 0.93750095 11.0 1.0
v 0.93750095 11.0 1.125
v 1.187501 11.0 1.125
v 1.187501 11.0 0.692382
v 0.93750095 10.0 0.356445
v 0.93750095 10.0 0.0
v 1.187501 10.0 -0.06738299
v 1.187501 10.0 0.356445
v -1.937499 10.0 0.0
v -1.937499 10.0 0.356445
v -2.187499 10.0 0.356445
v -2.187499 10.0 -0.06738299
v 1.187501 10.75 1.125
v 0.93750095 10.75 1.125
v 0.93750095 10.0 0.356445
v 1.187501 10.0 0.356445
v 0.93750095 11.0 1.0
v 0.93750095 10.0 0.0
v 0.93750095 10.0 0.356445
v 0.93750095 10.75 1.125
v -2.187499 10.75 1.125
v -1.937499 10.75 1.125
v -1.937499 11.0 1.125
v -2.187499 11.0 1.125
v 0.93750095 11.0 1.125
v 0.93750095 10.75 1.125
v 1.187501 10.75 1.125
v 1.187501 11.0 1.125
v -1.937499 10.0 0.356445
v -1.937499 10.75 1.125
v -2.187499 10.75 1.125
v -2.187499 10.0 0.356445
v -1.937499 10.0 0.0
v -1.937499 11.0 1.0
v -1.937499 10.75 1.125
v -1.937499 10.0 0.356445
v -1.937499 10.0 0.0
v -1.6874989 10.0 0.0
v -1.6874989 11.0 1.0
v -1.937499 11.0 1.0
v -1.937499 10.75 1.125
v -1.937499 11.0 1.0
v -1.937499 11.0 1.125
v 0.93750095 11.0 1.0
v 0.93750095 10.75 1.125
v 0.93750095 11.0 1.125
v -1.0 -13.2109375 0.09863299
v -1.0 -13.669921 0.997071
v 3.0 -13.669921 0.997071
v 3.0 -13.2109375 0.09863299
v -1.0 -13.999999 1.0
v 3.0 -13.999999 1.0
v -1.0 -13.2109375 0.09863299
v 3.0 -13.2109375 0.09863299
v 3.0 -12.999999 0.0
v -1.0 -12.999999 0.0
v 4.0 -12.0 0.0
v -1.0 -12.0 0.0
v -1.0 -13.0 0.0
v 4.0 -13.0 0.0
v 1.0 -10.0 0.0
v -1.0 -10.0 0.0
v -1.0 -11.0 0.0
v 1.0 -11.0 0.0
v -1.0 -10.0 0.0625
v 0.0 -10.0 0.0625
v 0.0 -8.0 0.0625
v -1.0 -8.0 0.0625
v 7.0 -6.0 0.0
v -1.0 -6.0 0.0
v -1.0 -7.0 0.0
v 7.0 -7.0 0.0
v -1.0 -1.0 0.0625
v 0.0 -1.0 0.0625
v 0.0 0.0 0.0625
v -1.0 0.0 0.0625
v 0.0 7.0 0.0
v -1.0 7.0 0.0
v -1.0 6.0 0.0
v 0.0 6.0 0.0
v -1.0 8.0 0.0
v -1.0 7.0 0.0
v 0.0 7.0 0.0
v 0.0 8.0 0.0
v 0.0 -10.0 0.0625
v 1.0 -10.0 0.0625
v 1.0 -9.0 0.0625
v 0.0 -9.0 0.0625
v 8.0 -8.0 0.0
v 0.0 -8.0 0.0
v 0.0 -9.0 0.0
v 8.0 -9.0 0.0
v 7.0 0.0 0.0
v 0.0 0.0 0.0
v 0.0 -1.0 0.0
v 7.0 -1.0 0.0
v 1.0 6.0 0.0
v 1.0 7.0 0.0
v 0.0 7.0 0.0
v 0.0 6.0 0.0
v 1.0 7.0 0.0
v 1.0 8.0 0.0
v 0.0 8.0 0.0
v 0.0 7.0 0.0
v 1.0 -11.0 0.0625
v 2.0 -11.0 0.0625
v 2.0 -10.0 0.0625
v 1.0 -10.0 0.0625
v 2.0 -10.0 0.0
v 2.0 -9.0 0.0
v 1.0 -9.0 0.0
v 1.0 -10.0 0.0
v 1.0 -5.0 0.0
v 1.0 -6.0 0.0
v 9.0 -6.0 0.0
v 9.0 -5.0 0.0
v 4.0 1.0 0.0
v 1.0 1.0 0.0
v 1.0 0.0 0.0
v 4.0 0.0 0.0
v 2.0 5.0 0.0
v 2.0 6.0 0.0
v 1.0 6.0 0.0
v 1.0 5.0 0.0
v 2.0 6.0 0.0
v 2.0 7.0 0.0
v 1.0 7.0 0.0
v 1.0 6.0 0.0
v 3.0 8.0 0.0
v 1.0 8.0 0.0
v 1.0 7.0 0.0
v 3.0 7.0 0.0
v 9.0 10.0 0.0
v 9.0 11.0 0.0
v 1.0 11.0 0.0
v 1.0 10.0 0.0
v 9.0 16.0 0.0
v 1.0 16.0 0.0
v 1.0 13.0 0.0
v 9.0 13.0 0.0
v 2.5 -15.125 1.125001
v 2.0 -15.125 1.125001
v 2.0 -15.625 1.125001
v 2.5 -15.625 1.125001
v 2.5 -15.625 1.125001
v 2.0 -15.625 1.125001
v 2.0 -16.125 1.125001
v 2.5 -16.125 1.125001
v 3.0 -16.125 1.125001
v 3.0 -15.625 1.125001
v 2.5 -15.625 1.125001
v 2.5 -16.125 1.125001
v 3.0 -15.0 1.0
v 3.0 -14.0 1.0
v 2.0 -14.0 1.0
v 2.0 -15.0 1.0
v 8.0 -10.0 0.0
v 2.0 -10.0 0.0
v 2.0 -11.0 0.0
v 8.0 -11.0 0.0
v 3.0 -9.0 0.0
v 2.0 -9.0 0.0
v 2.0 -10.0 0.0
v 3.0 -10.0 0.0
v 3.0 2.0 0.0
v 2.0 2.0 0.0
v 2.0 1.0 0.0
v 3.0 1.0 0.0
v 3.0 4.0 0.0
v 3.0 5.0 0.0
v 2.0 5.0 0.0
v 2.0 4.0 0.0
v 3.0 5.0 0.0
v 3.0 6.0 0.0
v 2.0 6.0 0.0
v 2.0 5.0 0.0
v 3.0 7.0 0.0
v 2.0 7.0 0.0
v 2.0 6.0 0.0
v 3.0 6.0 0.0
v 3.0 11.0 0.0
v 3.0 12.0 0.0
v 2.0 12.0 0.0
v 2.0 11.0 0.0
v 10.0 13.0 0.0
v 2.0 13.0 0.0
v 2.0 12.0 0.0
v 10.0 12.0 0.0
v 11.0 -16.0 1.0
v 11.0 -15.0 1.0
v 3.0 -15.0 1.0
v 3.0 -16.0 1.0
v 4.0 -14.669921 0.997071
v 4.0 -14.2109375 0.09863299
v 3.3300781 -14.669921 0.997071
v 3.894531 -14.105468 0.09863299
v 3.789062 -13.999999 0.09863299
v 3.789062 -13.999999 0.09863299
v 3.894531 -14.105468 0.09863299
v 4.0 -13.999999 0.0
v 4.0 -14.2109375 0.09863299
v 3.0 -13.999999 1.0
v 3.0 -14.999999 1.0
v 3.3300781 -14.669921 0.997071
v 3.3300781 -13.999999 0.997071
v 3.0 -14.999999 1.0
v 4.0 -14.999999 1.0
v 4.0 -14.669921 0.997071
v 3.3300781 -14.669921 0.997071
v 3.3300781 -13.999999 0.997071
v 3.3300781 -14.669921 0.997071
v 3.789062 -13.999999 0.09863299
v 4.0 -13.999999 0.0
v 4.0 -12.999999 0.0
v 3.9375 -13.374999 0.0
v 3.6875 -13.062499 0.0
v 3.0 -12.999999 0.0
v 3.789062 -13.999999 0.09863299
v 3.75 -13.562499 0.09863299
v 3.3300781 -13.999999 0.997071
v 3.5 -13.249999 0.09863299
v 3.0 -13.669921 0.997071
v 3.0 -13.2109375 0.09863299
v 3.0 -13.669921 0.997071
v 3.0 -13.999999 1.0
v 3.3300781 -13.999999 0.997071
v 3.6875 -13.062499 0.0
v 3.0 -12.999999 0.0
v 3.0 -13.2109375 0.09863299
v 3.5 -13.249999 0.09863299
v 4.0 -13.999999 0.0
v 3.9375 -13.374999 0.0
v 3.75 -13.562499 0.09863299
v 3.789062 -13.999999 0.09863299
v 4.0 -12.0 0.0
v 4.0 -11.0 0.0
v 3.0 -11.0 0.0
v 3.0 -12.0 0.0
v 3.0 -10.0 0.0625
v 4.0 -10.0 0.0625
v 4.0 -9.0 0.0625
v 3.0 -9.0 0.0625
v 11.0 -7.0 0.0
v 3.0 -7.0 0.0
v 3.0 -8.0 0.0
v 11.0 -8.0 0.0
v 11.0 -3.0 0.0
v 3.0 -3.0 0.0
v 3.0 -5.0 0.0
v 11.0 -5.0 0.0
v 3.0 1.0 0.0625
v 4.0 1.0 0.0625
v 4.0 2.0 0.0625
v 3.0 2.0 0.0625
v 4.0 3.0 0.0
v 3.0 3.0 0.0
v 3.0 2.0 0.0
v 4.0 2.0 0.0
v 4.0 3.0 0.0
v 4.0 4.0 0.0
v 3.0 4.0 0.0
v 3.0 3.0 0.0
v 4.0 4.0 0.0
v 4.0 5.0 0.0
v 3.0 5.0 0.0
v 3.0 4.0 0.0
v 4.0 6.0 0.0
v 3.0 6.0 0.0
v 3.0 5.0 0.0
v 4.0 5.0 0.0
v 3.0 7.0 0.0
v 3.0 6.0 0.0
v 4.0 6.0 0.0
v 4.0 7.0 0.0
v 4.0 8.0 0.0
v 3.0 8.0 0.0
v 3.0 7.0 0.0
v 4.0 7.0 0.0
v 11.0 10.0 0.0
v 3.0 10.0 0.0
v 3.0 8.0 0.0
v 11.0 8.0 0.0
v 3.0 11.0 0.0625
v 5.0 11.0 0.0625
v 5.0 12.0 0.0625
v 3.0 12.0 0.0625
v 4.0 -14.2109375 0.09863299
v 4.0 -14.669921 0.997071
v 11.0 -14.669921 0.997071
v 11.0 -14.2109375 0.09863299
v 4.0 -14.999999 1.0
v 11.0 -14.999999 1.0
v 4.0 -14.2109375 0.09863299
v 11.0 -14.2109375 0.09863299
v 11.0 -13.999999 0.0
v 4.0 -13.999999 0.0
v 4.0 -13.707031 0.042967975
v 6.0 -13.707031 0.042967975
v 6.0 -12.292969 1.457031
v 4.0 -12.292969 1.457031
v 9.0 -11.0 0.0
v 4.0 -11.0 0.0
v 4.0 -12.0 0.0
v 9.0 -12.0 0.0
v 7.0 -9.0 0.0
v 4.0 -9.0 0.0
v 4.0 -10.0 0.0
v 7.0 -10.0 0.0
v 8.0 -1.0 0.0
v 4.0 -1.0 0.0
v 4.0 -2.0 0.0
v 8.0 -2.0 0.0
v 5.0 0.0 0.0
v 5.0 1.0 0.0
v 4.0 1.0 0.0
v 4.0 0.0 0.0
v 5.0 2.0 0.0
v 4.0 2.0 0.0
v 4.0 1.0 0.0
v 5.0 1.0 0.0
v 5.0 2.0 0.0
v 5.0 3.0 0.0
v 4.0 3.0 0.0
v 4.0 2.0 0.0
v 5.0 3.0 0.0
v 5.0 4.0 0.0
v 4.0 4.0 0.0
v 4.0 3.0 0.0
v 5.0 5.0 0.0
v 4.0 5.0 0.0
v 4.0 4.0 0.0
v 5.0 4.0 0.0
v 4.0 6.0 0.0
v 4.0 5.0 0.0
v 5.0 5.0 0.0
v 5.0 6.0 0.0
v 4.0 7.0 0.0
v 4.0 6.0 0.0
v 5.0 6.0 0.0
v 5.0 7.0 0.0
v 4.0 8.0 0.0
v 4.0 7.0 0.0
v 11.0 7.0 0.0
v 11.0 8.0 0.0
v 6.0 1.0 0.0
v 5.0 1.0 0.0
v 5.0 0.0 0.0
v 6.0 0.0 0.0
v 6.0 1.0 0.0
v 6.0 2.0 0.0
v 5.0 2.0 0.0
v 5.0 1.0 0.0
v 6.0 2.0 0.0
v 6.0 3.0 0.0
v 5.0 3.0 0.0
v 5.0 2.0 0.0
v 6.0 4.0 0.0
v 5.0 4.0 0.0
v 5.0 3.0 0.0
v 6.0 3.0 0.0
v 5.0 5.0 0.0
v 5.0 4.0 0.0
v 6.0 4.0 0.0
v 6.0 5.0 0.0
v 5.0 6.0 0.0
v 5.0 5.0 0.0
v 6.0 5.0 0.0
v 6.0 6.0 0.0
v 5.0 6.0 0.0625
v 6.0 6.0 0.0625
v 6.0 7.0 0.0625
v 5.0 7.0 0.0625
v 7.0 12.0 0.0
v 5.0 12.0 0.0
v 5.0 11.0 0.0
v 7.0 11.0 0.0
v 14.0 -13.0 0.0
v 6.0 -13.0 0.0
v 6.0 -14.0 0.0
v 14.0 -14.0 0.0
v 13.0 -12.0 0.0
v 6.0 -12.0 0.0
v 6.0 -13.0 0.0
v 13.0 -13.0 0.0
v 9.0 -3.0 0.0
v 9.0 -2.0 0.0
v 6.0 -2.0 0.0
v 6.0 -3.0 0.0
v 7.0 0.0 0.0
v 7.0 1.0 0.0
v 6.0 1.0 0.0
v 6.0 0.0 0.0
v 7.0 1.0 0.0
v 7.0 2.0 0.0
v 6.0 2.0 0.0
v 6.0 1.0 0.0
v 7.0 3.0 0.0
v 6.0 3.0 0.0
v 6.0 2.0 0.0
v 7.0 2.0 0.0
v 6.0 4.0 0.0
v 6.0 3.0 0.0
v 7.0 3.0 0.0
v 7.0 4.0 0.0
v 6.0 5.0 0.0
v 6.0 4.0 0.0
v 7.0 4.0 0.0
v 7.0 5.0 0.0
v 9.0 7.0 0.0
v 6.0 7.0 0.0
v 6.0 5.0 0.0
v 9.0 5.0 0.0
v 7.0 -10.0 0.0625
v 10.0 -10.0 0.0625
v 10.0 -9.0 0.0625
v 7.0 -9.0 0.0625
v 15.0 -6.0 0.0
v 7.0 -6.0 0.0
v 7.0 -7.0 0.0
v 15.0 -7.0 0.0
v 8.0 -1.0 0.0
v 8.0 0.0 0.0
v 7.0 0.0 0.0
v 7.0 -1.0 0.0
v 8.0 0.0 0.0
v 8.0 1.0 0.0
v 7.0 1.0 0.0
v 7.0 0.0 0.0
v 8.0 2.0 0.0
v 7.0 2.0 0.0
v 7.0 1.0 0.0
v 8.0 1.0 0.0
v 7.0 3.0 0.0
v 7.0 2.0 0.0
v 8.0 2.0 0.0
v 8.0 3.0 0.0
v 7.0 4.0 0.0
v 7.0 3.0 0.0
v 8.0 3.0 0.0
v 8.0 4.0 0.0
v 10.0 5.0 0.0
v 7.0 5.0 0.0
v 7.0 4.0 0.0
v 10.0 4.0 0.0
v 8.0 11.0 0.0
v 8.0 12.0 0.0
v 7.0 12.0 0.0
v 7.0 11.0 0.0
v 9.0 -11.0 0.0
v 9.0 -10.0 0.0
v 8.0 -10.0 0.0
v 8.0 -11.0 0.0
v 9.0 -8.0 0.0
v 8.0 -8.0 0.0
v 8.0 -9.0 0.0
v 9.0 -9.0 0.0
v 9.0 -2.0 0.0
v 9.0 -1.0 0.0
v 8.0 -1.0 0.0
v 8.0 -2.0 0.0
v 9.0 -1.0 0.0
v 9.0 0.0 0.0
v 8.0 0.0 0.0
v 8.0 -1.0 0.0
v 9.0 1.0 0.0
v 8.0 1.0 0.0
v 8.0 0.0 0.0
v 9.0 0.0 0.0
v 8.0 2.0 0.0
v 8.0 1.0 0.0
v 9.0 1.0 0.0
v 9.0 2.0 0.0
v 8.0 3.0 0.0
v 8.0 2.0 0.0
v 9.0 2.0 0.0
v 9.0 3.0 0.0
v 10.0 4.0 0.0
v 8.0 4.0 0.0
v 8.0 3.0 0.0
v 10.0 3.0 0.0
v 8.0 11.0 0.0625
v 9.0 11.0 0.0625
v 9.0 12.0 0.0625
v 8.0 12.0 0.0625
v 9.0 -12.0 0.0625
v 10.0 -12.0 0.0625
v 10.0 -11.0 0.0625
v 9.0 -11.0 0.0625
v 9.0 -11.0 0.0625
v 10.0 -11.0 0.0625
v 10.0 -10.0 0.0625
v 9.0 -10.0 0.0625
v 9.0 -9.0 0.0625
v 11.0 -9.0 0.0625
v 11.0 -8.0 0.0625
v 9.0 -8.0 0.0625
v 9.0 -5.0 0.0
v 9.0 -6.0 0.0
v 16.0 -6.0 0.0
v 16.0 -5.0 0.0
v 9.0 -3.0 0.0
v 10.0 -3.0 0.0
v 10.0 -2.0 0.0
v 9.0 -2.0 0.0
v 10.0 -2.0 0.0
v 10.0 -1.0 0.0
v 9.0 -1.0 0.0
v 9.0 -2.0 0.0
v 10.0 0.0 0.0
v 9.0 0.0 0.0
v 9.0 -1.0 0.0
v 10.0 -1.0 0.0
v 9.0 1.0 0.0
v 9.0 0.0 0.0
v 10.0 0.0 0.0
v 10.0 1.0 0.0
v 9.0 2.0 0.0
v 9.0 1.0 0.0
v 10.0 1.0 0.0
v 10.0 2.0 0.0
v 10.0 3.0 0.0
v 9.0 3.0 0.0
v 9.0 2.0 0.0
v 10.0 2.0 0.0
v 9.0 5.4375 0.0
v 11.0 5.4375 0.0
v 11.0 7.985351 3.083984
v 9.0 7.985351 3.083984
v 9.0 5.0 0.0
v 11.0 5.0 0.0
v 11.0 7.0 0.0
v 9.0 7.0 0.0
v 14.0 10.0 0.0
v 14.0 11.0 0.0
v 9.0 11.0 0.0
v 9.0 10.0 0.0
v 10.0 12.0 0.0
v 9.0 12.0 0.0
v 9.0 11.0 0.0
v 10.0 11.0 0.0
v 16.0 16.0 0.0
v 9.0 16.0 0.0
v 9.0 13.0 0.0
v 16.0 13.0 0.0
v 13.0 -11.0 0.0
v 10.0 -11.0 0.0
v 10.0 -12.0 0.0
v 13.0 -12.0 0.0
v 11.0 -10.0 0.0
v 10.0 -10.0 0.0
v 10.0 -11.0 0.0
v 11.0 -11.0 0.0
v 13.0 -10.0 0.0
v 13.0 -9.0 0.0
v 10.0 -9.0 0.0
v 10.0 -10.0 0.0
v 14.0 -1.0 0.0
v 10.0 -1.0 0.0
v 10.0 -3.0 0.0
v 14.0 -3.0 0.0
v 10.0 0.0 0.0
v 10.0 -1.0 0.0
v 11.0 -1.0 0.0
v 11.0 0.0 0.0
v 10.0 1.0 0.0
v 10.0 0.0 0.0
v 11.0 0.0 0.0
v 11.0 1.0 0.0
v 11.0 1.0 0.0
v 11.0 2.0 0.0
v 10.0 2.0 0.0
v 10.0 1.0 0.0
v 10.0 11.0 0.0625
v 11.0 11.0 0.0625
v 11.0 12.0 0.0625
v 10.0 12.0 0.0625
v 16.0 13.0 0.0
v 10.0 13.0 0.0
v 10.0 12.0 0.0
v 16.0 12.0 0.0
v 12.0 -15.669921 0.997071
v 12.0 -15.2109375 0.09863299
v 11.330078 -15.669921 0.997071
v 11.894531 -15.105468 0.09863299
v 11.7890625 -14.999999 0.09863299
v 11.7890625 -14.999999 0.09863299
v 11.894531 -15.105468 0.09863299
v 12.0 -14.999999 0.0
v 12.0 -15.2109375 0.09863299
v 11.0 -14.999999 1.0
v 11.0 -15.999999 1.0
v 11.330078 -15.669921 0.997071
v 11.330078 -14.999999 0.997071
v 11.0 -15.999999 1.0
v 12.0 -15.999999 1.0
v 12.0 -15.669921 0.997071
v 11.330078 -15.669921 0.997071
v 11.330078 -14.999999 0.997071
v 11.330078 -15.669921 0.997071
v 11.7890625 -14.999999 0.09863299
v 12.0 -14.999999 0.0
v 12.0 -13.999999 0.0
v 11.9375 -14.374999 0.0
v 11.6875 -14.062499 0.0
v 11.0 -13.999999 0.0
v 11.7890625 -14.999999 0.09863299
v 11.75 -14.562499 0.09863299
v 11.330078 -14.999999 0.997071
v 11.5 -14.249999 0.09863299
v 11.0 -14.669921 0.997071
v 11.0 -14.2109375 0.09863299
v 11.0 -14.669921 0.997071
v 11.0 -14.999999 1.0
v 11.330078 -14.999999 0.997071
v 11.6875 -14.062499 0.0
v 11.0 -13.999999 0.0
v 11.0 -14.2109375 0.09863299
v 11.5 -14.249999 0.09863299
v 12.0 -14.999999 0.0
v 11.9375 -14.374999 0.0
v 11.75 -14.562499 0.09863299
v 11.7890625 -14.999999 0.09863299
v 11.0 -11.0 0.0625
v 13.0 -11.0 0.0625
v 13.0 -10.0 0.0625
v 11.0 -10.0 0.0625
v 12.0 -9.0 0.0
v 12.0 -8.0 0.0
v 11.0 -8.0 0.0
v 11.0 -9.0 0.0
v 11.0 -8.0 0.0625
v 13.0 -8.0 0.0625
v 13.0 -7.0 0.0625
v 11.0 -7.0 0.0625
v 16.0 -3.0 0.0
v 11.0 -3.0 0.0
v 11.0 -5.0 0.0
v 16.0 -5.0 0.0
v 11.0 -1.0 0.0
v 12.0 -1.0 0.0
v 12.0 0.0 0.0
v 11.0 0.0 0.0
v 12.0 7.0 0.0
v 11.0 7.0 0.0
v 11.0 0.0 0.0
v 12.0 0.0 0.0
v 12.0 7.0 0.0
v 12.0 8.0 0.0
v 11.0 8.0 0.0
v 11.0 7.0 0.0
v 14.0 10.0 0.0
v 11.0 10.0 0.0
v 11.0 8.0 0.0
v 14.0 8.0 0.0
v 16.0 12.0 0.0
v 11.0 12.0 0.0
v 11.0 11.0 0.0
v 16.0 11.0 0.0
v 12.0 -15.2109375 0.09863299
v 12.0 -15.669921 0.997071
v 13.0 -15.669921 0.997071
v 13.0 -15.2109375 0.09863299
v 12.0 -15.999999 1.0
v 13.0 -15.999999 1.0
v 12.0 -15.2109375 0.09863299
v 13.0 -15.2109375 0.09863299
v 13.0 -14.999999 0.0
v 12.0 -14.999999 0.0
v 16.0 -14.0 0.0
v 12.0 -14.0 0.0
v 12.0 -15.0 0.0
v 16.0 -15.0 0.0
v 13.0 -8.0 0.0
v 12.0 -8.0 0.0
v 12.0 -9.0 0.0
v 13.0 -9.0 0.0
v 14.0 7.0 0.0
v 12.0 7.0 0.0
v 12.0 -1.0 0.0
v 14.0 -1.0 0.0
v 14.0 8.0 0.0
v 12.0 8.0 0.0
v 12.0 7.0 0.0
v 14.0 7.0 0.0
v 14.0 -15.999999 0.0
v 14.0 -14.999999 0.0
v 13.9375 -15.374999 0.0
v 13.6875 -15.062499 0.0
v 13.0 -14.999999 0.0
v 13.7890625 -15.999999 0.09863299
v 13.75 -15.562499 0.09863299
v 13.330078 -15.999999 0.997071
v 13.5 -15.249999 0.09863299
v 13.0 -15.669921 0.997071
v 13.0 -15.2109375 0.09863299
v 13.0 -15.669921 0.997071
v 13.0 -15.999999 1.0
v 13.330078 -15.999999 0.997071
v 13.6875 -15.062499 0.0
v 13.0 -14.999999 0.0
v 13.0 -15.2109375 0.09863299
v 13.5 -15.249999 0.09863299
v 14.0 -15.999999 0.0
v 13.9375 -15.374999 0.0
v 13.75 -15.562499 0.09863299
v 13.7890625 -15.999999 0.09863299
v 13.0 -13.0 0.0625
v 15.0 -13.0 0.0625
v 15.0 -11.0 0.0625
v 13.0 -11.0 0.0625
v 14.0 -11.0 0.0
v 14.0 -10.0 0.0
v 13.0 -10.0 0.0
v 13.0 -11.0 0.0
v 13.0 -10.0 0.0625
v 14.0 -10.0 0.0625
v 14.0 -8.0 0.0625
v 13.0 -8.0 0.0625
v 16.0 -7.0 0.0
v 13.0 -7.0 0.0
v 13.0 -8.0 0.0
v 16.0 -8.0 0.0
v 16.0 -15.0 0.0
v 14.0 -15.0 0.0
v 14.0 -16.0 0.0
v 16.0 -16.0 0.0
v 14.0 -14.0 0.0625
v 15.0 -14.0 0.0625
v 15.0 -13.0 0.0625
v 14.0 -13.0 0.0625
v 14.0 -11.0 0.0625
v 15.0 -11.0 0.0625
v 15.0 -10.0 0.0625
v 14.0 -10.0 0.0625
v 16.0 -8.0 0.0
v 14.0 -8.0 0.0
v 14.0 -10.0 0.0
v 16.0 -10.0 0.0
v 14.0 -2.0 0.0
v 14.0 -3.0 0.0
v 15.0 -3.0 0.0
v 15.0 -2.0 0.0
v 14.0 -2.0 0.0
v 15.0 -2.0 0.0
v 15.0 6.0 0.0
v 14.0 6.0 0.0
v 14.0 6.0 0.0
v 15.0 6.0 0.0
v 15.0 10.0 0.0
v 14.0 10.0 0.0
v 14.0 11.0 0.0
v 14.0 10.0 0.0
v 15.0 10.0 0.0
v 15.0 11.0 0.0
v 16.0 -10.0 0.0
v 15.0 -10.0 0.0
v 15.0 -14.0 0.0
v 16.0 -14.0 0.0
v 16.0 -6.0 0.0
v 15.0 -6.0 0.0
v 15.0 -7.0 0.0
v 16.0 -7.0 0.0
v 16.0 -3.0 0.0
v 16.0 -2.0 0.0
v 15.0 -2.0 0.0
v 15.0 -3.0 0.0
v 16.0 6.0 0.0
v 15.0 6.0 0.0
v 15.0 -2.0 0.0
v 16.0 -2.0 0.0
v 16.0 11.0 0.0
v 15.0 11.0 0.0
v 15.0 6.0 0.0
v 16.0 6.0 0.0
v -8.0 -8.0 -1.0
v -16.0 -8.0 -1.0
v -16.0 -16.0 -1.0
v -8.0 -16.0 -1.0
v -8.0 0.0 -1.0
v -16.0 0.0 -1.0
v -16.0 -8.0 -1.0
v -8.0 -8.0 -1.0
v -8.0 8.0 -1.0
v -16.0 8.0 -1.0
v -16.0 0.0 -1.0
v -8.0 0.0 -1.0
v -8.0 16.0 -1.0
v -16.0 16.0 -1.0
v -16.0 8.0 -1.0
v -8.0 8.0 -1.0
v 0.0 -8.0 -1.0
v -8.0 -8.0 -1.0
v -8.0 -16.0 -1.0
v 0.0 -16.0 -1.0
v 0.0 0.0 -1.0
v -8.0 0.0 -1.0
v -8.0 -8.0 -1.0
v 0.0 -8.0 -1.0
v 0.0 8.0 -1.0
v -8.0 8.0 -1.0
v -8.0 0.0 -1.0
v 0.0 0.0 -1.0
v 0.0 16.0 -1.0
v -8.0 16.0 -1.0
v -8.0 8.0 -1.0
v 0.0 8.0 -1.0
v 8.0 -8.0 -1.0
v 0.0 -8.0 -1.0
v 0.0 -16.0 -1.0
v 8.0 -16.0 -1.0
v 8.0 0.0 -1.0
v 0.0 0.0 -1.0
v 0.0 -8.0 -1.0
v 8.0 -8.0 -1.0
v 8.0 8.0 -1.0
v 0.0 8.0 -1.0
v 0.0 0.0 -1.0
v 8.0 0.0 -1.0
v 8.0 16.0 -1.0
v 0.0 16.0 -1.0
v 0.0 8.0 -1.0
v 8.0 8.0 -1.0
v 16.0 -8.0 -1.0
v 8.0 -8.0 -1.0
v 8.0 -16.0 -1.0
v 16.0 -16.0 -1.0
v 16.0 0.0 -1.0
v 8.0 0.0 -1.0
v 8.0 -8.0 -1.0
v 16.0 -8.0 -1.0
v 16.0 8.0 -1.0
v 8.0 8.0 -1.0
v 8.0 0.0 -1.0
v 16.0 0.0 -1.0
v 16.0 16.0 -1.0
v 8.0 16.0 -1.0
v 8.0 8.0 -1.0
v 16.0 8.0 -1.0
v 1.0 12.0 1.0
v -2.0 12.0 1.0
v -2.0 11.0 1.0
v 1.0 11.0 1.0
v -15.0 -10.0 1.0
v -15.0 -8.0 1.0
v -16.0 -8.0 1.0
v -16.0 -10.0 1.0
v -14.0 -10.0 1.0
v -14.0 -9.0 1.0
v -15.0 -9.0 1.0
v -15.0 -10.0 1.0
v -10.0 -11.0 1.0
v -10.0 -10.0 1.0
v -14.0 -10.0 1.0
v -14.0 -11.0 1.0
v -11.0 -9.625 1.125001
v -14.0 -9.625 1.125001
v -14.0 -10.125 1.125001
v -11.0 -10.125 1.125001
v -9.0 -13.0 1.0
v -9.0 -11.0 1.0
v -11.0 -11.0 1.0
v -11.0 -13.0 1.0
v -10.0 -10.0 1.0
v -10.0 -9.0 1.0
v -11.0 -9.0 1.0
v -11.0 -10.0 1.0
v -8.0 -10.625 1.125001
v -10.0 -10.625 1.125001
v -10.0 -11.125 1.125001
v -8.0 -11.125 1.125001
v -6.0 -12.0 1.0
v -6.0 -11.0 1.0
v -9.0 -11.0 1.0
v -9.0 -12.0 1.0
v -4.0 -13.0 1.0
v -4.0 -12.0 1.0
v -8.0 -12.0 1.0
v -8.0 -13.0 1.0
v -7.0 -11.0 1.0
v -7.0 -10.0 1.0
v -8.0 -10.0 1.0
v -8.0 -11.0 1.0
v -2.0 -14.0 1.0
v -2.0 -13.0 1.0
v -6.0 -13.0 1.0
v -6.0 -14.0 1.0
v 3.0 -15.0 1.0
v 3.0 -14.0 1.0
v -4.0 -14.0 1.0
v -4.0 -15.0 1.0
v 5.0 -16.0 1.0
v 5.0 -15.0 1.0
v -3.0 -15.0 1.0
v -3.0 -16.0 1.0
v 11.0 -16.0 1.0
v 11.0 -15.0 1.0
v 5.0 -15.0 1.0
v 5.0 -16.0 1.0
v -15.0 11.0 0.0
v -15.0 12.0 0.0
v -16.0 12.0 0.0
v -16.0 11.0 0.0
v -4.5 -1.5 -0.44196403
v -4.5 -1.5 0.125
v -6.5 -1.5 0.125
v -6.5 -1.5 -0.44196403
v -7.0 -1.5 0.12053597
v -7.0 -1.5 -0.44196403
v -4.5 -2.0 0.125
v -6.5 -2.0 0.125
v -4.0 -1.5 -0.44196403
v -4.0 -1.5 0.12053597
v -4.0 -1.5 0.125
v -4.5 -1.5 0.125
v -6.5 -1.5 0.125
v -7.0 -1.5 0.125
v -4.0 -2.0 0.12053597
v -4.0 -2.0 -0.44196403
v -4.0 -2.0 0.125
v -4.5 -2.0 0.125
v -6.5 -2.0 0.125
v -7.0 -2.0 0.125
v -7.0 -2.0 0.12053597
v -7.0 -2.0 -0.44196403
v 15.0 -0.125 0.125
v 14.5 -0.125 0.125
v 14.5 -1.125 0.125
v 15.0 -1.125 0.125
v 15.0 1.875 0.125
v 14.5 1.875 0.125
v 14.5 0.875 0.125
v 15.0 0.875 0.125
v 15.0 3.875 0.125
v 14.5 3.875 0.125
v 14.5 2.875 0.125
v 15.0 2.875 0.125
v 15.0 5.875 0.125
v 14.5 5.875 0.125
v 14.5 4.875 0.125
v 15.0 4.875 0.125
v 15.0 7.875 0.125
v 14.5 7.875 0.125
v 14.5 6.875 0.125
v 15.0 6.875 0.125
v 15.0 9.875 0.125
v 14.5 9.875 0.125
v 14.5 8.875 0.125
v 15.0 8.875 0.125
v 16.0 -1.125 0.125
v 15.0 -1.125 0.125
v 15.0 -1.625 0.125
v 16.0 -1.625 0.125
v 16.0 -0.125 0.125
v 15.0 -0.125 0.125
v 15.0 -1.125 0.125
v 16.0 -1.125 0.125
v 15.0 0.875 0.125
v 15.0 0.375 0.125
v 15.5 0.375 0.125
v 15.5 0.875 0.125
v 16.0 0.875 0.125
v 15.5 0.875 0.125
v 15.5 0.375 0.125
v 16.0 0.375 0.125
v 15.0 0.375 0.125001
v 15.0 -0.125 0.125001
v 15.5 -0.125 0.125001
v 15.5 0.375 0.125001
v 16.0 0.375 0.125001
v 15.5 0.375 0.125001
v 15.5 -0.125 0.125001
v 16.0 -0.125 0.125001
v 16.0 1.875 0.125
v 15.0 1.875 0.125
v 15.0 0.875 0.125
v 16.0 0.875 0.125
v 15.0 2.875 0.125
v 15.0 2.375 0.125
v 15.5 2.375 0.125
v 15.5 2.875 0.125
v 16.0 2.875 0.125
v 15.5 2.875 0.125
v 15.5 2.375 0.125
v 16.0 2.375 0.125
v 15.0 2.375 0.125001
v 15.0 1.875 0.125001
v 15.5 1.875 0.125001
v 15.5 2.375 0.125001
v 16.0 2.375 0.125001
v 15.5 2.375 0.125001
v 15.5 1.875 0.125001
v 16.0 1.875 0.125001
v 16.0 3.875 0.125
v 15.0 3.875 0.125
v 15.0 2.875 0.125
v 16.0 2.875 0.125
v 15.0 4.875 0.125
v 15.0 4.375 0.125
v 15.5 4.375 0.125
v 15.5 4.875 0.125
v 16.0 4.875 0.125
v 15.5 4.875 0.125
v 15.5 4.375 0.125
v 16.0 4.375 0.125
v 15.0 4.375 0.125001
v 15.0 3.875 0.125001
v 15.5 3.875 0.125001
v 15.5 4.375 0.125001
v 16.0 4.375 0.125001
v 15.5 4.375 0.125001
v 15.5 3.875 0.125001
v 16.0 3.875 0.125001
v 16.0 5.875 0.125
v 15.0 5.875 0.125
v 15.0 4.875 0.125
v 16.0 4.875 0.125
v 15.0 6.875 0.125
v 15.0 6.375 0.125
v 15.5 6.375 0.125
v 15.5 6.875 0.125
v 16.0 6.875 0.125
v 15.5 6.875 0.125
v 15.5 6.375 0.125
v 16.0 6.375 0.125
v 15.0 6.375 0.125001
v 15.0 5.875 0.125001
v 15.5 5.875 0.125001
v 15.5 6.375 0.125001
v 16.0 6.375 0.125001
v 15.5 6.375 0.125001
v 15.5 5.875 0.125001
v 16.0 5.875 0.125001
v 16.0 7.875 0.125
v 15.0 7.875 0.125
v 15.0 6.875 0.125
v 16.0 6.875 0.125
v 15.0 8.875 0.125
v 15.0 8.375 0.125
v 15.5 8.375 0.125
v 15.5 8.875 0.125
v 16.0 8.875 0.125
v 15.5 8.875 0.125
v 15.5 8.375 0.125
v 16.0 8.375 0.125
v 15.0 8.375 0.125001
v 15.0 7.875 0.125001
v 15.5 7.875 0.125001
v 15.5 8.375 0.125001
v 16.0 8.375 0.125001
v 15.5 8.375 0.125001
v 15.5 7.875 0.125001
v 16.0 7.875 0.125001
v 16.0 9.875 0.125
v 15.0 9.875 0.125
v 15.0 8.875 0.125
v 16.0 8.875 0.125
v 16.0 10.375 0.125001
v 15.0 10.375 0.125001
v 15.0 9.875 0.125001
v 16.0 9.875 0.125001
v -9.0 -10.625 0.125001
v -10.0 -10.625 0.125001
v -10.0 -11.125 0.125001
v -9.0 -11.125 0.125001
v -7.5 -1.271484 0.728516
v -7.5 -1.978516 0.021483988
v -7.0 -1.271484 0.728516
v -7.0 -1.978516 0.021483988
v -7.0 -1.625 0.375
v -7.5 -1.625 0.375
v -7.5 -2.0 0.375
v -7.0 -2.0 0.375
v -6.5 -2.5 -0.44196403
v -6.5 -2.5 0.125
v -4.5 -2.5 0.125
v -4.5 -2.5 -0.44196403
v -4.0 -2.5 0.12053597
v -4.0 -2.5 -0.44196403
v -6.5 -2.0 0.125
v -4.5 -2.0 0.125
v -7.0 -2.5 -0.44196403
v -7.0 -2.5 0.12053597
v -7.0 -2.5 0.125
v -6.5 -2.5 0.125
v -4.5 -2.5 0.125
v -4.0 -2.5 0.125
v -7.0 -2.0 0.12053597
v -7.0 -2.0 -0.44196403
v -7.0 -2.0 0.125
v -6.5 -2.0 0.125
v -4.5 -2.0 0.125
v -4.0 -2.0 0.125
v -4.0 -2.0 0.12053597
v -4.0 -2.0 -0.44196403
v -4.0 -1.271484 0.728516
v -4.0 -1.978516 0.021483988
v -3.5 -1.271484 0.728516
v -3.5 -1.978516 0.021483988
v -3.5 -1.625 0.375
v -4.0 -1.625 0.375
v -4.0 -2.0 0.375
v -3.5 -2.0 0.375
v 10.7890625 5.0 -0.401369
v 10.330078 5.0 0.49706903
v 10.0 5.0 0.49999896
v 11.0 5.0 -0.500001
v 10.7890625 5.0 -0.401369
v 10.7890625 5.0 -0.090822
v 10.962891 5.0 -0.368165
v 11.330078 5.0 -0.599611
v 10.7890625 2.0 -0.401369
v 10.330078 2.0 0.49706903
v 10.0 2.0 0.49999896
v 10.962891 2.0 -0.368165
v 11.330078 2.0 -0.599611
v 10.7890625 2.0 -0.090822
v 11.0 2.0 -0.500001
v 10.7890625 2.0 -0.401369
v -4.5 -1.5 -0.44196403
v -4.5 -1.5 0.125
v -6.5 -1.5 0.125
v -6.5 -1.5 -0.44196403
v -7.0 -1.5 0.12053597
v -7.0 -1.5 -0.44196403
v -4.5 -2.0 0.125
v -6.5 -2.0 0.125
v -4.0 -1.5 -0.44196403
v -4.0 -1.5 0.12053597
v -4.0 -1.5 0.125
v -4.5 -1.5 0.125
v -6.5 -1.5 0.125
v -7.0 -1.5 0.125
v -4.0 -2.0 0.12053597
v -4.0 -2.0 -0.44196403
v -4.0 -2.0 0.125
v -4.5 -2.0 0.125
v -6.5 -2.0 0.125
v -7.0 -2.0 0.125
v -7.0 -2.0 0.12053597
v -7.0 -2.0 -0.44196403
v 10.5 4.5 -0.441964
v 10.5 4.5 0.125
v 10.5 2.5 0.125
v 10.5 2.5 -0.441964
v 10.5 2.0 0.120536
v 10.5 2.0 -0.441964
v 11.0 4.5 0.125
v 11.0 2.5 0.125
v 10.5 5.0 -0.441964
v 10.5 5.0 0.120536
v 10.5 5.0 0.125
v 10.5 4.5 0.125
v 10.5 2.5 0.125
v 10.5 2.0 0.125
v 11.0 5.0 0.120536
v 11.0 5.0 -0.441964
v 11.0 5.0 0.125
v 11.0 4.5 0.125
v 11.0 2.5 0.125
v 11.0 2.0 0.125
v 11.0 2.0 0.120536
v 11.0 2.0 -0.441964
v -10.0 11.0 0.0625
v -9.0 11.0 0.0625
v -9.0 12.0 0.0625
v -10.0 12.0 0.0625
v -7.0 -1.853517 -0.353515
v -6.0 -1.853517 -0.353515
v -6.0 -1.2959 0.486329
v -7.0 -1.2959 0.486329
v -7.0 11.0 0.0625
v -6.0 11.0 0.0625
v -6.0 12.0 0.0625
v -7.0 12.0 0.0625
v -6.0 -1.853517 -0.353515
v -5.0 -1.853517 -0.353515
v -5.0 -1.2959 0.486329
v -6.0 -1.2959 0.486329
v -5.0 -1.853517 -0.353515
v -4.0 -1.853517 -0.353515
v -4.0 -1.2959 0.486329
v -5.0 -1.2959 0.486329
v 9.0 11.0 0.0625
v 10.0 11.0 0.0625
v 10.0 12.0 0.0625
v 9.0 12.0 0.0625
v 10.0 2.021484 0.021483988
v 10.0 2.728516 0.728516
v 11.0 2.021484 0.021483988
v 11.0 2.728516 0.728516
v 10.0 5.021484 0.021483988
v 10.0 5.728516 0.728516
v 11.0 5.021484 0.021483988
v 11.0 5.728516 0.728516
vt 0.5 2.4999974
vt 0.0 2.4999974
vt 0.0 -2.5E-6
vt 0.5 -2.5E-6
vt 0.5 -0.394531
vt 0.5 -0.097656
vt 0.0 -0.097656
vt 0.0 -0.394531
vt 0.5 -0.015625
vt 0.0 -0.015625
vt 0.5 -0.394531
vt 0.0 -0.394531
vt 0.0 -0.488281
vt 0.5 -0.488281
vt 1.0 1.0
vt 0.0 1.0
vt 0.0 0.0
vt 1.0 0.0
vt 0.5 -0.5
vt 0.0 -0.5
vt 0.0 -1.0
vt 0.5 -1.0
vt 1.0 0.0
vt 0.5 0.0
vt 0.5 -0.5
vt 1.0 -0.5
vt 1.0 -0.5
vt 1.0 0.0
vt 0.5 0.0
vt 0.5 -0.5
vt 0.5 -0.394531
vt 0.5 -0.097656
vt 0.0 -0.097656
vt 0.0 -0.394531
vt 0.5 -0.015625
vt 0.0 -0.015625
vt 0.5 -0.394531
vt 0.0 -0.394531
vt 0.0 -0.488281
vt 0.5 -0.488281
vt 2.0 -1.0
vt 4.0 -1.0
vt 4.0 0.0
vt 2.0 0.0
vt 0.505859 -0.505859
vt 0.986328 -0.505859
vt 0.505859 -0.992188
vt 0.986328 -0.992188
vt 0.011719 4.0
vt 0.011719 0.0
vt 0.488281 4.0
vt 0.488281 0.0
vt 0.011719 3.5
vt 0.011719 0.0
vt 0.488281 3.5
vt 0.488281 0.0
vt 0.505859 -0.505859
vt 0.986328 -0.505859
vt 0.505859 -0.992188
vt 0.986328 -0.992188
vt 1.0 0.0
vt 0.0 0.0
vt 0.0 -1.0
vt 1.0 -1.0
vt 0.5 16.0
vt 0.0 16.0
vt 0.0 14.0
vt 0.5 14.0
vt 2.0 1.999998
vt 0.5 1.999998
vt 0.5 -2.0E-6
vt 2.0 -2.0E-6
vt 0.4375 -0.09375
vt 0.4375 -0.390625
vt 0.285156 -0.09375
vt 0.285156 -0.390625
vt 0.4375 -0.390625
vt 0.4375 0.105469
vt 0.285156 0.105469
vt 0.285156 0.013672
vt 0.4375 0.105469
vt 0.753906 -0.099609
vt 1.0 -0.099609
vt 1.0 -0.013672
vt 0.5 -0.013672
vt 0.4375 -0.09375
vt 0.285156 -0.09375
vt 0.4375 -0.390625
vt 1.0 -0.099609
vt 1.279297 -0.099609
vt 1.5 -0.013672
vt 1.0 -0.013672
vt 1.0 0.5
vt 1.0 0.0
vt 1.03125 0.1875
vt 1.15625 0.03125
vt 1.5 0.0
vt -0.470703 -0.892578
vt -0.345703 -0.892578
vt -0.345703 -0.605469
vt -0.158203 -0.892578
vt -0.158203 -0.605469
vt -0.033203 -0.892578
vt -0.158203 -0.109375
vt -0.251953 -0.015625
vt -0.345703 -0.109375
vt 0.841797 -0.486328
vt 0.998047 -0.486328
vt 0.966797 -0.392578
vt 0.841797 -0.392578
vt 0.498047 -0.486328
vt 0.654297 -0.486328
vt 0.654297 -0.392578
vt 0.529297 -0.392578
vt 1.0 2.0
vt 0.5 2.0
vt 0.5 1.0
vt 1.0 1.0
vt 0.4375 -0.09375
vt 0.4375 -0.390625
vt 0.285156 -0.09375
vt 0.285156 -0.390625
vt 0.4375 -0.390625
vt 0.4375 0.105469
vt 0.285156 0.105469
vt 0.285156 0.013672
vt 0.4375 0.105469
vt 0.753906 -0.099609
vt 1.0 -0.099609
vt 1.0 -0.013672
vt 0.5 -0.013672
vt 0.4375 -0.09375
vt 0.285156 -0.09375
vt 0.4375 -0.390625
vt 1.0 -0.099609
vt 1.279297 -0.099609
vt 1.5 -0.013672
vt 1.0 -0.013672
vt 1.0 0.5
vt 1.0 0.0
vt 1.03125 0.1875
vt 1.15625 0.03125
vt 1.5 0.0
vt -0.470703 -0.892578
vt -0.345703 -0.892578
vt -0.345703 -0.605469
vt -0.158203 -0.892578
vt -0.158203 -0.605469
vt -0.033203 -0.892578
vt -0.158203 -0.109375
vt -0.251953 -0.015625
vt -0.345703 -0.109375
vt 0.841797 -0.486328
vt 0.998047 -0.486328
vt 0.966797 -0.392578
vt 0.841797 -0.392578
vt 0.498047 -0.486328
vt 0.654297 -0.486328
vt 0.654297 -0.392578
vt 0.529297 -0.392578
vt 0.011719 4.0
vt 0.011719 0.0
vt 0.488281 4.0
vt 0.488281 0.0
vt 0.5 5.5
vt 1.5 5.5
vt 1.5 9.5
vt 0.5 9.5
vt 1.5 13.0
vt 0.5 13.0
vt 0.5 9.5
vt 1.5 9.5
vt 0.011719 4.0
vt 0.011719 0.0
vt 0.488281 4.0
vt 0.488281 0.0
vt 0.505859 -0.505859
vt 0.986328 -0.505859
vt 0.505859 -0.992188
vt 0.986328 -0.992188
vt 0.011719 0.5
vt 0.011719 0.0
vt 0.488281 0.5
vt 0.488281 0.0
vt 4.5 16.0
vt 0.5 16.0
vt 0.5 14.5
vt 4.5 14.5
vt 1.0 -0.394531
vt 1.0 -0.097656
vt 0.0 -0.097656
vt 0.0 -0.394531
vt 1.0 -0.015625
vt 0.0 -0.015625
vt 1.0 -0.394531
vt 0.0 -0.394531
vt 0.0 -0.488281
vt 1.0 -0.488281
vt 3.0 1.0
vt 0.0 1.0
vt 0.0 0.0
vt 3.0 0.0
vt 4.0 -1.0
vt 8.0 -1.0
vt 8.0 0.0
vt 4.0 0.0
vt 2.0 -0.394531
vt 2.0 -0.097656
vt 0.0 -0.097656
vt 0.0 -0.394531
vt 2.0 -0.015625
vt 0.0 -0.015625
vt 2.0 -0.394531
vt 0.0 -0.394531
vt 0.0 -0.488281
vt 2.0 -0.488281
vt 1.0 0.0
vt 0.0 0.0
vt 0.0 -1.0
vt 1.0 -1.0
vt 0.011719 0.5
vt 0.011719 0.0
vt 0.488281 0.5
vt 0.488281 0.0
vt 1.0 14.0
vt 1.5 14.0
vt 1.5 14.5
vt 1.0 14.5
vt 5.5 6.5
vt 1.5 6.5
vt 1.5 5.5
vt 5.5 5.5
vt 2.5 7.5
vt 1.5 7.5
vt 1.5 6.5
vt 2.5 6.5
vt 0.986328 -0.007812
vt 0.507812 -0.492188
vt 0.507812 -0.007812
vt 0.986328 -0.492188
vt 0.011719 3.5
vt 0.011719 0.0
vt 0.488281 3.5
vt 0.488281 0.0
vt 0.986328 -0.007812
vt 0.507812 -0.492188
vt 0.507812 -0.007812
vt 0.986328 -0.492188
vt 5.5 13.0
vt 1.5 13.0
vt 1.5 12.0
vt 5.5 12.0
vt 0.505859 -0.505859
vt 0.986328 -0.505859
vt 0.505859 -0.992188
vt 0.986328 -0.992188
vt 0.011719 0.5
vt 0.011719 0.0
vt 0.488281 0.5
vt 0.488281 0.0
vt 2.5 0.999999
vt 2.0 0.999999
vt 2.0 -1.0E-6
vt 2.5 -1.0E-6
vt 0.4375 -0.09375
vt 0.4375 -0.390625
vt 0.285156 -0.09375
vt 0.285156 -0.390625
vt 0.4375 -0.390625
vt 0.4375 0.105469
vt 0.285156 0.105469
vt 0.285156 0.013672
vt 0.4375 0.105469
vt 0.753906 -0.099609
vt 1.0 -0.099609
vt 1.0 -0.013672
vt 0.5 -0.013672
vt 0.4375 -0.09375
vt 0.285156 -0.09375
vt 0.4375 -0.390625
vt 1.0 -0.099609
vt 1.279297 -0.099609
vt 1.5 -0.013672
vt 1.0 -0.013672
vt 0.5 -0.394531
vt 0.5 -0.097656
vt 0.0 -0.097656
vt 0.0 -0.394531
vt 0.5 -0.015625
vt 0.0 -0.015625
vt 0.5 -0.394531
vt 0.0 -0.394531
vt 0.0 -0.488281
vt 0.5 -0.488281
vt 1.0 0.5
vt 1.0 0.0
vt 1.03125 0.1875
vt 1.15625 0.03125
vt 1.5 0.0
vt -0.470703 -0.892578
vt -0.345703 -0.892578
vt -0.345703 -0.605469
vt -0.158203 -0.892578
vt -0.158203 -0.605469
vt -0.033203 -0.892578
vt -0.158203 -0.109375
vt -0.251953 -0.015625
vt -0.345703 -0.109375
vt 0.841797 -0.486328
vt 0.998047 -0.486328
vt 0.966797 -0.392578
vt 0.841797 -0.392578
vt 0.498047 -0.486328
vt 0.654297 -0.486328
vt 0.654297 -0.392578
vt 0.529297 -0.392578
vt 3.5 4.5
vt 2.0 4.5
vt 2.0 4.0
vt 3.5 4.0
vt 2.5 5.0
vt 2.0 5.0
vt 2.0 4.5
vt 2.5 4.5
vt 0.986328 -0.007812
vt 0.507812 -0.492188
vt 0.507812 -0.007812
vt 0.986328 -0.492188
vt 0.505859 -0.505859
vt 0.986328 -0.505859
vt 0.505859 -0.992188
vt 0.986328 -0.992188
vt 2.5 11.0
vt 2.0 11.0
vt 2.0 8.5
vt 2.5 8.5
vt 1.0 -1.0
vt 2.0 -1.0
vt 2.0 0.0
vt 1.0 0.0
vt 0.011719 3.5
vt 0.011719 0.0
vt 0.488281 3.5
vt 0.488281 0.0
vt 3.0 0.0
vt 0.0 0.0
vt 0.0 -1.0
vt 3.0 -1.0
vt 2.0 14.0
vt 6.0 14.0
vt 6.0 14.5
vt 2.0 14.5
vt 1.0 -0.394531
vt 1.0 -0.097656
vt 0.0 -0.097656
vt 0.0 -0.394531
vt 1.0 -0.015625
vt 0.0 -0.015625
vt 1.0 -0.394531
vt 0.0 -0.394531
vt 0.0 -0.488281
vt 1.0 -0.488281
vt 1.0 0.5
vt 1.0 0.0
vt 1.03125 0.1875
vt 1.15625 0.03125
vt 1.5 0.0
vt -0.470703 -0.892578
vt -0.345703 -0.892578
vt -0.345703 -0.605469
vt -0.158203 -0.892578
vt -0.158203 -0.605469
vt -0.033203 -0.892578
vt -0.158203 -0.109375
vt -0.251953 -0.015625
vt -0.345703 -0.109375
vt 0.841797 -0.486328
vt 0.998047 -0.486328
vt 0.966797 -0.392578
vt 0.841797 -0.392578
vt 0.498047 -0.486328
vt 0.654297 -0.486328
vt 0.654297 -0.392578
vt 0.529297 -0.392578
vt 4.0 1.0
vt 0.0 1.0
vt 0.0 0.0
vt 4.0 0.0
vt 3.0 1.0
vt 0.0 1.0
vt 0.0 0.0
vt 3.0 0.0
vt 0.5 -0.5
vt 0.0 -0.5
vt 0.0 -1.0
vt 0.5 -1.0
vt 1.0 0.0
vt 0.5 0.0
vt 0.5 -0.5
vt 1.0 -0.5
vt 1.0 -0.5
vt 1.0 0.0
vt 0.5 0.0
vt 0.5 -0.5
vt 1.0 -1.0
vt 2.0 -1.0
vt 2.0 0.0
vt 1.0 0.0
vt 0.986328 -0.007812
vt 0.507812 -0.492188
vt 0.507812 -0.007812
vt 0.986328 -0.492188
vt 0.986328 -0.007812
vt 0.507812 -0.492188
vt 0.507812 -0.007812
vt 0.986328 -0.492188
vt 3.0 8.0
vt 2.5 8.0
vt 2.5 7.5
vt 3.0 7.5
vt 0.986328 -0.007812
vt 0.507812 -0.492188
vt 0.507812 -0.007812
vt 0.986328 -0.492188
vt 0.505859 -0.505859
vt 0.986328 -0.505859
vt 0.505859 -0.992188
vt 0.986328 -0.992188
vt 2.5 9.0
vt 3.0 9.0
vt 3.0 11.5
vt 2.5 11.5
vt 2.0 3.0
vt 0.0 3.0
vt 0.0 0.0
vt 2.0 0.0
vt 3.0 -1.0
vt 6.0 -1.0
vt 6.0 0.0
vt 3.0 0.0
vt 0.4375 -0.09375
vt 0.4375 -0.390625
vt 0.285156 -0.09375
vt 0.285156 -0.390625
vt 0.4375 -0.390625
vt 0.4375 0.105469
vt 0.285156 0.105469
vt 0.285156 0.013672
vt 0.4375 0.105469
vt 0.753906 -0.099609
vt 1.0 -0.099609
vt 1.0 -0.013672
vt 0.5 -0.013672
vt 0.4375 -0.09375
vt 0.285156 -0.09375
vt 0.4375 -0.390625
vt 1.0 -0.099609
vt 1.279297 -0.099609
vt 1.5 -0.013672
vt 1.0 -0.013672
vt 1.0 0.5
vt 1.0 0.0
vt 1.03125 0.1875
vt 1.15625 0.03125
vt 1.5 0.0
vt -0.470703 -0.892578
vt -0.345703 -0.892578
vt -0.345703 -0.605469
vt -0.158203 -0.892578
vt -0.158203 -0.605469
vt -0.033203 -0.892578
vt -0.158203 -0.109375
vt -0.251953 -0.015625
vt -0.345703 -0.109375
vt 0.841797 -0.486328
vt 0.998047 -0.486328
vt 0.966797 -0.392578
vt 0.841797 -0.392578
vt 0.498047 -0.486328
vt 0.654297 -0.486328
vt 0.654297 -0.392578
vt 0.529297 -0.392578
vt 1.0 0.0
vt 0.0 0.0
vt 0.0 -1.0
vt 1.0 -1.0
vt 0.011719 4.0
vt 0.011719 0.0
vt 0.488281 4.0
vt 0.488281 0.0
vt 0.505859 -0.505859
vt 0.986328 -0.505859
vt 0.505859 -0.992188
vt 0.986328 -0.992188
vt 0.986328 -0.007812
vt 0.507812 -0.492188
vt 0.507812 -0.007812
vt 0.986328 -0.492188
vt 3.0 8.0
vt 3.5 8.0
vt 3.5 8.5
vt 3.0 8.5
vt 0.986328 -0.007812
vt 0.507812 -0.492188
vt 0.507812 -0.007812
vt 0.986328 -0.492188
vt 0.505859 -0.505859
vt 0.986328 -0.505859
vt 0.505859 -0.992188
vt 0.986328 -0.992188
vt 1.0 0.0
vt 0.0 0.0
vt 0.0 -1.0
vt 1.0 -1.0
vt 4.0 11.0
vt 3.0 11.0
vt 3.0 10.0
vt 4.0 10.0
vt 2.0 -1.0
vt 4.0 -1.0
vt 4.0 0.0
vt 2.0 0.0
vt 1.0 -0.394531
vt 1.0 -0.097656
vt 0.0 -0.097656
vt 0.0 -0.394531
vt 1.0 -0.015625
vt 0.0 -0.015625
vt 1.0 -0.394531
vt 0.0 -0.394531
vt 0.0 -0.488281
vt 1.0 -0.488281
vt 4.5 4.0
vt 3.5 4.0
vt 3.5 3.5
vt 4.5 3.5
vt 1.0 0.0
vt 0.0 0.0
vt 0.0 -1.0
vt 1.0 -1.0
vt 7.5 5.0
vt 3.5 5.0
vt 3.5 4.5
vt 7.5 4.5
vt 4.5 7.5
vt 3.5 7.5
vt 3.5 7.0
vt 4.5 7.0
vt 0.505859 -0.505859
vt 0.986328 -0.505859
vt 0.505859 -0.992188
vt 0.986328 -0.992188
vt 0.986328 -0.007812
vt 0.507812 -0.492188
vt 0.507812 -0.007812
vt 0.986328 -0.492188
vt 4.0 9.0
vt 3.5 9.0
vt 3.5 8.5
vt 4.0 8.5
vt 0.986328 -0.007812
vt 0.507812 -0.492188
vt 0.507812 -0.007812
vt 0.986328 -0.492188
vt 0.505859 -0.505859
vt 0.986328 -0.505859
vt 0.505859 -0.992188
vt 0.986328 -0.992188
vt 1.0 -1.0
vt 2.0 -1.0
vt 2.0 0.0
vt 1.0 0.0
vt 1.0 0.5
vt 1.0 0.0
vt 1.03125 0.1875
vt 1.15625 0.03125
vt 1.5 0.0
vt -0.470703 -0.892578
vt -0.345703 -0.892578
vt -0.345703 -0.605469
vt -0.158203 -0.892578
vt -0.158203 -0.605469
vt -0.033203 -0.892578
vt -0.158203 -0.109375
vt -0.251953 -0.015625
vt -0.345703 -0.109375
vt 0.841797 -0.486328
vt 0.998047 -0.486328
vt 0.966797 -0.392578
vt 0.841797 -0.392578
vt 0.498047 -0.486328
vt 0.654297 -0.486328
vt 0.654297 -0.392578
vt 0.529297 -0.392578
vt 1.0 2.0
vt 0.0 2.0
vt 0.0 0.0
vt 1.0 0.0
vt 0.5 -0.5
vt 0.0 -0.5
vt 0.0 -1.0
vt 0.5 -1.0
vt 1.0 0.0
vt 0.5 0.0
vt 0.5 -0.5
vt 1.0 -0.5
vt 1.0 -0.5
vt 1.0 0.0
vt 0.5 0.0
vt 0.5 -0.5
vt 4.5 4.5
vt 4.0 4.5
vt 4.0 4.0
vt 4.5 4.0
vt 7.5 8.0
vt 4.0 8.0
vt 4.0 7.5
vt 7.5 7.5
vt 0.505859 -0.505859
vt 0.986328 -0.505859
vt 0.505859 -0.992188
vt 0.986328 -0.992188
vt 0.986328 -0.007812
vt 0.507812 -0.492188
vt 0.507812 -0.007812
vt 0.986328 -0.492188
vt 4.0 9.0
vt 4.5 9.0
vt 4.5 9.5
vt 4.0 9.5
vt 0.986328 -0.007812
vt 0.507812 -0.492188
vt 0.507812 -0.007812
vt 0.986328 -0.492188
vt 0.505859 -0.505859
vt 0.986328 -0.505859
vt 0.505859 -0.992188
vt 0.986328 -0.992188
vt 4.5 11.5
vt 4.0 11.5
vt 4.0 10.5
vt 4.5 10.5
vt 1.0 0.0
vt 0.0 0.0
vt 0.0 -1.0
vt 1.0 -1.0
vt 0.4375 -0.09375
vt 0.4375 -0.390625
vt 0.285156 -0.09375
vt 0.285156 -0.390625
vt 0.4375 -0.390625
vt 0.4375 0.105469
vt 0.285156 0.105469
vt 0.285156 0.013672
vt 0.4375 0.105469
vt 0.753906 -0.099609
vt 1.0 -0.099609
vt 1.0 -0.013672
vt 0.5 -0.013672
vt 0.4375 -0.09375
vt 0.285156 -0.09375
vt 0.4375 -0.390625
vt 1.0 -0.099609
vt 1.279297 -0.099609
vt 1.5 -0.013672
vt 1.0 -0.013672
vt 1.0 0.5
vt 1.0 0.0
vt 1.03125 0.1875
vt 1.15625 0.03125
vt 1.5 0.0
vt -0.470703 -0.892578
vt -0.345703 -0.892578
vt -0.345703 -0.605469
vt -0.158203 -0.892578
vt -0.158203 -0.605469
vt -0.033203 -0.892578
vt -0.158203 -0.109375
vt -0.251953 -0.015625
vt -0.345703 -0.109375
vt 0.841797 -0.486328
vt 0.998047 -0.486328
vt 0.966797 -0.392578
vt 0.841797 -0.392578
vt 0.498047 -0.486328
vt 0.654297 -0.486328
vt 0.654297 -0.392578
vt 0.529297 -0.392578
vt 2.0 1.0
vt 0.0 1.0
vt 0.0 0.0
vt 2.0 0.0
vt 0.5 -0.5
vt 0.0 -0.5
vt 0.0 -1.0
vt 0.5 -1.0
vt 1.0 0.0
vt 0.5 0.0
vt 0.5 -0.5
vt 1.0 -0.5
vt 1.0 -0.5
vt 1.0 0.0
vt 0.5 0.0
vt 0.5 -0.5
vt 1.0 0.0
vt 0.5 0.0
vt 0.5 -0.5
vt 1.0 -0.5
vt 0.4375 -0.09375
vt 0.4375 -0.390625
vt 0.285156 -0.09375
vt 0.285156 -0.390625
vt 0.4375 -0.390625
vt 0.4375 0.105469
vt 0.285156 0.105469
vt 0.285156 0.013672
vt 0.4375 0.105469
vt 0.753906 -0.099609
vt 1.0 -0.099609
vt 1.0 -0.013672
vt 0.5 -0.013672
vt 0.4375 -0.09375
vt 0.285156 -0.09375
vt 0.4375 -0.390625
vt 1.0 -0.099609
vt 1.279297 -0.099609
vt 1.5 -0.013672
vt 1.0 -0.013672
vt 1.0 0.5
vt 1.0 0.0
vt 1.03125 0.1875
vt 1.15625 0.03125
vt 1.5 0.0
vt -0.470703 -0.892578
vt -0.345703 -0.892578
vt -0.345703 -0.605469
vt -0.158203 -0.892578
vt -0.158203 -0.605469
vt -0.033203 -0.892578
vt -0.158203 -0.109375
vt -0.251953 -0.015625
vt -0.345703 -0.109375
vt 0.841797 -0.486328
vt 0.998047 -0.486328
vt 0.966797 -0.392578
vt 0.841797 -0.392578
vt 0.498047 -0.486328
vt 0.654297 -0.486328
vt 0.654297 -0.392578
vt 0.529297 -0.392578
vt 1.0 0.0
vt 0.0 0.0
vt 0.0 -1.0
vt 1.0 -1.0
vt 0.011719 4.0
vt 0.011719 0.0
vt 0.488281 4.0
vt 0.488281 0.0
vt 8.5 8.5
vt 4.5 8.0
vt 4.5 8.5
vt 8.5 8.0
vt 0.505859 -0.505859
vt 0.986328 -0.505859
vt 0.505859 -0.992188
vt 0.986328 -0.992188
vt 0.986328 -0.007812
vt 0.507812 -0.492188
vt 0.507812 -0.007812
vt 0.986328 -0.492188
vt 5.0 10.0
vt 4.5 10.0
vt 4.5 9.5
vt 5.0 9.5
vt 0.986328 -0.007812
vt 0.507812 -0.492188
vt 0.507812 -0.007812
vt 0.986328 -0.492188
vt 0.505859 -0.505859
vt 0.986328 -0.505859
vt 0.505859 -0.992188
vt 0.986328 -0.992188
vt 4.5 11.0
vt 5.0 11.0
vt 5.0 11.5
vt 4.5 11.5
vt 0.011719 2.5
vt 0.011719 0.0
vt 0.488281 2.5
vt 0.488281 0.0
vt 1.0 0.0
vt 0.0 0.0
vt 0.0 -1.0
vt 1.0 -1.0
vt 4.5 16.0
vt 8.5 14.5
vt 8.5 16.0
vt 4.5 14.5
vt 5.5 0.4999995
vt 5.0 0.4999995
vt 5.0 -5.0E-7
vt 5.5 -5.0E-7
vt 0.5 -0.394531
vt 0.5 -0.097656
vt 0.0 -0.097656
vt 0.0 -0.394531
vt 0.5 -0.015625
vt 0.0 -0.015625
vt 0.5 -0.394531
vt 0.0 -0.394531
vt 0.0 -0.488281
vt 0.5 -0.488281
vt -3.0 0.0
vt -4.0 0.0
vt -4.0 -0.5
vt -3.0 -0.5
vt 0.4375 -0.09375
vt 0.4375 -0.390625
vt 0.285156 -0.09375
vt 0.285156 -0.390625
vt 0.4375 -0.390625
vt 0.4375 0.105469
vt 0.285156 0.105469
vt 0.285156 0.013672
vt 0.4375 0.105469
vt 0.753906 -0.099609
vt 1.0 -0.099609
vt 1.0 -0.013672
vt 0.5 -0.013672
vt 0.4375 -0.09375
vt 0.285156 -0.09375
vt 0.4375 -0.390625
vt 1.0 -0.099609
vt 1.279297 -0.099609
vt 1.5 -0.013672
vt 1.0 -0.013672
vt 1.0 0.5
vt 1.0 0.0
vt 1.03125 0.1875
vt 1.15625 0.03125
vt 1.5 0.0
vt -0.470703 -0.892578
vt -0.345703 -0.892578
vt -0.345703 -0.605469
vt -0.158203 -0.892578
vt -0.158203 -0.605469
vt -0.033203 -0.892578
vt -0.158203 -0.109375
vt -0.251953 -0.015625
vt -0.345703 -0.109375
vt 0.841797 -0.486328
vt 0.998047 -0.486328
vt 0.966797 -0.392578
vt 0.841797 -0.392578
vt 0.498047 -0.486328
vt 0.654297 -0.486328
vt 0.654297 -0.392578
vt 0.529297 -0.392578
vt 1.0 0.0
vt 0.0 0.0
vt 0.0 -1.0
vt 1.0 -1.0
vt 9.0 9.0
vt 5.0 9.0
vt 5.0 8.5
vt 9.0 8.5
vt 0.505859 -0.505859
vt 0.986328 -0.505859
vt 0.505859 -0.992188
vt 0.986328 -0.992188
vt 0.986328 -0.007812
vt 0.507812 -0.492188
vt 0.507812 -0.007812
vt 0.986328 -0.492188
vt 5.0 10.0
vt 5.5 10.0
vt 5.5 10.5
vt 5.0 10.5
vt 0.986328 -0.007812
vt 0.507812 -0.492188
vt 0.507812 -0.007812
vt 0.986328 -0.492188
vt 0.505859 -0.505859
vt 0.986328 -0.505859
vt 0.505859 -0.992188
vt 0.986328 -0.992188
vt 2.0 -1.0
vt 4.0 -1.0
vt 4.0 0.0
vt 2.0 0.0
vt 0.4375 -0.09375
vt 0.4375 -0.390625
vt 0.285156 -0.09375
vt 0.285156 -0.390625
vt 0.4375 -0.390625
vt 0.4375 0.105469
vt 0.285156 0.105469
vt 0.285156 0.013672
vt 0.4375 0.105469
vt 0.753906 -0.099609
vt 1.0 -0.099609
vt 1.0 -0.013672
vt 0.5 -0.013672
vt 0.4375 -0.09375
vt 0.285156 -0.09375
vt 0.4375 -0.390625
vt 1.0 -0.099609
vt 1.279297 -0.099609
vt 1.5 -0.013672
vt 1.0 -0.013672
vt 1.0 0.5
vt 1.0 0.0
vt 1.03125 0.1875
vt 1.15625 0.03125
vt 1.5 0.0
vt -0.470703 -0.892578
vt -0.345703 -0.892578
vt -0.345703 -0.605469
vt -0.158203 -0.892578
vt -0.158203 -0.605469
vt -0.033203 -0.892578
vt -0.158203 -0.109375
vt -0.251953 -0.015625
vt -0.345703 -0.109375
vt 0.841797 -0.486328
vt 0.998047 -0.486328
vt 0.966797 -0.392578
vt 0.841797 -0.392578
vt 0.498047 -0.486328
vt 0.654297 -0.486328
vt 0.654297 -0.392578
vt 0.529297 -0.392578
vt 0.5 -0.5
vt 0.0 -0.5
vt 0.0 -1.0
vt 0.5 -1.0
vt 1.0 0.0
vt 0.5 0.0
vt 0.5 -0.5
vt 1.0 -0.5
vt 1.0 -0.5
vt 1.0 0.0
vt 0.5 0.0
vt 0.5 -0.5
vt 1.0 0.0
vt 0.5 0.0
vt 0.5 -0.5
vt 1.0 -0.5
vt 0.5 -0.394531
vt 0.5 -0.097656
vt 0.0 -0.097656
vt 0.0 -0.394531
vt 0.5 -0.015625
vt 0.0 -0.015625
vt 0.5 -0.394531
vt 0.0 -0.394531
vt 0.0 -0.488281
vt 0.5 -0.488281
vt 7.0 3.0
vt 5.5 3.0
vt 5.5 2.5
vt 7.0 2.5
vt 5.5 4.5
vt 5.5 4.0
vt 9.5 4.5
vt 9.5 4.0
vt 5.5 6.5
vt 5.5 5.5
vt 9.5 6.5
vt 9.5 5.5
vt 9.5 9.5
vt 5.5 9.0
vt 5.5 9.5
vt 9.5 9.0
vt 0.505859 -0.505859
vt 0.986328 -0.505859
vt 0.505859 -0.992188
vt 0.986328 -0.992188
vt 0.986328 -0.007812
vt 0.507812 -0.492188
vt 0.507812 -0.007812
vt 0.986328 -0.492188
vt 6.0 11.0
vt 5.5 11.0
vt 5.5 10.5
vt 6.0 10.5
vt 0.986328 -0.007812
vt 0.507812 -0.492188
vt 0.507812 -0.007812
vt 0.986328 -0.492188
vt 0.986328 -0.007812
vt 0.507812 -0.492188
vt 0.507812 -0.007812
vt 0.986328 -0.492188
vt 5.5 13.0
vt 5.5 12.0
vt 9.5 13.0
vt 9.5 12.0
vt 1.0 0.5
vt 1.0 0.0
vt 1.03125 0.1875
vt 1.15625 0.03125
vt 1.5 0.0
vt -0.470703 -0.892578
vt -0.345703 -0.892578
vt -0.345703 -0.605469
vt -0.158203 -0.892578
vt -0.158203 -0.605469
vt -0.033203 -0.892578
vt -0.158203 -0.109375
vt -0.251953 -0.015625
vt -0.345703 -0.109375
vt 0.841797 -0.486328
vt 0.998047 -0.486328
vt 0.966797 -0.392578
vt 0.841797 -0.392578
vt 0.498047 -0.486328
vt 0.654297 -0.486328
vt 0.654297 -0.392578
vt 0.529297 -0.392578
vt 1.0 1.0
vt 0.0 1.0
vt 0.0 0.0
vt 1.0 0.0
vt -3.0 0.0
vt -4.0 0.0
vt -4.0 -0.5
vt -3.0 -0.5
vt 0.4375 -0.09375
vt 0.4375 -0.390625
vt 0.285156 -0.09375
vt 0.285156 -0.390625
vt 0.4375 -0.390625
vt 0.4375 0.105469
vt 0.285156 0.105469
vt 0.285156 0.013672
vt 0.4375 0.105469
vt 0.753906 -0.099609
vt 1.0 -0.099609
vt 1.0 -0.013672
vt 0.5 -0.013672
vt 0.4375 -0.09375
vt 0.285156 -0.09375
vt 0.4375 -0.390625
vt 1.0 -0.099609
vt 1.279297 -0.099609
vt 1.5 -0.013672
vt 1.0 -0.013672
vt 1.0 0.5
vt 1.0 0.0
vt 1.03125 0.1875
vt 1.15625 0.03125
vt 1.5 0.0
vt -0.470703 -0.892578
vt -0.345703 -0.892578
vt -0.345703 -0.605469
vt -0.158203 -0.892578
vt -0.158203 -0.605469
vt -0.033203 -0.892578
vt -0.158203 -0.109375
vt -0.251953 -0.015625
vt -0.345703 -0.109375
vt 0.841797 -0.486328
vt 0.998047 -0.486328
vt 0.966797 -0.392578
vt 0.841797 -0.392578
vt 0.498047 -0.486328
vt 0.654297 -0.486328
vt 0.654297 -0.392578
vt 0.529297 -0.392578
vt 10.0 7.5
vt 6.0 7.5
vt 6.0 7.0
vt 10.0 7.0
vt 6.0 10.0
vt 9.5 9.5
vt 9.5 10.0
vt 6.0 9.5
vt 0.505859 -0.505859
vt 0.986328 -0.505859
vt 0.505859 -0.992188
vt 0.986328 -0.992188
vt 0.986328 -0.007812
vt 0.507812 -0.492188
vt 0.507812 -0.007812
vt 0.986328 -0.492188
vt 6.5 12.0
vt 6.0 12.0
vt 6.0 11.0
vt 6.5 11.0
vt 9.0 14.5
vt 6.0 14.5
vt 6.0 13.5
vt 9.0 13.5
vt 5.0 1.0
vt 0.0 1.0
vt 0.0 0.0
vt 5.0 0.0
vt 0.5 -0.5
vt 0.0 -0.5
vt 0.0 -1.0
vt 0.5 -1.0
vt 1.0 0.0
vt 0.5 0.0
vt 0.5 -0.5
vt 1.0 -0.5
vt 1.0 -0.5
vt 1.0 0.0
vt 0.5 0.0
vt 0.5 -0.5
vt 1.0 0.0
vt 0.5 0.0
vt 0.5 -0.5
vt 1.0 -0.5
vt 0.5 -0.394531
vt 0.5 -0.097656
vt 0.0 -0.097656
vt 0.0 -0.394531
vt 0.5 -0.015625
vt 0.0 -0.015625
vt 0.5 -0.394531
vt 0.0 -0.394531
vt 0.0 -0.488281
vt 0.5 -0.488281
vt 6.5 2.5
vt 6.5 2.0
vt 9.5 2.5
vt 9.5 2.0
vt 1.0 0.0
vt 0.0 0.0
vt 0.0 -1.0
vt 1.0 -1.0
vt 7.5 4.0
vt 6.5 4.0
vt 6.5 3.5
vt 7.5 3.5
vt 6.5 10.0
vt 9.0 10.0
vt 9.0 10.5
vt 6.5 10.5
vt 0.505859 -0.505859
vt 0.986328 -0.505859
vt 0.505859 -0.992188
vt 0.986328 -0.992188
vt 0.986328 -0.007812
vt 0.507812 -0.492188
vt 0.507812 -0.007812
vt 0.986328 -0.492188
vt 7.0 12.0
vt 6.5 12.0
vt 6.5 11.5
vt 7.0 11.5
vt -12.0 0.0
vt -16.0 0.0
vt -16.0 -0.5
vt -12.0 -0.5
vt 0.4375 -0.09375
vt 0.4375 -0.390625
vt 0.285156 -0.09375
vt 0.285156 -0.390625
vt 0.4375 -0.390625
vt 0.4375 0.105469
vt 0.285156 0.105469
vt 0.285156 0.013672
vt 0.4375 0.105469
vt 0.753906 -0.099609
vt 1.0 -0.099609
vt 1.0 -0.013672
vt 0.5 -0.013672
vt 0.4375 -0.09375
vt 0.285156 -0.09375
vt 0.4375 -0.390625
vt 1.0 -0.099609
vt 1.279297 -0.099609
vt 1.5 -0.013672
vt 1.0 -0.013672
vt 1.0 0.5
vt 1.0 0.0
vt 1.03125 0.1875
vt 1.15625 0.03125
vt 1.5 0.0
vt -0.470703 -0.892578
vt -0.345703 -0.892578
vt -0.345703 -0.605469
vt -0.158203 -0.892578
vt -0.158203 -0.605469
vt -0.033203 -0.892578
vt -0.158203 -0.109375
vt -0.251953 -0.015625
vt -0.345703 -0.109375
vt 0.841797 -0.486328
vt 0.998047 -0.486328
vt 0.966797 -0.392578
vt 0.841797 -0.392578
vt 0.498047 -0.486328
vt 0.654297 -0.486328
vt 0.654297 -0.392578
vt 0.529297 -0.392578
vt 1.0 -1.0
vt 2.0 -1.0
vt 2.0 0.0
vt 1.0 0.0
vt 7.5 3.5
vt 7.0 3.5
vt 7.0 3.0
vt 7.5 3.0
vt 0.011719 4.0
vt 0.011719 0.0
vt 0.488281 4.0
vt 0.488281 0.0
vt 7.0 11.0
vt 8.5 10.5
vt 8.5 11.0
vt 7.0 10.5
vt 0.505859 -0.505859
vt 0.986328 -0.505859
vt 0.505859 -0.992188
vt 0.986328 -0.992188
vt 0.986328 -0.007812
vt 0.507812 -0.492188
vt 0.507812 -0.007812
vt 0.986328 -0.492188
vt 0.271484 -0.75
vt 0.960938 -0.75
vt 0.960938 -0.984375
vt 0.271484 -0.984375
vt 0.056641 -0.939453
vt 0.078125 -0.964844
vt 0.078125 -0.951172
vt 0.056641 -0.925781
vt 0.109375 -0.832031
vt 0.109375 -0.791016
vt 0.033203 -0.791016
vt 0.033203 -0.832031
vt 0.023438 -0.943359
vt 0.023438 -0.964844
vt 0.033203 -0.960938
vt 0.033203 -0.943359
vt 0.144531 -0.796875
vt 0.144531 -0.839844
vt 0.222656 -0.839844
vt 0.222656 -0.796875
vt 0.2125 0.0875
vt 0.2125 0.081944
vt 0.2125 0.068273
vt 0.2125 0.0875
vt 0.2125 0.081944
vt 0.2125 0.0875
vt 0.2125 0.0875
vt 0.2125 0.068273
vt 0.042969 -0.964844
vt 0.042969 -0.943359
vt 0.033203 -0.943359
vt 0.033203 -0.960938
vt 0.101562 -0.925781
vt 0.080078 -0.951172
vt 0.080078 -0.964844
vt 0.101562 -0.939453
vt 0.960938 -0.984375
vt 0.960938 -0.75
vt 0.271484 -0.75
vt 0.271484 -0.984375
vt 0.2125 0.081944
vt 0.1625 0.0375
vt 0.1625 0.053342
vt 0.2 0.0875
vt 0.146484 -0.84375
vt 0.224609 -0.84375
vt 0.224609 -0.800781
vt 0.146484 -0.800781
vt 0.109375 -0.925781
vt 0.109375 -0.939453
vt 0.109375 -0.791016
vt 0.03125 -0.791016
vt 0.03125 -0.832031
vt 0.109375 -0.832031
vt 0.1625 0.0375
vt 0.2125 0.081944
vt 0.2 0.0875
vt 0.1625 0.053342
vt 0.048828 -0.939453
vt 0.048828 -0.925781
vt 0.2 0.0875
vt 0.2125 0.081944
vt 0.2125 0.0875
vt 0.2125 0.081944
vt 0.2 0.0875
vt 0.2125 0.0875
vt 1.125 -0.726562
vt 1.125 -0.039062
vt 0.0 -0.039062
vt 0.0 -0.726562
vt 2.0 -0.394531
vt 2.0 -0.097656
vt 0.0 -0.097656
vt 0.0 -0.394531
vt 2.0 -0.015625
vt 0.0 -0.015625
vt 2.0 -0.394531
vt 0.0 -0.394531
vt 0.0 -0.488281
vt 2.0 -0.488281
vt 10.0 2.0
vt 7.5 2.0
vt 7.5 1.5
vt 10.0 1.5
vt 7.5 3.0
vt 7.5 2.5
vt 8.5 3.0
vt 8.5 2.5
vt 1.0 0.0
vt 0.0 0.0
vt 0.0 -2.0
vt 1.0 -2.0
vt 7.5 5.0
vt 7.5 4.5
vt 11.5 5.0
vt 11.5 4.5
vt 1.0 0.0
vt 0.0 0.0
vt 0.0 -1.0
vt 1.0 -1.0
vt 7.5 11.0
vt 8.0 11.0
vt 8.0 11.5
vt 7.5 11.5
vt 0.011719 0.5
vt 0.011719 0.0
vt 0.488281 0.5
vt 0.488281 0.0
vt 1.0 0.0
vt 0.0 0.0
vt 0.0 -1.0
vt 1.0 -1.0
vt 12.0 4.0
vt 8.0 4.0
vt 8.0 3.5
vt 12.0 3.5
vt 8.0 8.0
vt 8.0 7.5
vt 11.5 8.0
vt 11.5 7.5
vt 0.505859 -0.505859
vt 0.986328 -0.505859
vt 0.505859 -0.992188
vt 0.986328 -0.992188
vt 0.986328 -0.007812
vt 0.507812 -0.492188
vt 0.507812 -0.007812
vt 0.986328 -0.492188
vt 1.0 0.0
vt 0.0 0.0
vt 0.0 -1.0
vt 1.0 -1.0
vt 1.0 -1.0
vt 2.0 -1.0
vt 2.0 0.0
vt 1.0 0.0
vt 0.011719 4.0
vt 0.011719 0.0
vt 0.488281 4.0
vt 0.488281 0.0
vt 8.5 8.5
vt 10.0 8.0
vt 10.0 8.5
vt 8.5 8.0
vt 0.505859 -0.505859
vt 0.986328 -0.505859
vt 0.505859 -0.992188
vt 0.986328 -0.992188
vt 0.986328 -0.007812
vt 0.507812 -0.492188
vt 0.507812 -0.007812
vt 0.986328 -0.492188
vt 8.5 11.5
vt 9.5 11.5
vt 9.5 12.0
vt 8.5 12.0
vt 0.011719 4.0
vt 0.011719 0.0
vt 0.488281 4.0
vt 0.488281 0.0
vt 8.5 14.5
vt 12.5 14.5
vt 12.5 16.0
vt 8.5 16.0
vt 0.5 -0.5
vt 0.0 -0.5
vt 0.0 -1.0
vt 0.5 -1.0
vt 1.0 0.0
vt 0.5 0.0
vt 0.5 -0.5
vt 1.0 -0.5
vt 1.0 -0.5
vt 1.0 0.0
vt 0.5 0.0
vt 0.5 -0.5
vt 1.0 -1.0
vt 2.0 -1.0
vt 2.0 0.0
vt 1.0 0.0
vt 12.0 3.0
vt 9.0 3.0
vt 9.0 2.5
vt 12.0 2.5
vt 9.0 3.5
vt 9.0 3.0
vt 9.5 3.5
vt 9.5 3.0
vt 9.0 9.0
vt 9.5 8.5
vt 9.5 9.0
vt 9.0 8.5
vt 0.505859 -0.505859
vt 0.986328 -0.505859
vt 0.505859 -0.992188
vt 0.986328 -0.992188
vt 0.986328 -0.007812
vt 0.507812 -0.492188
vt 0.507812 -0.007812
vt 0.986328 -0.492188
vt 9.5 11.5
vt 9.0 11.0
vt 9.0 11.5
vt 9.5 11.0
vt 1.0 -1.0
vt 2.0 -1.0
vt 2.0 0.0
vt 1.0 0.0
vt 9.0 14.0
vt 13.0 14.0
vt 13.0 14.5
vt 9.0 14.5
vt 8.0 -1.0
vt 16.0 -1.0
vt 16.0 0.0
vt 8.0 0.0
vt 0.4375 -0.09375
vt 0.4375 -0.390625
vt 0.285156 -0.09375
vt 0.285156 -0.390625
vt 0.4375 -0.390625
vt 0.4375 0.105469
vt 0.285156 0.105469
vt 0.285156 0.013672
vt 0.4375 0.105469
vt 0.753906 -0.099609
vt 1.0 -0.099609
vt 1.0 -0.013672
vt 0.5 -0.013672
vt 0.4375 -0.09375
vt 0.285156 -0.09375
vt 0.4375 -0.390625
vt 1.0 -0.099609
vt 1.279297 -0.099609
vt 1.5 -0.013672
vt 1.0 -0.013672
vt 1.0 0.5
vt 1.0 0.0
vt 1.03125 0.1875
vt 1.15625 0.03125
vt 1.5 0.0
vt -0.470703 -0.892578
vt -0.345703 -0.892578
vt -0.345703 -0.605469
vt -0.158203 -0.892578
vt -0.158203 -0.605469
vt -0.033203 -0.892578
vt -0.158203 -0.109375
vt -0.251953 -0.015625
vt -0.345703 -0.109375
vt 0.841797 -0.486328
vt 0.998047 -0.486328
vt 0.966797 -0.392578
vt 0.841797 -0.392578
vt 0.498047 -0.486328
vt 0.654297 -0.486328
vt 0.654297 -0.392578
vt 0.529297 -0.392578
vt 1.0 -1.0
vt 2.0 -1.0
vt 2.0 0.0
vt 1.0 0.0
vt 1.0 0.0
vt 0.0 0.0
vt 0.0 -1.0
vt 1.0 -1.0
vt 13.5 4.5
vt 9.5 4.5
vt 9.5 4.0
vt 13.5 4.0
vt 13.5 6.5
vt 9.5 6.5
vt 9.5 5.5
vt 13.5 5.5
vt 1.0 0.0
vt 0.0 0.0
vt 0.0 -1.0
vt 1.0 -1.0
vt 9.5 9.5
vt 10.0 9.0
vt 10.0 9.5
vt 9.5 9.0
vt 0.505859 -0.505859
vt 0.986328 -0.505859
vt 0.505859 -0.992188
vt 0.986328 -0.992188
vt 0.986328 -0.007812
vt 0.507812 -0.492188
vt 0.507812 -0.007812
vt 0.986328 -0.492188
vt 10.0 11.0
vt 9.5 10.5
vt 9.5 11.0
vt 10.0 10.5
vt 0.986328 -0.007812
vt 0.507812 -0.492188
vt 0.507812 -0.007812
vt 0.986328 -0.492188
vt 0.986328 -0.007812
vt 0.507812 -0.492188
vt 0.507812 -0.007812
vt 0.986328 -0.492188
vt 13.5 13.0
vt 9.5 13.0
vt 9.5 12.0
vt 13.5 12.0
vt 2.0 0.0
vt 0.0 0.0
vt 0.0 -1.0
vt 2.0 -1.0
vt 3.5 -0.394531
vt 3.5 -0.097656
vt 0.0 -0.097656
vt 0.0 -0.394531
vt 3.5 -0.015625
vt 0.0 -0.015625
vt 3.5 -0.394531
vt 0.0 -0.394531
vt 0.0 -0.488281
vt 3.5 -0.488281
vt 1.0 0.0
vt 0.0 0.0
vt 0.0 -1.0
vt 1.0 -1.0
vt 10.0 2.5
vt 10.0 2.0
vt 12.5 2.5
vt 12.5 2.0
vt 10.0 3.5
vt 10.0 3.0
vt 11.5 3.5
vt 11.5 3.0
vt 12.0 7.5
vt 10.0 7.5
vt 10.0 7.0
vt 12.0 7.0
vt 1.0 -1.0
vt 2.0 -1.0
vt 2.0 0.0
vt 1.0 0.0
vt 10.0 9.0
vt 10.5 8.5
vt 10.5 9.0
vt 10.0 8.5
vt 0.505859 -0.505859
vt 0.986328 -0.505859
vt 0.505859 -0.992188
vt 0.986328 -0.992188
vt 0.986328 -0.007812
vt 0.507812 -0.492188
vt 0.507812 -0.007812
vt 0.986328 -0.492188
vt 10.5 10.5
vt 10.0 10.0
vt 10.0 10.5
vt 10.5 10.0
vt 0.986328 -0.007812
vt 0.507812 -0.492188
vt 0.507812 -0.007812
vt 0.986328 -0.492188
vt 0.505859 -0.505859
vt 0.986328 -0.505859
vt 0.505859 -0.992188
vt 0.986328 -0.992188
vt 0.011719 3.5
vt 0.011719 0.0
vt 0.488281 3.5
vt 0.488281 0.0
vt 10.5 8.5
vt 11.0 8.0
vt 11.0 8.5
vt 10.5 8.0
vt 0.505859 -0.505859
vt 0.986328 -0.505859
vt 0.505859 -0.992188
vt 0.986328 -0.992188
vt 0.986328 -0.007812
vt 0.507812 -0.492188
vt 0.507812 -0.007812
vt 0.986328 -0.492188
vt 11.0 10.0
vt 10.5 9.5
vt 10.5 10.0
vt 11.0 9.5
vt 0.986328 -0.007812
vt 0.507812 -0.492188
vt 0.507812 -0.007812
vt 0.986328 -0.492188
vt 0.505859 -0.505859
vt 0.986328 -0.505859
vt 0.505859 -0.992188
vt 0.986328 -0.992188
vt 1.0 0.0
vt 0.0 0.0
vt 0.0 -1.0
vt 1.0 -1.0
vt 10.5 13.5
vt 11.5 13.5
vt 11.5 14.0
vt 10.5 14.0
vt 15.0 1.5
vt 11.0 1.5
vt 11.0 1.0
vt 15.0 1.0
vt 11.0 2.0
vt 11.0 1.5
vt 14.5 2.0
vt 14.5 1.5
vt 0.011719 1.5
vt 0.011719 0.0
vt 0.488281 1.5
vt 0.488281 0.0
vt 0.505859 -0.505859
vt 0.986328 -0.505859
vt 0.505859 -0.992188
vt 0.986328 -0.992188
vt 0.986328 -0.007812
vt 0.507812 -0.492188
vt 0.507812 -0.007812
vt 0.986328 -0.492188
vt 11.5 9.5
vt 11.0 9.0
vt 11.0 9.5
vt 11.5 9.0
vt 0.986328 -0.007812
vt 0.507812 -0.492188
vt 0.507812 -0.007812
vt 0.986328 -0.492188
vt 0.505859 -0.505859
vt 0.986328 -0.505859
vt 0.505859 -0.992188
vt 0.986328 -0.992188
vt 12.5 11.5
vt 12.5 10.5
vt 11.0 11.5
vt 11.0 10.5
vt 3.0 0.0
vt 0.0 0.0
vt 0.0 -1.0
vt 3.0 -1.0
vt 15.5 5.0
vt 11.5 5.0
vt 11.5 4.5
vt 15.5 4.5
vt 0.505859 -0.505859
vt 0.986328 -0.505859
vt 0.505859 -0.992188
vt 0.986328 -0.992188
vt 0.986328 -0.007812
vt 0.507812 -0.492188
vt 0.507812 -0.007812
vt 0.986328 -0.492188
vt 12.0 9.0
vt 11.5 8.5
vt 11.5 9.0
vt 12.0 8.5
vt 0.986328 -0.007812
vt 0.507812 -0.492188
vt 0.507812 -0.007812
vt 0.986328 -0.492188
vt 0.505859 -0.505859
vt 0.986328 -0.505859
vt 0.505859 -0.992188
vt 0.986328 -0.992188
vt 11.5 10.5
vt 13.0 10.0
vt 13.0 10.5
vt 11.5 10.0
vt 1.0 -1.0
vt 2.0 -1.0
vt 2.0 0.0
vt 1.0 0.0
vt 1.0 -1.0
vt 2.0 -1.0
vt 2.0 0.0
vt 1.0 0.0
vt 12.0 4.0
vt 12.0 3.5
vt 12.5 4.0
vt 12.5 3.5
vt 0.505859 -0.505859
vt 0.986328 -0.505859
vt 0.505859 -0.992188
vt 0.986328 -0.992188
vt 0.986328 -0.007812
vt 0.507812 -0.492188
vt 0.507812 -0.007812
vt 0.986328 -0.492188
vt 12.5 8.5
vt 12.0 8.0
vt 12.0 8.5
vt 12.5 8.0
vt 0.986328 -0.007812
vt 0.507812 -0.492188
vt 0.507812 -0.007812
vt 0.986328 -0.492188
vt 0.505859 -0.505859
vt 0.986328 -0.505859
vt 0.505859 -0.992188
vt 0.986328 -0.992188
vt 13.0 10.0
vt 12.0 10.0
vt 12.0 9.5
vt 13.0 9.5
vt 1.0 0.0
vt 0.0 0.0
vt 0.0 -1.0
vt 1.0 -1.0
vt 1.0 0.0
vt 0.0 0.0
vt 0.0 -1.0
vt 1.0 -1.0
vt 1.0 0.0
vt 0.0 0.0
vt 0.0 -1.0
vt 1.0 -1.0
vt 2.0 0.0
vt 0.0 0.0
vt 0.0 -1.0
vt 2.0 -1.0
vt 0.011719 3.5
vt 0.011719 0.0
vt 0.488281 3.5
vt 0.488281 0.0
vt 0.986328 -0.007812
vt 0.507812 -0.492188
vt 0.507812 -0.007812
vt 0.986328 -0.492188
vt 0.986328 -0.007812
vt 0.507812 -0.492188
vt 0.507812 -0.007812
vt 0.986328 -0.492188
vt 13.0 8.0
vt 13.0 7.5
vt 12.5 8.0
vt 12.5 7.5
vt 0.986328 -0.007812
vt 0.507812 -0.492188
vt 0.507812 -0.007812
vt 0.986328 -0.492188
vt 0.505859 -0.505859
vt 0.986328 -0.505859
vt 0.505859 -0.992188
vt 0.986328 -0.992188
vt 12.5 9.5
vt 13.0 9.0
vt 13.0 9.5
vt 12.5 9.0
vt -0.0 0.0
vt -1.0 0.0
vt -1.0 -1.0
vt 0.0 -1.0
vt 0.5 0.0
vt 0.0 0.0
vt 0.0 -1.0
vt 0.5 -1.0
vt 0.011719 2.5
vt 0.011719 0.0
vt 0.488281 2.5
vt 0.488281 0.0
vt 13.0 14.0
vt 12.5 13.5
vt 12.5 14.0
vt 13.0 13.5
vt 16.0 16.0
vt 12.5 14.5
vt 12.5 16.0
vt 16.0 14.5
vt 13.0 2.5
vt 13.0 2.0
vt 14.5 2.5
vt 14.5 2.0
vt 13.0 3.0
vt 13.0 2.5
vt 13.5 3.0
vt 13.5 2.5
vt 3.0 -1.0
vt 6.0 -1.0
vt 6.0 0.0
vt 3.0 0.0
vt 15.0 7.5
vt 13.0 7.5
vt 13.0 6.5
vt 15.0 6.5
vt 0.986328 -0.007812
vt 0.507812 -0.492188
vt 0.507812 -0.007812
vt 0.986328 -0.492188
vt 0.505859 -0.505859
vt 0.986328 -0.505859
vt 0.505859 -0.992188
vt 0.986328 -0.992188
vt 1.0 -1.0
vt 2.0 -1.0
vt 2.0 0.0
vt 1.0 0.0
vt 1.0 0.0
vt 0.0 0.0
vt 0.0 -1.0
vt 1.0 -1.0
vt 13.0 14.0
vt 16.0 14.0
vt 16.0 14.5
vt 13.0 14.5
vt 0.4375 -0.09375
vt 0.4375 -0.390625
vt 0.285156 -0.09375
vt 0.285156 -0.390625
vt 0.4375 -0.390625
vt 0.4375 0.105469
vt 0.285156 0.105469
vt 0.285156 0.013672
vt 0.4375 0.105469
vt 0.753906 -0.099609
vt 1.0 -0.099609
vt 1.0 -0.013672
vt 0.5 -0.013672
vt 0.4375 -0.09375
vt 0.285156 -0.09375
vt 0.4375 -0.390625
vt 1.0 -0.099609
vt 1.279297 -0.099609
vt 1.5 -0.013672
vt 1.0 -0.013672
vt 1.0 0.5
vt 1.0 0.0
vt 1.03125 0.1875
vt 1.15625 0.03125
vt 1.5 0.0
vt -0.470703 -0.892578
vt -0.345703 -0.892578
vt -0.345703 -0.605469
vt -0.158203 -0.892578
vt -0.158203 -0.605469
vt -0.033203 -0.892578
vt -0.158203 -0.109375
vt -0.251953 -0.015625
vt -0.345703 -0.109375
vt 0.841797 -0.486328
vt 0.998047 -0.486328
vt 0.966797 -0.392578
vt 0.841797 -0.392578
vt 0.498047 -0.486328
vt 0.654297 -0.486328
vt 0.654297 -0.392578
vt 0.529297 -0.392578
vt 2.0 0.0
vt 0.0 0.0
vt 0.0 -1.0
vt 2.0 -1.0
vt 1.0 -1.0
vt 2.0 -1.0
vt 2.0 0.0
vt 1.0 0.0
vt 2.0 0.0
vt 0.0 0.0
vt 0.0 -1.0
vt 2.0 -1.0
vt 16.0 6.5
vt 16.0 5.5
vt 13.5 6.5
vt 13.5 5.5
vt 0.986328 -0.007812
vt 0.507812 -0.492188
vt 0.507812 -0.007812
vt 0.986328 -0.492188
vt 0.011719 3.5
vt 0.011719 0.0
vt 0.488281 3.5
vt 0.488281 0.0
vt 0.986328 -0.007812
vt 0.507812 -0.492188
vt 0.507812 -0.007812
vt 0.986328 -0.492188
vt 15.0 13.0
vt 15.0 12.0
vt 13.5 13.0
vt 13.5 12.0
vt 16.0 14.0
vt 13.5 13.5
vt 13.5 14.0
vt 16.0 13.5
vt 0.5 -0.394531
vt 0.5 -0.097656
vt 0.0 -0.097656
vt 0.0 -0.394531
vt 0.5 -0.015625
vt 0.0 -0.015625
vt 0.5 -0.394531
vt 0.0 -0.394531
vt 0.0 -0.488281
vt 0.5 -0.488281
vt 16.0 1.0
vt 14.0 1.0
vt 14.0 0.5
vt 16.0 0.5
vt 14.0 4.0
vt 14.0 3.5
vt 14.5 4.0
vt 14.5 3.5
vt 14.0 7.5
vt 15.0 7.5
vt 15.0 11.5
vt 14.0 11.5
vt 15.0 12.0
vt 14.0 12.0
vt 14.0 11.5
vt 15.0 11.5
vt 1.0 0.5
vt 1.0 0.0
vt 1.03125 0.1875
vt 1.15625 0.03125
vt 1.5 0.0
vt -0.470703 -0.892578
vt -0.345703 -0.892578
vt -0.345703 -0.605469
vt -0.158203 -0.892578
vt -0.158203 -0.605469
vt -0.033203 -0.892578
vt -0.158203 -0.109375
vt -0.251953 -0.015625
vt -0.345703 -0.109375
vt 0.841797 -0.486328
vt 0.998047 -0.486328
vt 0.966797 -0.392578
vt 0.841797 -0.392578
vt 0.498047 -0.486328
vt 0.654297 -0.486328
vt 0.654297 -0.392578
vt 0.529297 -0.392578
vt 2.0 0.0
vt 0.0 0.0
vt 0.0 -2.0
vt 2.0 -2.0
vt 1.0 -1.0
vt 2.0 -1.0
vt 2.0 0.0
vt 1.0 0.0
vt 1.0 0.0
vt 0.0 0.0
vt 0.0 -2.0
vt 1.0 -2.0
vt 16.0 4.5
vt 16.0 4.0
vt 14.5 4.5
vt 14.5 4.0
vt 16.0 0.5
vt 15.0 0.5
vt 15.0 0.0
vt 16.0 0.0
vt 1.0 0.0
vt 0.0 0.0
vt 0.0 -1.0
vt 1.0 -1.0
vt 1.0 0.0
vt 0.0 0.0
vt 0.0 -1.0
vt 1.0 -1.0
vt 16.0 4.0
vt 15.0 4.0
vt 15.0 3.0
vt 16.0 3.0
vt 0.986328 -0.007812
vt 0.507812 -0.492188
vt 0.507812 -0.007812
vt 0.986328 -0.492188
vt 0.011719 4.0
vt 0.011719 0.0
vt 0.488281 4.0
vt 0.488281 0.0
vt 0.011719 2.0
vt 0.011719 0.0
vt 0.488281 2.0
vt 0.488281 0.0
vt 0.505859 -0.505859
vt 0.986328 -0.505859
vt 0.505859 -0.992188
vt 0.986328 -0.992188
vt 16.0 3.0
vt 16.0 1.0
vt 15.5 3.0
vt 15.5 1.0
vt 16.0 5.0
vt 16.0 4.5
vt 15.5 5.0
vt 15.5 4.5
vt 0.011719 0.5
vt 0.011719 0.0
vt 0.488281 0.5
vt 0.488281 0.0
vt 16.0 11.0
vt 16.0 7.0
vt 15.5 11.0
vt 15.5 7.0
vt 15.5 13.5
vt 16.0 11.0
vt 16.0 13.5
vt 15.5 11.0
vt 4.0 4.0
vt 0.0 4.0
vt 0.0 0.0
vt 4.0 0.0
vt 4.0 8.0
vt 0.0 8.0
vt 0.0 4.0
vt 4.0 4.0
vt 4.0 12.0
vt 0.0 12.0
vt 0.0 8.0
vt 4.0 8.0
vt 4.0 16.0
vt 0.0 16.0
vt 0.0 12.0
vt 4.0 12.0
vt 8.0 4.0
vt 4.0 4.0
vt 4.0 0.0
vt 8.0 0.0
vt 8.0 8.0
vt 4.0 8.0
vt 4.0 4.0
vt 8.0 4.0
vt 8.0 12.0
vt 4.0 12.0
vt 4.0 8.0
vt 8.0 8.0
vt 8.0 16.0
vt 4.0 16.0
vt 4.0 12.0
vt 8.0 12.0
vt 12.0 4.0
vt 8.0 4.0
vt 8.0 0.0
vt 12.0 0.0
vt 12.0 8.0
vt 8.0 8.0
vt 8.0 4.0
vt 12.0 4.0
vt 12.0 12.0
vt 8.0 12.0
vt 8.0 8.0
vt 12.0 8.0
vt 12.0 16.0
vt 8.0 16.0
vt 8.0 12.0
vt 12.0 12.0
vt 16.0 4.0
vt 12.0 4.0
vt 12.0 0.0
vt 16.0 0.0
vt 16.0 8.0
vt 12.0 8.0
vt 12.0 4.0
vt 16.0 4.0
vt 16.0 12.0
vt 12.0 12.0
vt 12.0 8.0
vt 16.0 8.0
vt 16.0 16.0
vt 12.0 16.0
vt 12.0 12.0
vt 16.0 12.0
vt 7.0 14.0
vt 8.5 13.5
vt 8.5 14.0
vt 7.0 13.5
vt 1.0 -2.0
vt 2.0 -2.0
vt 2.0 0.0
vt 1.0 0.0
vt 1.0 -1.0
vt 2.0 -1.0
vt 2.0 0.0
vt 1.0 0.0
vt 4.0 -1.0
vt 8.0 -1.0
vt 8.0 0.0
vt 4.0 0.0
vt -9.0 0.0
vt -12.0 0.0
vt -12.0 -0.5
vt -9.0 -0.5
vt 2.0 -2.0
vt 4.0 -2.0
vt 4.0 0.0
vt 2.0 0.0
vt 1.0 -1.0
vt 2.0 -1.0
vt 2.0 0.0
vt 1.0 0.0
vt -6.0 0.0
vt -8.0 0.0
vt -8.0 -0.5
vt -6.0 -0.5
vt 3.0 -1.0
vt 6.0 -1.0
vt 6.0 0.0
vt 3.0 0.0
vt 4.0 -1.0
vt 8.0 -1.0
vt 8.0 0.0
vt 4.0 0.0
vt 1.0 -1.0
vt 2.0 -1.0
vt 2.0 0.0
vt 1.0 0.0
vt 4.0 -1.0
vt 8.0 -1.0
vt 8.0 0.0
vt 4.0 0.0
vt 7.0 -1.0
vt 14.0 -1.0
vt 14.0 0.0
vt 7.0 0.0
vt 8.0 -1.0
vt 16.0 -1.0
vt 16.0 0.0
vt 8.0 0.0
vt 6.0 -1.0
vt 12.0 -1.0
vt 12.0 0.0
vt 6.0 0.0
vt 1.0 -1.0
vt 2.0 -1.0
vt 2.0 0.0
vt 1.0 0.0
vt 0.96875 -3.0
vt 0.96875 -3.125
vt 0.527344 -3.125
vt 0.527344 -3.0
vt 0.527344 -4.8125
vt 0.527344 -4.5
vt 0.96875 -4.5
vt 0.96875 -4.8125
vt 0.550781 -0.203125
vt 0.019531 -0.203125
vt 0.019531 -0.328125
vt 0.550781 -0.328125
vt 0.527344 -4.5
vt 0.527344 -4.8125
vt 0.96875 -4.8125
vt 0.96875 -4.5
vt 0.978516 0.739255
vt 0.978516 0.98242
vt 0.5 0.98242
vt 0.5 0.739255
vt 0.5 0.5
vt 0.019531 0.5
vt 0.017578 0.001955
vt 0.5 0.001955
vt 0.5 0.5
vt 0.019531 0.5
vt 0.017578 0.001955
vt 0.5 0.001955
vt 0.976563 -3.0
vt 0.978516 -2.751955
vt 0.5 -2.751955
vt 0.5 -3.0
vt 0.5 1.0
vt 0.0 1.0
vt 0.0 0.0
vt 0.5 0.0
vt 0.5 1.0
vt 0.0 1.0
vt 0.0 0.0
vt 0.5 0.0
vt 0.5 1.0
vt 0.0 1.0
vt 0.0 0.0
vt 0.5 0.0
vt 0.5 1.0
vt 0.0 1.0
vt 0.0 0.0
vt 0.5 0.0
vt 0.5 1.0
vt 0.0 1.0
vt 0.0 0.0
vt 0.5 0.0
vt 0.5 1.0
vt 0.0 1.0
vt 0.0 0.0
vt 0.5 0.0
vt -3.0 -0.5
vt -4.0 -0.5
vt -4.0 -1.0
vt -3.0 -1.0
vt 1.0 1.0
vt 0.0 1.0
vt 0.0 0.0
vt 1.0 0.0
vt 1.0 0.0
vt 0.5 0.0
vt 0.5 -0.5
vt 1.0 -0.5
vt 0.0 -0.5
vt 0.0 -1.0
vt 0.5 -1.0
vt 0.5 -0.5
vt 1.0 -0.5
vt 0.5 -0.5
vt 0.5 -1.0
vt 1.0 -1.0
vt 0.0 0.0
vt 0.0 -0.5
vt 0.5 -0.5
vt 0.5 0.0
vt 1.0 1.0
vt 0.0 1.0
vt 0.0 0.0
vt 1.0 0.0
vt 1.0 0.0
vt 0.5 0.0
vt 0.5 -0.5
vt 1.0 -0.5
vt 0.0 -0.5
vt 0.0 -1.0
vt 0.5 -1.0
vt 0.5 -0.5
vt 1.0 -0.5
vt 0.5 -0.5
vt 0.5 -1.0
vt 1.0 -1.0
vt 0.0 0.0
vt 0.0 -0.5
vt 0.5 -0.5
vt 0.5 0.0
vt 1.0 1.0
vt 0.0 1.0
vt 0.0 0.0
vt 1.0 0.0
vt 1.0 0.0
vt 0.5 0.0
vt 0.5 -0.5
vt 1.0 -0.5
vt 0.0 -0.5
vt 0.0 -1.0
vt 0.5 -1.0
vt 0.5 -0.5
vt 1.0 -0.5
vt 0.5 -0.5
vt 0.5 -1.0
vt 1.0 -1.0
vt 0.0 0.0
vt 0.0 -0.5
vt 0.5 -0.5
vt 0.5 0.0
vt 1.0 1.0
vt 0.0 1.0
vt 0.0 0.0
vt 1.0 0.0
vt 1.0 0.0
vt 0.5 0.0
vt 0.5 -0.5
vt 1.0 -0.5
vt 0.0 -0.5
vt 0.0 -1.0
vt 0.5 -1.0
vt 0.5 -0.5
vt 1.0 -0.5
vt 0.5 -0.5
vt 0.5 -1.0
vt 1.0 -1.0
vt 0.0 0.0
vt 0.0 -0.5
vt 0.5 -0.5
vt 0.5 0.0
vt 1.0 1.0
vt 0.0 1.0
vt 0.0 0.0
vt 1.0 0.0
vt 1.0 0.0
vt 0.5 0.0
vt 0.5 -0.5
vt 1.0 -0.5
vt 0.0 -0.5
vt 0.0 -1.0
vt 0.5 -1.0
vt 0.5 -0.5
vt 1.0 -0.5
vt 0.5 -0.5
vt 0.5 -1.0
vt 1.0 -1.0
vt 0.0 0.0
vt 0.0 -0.5
vt 0.5 -0.5
vt 0.5 0.0
vt 1.0 1.0
vt 0.0 1.0
vt 0.0 0.0
vt 1.0 0.0
vt -3.0 0.0
vt -4.0 0.0
vt -4.0 -0.5
vt -3.0 -0.5
vt -3.0 0.0
vt -4.0 0.0
vt -4.0 -0.5
vt -3.0 -0.5
vt 0.5 0.0
vt 0.25 0.0
vt 0.25 -0.5
vt 0.5 -0.5
vt 1.5 -0.625
vt 1.5 -0.875
vt 1.687713 -0.875
vt 1.687713 -0.625
vt 0.96875 -3.0
vt 0.96875 -3.125
vt 0.527344 -3.125
vt 0.527344 -3.0
vt 0.527344 -4.8125
vt 0.527344 -4.5
vt 0.96875 -4.5
vt 0.96875 -4.8125
vt 0.550781 -0.203125
vt 0.019531 -0.203125
vt 0.019531 -0.328125
vt 0.550781 -0.328125
vt 0.527344 -4.5
vt 0.527344 -4.8125
vt 0.96875 -4.8125
vt 0.96875 -4.5
vt 0.978516 0.739255
vt 0.978516 0.98242
vt 0.5 0.98242
vt 0.5 0.739255
vt 0.5 0.5
vt 0.019531 0.5
vt 0.017578 0.001955
vt 0.5 0.001955
vt 0.5 0.5
vt 0.019531 0.5
vt 0.017578 0.001955
vt 0.5 0.001955
vt 0.976563 -3.0
vt 0.978516 -2.751955
vt 0.5 -2.751955
vt 0.5 -3.0
vt 0.5 0.0
vt 0.25 0.0
vt 0.25 -0.5
vt 0.5 -0.5
vt 1.5 -0.625
vt 1.5 -0.875
vt 1.687713 -0.875
vt 1.687713 -0.625
vt 0.0 -0.097656
vt 0.0 -0.015625
vt -1.5 -0.015625
vt -1.5 -0.097656
vt 0.0 -0.394531
vt -1.5 -0.394531
vt 0.0 0.109375
vt -1.5 0.109375
vt -1.5 0.015625
vt 0.0 0.015625
vt -9.0 -1.25
vt -9.0 -1.486328
vt -6.0 -1.486328
vt -6.0 -1.25
vt -9.0 -2.0
vt -6.0 -2.0
vt 0.96875 -3.0
vt 0.96875 -3.125
vt 0.527344 -3.125
vt 0.527344 -3.0
vt 0.527344 -4.8125
vt 0.527344 -4.5
vt 0.96875 -4.5
vt 0.96875 -4.8125
vt 0.550781 -0.203125
vt 0.019531 -0.203125
vt 0.019531 -0.328125
vt 0.550781 -0.328125
vt 0.527344 -4.5
vt 0.527344 -4.8125
vt 0.96875 -4.8125
vt 0.96875 -4.5
vt 0.978516 0.739255
vt 0.978516 0.98242
vt 0.5 0.98242
vt 0.5 0.739255
vt 0.5 0.5
vt 0.019531 0.5
vt 0.017578 0.001955
vt 0.5 0.001955
vt 0.5 0.5
vt 0.019531 0.5
vt 0.017578 0.001955
vt 0.5 0.001955
vt 0.976563 -3.0
vt 0.978516 -2.751955
vt 0.5 -2.751955
vt 0.5 -3.0
vt 0.96875 -3.0
vt 0.96875 -3.125
vt 0.527344 -3.125
vt 0.527344 -3.0
vt 0.527344 -4.8125
vt 0.527344 -4.5
vt 0.96875 -4.5
vt 0.96875 -4.8125
vt 0.550781 -0.203125
vt 0.019531 -0.203125
vt 0.019531 -0.328125
vt 0.550781 -0.328125
vt 0.527344 -4.5
vt 0.527344 -4.8125
vt 0.96875 -4.8125
vt 0.96875 -4.5
vt 0.978516 0.739255
vt 0.978516 0.98242
vt 0.5 0.98242
vt 0.5 0.739255
vt 0.5 0.5
vt 0.019531 0.5
vt 0.017578 0.001955
vt 0.5 0.001955
vt 0.5 0.5
vt 0.019531 0.5
vt 0.017578 0.001955
vt 0.5 0.001955
vt 0.976563 -3.0
vt 0.978516 -2.751955
vt 0.5 -2.751955
vt 0.5 -3.0
vt 1.0 0.0
vt 0.0 0.0
vt 0.0 -1.0
vt 1.0 -1.0
vt 1.0 0.0
vt 0.0 0.0
vt 0.0 -1.0
vt 1.0 -1.0
vt 1.0 0.0
vt 0.0 0.0
vt 0.0 -1.0
vt 1.0 -1.0
vt 1.0 0.0
vt 0.0 0.0
vt 0.0 -1.0
vt 1.0 -1.0
vt 1.0 0.0
vt 0.0 0.0
vt 0.0 -1.0
vt 1.0 -1.0
vt 1.0 0.0
vt 0.0 0.0
vt 0.0 -1.0
vt 1.0 -1.0
vt 0.75 0.0
vt 0.25 0.0
vt 0.25 -0.5
vt 0.75 -0.5
vt 0.75 0.0
vt 0.25 0.0
vt 0.25 -0.5
vt 0.75 -0.5
vn 0.0 0.0 1.0
vn -0.0 0.7071 0.7071
vn -0.0 0.5258 0.8506
vn 0.0 0.0 1.0
vn -0.0 0.426 0.9047
vn 0.0 0.0 1.0
vn 0.0 0.0 1.0
vn -0.0 0.7071 0.7071
vn -0.0 0.5258 0.8506
vn 0.0 0.0 1.0
vn -0.0 0.426 0.9047
vn 0.0 -0.0 1.0
vn 0.0 -0.0 1.0
vn -0.0 -0.0 1.0
vn -0.0 -0.0 1.0
vn -0.0 -0.0 1.0
vn 0.0 -0.0 1.0
vn -0.0 -0.0 1.0
vn 0.0 0.0 1.0
vn -2.0E-4 0.5259 0.8505
vn 0.3262 0.6426 0.6934
vn 0.3865 0.3865 0.8374
vn 0.4629 0.4629 0.7559
vn 0.6426 0.3262 0.6933
vn 0.6426 0.3262 0.6934
vn 0.526 -0.0 0.8505
vn 0.0 -0.0 1.0
vn 0.5259 -0.0 0.8505
vn -0.0 0.526 0.8505
vn -0.0 -0.0 1.0
vn 0.6948 0.0644 0.7163
vn 0.6012 0.2303 0.7652
vn 0.6426 0.3262 0.6933
vn 0.3477 0.5703 0.7442
vn 0.25 0.5665 0.7852
vn 0.0567 0.6961 0.7157
vn -0.0 -0.0 1.0
vn 0.6425 0.3262 0.6933
vn 0.0808 0.1651 0.983
vn 0.0178 0.2269 0.9738
vn 0.0558 0.6983 0.7136
vn 0.3474 0.5641 0.7491
vn 0.1819 0.0679 0.981
vn 0.1788 0.0657 0.9817
vn 0.5999 0.2295 0.7665
vn 0.6978 0.0672 0.7132
vn 0.0 0.0 1.0
vn -2.0E-4 0.5259 0.8505
vn 0.3262 0.6426 0.6934
vn 0.3865 0.3865 0.8374
vn 0.4629 0.4629 0.7559
vn 0.6426 0.3262 0.6933
vn 0.6426 0.3262 0.6934
vn 0.526 -0.0 0.8505
vn 0.0 -0.0 1.0
vn 0.5259 -0.0 0.8505
vn -0.0 0.526 0.8505
vn -0.0 -0.0 1.0
vn 0.6948 0.0644 0.7163
vn 0.6012 0.2303 0.7652
vn 0.6426 0.3262 0.6933
vn 0.3477 0.5703 0.7442
vn 0.25 0.5665 0.7852
vn 0.0567 0.6961 0.7157
vn -0.0 -0.0 1.0
vn 0.6425 0.3262 0.6933
vn 0.0808 0.1651 0.983
vn 0.0178 0.2269 0.9738
vn 0.0558 0.6983 0.7136
vn 0.3474 0.5641 0.7491
vn 0.1819 0.0679 0.981
vn 0.1788 0.0657 0.9817
vn 0.5999 0.2295 0.7665
vn 0.6978 0.0672 0.7132
vn 0.0 -0.0 1.0
vn -0.0 -0.0 1.0
vn -0.0 -0.0 1.0
vn -0.0 0.0 1.0
vn 0.0 -0.0 1.0
vn -0.0 -0.0 1.0
vn -0.0 -0.0 1.0
vn -0.0 0.7071 0.7071
vn -0.0 0.5258 0.8506
vn 0.0 0.0 1.0
vn -0.0 0.426 0.9047
vn 0.0 0.0 1.0
vn 0.0 -0.0 1.0
vn -0.0 0.7071 0.7071
vn -0.0 0.5258 0.8506
vn 0.0 0.0 1.0
vn -0.0 0.426 0.9047
vn 0.0 -0.7071 0.7071
vn 0.0 -0.0 1.0
vn -0.0 -0.0 1.0
vn -0.0 -0.0 1.0
vn -0.0 -0.0 1.0
vn -0.0 0.0 1.0
vn 0.0 0.0 1.0
vn 0.0 0.0 1.0
vn -0.0 -0.0 1.0
vn 0.0 0.0 1.0
vn 0.0 0.0 1.0
vn 0.0 0.0 1.0
vn -2.0E-4 0.5259 0.8505
vn 0.3262 0.6426 0.6934
vn 0.3865 0.3865 0.8374
vn 0.4629 0.4629 0.7559
vn 0.6426 0.3262 0.6933
vn 0.6426 0.3262 0.6934
vn 0.526 -0.0 0.8505
vn 0.0 -0.0 1.0
vn 0.5259 -0.0 0.8505
vn -0.0 0.526 0.8505
vn 0.7071 0.0 0.7071
vn 0.5258 0.0 0.8506
vn 0.0 -0.0 1.0
vn 0.426 0.0 0.9047
vn -0.0 -0.0 1.0
vn 0.6948 0.0644 0.7163
vn 0.6012 0.2303 0.7652
vn 0.6426 0.3262 0.6933
vn 0.3477 0.5703 0.7442
vn 0.25 0.5665 0.7852
vn 0.0567 0.6961 0.7157
vn -0.0 -0.0 1.0
vn 0.6425 0.3262 0.6933
vn 0.0808 0.1651 0.983
vn 0.0178 0.2269 0.9738
vn 0.0558 0.6983 0.7136
vn 0.3474 0.5641 0.7491
vn 0.1819 0.0679 0.981
vn 0.1788 0.0657 0.9817
vn 0.5999 0.2295 0.7665
vn 0.6978 0.0672 0.7132
vn -0.0 -0.0 1.0
vn -0.0 -0.0 1.0
vn -0.0 -0.0 1.0
vn -0.0 -0.0 1.0
vn -0.0 -0.0 1.0
vn 0.0 -0.0 1.0
vn 0.0 -0.0 1.0
vn 0.0 -0.0 1.0
vn -0.0 -0.0 1.0
vn 0.7071 0.0 0.7071
vn 0.5258 0.0 0.8506
vn 0.0 -0.0 1.0
vn 0.426 0.0 0.9047
vn -0.0 -0.0 1.0
vn 0.6948 0.0644 0.7163
vn 0.6012 0.2303 0.7652
vn 0.6426 0.3262 0.6933
vn 0.3477 0.5703 0.7442
vn 0.25 0.5665 0.7852
vn 0.0567 0.6961 0.7157
vn -0.0 -0.0 1.0
vn 0.6425 0.3262 0.6933
vn 0.0808 0.1651 0.983
vn 0.0178 0.2269 0.9738
vn 0.0558 0.6983 0.7136
vn 0.3474 0.5641 0.7491
vn 0.1819 0.0679 0.981
vn 0.1788 0.0657 0.9817
vn 0.5999 0.2295 0.7665
vn 0.6978 0.0672 0.7132
vn 0.0 0.0 1.0
vn 0.0 0.0 1.0
vn 0.0 0.0 1.0
vn 0.0 -0.0 1.0
vn -0.0 0.0 1.0
vn 0.0 0.0 1.0
vn -0.0 -0.0 1.0
vn -0.0 -0.0 1.0
vn -0.0 -0.0 1.0
vn -0.0 -0.0 1.0
vn 0.0 0.0 1.0
vn 0.0 -0.0 1.0
vn -2.0E-4 0.5259 0.8505
vn 0.3262 0.6426 0.6934
vn 0.3865 0.3865 0.8374
vn 0.4629 0.4629 0.7559
vn 0.6426 0.3262 0.6933
vn 0.6426 0.3262 0.6934
vn 0.526 -0.0 0.8505
vn 0.0 -0.0 1.0
vn 0.5259 -0.0 0.8505
vn -0.0 0.526 0.8505
vn -0.0 -0.0 1.0
vn 0.6948 0.0644 0.7163
vn 0.6012 0.2303 0.7652
vn 0.6426 0.3262 0.6933
vn 0.3477 0.5703 0.7442
vn 0.25 0.5665 0.7852
vn 0.0567 0.6961 0.7157
vn -0.0 -0.0 1.0
vn 0.6425 0.3262 0.6933
vn 0.0808 0.1651 0.983
vn 0.0178 0.2269 0.9738
vn 0.0558 0.6983 0.7136
vn 0.3474 0.5641 0.7491
vn 0.1819 0.0679 0.981
vn 0.1788 0.0657 0.9817
vn 0.5999 0.2295 0.7665
vn 0.6978 0.0672 0.7132
vn 0.0 -0.0 1.0
vn -0.0 0.0 1.0
vn 0.0 0.0 1.0
vn 0.0 0.0 1.0
vn -0.0 -0.0 1.0
vn -0.0 -0.0 1.0
vn -0.0 -0.0 1.0
vn 0.0 -0.0 1.0
vn -0.0 -0.0 1.0
vn 0.0 -0.0 1.0
vn -0.0 0.7071 0.7071
vn -0.0 0.5258 0.8506
vn 0.0 0.0 1.0
vn -0.0 0.426 0.9047
vn -0.0 -0.0 1.0
vn 0.0 -0.0 1.0
vn -0.0 -0.0 1.0
vn -0.0 -0.0 1.0
vn 0.0 0.0 1.0
vn 0.0 0.0 1.0
vn -0.0 -0.0 1.0
vn -0.0 -0.0 1.0
vn -0.0 -0.0 1.0
vn 0.0 -0.0 1.0
vn 0.0 -0.0 1.0
vn -0.0644 0.6948 0.7163
vn -0.2303 0.6012 0.7652
vn -0.3262 0.6426 0.6933
vn -0.5703 0.3477 0.7442
vn -0.5665 0.25 0.7852
vn -0.6961 0.0567 0.7157
vn 0.0 -0.0 1.0
vn -0.3262 0.6425 0.6933
vn -0.1651 0.0808 0.983
vn -0.2269 0.0178 0.9738
vn -0.6983 0.0558 0.7136
vn -0.5641 0.3474 0.7491
vn -0.0679 0.1819 0.981
vn -0.0657 0.1788 0.9817
vn -0.2295 0.5999 0.7665
vn -0.0672 0.6978 0.7132
vn 0.0 0.0 1.0
vn 0.0 0.0 1.0
vn -0.0 -0.0 1.0
vn -0.0 -0.0 1.0
vn 0.0 0.0 1.0
vn 0.0 0.0 1.0
vn -0.0 -0.0 1.0
vn -0.0 -0.0 1.0
vn -0.0 -0.0 1.0
vn -0.0 -0.0 1.0
vn 0.0 -0.0 1.0
vn -0.5259 -2.0E-4 0.8505
vn -0.6426 0.3262 0.6934
vn -0.3865 0.3865 0.8374
vn -0.4629 0.4629 0.7559
vn -0.3262 0.6426 0.6933
vn -0.3262 0.6426 0.6934
vn 0.0 0.526 0.8505
vn 0.0 0.0 1.0
vn 0.0 0.5259 0.8505
vn -0.526 -0.0 0.8505
vn 0.0 -0.0 1.0
vn -0.0644 0.6948 0.7163
vn -0.2303 0.6012 0.7652
vn -0.3262 0.6426 0.6933
vn -0.5703 0.3477 0.7442
vn -0.5665 0.25 0.7852
vn -0.6961 0.0567 0.7157
vn 0.0 -0.0 1.0
vn -0.3262 0.6425 0.6933
vn -0.1651 0.0808 0.983
vn -0.2269 0.0178 0.9738
vn -0.6983 0.0558 0.7136
vn -0.5641 0.3474 0.7491
vn -0.0679 0.1819 0.981
vn -0.0657 0.1788 0.9817
vn -0.2295 0.5999 0.7665
vn -0.0672 0.6978 0.7132
vn 0.0 0.0 1.0
vn 0.0 0.0 1.0
vn 0.0 0.0 1.0
vn -2.0E-4 0.5259 0.8505
vn 0.3262 0.6426 0.6934
vn 0.3865 0.3865 0.8374
vn 0.4629 0.4629 0.7559
vn 0.6426 0.3262 0.6933
vn 0.6426 0.3262 0.6934
vn 0.526 -0.0 0.8505
vn 0.0 -0.0 1.0
vn 0.5259 -0.0 0.8505
vn -0.0 0.526 0.8505
vn -0.0 -0.0 1.0
vn 0.6948 0.0644 0.7163
vn 0.6012 0.2303 0.7652
vn 0.6426 0.3262 0.6933
vn 0.3477 0.5703 0.7442
vn 0.25 0.5665 0.7852
vn 0.0567 0.6961 0.7157
vn -0.0 -0.0 1.0
vn 0.6425 0.3262 0.6933
vn 0.0808 0.1651 0.983
vn 0.0178 0.2269 0.9738
vn 0.0558 0.6983 0.7136
vn 0.3474 0.5641 0.7491
vn 0.1819 0.0679 0.981
vn 0.1788 0.0657 0.9817
vn 0.5999 0.2295 0.7665
vn 0.6978 0.0672 0.7132
vn 0.0 -0.7071 0.7071
vn 0.0 -0.0 1.0
vn -0.0 -0.0 1.0
vn 0.0 0.0 1.0
vn 0.0 0.0 1.0
vn -0.0 -0.0 1.0
vn -0.0 -0.0 1.0
vn -0.0 -0.0 1.0
vn -0.0 -0.0 1.0
vn -0.0 0.0 1.0
vn 0.0 -0.0 1.0
vn -0.0 -0.0 1.0
vn 0.0 0.0 1.0
vn -0.0 0.7071 0.7071
vn -0.0 0.5258 0.8506
vn 0.0 0.0 1.0
vn -0.0 0.426 0.9047
vn 0.0 0.0 1.0
vn -2.0E-4 0.5259 0.8505
vn 0.3262 0.6426 0.6934
vn 0.3865 0.3865 0.8374
vn 0.4629 0.4629 0.7559
vn 0.6426 0.3262 0.6933
vn 0.6426 0.3262 0.6934
vn 0.526 -0.0 0.8505
vn 0.0 -0.0 1.0
vn 0.5259 -0.0 0.8505
vn -0.0 0.526 0.8505
vn -0.0 -0.0 1.0
vn 0.6948 0.0644 0.7163
vn 0.6012 0.2303 0.7652
vn 0.6426 0.3262 0.6933
vn 0.3477 0.5703 0.7442
vn 0.25 0.5665 0.7852
vn 0.0567 0.6961 0.7157
vn -0.0 -0.0 1.0
vn 0.6425 0.3262 0.6933
vn 0.0808 0.1651 0.983
vn 0.0178 0.2269 0.9738
vn 0.0558 0.6983 0.7136
vn 0.3474 0.5641 0.7491
vn 0.1819 0.0679 0.981
vn 0.1788 0.0657 0.9817
vn 0.5999 0.2295 0.7665
vn 0.6978 0.0672 0.7132
vn 0.0 -0.7071 0.7071
vn -0.0 -0.0 1.0
vn 0.0 0.0 1.0
vn 0.0 0.0 1.0
vn -0.0 -0.0 1.0
vn -0.0 -0.0 1.0
vn -0.0 -0.0 1.0
vn 0.0 -0.0 1.0
vn -2.0E-4 0.5259 0.8505
vn 0.3262 0.6426 0.6934
vn 0.3865 0.3865 0.8374
vn 0.4629 0.4629 0.7559
vn 0.6426 0.3262 0.6933
vn 0.6426 0.3262 0.6934
vn 0.526 -0.0 0.8505
vn 0.0 -0.0 1.0
vn 0.5259 -0.0 0.8505
vn -0.0 0.526 0.8505
vn -0.0 -0.0 1.0
vn 0.6948 0.0644 0.7163
vn 0.6012 0.2303 0.7652
vn 0.6426 0.3262 0.6933
vn 0.3477 0.5703 0.7442
vn 0.25 0.5665 0.7852
vn 0.0567 0.6961 0.7157
vn -0.0 -0.0 1.0
vn 0.6425 0.3262 0.6933
vn 0.0808 0.1651 0.983
vn 0.0178 0.2269 0.9738
vn 0.0558 0.6983 0.7136
vn 0.3474 0.5641 0.7491
vn 0.1819 0.0679 0.981
vn 0.1788 0.0657 0.9817
vn 0.5999 0.2295 0.7665
vn 0.6978 0.0672 0.7132
vn 0.0 0.0 1.0
vn 0.0 0.0 1.0
vn -0.0 0.7071 0.7071
vn -0.0 0.5258 0.8506
vn 0.0 0.0 1.0
vn -0.0 0.426 0.9047
vn -0.0 -0.0 1.0
vn -0.0 -0.0 1.0
vn -0.0 -0.0 1.0
vn -0.0 -0.0 1.0
vn 0.0 0.0 1.0
vn 0.0 0.0 1.0
vn -0.0 -0.0 1.0
vn -0.0 -0.0 1.0
vn 0.0 -0.0 1.0
vn -0.0 -0.0 1.0
vn -0.0 -0.0 1.0
vn 0.6948 0.0644 0.7163
vn 0.6012 0.2303 0.7652
vn 0.6426 0.3262 0.6933
vn 0.3477 0.5703 0.7442
vn 0.25 0.5665 0.7852
vn 0.0567 0.6961 0.7157
vn -0.0 -0.0 1.0
vn 0.6425 0.3262 0.6933
vn 0.0808 0.1651 0.983
vn 0.0178 0.2269 0.9738
vn 0.0558 0.6983 0.7136
vn 0.3474 0.5641 0.7491
vn 0.1819 0.0679 0.981
vn 0.1788 0.0657 0.9817
vn 0.5999 0.2295 0.7665
vn 0.6978 0.0672 0.7132
vn 0.0 0.0 1.0
vn 0.0 0.0 1.0
vn -2.0E-4 0.5259 0.8505
vn 0.3262 0.6426 0.6934
vn 0.3865 0.3865 0.8374
vn 0.4629 0.4629 0.7559
vn 0.6426 0.3262 0.6933
vn 0.6426 0.3262 0.6934
vn 0.526 -0.0 0.8505
vn 0.0 -0.0 1.0
vn 0.5259 -0.0 0.8505
vn -0.0 0.526 0.8505
vn -0.0 -0.0 1.0
vn 0.6948 0.0644 0.7163
vn 0.6012 0.2303 0.7652
vn 0.6426 0.3262 0.6933
vn 0.3477 0.5703 0.7442
vn 0.25 0.5665 0.7852
vn 0.0567 0.6961 0.7157
vn -0.0 -0.0 1.0
vn 0.6425 0.3262 0.6933
vn 0.0808 0.1651 0.983
vn 0.0178 0.2269 0.9738
vn 0.0558 0.6983 0.7136
vn 0.3474 0.5641 0.7491
vn 0.1819 0.0679 0.981
vn 0.1788 0.0657 0.9817
vn 0.5999 0.2295 0.7665
vn 0.6978 0.0672 0.7132
vn -0.0 -0.0 1.0
vn -0.0 -0.0 1.0
vn 0.0 0.0 1.0
vn 0.0 0.0 1.0
vn -0.0 -0.0 1.0
vn -0.0 -0.0 1.0
vn 0.0 0.0 1.0
vn 0.0 0.0 1.0
vn 0.0 0.0 1.0
vn -0.0 0.7071 0.7071
vn -0.0 0.5258 0.8506
vn 0.0 0.0 1.0
vn -0.0 0.426 0.9047
vn -0.0 -0.0 1.0
vn 0.0 -0.0 1.0
vn -0.0 -0.0 1.0
vn -0.0 -0.0 1.0
vn 0.0 0.0 1.0
vn 0.0 0.0 1.0
vn -0.0 -0.0 1.0
vn 0.0 0.0 1.0
vn -2.0E-4 0.5259 0.8505
vn 0.3262 0.6426 0.6934
vn 0.3865 0.3865 0.8374
vn 0.4629 0.4629 0.7559
vn 0.6426 0.3262 0.6933
vn 0.6426 0.3262 0.6934
vn 0.526 -0.0 0.8505
vn 0.0 -0.0 1.0
vn 0.5259 -0.0 0.8505
vn -0.0 0.526 0.8505
vn -0.0 -0.0 1.0
vn 0.6948 0.0644 0.7163
vn 0.6012 0.2303 0.7652
vn 0.6426 0.3262 0.6933
vn 0.3477 0.5703 0.7442
vn 0.25 0.5665 0.7852
vn 0.0567 0.6961 0.7157
vn -0.0 -0.0 1.0
vn 0.6425 0.3262 0.6933
vn 0.0808 0.1651 0.983
vn 0.0178 0.2269 0.9738
vn 0.0558 0.6983 0.7136
vn 0.3474 0.5641 0.7491
vn 0.1819 0.0679 0.981
vn 0.1788 0.0657 0.9817
vn 0.5999 0.2295 0.7665
vn 0.6978 0.0672 0.7132
vn 0.0 -0.0 1.0
vn -0.0 -0.0 1.0
vn -0.0 0.0 1.0
vn -0.0 -0.0 1.0
vn 0.0 0.0 1.0
vn 0.0 0.0 1.0
vn -0.0 -0.6953 0.7187
vn -1.0 0.0 0.0
vn 0.0 0.0 1.0
vn -0.0 -1.0 0.0
vn 0.0 1.0 0.0
vn 1.0 -0.0 0.0
vn -0.0 0.7071 0.7071
vn -0.0 0.5258 0.8506
vn 0.0 0.0 1.0
vn -0.0 0.426 0.9047
vn -0.0 -0.0 1.0
vn -0.0 -0.0 1.0
vn 0.0 -0.0 1.0
vn -0.0 -0.0 1.0
vn 0.0 -0.0 1.0
vn -0.0 -0.0 1.0
vn 0.0 -0.0 1.0
vn 0.0 -0.0 1.0
vn -0.0 -0.0 1.0
vn -0.0 -0.0 1.0
vn 0.0 -0.0 1.0
vn 0.0 -0.0 1.0
vn 0.0 -0.0 1.0
vn 0.0 -0.0 1.0
vn 0.0 -0.0 1.0
vn -0.0 -0.0 1.0
vn 0.0 -0.0 1.0
vn 0.0 -0.0 1.0
vn -0.0 -0.0 1.0
vn -0.0 0.0 1.0
vn -0.0 -0.0 1.0
vn 0.0 0.0 1.0
vn 0.0 -0.0 1.0
vn -0.0 -0.0 1.0
vn -0.0 -0.0 1.0
vn -0.0 -0.0 1.0
vn 0.0 -0.0 1.0
vn 0.0 -0.0 1.0
vn -0.0 -0.0 1.0
vn 0.0 -0.0 1.0
vn -0.0 -0.0 1.0
vn 0.0 -0.0 1.0
vn -2.0E-4 0.5259 0.8505
vn 0.3262 0.6426 0.6934
vn 0.3865 0.3865 0.8374
vn 0.4629 0.4629 0.7559
vn 0.6426 0.3262 0.6933
vn 0.6426 0.3262 0.6934
vn 0.526 -0.0 0.8505
vn 0.0 -0.0 1.0
vn 0.5259 -0.0 0.8505
vn -0.0 0.526 0.8505
vn -0.0 -0.0 1.0
vn 0.6948 0.0644 0.7163
vn 0.6012 0.2303 0.7652
vn 0.6426 0.3262 0.6933
vn 0.3477 0.5703 0.7442
vn 0.25 0.5665 0.7852
vn 0.0567 0.6961 0.7157
vn -0.0 -0.0 1.0
vn 0.6425 0.3262 0.6933
vn 0.0808 0.1651 0.983
vn 0.0178 0.2269 0.9738
vn 0.0558 0.6983 0.7136
vn 0.3474 0.5641 0.7491
vn 0.1819 0.0679 0.981
vn 0.1788 0.0657 0.9817
vn 0.5999 0.2295 0.7665
vn 0.6978 0.0672 0.7132
vn 0.0 -0.0 1.0
vn 0.0 -0.0 1.0
vn -0.0 -0.0 1.0
vn -0.0 -0.0 1.0
vn 0.0 -0.0 1.0
vn -0.0 -0.0 1.0
vn 0.0 -0.0 1.0
vn 0.0 -0.0 1.0
vn -0.0 -0.0 1.0
vn -0.0 0.0 1.0
vn 0.0 0.0 1.0
vn -0.0 -0.0 1.0
vn 0.0 -0.0 1.0
vn -0.0 0.7071 0.7071
vn -0.0 0.5258 0.8506
vn 0.0 0.0 1.0
vn -0.0 0.426 0.9047
vn 0.0 -0.7071 0.7071
vn -0.0 -0.0 1.0
vn -0.0 -0.0 1.0
vn -0.0 -0.0 1.0
vn 0.0 -0.0 1.0
vn -0.0 -0.0 1.0
vn 0.0 -0.0 1.0
vn 0.0 -0.0 1.0
vn -0.0 -0.0 1.0
vn -0.0 0.0 1.0
vn -0.0 0.0 1.0
vn 0.0 -0.0 1.0
vn -0.0 -0.0 1.0
vn 0.0 -0.0 1.0
vn 0.0 -0.0 1.0
vn -0.0 -0.0 1.0
vn -0.0 0.0 1.0
vn -0.0 0.0 1.0
vn 0.0 -0.0 1.0
vn -0.0 -0.0 1.0
vn -0.0 -0.0 1.0
vn -0.0 -0.0 1.0
vn -0.0 0.0 1.0
vn 0.0 -0.0 1.0
vn 0.0 -0.0 1.0
vn -0.0 -0.0 1.0
vn -0.0 0.0 1.0
vn -0.0 0.0 1.0
vn -0.0 -0.0 1.0
vn 0.0 -0.0 1.0
vn -0.0 -0.0 1.0
vn 0.0 -0.0 1.0
vn 0.0 -0.0 1.0
vn -0.0 -0.0 1.0
vn -0.0 0.0 1.0
vn -0.0 0.0 1.0
vn -0.0 -0.0 1.0
vn 0.0 -0.0 1.0
vn 0.0 -0.0 1.0
vn -0.0 -0.0 1.0
vn 0.0 -0.0 1.0
vn 0.0 -0.0 1.0
vn -0.0 -0.0 1.0
vn -0.0 0.0 1.0
vn -0.0 0.0 1.0
vn -0.0 -0.0 1.0
vn 0.0 -0.0 1.0
vn 0.0 -0.0 1.0
vn 0.0 -0.0 1.0
vn 0.0 -0.0 1.0
vn 0.0 -0.0 1.0
vn -0.0 -0.0 1.0
vn 0.0 -0.0 1.0
vn -0.0 -0.0 1.0
vn -0.0 0.0 1.0
vn -0.0 0.0 1.0
vn -0.0 -0.0 1.0
vn 0.0 -0.0 1.0
vn 0.0 -0.7712 0.6365
vn -0.0 0.0 1.0
vn -0.0 -0.0 1.0
vn -0.0 -0.0 1.0
vn -0.0 -0.0 1.0
vn -0.0 -0.0 1.0
vn 0.0 -0.0 1.0
vn -0.0 -0.0 1.0
vn -0.0 0.0 1.0
vn -0.0 0.0 1.0
vn 0.0 -0.0 1.0
vn 0.0 -0.0 1.0
vn -0.0 -0.0 1.0
vn -2.0E-4 0.5259 0.8505
vn 0.3262 0.6426 0.6934
vn 0.3865 0.3865 0.8374
vn 0.4629 0.4629 0.7559
vn 0.6426 0.3262 0.6933
vn 0.6426 0.3262 0.6934
vn 0.526 -0.0 0.8505
vn 0.0 -0.0 1.0
vn 0.5259 -0.0 0.8505
vn -0.0 0.526 0.8505
vn -0.0 -0.0 1.0
vn 0.6948 0.0644 0.7163
vn 0.6012 0.2303 0.7652
vn 0.6426 0.3262 0.6933
vn 0.3477 0.5703 0.7442
vn 0.25 0.5665 0.7852
vn 0.0567 0.6961 0.7157
vn -0.0 -0.0 1.0
vn 0.6425 0.3262 0.6933
vn 0.0808 0.1651 0.983
vn 0.0178 0.2269 0.9738
vn 0.0558 0.6983 0.7136
vn 0.3474 0.5641 0.7491
vn 0.1819 0.0679 0.981
vn 0.1788 0.0657 0.9817
vn 0.5999 0.2295 0.7665
vn 0.6978 0.0672 0.7132
vn 0.0 -0.0 1.0
vn 0.0 -0.0 1.0
vn 0.0 -0.0 1.0
vn -0.0 -0.0 1.0
vn -0.0 -0.0 1.0
vn -0.0 -0.0 1.0
vn 0.0 -0.0 1.0
vn -0.0 -0.0 1.0
vn -0.0 -0.0 1.0
vn -0.0 0.7071 0.7071
vn -0.0 0.5258 0.8506
vn 0.0 0.0 1.0
vn -0.0 0.426 0.9047
vn -0.0 -0.0 1.0
vn -0.0 -0.0 1.0
vn -0.0 -0.0 1.0
vn -0.0 -0.0 1.0
vn -0.0 -0.0 1.0
vn 0.6948 0.0644 0.7163
vn 0.6012 0.2303 0.7652
vn 0.6426 0.3262 0.6933
vn 0.3477 0.5703 0.7442
vn 0.25 0.5665 0.7852
vn 0.0567 0.6961 0.7157
vn -0.0 -0.0 1.0
vn 0.6425 0.3262 0.6933
vn 0.0808 0.1651 0.983
vn 0.0178 0.2269 0.9738
vn 0.0558 0.6983 0.7136
vn 0.3474 0.5641 0.7491
vn 0.1819 0.0679 0.981
vn 0.1788 0.0657 0.9817
vn 0.5999 0.2295 0.7665
vn 0.6978 0.0672 0.7132
vn 0.0 -0.0 1.0
vn 0.0 -0.0 1.0
vn 0.0 -0.0 1.0
vn -0.0 -0.0 1.0
vn -0.0 -0.0 1.0
vn 0.0 -0.0 1.0
vn 0.0 -0.0 1.0
vn -0.0 -0.0 1.0
vn -0.0 0.0 1.0
vn 0.0 0.0 1.0
vn 0.0 0.0 1.0
vn -0.0 0.0 1.0
vn -0.0 -0.0 1.0
vn -0.0 -0.0 1.0
vn -0.0 0.0 1.0
vn -0.0 -0.0 1.0
vn -0.0 -0.0 1.0
vn -0.0 -0.0 1.0
vn -0.0 -0.0 1.0
vn -0.0 -0.0 1.0
vn -0.0 -0.0 1.0
vn -0.0 -0.0 1.0
vn -0.0 -0.0 1.0
vn -0.0 -0.0 1.0
vn -0.0 -0.0 1.0
vn -0.0 -0.0 1.0
vn -0.0 -0.0 1.0
vn -0.0 -0.0 1.0
vn -0.0 -0.0 1.0
vn -0.0 -0.0 1.0
vn -0.0 -0.0 1.0
vn -0.0 -0.0 1.0
vn -0.0 -0.0 1.0
vn -0.0 -0.0 1.0
vn 0.0 -0.0 1.0
vn 0.0 -0.0 1.0
vn 0.0 -0.0 1.0
vn 0.0 0.0 1.0
vn 0.0 -0.0 1.0
vn 0.0 -0.0 1.0
vn 0.0 0.0 1.0
vn 0.0 -0.0 1.0
vn 0.0 -0.0 1.0
vn 0.0 -0.0 1.0
vn 0.0 -0.0 1.0
vn 0.0 -0.0 1.0
vn 0.0 -0.0 1.0
vn 0.0 -0.0 1.0
vn 0.0 -0.0 1.0
vn -0.0 1.0 0.0
vn -0.0 0.0 1.0
vn 1.0 0.0 0.0
vn -1.0 0.0 0.0
vn 0.0 0.0 1.0
vn 0.0 0.0 1.0
vn 0.0 0.0 1.0
vn 0.0 0.0 1.0
vn 0.0 0.0 1.0
vn 0.0 0.0 1.0
vn 0.0 0.0 1.0
vn 0.0 0.0 1.0
vn 0.0 0.0 1.0
vn 0.0 0.0 1.0
vn 0.0 0.0 1.0
vn 0.0 0.0 1.0
vn 0.0 0.0 1.0
vn 0.0 0.0 1.0
vn 0.0 0.0 1.0
vn 0.0 0.0 1.0
vn 0.0 0.0 1.0
vn 0.0 0.0 1.0
vn 0.0 0.0 1.0
vn 0.0 0.0 1.0
vn -0.0 -0.0 1.0
vn -0.7071 -0.5 0.5
vn 0.0 0.0 1.0
vn 0.0 -1.0 0.0
vn 0.0 -0.0 1.0
vn -1.0 -0.0 0.0
vn 1.0 -0.0 0.0
vn -0.0 -0.0 1.0
vn -0.7071 -0.5 0.5
vn 0.0 0.0 1.0
vn 0.5258 -0.0 0.8506
vn -0.0098 -0.0 1.0
vn 0.0089 -0.0186 0.9998
vn 0.6953 -0.0 0.7187
vn 0.4005 0.3254 0.8566
vn 0.426 0.0 0.9047
vn 0.0 4.0E-4 1.0
vn 0.0 2.0E-4 1.0
vn 0.0058 -0.0 1.0
vn -0.0 1.0 0.0
vn -0.0 0.0 1.0
vn 1.0 0.0 0.0
vn -1.0 0.0 0.0
vn -1.0 -0.0 0.0
vn -0.0 -0.0 1.0
vn -0.0 1.0 0.0
vn -0.0 -1.0 0.0
vn 0.0 -0.0 1.0
vn 0.0 -0.8336 0.5524
vn 0.0 -0.8336 0.5523
vn 0.0 -0.0 1.0
vn 0.0 -0.8336 0.5524
vn 0.0 -0.8336 0.5523
vn 0.0 -0.8336 0.5524
vn 0.0 -0.8336 0.5523
vn 0.0 -0.0 1.0
vn -0.0 -0.0 1.0
vn -0.0 -0.0 1.0
c 1.0 1.0 1.0
c 1.0 1.0 1.0
c 1.0 1.0 1.0
c 1.0 1.0 1.0
c 1.0 1.0 1.0
c 1.0 1.0 1.0
c 1.0 1.0 1.0
c 1.0 1.0 1.0
c 1.0 1.0 1.0
c 1.0 1.0 1.0
c 1.0 1.0 1.0
c 1.0 1.0 1.0
c 1.0 1.0 1.0
c 1.0 1.0 1.0
c 1.0 1.0 1.0
c 1.0 1.0 1.0
c 1.0 1.0 1.0
c 1.0 1.0 1.0
c 1.0 1.0 1.0
c 1.0 1.0 1.0
c 1.0 1.0 1.0
c 1.0 1.0 1.0
c 1.0 1.0 1.0
c 1.0 1.0 1.0
c 1.0 1.0 1.0
c 1.0 1.0 1.0
c 1.0 1.0 1.0
c 1.0 1.0 1.0
c 1.0 1.0 1.0
c 1.0 1.0 1.0
c 1.0 1.0 1.0
c 1.0 1.0 1.0
c 1.0 1.0 1.0
c 1.0 1.0 1.0
c 1.0 1.0 1.0
c 1.0 1.0 1.0
c 1.0 1.0 1.0
c 1.0 1.0 1.0
c 1.0 1.0 1.0
c 1.0 1.0 1.0
c 1.0 1.0 1.0
c 1.0 1.0 1.0
c 1.0 1.0 1.0
c 1.0 1.0 1.0
c 1.0 1.0 1.0
c 1.0 1.0 1.0
c 1.0 1.0 1.0
c 1.0 1.0 1.0
c 1.0 1.0 1.0
c 1.0 1.0 1.0
c 1.0 1.0 1.0
c 1.0 1.0 1.0
c 1.0 1.0 1.0
c 1.0 1.0 1.0
c 1.0 1.0 1.0
c 1.0 1.0 1.0
c 1.0 1.0 1.0
c 1.0 1.0 1.0
c 1.0 1.0 1.0
c 1.0 1.0 1.0
c 1.0 1.0 1.0
c 1.0 1.0 1.0
c 1.0 1.0 1.0
c 1.0 1.0 1.0
c 1.0 1.0 1.0
c 1.0 1.0 1.0
c 1.0 1.0 1.0
c 1.0 1.0 1.0
c 1.0 1.0 1.0
c 1.0 1.0 1.0
c 1.0 1.0 1.0
c 1.0 1.0 1.0
c 1.0 1.0 1.0
c 1.0 1.0 1.0
c 1.0 1.0 1.0
c 1.0 1.0 1.0
c 1.0 1.0 1.0
c 1.0 1.0 1.0
c 1.0 1.0 1.0
c 1.0 1.0 1.0
c 1.0 1.0 1.0
c 1.0 1.0 1.0
c 1.0 1.0 1.0
c 1.0 1.0 1.0
c 1.0 1.0 1.0
c 1.0 1.0 1.0
c 1.0 1.0 1.0
c 1.0 1.0 1.0
c 1.0 1.0 1.0
c 1.0 1.0 1.0
c 1.0 1.0 1.0
c 1.0 1.0 1.0
c 1.0 1.0 1.0
c 1.0 1.0 1.0
c 1.0 1.0 1.0
c 1.0 1.0 1.0
c 1.0 1.0 1.0
c 1.0 1.0 1.0
c 1.0 1.0 1.0
c 1.0 1.0 1.0
c 1.0 1.0 1.0
c 1.0 1.0 1.0
c 1.0 1.0 1.0
c 1.0 1.0 1.0
c 1.0 1.0 1.0
c 1.0 1.0 1.0
c 1.0 1.0 1.0
c 1.0 1.0 1.0
c 1.0 1.0 1.0
c 1.0 1.0 1.0
c 1.0 1.0 1.0
c 1.0 1.0 1.0
c 1.0 1.0 1.0
c 1.0 1.0 1.0
c 1.0 1.0 1.0
c 1.0 1.0 1.0
c 1.0 1.0 1.0
c 1.0 1.0 1.0
c 1.0 1.0 1.0
c 1.0 1.0 1.0
c 1.0 1.0 1.0
c 1.0 1.0 1.0
c 1.0 1.0 1.0
c 1.0 1.0 1.0
c 1.0 1.0 1.0
c 1.0 1.0 1.0
c 1.0 1.0 1.0
c 1.0 1.0 1.0
c 1.0 1.0 1.0
c 1.0 1.0 1.0
c 1.0 1.0 1.0
c 1.0 1.0 1.0
c 1.0 1.0 1.0
c 1.0 1.0 1.0
c 1.0 1.0 1.0
c 1.0 1.0 1.0
c 1.0 1.0 1.0
c 1.0 1.0 1.0
c 1.0 1.0 1.0
c 1.0 1.0 1.0
c 1.0 1.0 1.0
c 1.0 1.0 1.0
c 1.0 1.0 1.0
c 1.0 1.0 1.0
c 1.0 1.0 1.0
c 1.0 1.0 1.0
c 1.0 1.0 1.0
c 1.0 1.0 1.0
c 1.0 1.0 1.0
c 1.0 1.0 1.0
c 1.0 1.0 1.0
c 1.0 1.0 1.0
c 1.0 1.0 1.0
c 1.0 1.0 1.0
c 1.0 1.0 1.0
c 1.0 1.0 1.0
c 1.0 1.0 1.0
c 1.0 1.0 1.0
c 1.0 1.0 1.0
c 1.0 1.0 1.0
c 1.0 1.0 1.0
c 1.0 1.0 1.0
c 1.0 1.0 1.0
c 1.0 1.0 1.0
c 1.0 1.0 1.0
c 1.0 1.0 1.0
c 1.0 1.0 1.0
c 1.0 1.0 1.0
c 1.0 1.0 1.0
c 1.0 1.0 1.0
c 1.0 1.0 1.0
c 1.0 1.0 1.0
c 1.0 1.0 1.0
c 1.0 1.0 1.0
c 1.0 1.0 1.0
c 1.0 1.0 1.0
c 1.0 1.0 1.0
c 1.0 1.0 1.0
c 1.0 1.0 1.0
c 1.0 1.0 1.0
c 1.0 1.0 1.0
c 1.0 1.0 1.0
c 1.0 1.0 1.0
c 1.0 1.0 1.0
c 1.0 1.0 1.0
c 1.0 1.0 1.0
c 1.0 1.0 1.0
c 1.0 1.0 1.0
c 1.0 1.0 1.0
c 1.0 1.0 1.0
c 1.0 1.0 1.0
c 1.0 1.0 1.0
c 1.0 1.0 1.0
c 1.0 1.0 1.0
c 1.0 1.0 1.0
c 1.0 1.0 1.0
c 1.0 1.0 1.0
c 1.0 1.0 1.0
c 1.0 1.0 1.0
c 1.0 1.0 1.0
c 1.0 1.0 1.0
c 1.0 1.0 1.0
c 1.0 1.0 1.0
c 1.0 1.0 1.0
c 1.0 1.0 1.0
c 1.0 1.0 1.0
c 1.0 1.0 1.0
c 1.0 1.0 1.0
c 1.0 1.0 1.0
c 1.0 1.0 1.0
c 1.0 1.0 1.0
c 1.0 1.0 1.0
c 1.0 1.0 1.0
c 1.0 1.0 1.0
c 1.0 1.0 1.0
c 1.0 1.0 1.0
c 1.0 1.0 1.0
c 1.0 1.0 1.0
c 1.0 1.0 1.0
c 1.0 1.0 1.0
c 1.0 1.0 1.0
c 1.0 1.0 1.0
c 1.0 1.0 1.0
c 1.0 1.0 1.0
c 1.0 1.0 1.0
c 1.0 1.0 1.0
c 1.0 1.0 1.0
c 1.0 1.0 1.0
c 1.0 1.0 1.0
c 1.0 1.0 1.0
c 1.0 1.0 1.0
c 1.0 1.0 1.0
c 1.0 1.0 1.0
c 1.0 1.0 1.0
c 1.0 1.0 1.0
c 1.0 1.0 1.0
c 1.0 1.0 1.0
c 1.0 1.0 1.0
c 1.0 1.0 1.0
c 1.0 1.0 1.0
c 1.0 1.0 1.0
c 1.0 1.0 1.0
c 1.0 1.0 1.0
c 1.0 1.0 1.0
c 1.0 1.0 1.0
c 1.0 1.0 1.0
c 1.0 1.0 1.0
c 1.0 1.0 1.0
c 1.0 1.0 1.0
c 1.0 1.0 1.0
c 1.0 1.0 1.0
c 1.0 1.0 1.0
c 1.0 1.0 1.0
c 1.0 1.0 1.0
c 1.0 1.0 1.0
c 1.0 1.0 1.0
c 1.0 1.0 1.0
c 1.0 1.0 1.0
c 1.0 1.0 1.0
c 1.0 1.0 1.0
c 1.0 1.0 1.0
c 1.0 1.0 1.0
c 1.0 1.0 1.0
c 1.0 1.0 1.0
c 1.0 1.0 1.0
c 1.0 1.0 1.0
c 1.0 1.0 1.0
c 1.0 1.0 1.0
c 1.0 1.0 1.0
c 1.0 1.0 1.0
c 1.0 1.0 1.0
c 1.0 1.0 1.0
c 1.0 1.0 1.0
c 1.0 1.0 1.0
c 1.0 1.0 1.0
c 1.0 1.0 1.0
c 1.0 1.0 1.0
c 1.0 1.0 1.0
c 1.0 1.0 1.0
c 1.0 1.0 1.0
c 1.0 1.0 1.0
c 1.0 1.0 1.0
c 1.0 1.0 1.0
c 1.0 1.0 1.0
c 1.0 1.0 1.0
c 1.0 1.0 1.0
c 1.0 1.0 1.0
c 1.0 1.0 1.0
c 1.0 1.0 1.0
c 1.0 1.0 1.0
c 1.0 1.0 1.0
c 1.0 1.0 1.0
c 1.0 1.0 1.0
c 1.0 1.0 1.0
c 1.0 1.0 1.0
c 1.0 1.0 1.0
c 1.0 1.0 1.0
c 1.0 1.0 1.0
c 1.0 1.0 1.0
c 1.0 1.0 1.0
c 1.0 1.0 1.0
c 1.0 1.0 1.0
c 1.0 1.0 1.0
c 1.0 1.0 1.0
c 1.0 1.0 1.0
c 1.0 1.0 1.0
c 1.0 1.0 1.0
c 1.0 1.0 1.0
c 1.0 1.0 1.0
c 1.0 1.0 1.0
c 1.0 1.0 1.0
c 1.0 1.0 1.0
c 1.0 1.0 1.0
c 1.0 1.0 1.0
c 1.0 1.0 1.0
c 1.0 1.0 1.0
c 1.0 1.0 1.0
c 1.0 1.0 1.0
c 1.0 1.0 1.0
c 1.0 1.0 1.0
c 1.0 1.0 1.0
c 1.0 1.0 1.0
c 1.0 1.0 1.0
c 1.0 1.0 1.0
c 1.0 1.0 1.0
c 1.0 1.0 1.0
c 1.0 1.0 1.0
c 1.0 1.0 1.0
c 1.0 1.0 1.0
c 1.0 1.0 1.0
c 1.0 1.0 1.0
c 1.0 1.0 1.0
c 1.0 1.0 1.0
c 1.0 1.0 1.0
c 1.0 1.0 1.0
c 1.0 1.0 1.0
c 1.0 1.0 1.0
c 1.0 1.0 1.0
c 1.0 1.0 1.0
c 1.0 1.0 1.0
c 1.0 1.0 1.0
c 1.0 1.0 1.0
c 1.0 1.0 1.0
c 1.0 1.0 1.0
c 1.0 1.0 1.0
c 1.0 1.0 1.0
c 1.0 1.0 1.0
c 1.0 1.0 1.0
c 1.0 1.0 1.0
c 1.0 1.0 1.0
c 1.0 1.0 1.0
c 1.0 1.0 1.0
c 1.0 1.0 1.0
c 1.0 1.0 1.0
c 1.0 1.0 1.0
c 1.0 1.0 1.0
c 1.0 1.0 1.0
c 1.0 1.0 1.0
c 1.0 1.0 1.0
c 1.0 1.0 1.0
c 1.0 1.0 1.0
c 1.0 1.0 1.0
c 1.0 1.0 1.0
c 1.0 1.0 1.0
c 1.0 1.0 1.0
c 1.0 1.0 1.0
c 1.0 1.0 1.0
c 1.0 1.0 1.0
c 1.0 1.0 1.0
c 1.0 1.0 1.0
c 1.0 1.0 1.0
c 1.0 1.0 1.0
c 1.0 1.0 1.0
c 1.0 1.0 1.0
c 1.0 1.0 1.0
c 1.0 1.0 1.0
c 1.0 1.0 1.0
c 1.0 1.0 1.0
c 1.0 1.0 1.0
c 1.0 1.0 1.0
c 1.0 1.0 1.0
c 1.0 1.0 1.0
c 1.0 1.0 1.0
c 1.0 1.0 1.0
c 1.0 1.0 1.0
c 1.0 1.0 1.0
c 1.0 1.0 1.0
c 1.0 1.0 1.0
c 1.0 1.0 1.0
c 1.0 1.0 1.0
c 1.0 1.0 1.0
c 1.0 1.0 1.0
c 1.0 1.0 1.0
c 1.0 1.0 1.0
c 1.0 1.0 1.0
c 1.0 1.0 1.0
c 1.0 1.0 1.0
c 1.0 1.0 1.0
c 1.0 1.0 1.0
c 1.0 1.0 1.0
c 1.0 1.0 1.0
usemtl sea_line02
s off
f 2362/2379/816/391 2360/2380/817/391 2355/2381/818/391 2354/2382/811/391
f 2360/2380/817/391 2361/2383/811/391 2356/2384/811/391 2355/2381/818/391
usemtl grass01
s off
f 65/65/18/12 66/66/18/12 67/67/18/12 68/68/18/12
f 185/185/81/25 186/186/81/25 187/187/81/25 188/188/81/25
f 317/317/135/45 318/318/135/45 319/319/135/45 320/320/135/45
f 321/321/136/46 322/322/136/46 323/323/136/46 324/324/136/46
f 333/333/139/49 334/334/139/49 335/335/139/49 336/336/139/49
f 349/351/143/53 350/352/143/53 351/349/143/53 352/350/143/53
f 429/431/174/65 430/432/174/65 431/429/174/65 432/430/174/65
f 515/515/212/78 516/516/212/78 517/517/212/78 518/518/212/78
f 533/533/218/81 534/534/218/81 535/535/218/81 536/536/218/81
f 541/541/220/83 542/542/220/83 543/543/220/83 544/544/220/83
f 545/545/221/84 546/546/221/84 547/547/221/84 548/548/221/84
f 611/611/247/94 612/612/247/94 613/613/247/94 614/614/247/94
f 615/615/248/95 616/616/248/95 617/617/248/95 618/618/248/95
f 639/639/254/101 640/640/254/101 641/641/254/101 642/642/254/101
f 759/759/315/112 760/761/315/112 761/760/315/112 762/762/315/112
f 783/785/321/118 784/786/321/118 785/783/321/118 786/784/321/118
f 795/797/324/121 796/795/324/121 797/798/324/121 798/796/324/121
f 863/863/359/128 864/864/359/128 865/865/359/128 866/866/359/128
f 959/959/399/140 960/960/399/140 961/961/399/140 962/962/399/140
f 963/965/400/141 964/963/400/141 965/964/400/141 966/966/400/141
f 971/971/402/143 972/973/402/143 973/972/402/143 974/974/402/143
f 1071/1071/455/155 1072/1072/455/155 1073/1073/455/155 1074/1074/455/155
f 1075/1077/456/156 1076/1075/456/156 1077/1078/456/156 1078/1076/456/156
f 1091/1091/460/160 1092/1092/460/160 1093/1093/460/160 1094/1094/460/160
f 1125/1127/468/165 1126/1125/468/165 1127/1126/468/165 1128/1128/468/165
f 1133/1133/470/167 1134/1134/470/167 1135/1135/470/167 1136/1136/470/167
f 1137/1139/471/168 1138/1140/471/168 1139/1137/471/168 1140/1138/471/168
f 1203/1203/504/176 1204/1204/504/176 1205/1205/504/176 1206/1206/504/176
f 1211/1213/506/178 1212/1211/506/178 1213/1214/506/178 1214/1212/506/178
f 1303/1303/519/183 1304/1304/519/183 1305/1305/519/183 1306/1306/519/183
f 1307/1309/520/184 1308/1307/520/184 1309/1308/520/184 1310/1310/520/184
f 1315/1317/522/186 1316/1315/522/186 1317/1316/522/186 1318/1318/522/186
f 1323/1325/524/188 1324/1326/524/188 1325/1323/524/188 1326/1324/524/188
f 1335/1335/527/191 1336/1336/527/191 1337/1337/527/191 1338/1338/527/191
f 1339/1341/528/192 1340/1339/528/192 1341/1340/528/192 1342/1342/528/192
f 1363/1365/534/198 1364/1363/534/198 1365/1366/534/198 1366/1364/534/198
f 1383/1385/539/203 1384/1386/539/203 1385/1383/539/203 1386/1384/539/203
f 1403/1403/542/206 1404/1404/542/206 1405/1405/542/206 1406/1406/542/206
f 1407/1409/543/207 1408/1407/543/207 1409/1408/543/207 1410/1410/543/207
f 1411/1413/544/208 1412/1411/544/208 1413/1414/544/208 1414/1412/544/208
f 1431/1433/549/213 1432/1434/549/213 1433/1431/549/213 1434/1432/549/213
f 1489/1489/580/219 1490/1490/580/219 1491/1491/580/219 1492/1492/580/219
f 1501/1503/583/222 1502/1501/583/222 1503/1504/583/222 1504/1502/583/222
f 1547/1549/596/232 1548/1547/596/232 1549/1548/596/232 1550/1550/596/232
f 1551/1553/597/233 1552/1551/597/233 1553/1552/597/233 1554/1554/597/233
f 1555/1555/598/234 1556/1556/598/234 1557/1557/598/234 1558/1558/598/234
f 1563/1565/600/236 1564/1563/600/236 1565/1566/600/236 1566/1564/600/236
f 1591/1593/607/243 1592/1591/607/243 1593/1594/607/243 1594/1592/607/243
f 1619/1621/614/250 1620/1622/614/250 1621/1619/614/250 1622/1620/614/250
f 1623/1623/615/251 1624/1624/615/251 1625/1625/615/251 1626/1626/615/251
f 1627/1629/616/252 1628/1627/616/252 1629/1628/616/252 1630/1630/616/252
f 1655/1655/623/259 1656/1657/623/259 1657/1658/623/259 1658/1656/623/259
f 1663/1663/625/261 1664/1664/625/261 1665/1665/625/261 1666/1666/625/261
f 1687/1689/631/267 1688/1687/631/267 1689/1690/631/267 1690/1688/631/267
f 1699/1701/634/270 1700/1699/634/270 1701/1700/634/270 1702/1702/634/270
f 1723/1723/640/276 1724/1724/640/276 1725/1725/640/276 1726/1726/640/276
f 1767/1769/651/287 1768/1767/651/287 1769/1770/651/287 1770/1768/651/287
f 1783/1783/655/290 1784/1785/655/290 1785/1784/655/290 1786/1786/655/290
f 1787/1787/656/291 1788/1789/656/291 1789/1788/656/291 1790/1790/656/291
f 1791/1793/657/292 1792/1791/657/292 1793/1792/657/292 1794/1794/657/292
f 1795/1797/658/293 1796/1795/658/293 1797/1796/658/293 1798/1798/658/293
f 1823/1825/665/300 1824/1826/665/300 1825/1823/665/300 1826/1824/665/300
f 1901/1901/701/311 1902/1903/701/311 1903/1902/701/311 1904/1904/701/311
f 1915/1915/706/313 1916/1916/706/313 1917/1917/706/313 1918/1918/706/313
f 1919/1921/707/314 1920/1919/707/314 1921/1920/707/314 1922/1922/707/314
f 1965/1965/730/321 1966/1967/730/321 1967/1968/730/321 1968/1966/730/321
f 1969/1969/731/322 1970/1970/731/322 1971/1971/731/322 1972/1972/731/322
f 1981/1981/734/325 1982/1982/734/325 1983/1983/734/325 1984/1984/734/325
f 2001/2001/739/330 2002/2003/739/330 2003/2004/739/330 2004/2002/739/330
f 2005/2005/740/331 2006/2007/740/331 2007/2008/740/331 2008/2006/740/331
f 2013/2013/742/333 2014/2015/742/333 2015/2016/742/333 2016/2014/742/333
f 2017/2019/743/334 2018/2017/743/334 2019/2020/743/334 2020/2018/743/334
f 2021/2021/744/335 2022/2022/744/335 2023/2023/744/335 2024/2024/744/335
f 2025/2025/745/336 2026/2026/745/336 2027/2027/745/336 2028/2028/745/336
f 2029/2029/746/337 2030/2030/746/337 2031/2031/746/337 2032/2032/746/337
f 2033/2033/747/338 2034/2034/747/338 2035/2035/747/338 2036/2036/747/338
f 2037/2037/748/339 2038/2038/748/339 2039/2039/748/339 2040/2040/748/339
f 2041/2041/749/340 2042/2042/749/340 2043/2043/749/340 2044/2044/749/340
f 2045/2045/750/341 2046/2046/750/341 2047/2047/750/341 2048/2048/750/341
f 2049/2049/751/342 2050/2050/751/342 2051/2051/751/342 2052/2052/751/342
f 2053/2053/752/343 2054/2054/752/343 2055/2055/752/343 2056/2056/752/343
f 2057/2057/753/344 2058/2058/753/344 2059/2059/753/344 2060/2060/753/344
f 2061/2061/754/345 2062/2062/754/345 2063/2063/754/345 2064/2064/754/345
f 2065/2065/755/346 2066/2066/755/346 2067/2067/755/346 2068/2068/755/346
f 2069/2069/756/347 2070/2070/756/347 2071/2071/756/347 2072/2072/756/347
f 2073/2073/757/348 2074/2074/757/348 2075/2075/757/348 2076/2076/757/348
f 2077/2077/758/349 2078/2078/758/349 2079/2079/758/349 2080/2080/758/349
f 2081/2081/759/350 2082/2082/759/350 2083/2083/759/350 2084/2084/759/350
f 93/93/30/15 97/94/30/15 94/95/30/15
f 97/94/30/15 95/96/30/15 94/95/30/15
f 96/97/30/15 95/96/30/15 97/94/30/15
f 139/139/58/18 140/140/58/18 141/141/58/18
f 140/140/58/18 142/142/58/18 141/141/58/18
f 143/143/58/18 142/142/58/18 140/140/58/18
f 295/295/118/44 299/296/118/44 296/297/118/44
f 299/296/118/44 297/298/118/44 296/297/118/44
f 298/299/118/44 297/298/118/44 299/296/118/44
f 363/363/148/55 367/364/148/55 364/365/148/55
f 367/364/148/55 365/366/148/55 364/365/148/55
f 366/367/148/55 365/366/148/55 367/364/148/55
f 461/461/187/69 462/462/187/69 463/463/187/69
f 462/462/187/69 464/464/187/69 463/463/187/69
f 465/465/187/69 464/464/187/69 462/462/187/69
f 573/573/228/91 577/574/228/91 574/575/228/91
f 577/574/228/91 575/576/228/91 574/575/228/91
f 576/577/228/91 575/576/228/91 577/574/228/91
f 667/667/266/104 671/668/266/104 668/669/266/104
f 671/668/266/104 669/670/266/104 668/669/266/104
f 670/671/266/104 669/670/266/104 671/668/266/104
f 729/729/296/109 730/730/296/109 731/731/296/109
f 730/730/296/109 732/732/296/109 731/731/296/109
f 733/733/296/109 732/732/296/109 730/730/296/109
f 837/837/341/126 838/838/341/126 839/839/341/126
f 838/838/341/126 840/840/341/126 839/839/341/126
f 841/841/341/126 840/840/341/126 838/838/341/126
f 911/911/376/136 915/912/376/136 912/913/376/136
f 915/912/376/136 913/914/376/136 912/913/376/136
f 914/915/376/136 913/914/376/136 915/912/376/136
f 999/999/409/150 1003/1000/409/150 1000/1001/409/150
f 1003/1000/409/150 1001/1002/409/150 1000/1001/409/150
f 1002/1003/409/150 1001/1002/409/150 1003/1000/409/150
f 1049/1049/438/154 1050/1050/438/154 1051/1051/438/154
f 1050/1050/438/154 1052/1052/438/154 1051/1051/438/154
f 1053/1053/438/154 1052/1052/438/154 1050/1050/438/154
f 1177/1177/486/174 1178/1178/486/174 1179/1179/486/174
f 1178/1178/486/174 1180/1180/486/174 1179/1179/486/174
f 1181/1181/486/174 1180/1180/486/174 1178/1178/486/174
f 1459/1459/561/216 1460/1460/561/216 1461/1461/561/216
f 1460/1460/561/216 1462/1462/561/216 1461/1461/561/216
f 1463/1463/561/216 1462/1462/561/216 1460/1460/561/216
f 1847/1847/676/302 1848/1848/676/302 1849/1849/676/302
f 1848/1848/676/302 1850/1850/676/302 1849/1849/676/302
f 1851/1851/676/302 1850/1850/676/302 1848/1848/676/302
f 1931/1931/710/317 1932/1932/710/317 1933/1933/710/317
f 1932/1932/710/317 1934/1934/710/317 1933/1933/710/317
f 1935/1935/710/317 1934/1934/710/317 1932/1932/710/317
usemtl road01_r
s off
f 45/46/13/7 46/45/13/7 47/47/13/7 48/48/13/7
f 49/51/14/8 50/49/14/8 51/50/14/8 52/52/14/8
f 53/55/15/9 54/53/15/9 55/54/15/9 56/56/15/9
f 57/58/16/10 58/57/16/10 59/59/16/10 60/60/16/10
f 161/163/75/19 162/161/75/19 163/162/75/19 164/164/75/19
f 173/175/78/22 174/173/78/22 175/174/78/22 176/176/78/22
f 237/237/97/35 238/239/97/35 239/238/97/35 240/240/97/35
f 241/243/98/36 242/241/98/36 243/242/98/36 244/244/98/36
f 245/245/99/37 246/247/99/37 247/246/99/37 248/248/99/37
f 325/325/137/47 326/327/137/47 327/326/137/47 328/328/137/47
f 329/330/138/48 330/329/138/48 331/331/138/48 332/332/138/48
f 341/343/141/51 342/341/141/51 343/342/141/51 344/344/141/51
f 409/409/169/60 410/411/169/60 411/410/169/60 412/412/169/60
f 413/413/170/61 414/415/170/61 415/414/170/61 416/416/170/61
f 421/421/172/63 422/423/172/63 423/422/172/63 424/424/172/63
f 425/426/173/64 426/425/173/64 427/427/173/64 428/428/173/64
f 487/489/205/71 488/487/205/71 489/488/205/71 490/490/205/71
f 491/492/206/72 492/491/206/72 493/493/206/72 494/494/206/72
f 495/495/207/73 496/497/207/73 497/496/207/73 498/498/207/73
f 503/503/209/75 504/505/209/75 505/504/209/75 506/506/209/75
f 507/508/210/76 508/507/210/76 509/509/210/76 510/510/210/76
f 549/550/222/85 550/549/222/85 551/551/222/85 552/552/222/85
f 553/553/223/86 554/555/223/86 555/554/223/86 556/556/223/86
f 561/561/225/88 562/563/225/88 563/562/225/88 564/564/225/88
f 565/566/226/89 566/565/226/89 567/567/226/89 568/568/226/89
f 619/620/249/96 620/619/249/96 621/621/249/96 622/622/249/96
f 623/623/250/97 624/625/250/97 625/624/250/97 626/626/250/97
f 631/631/252/99 632/633/252/99 633/632/252/99 634/634/252/99
f 635/636/253/100 636/635/253/100 637/637/253/100 638/638/253/100
f 755/757/314/111 756/755/314/111 757/756/314/111 758/758/314/111
f 763/764/316/113 764/763/316/113 765/765/316/113 766/766/316/113
f 767/767/317/114 768/769/317/114 769/768/317/114 770/770/317/114
f 775/775/319/116 776/777/319/116 777/776/319/116 778/778/319/116
f 779/780/320/117 780/779/320/117 781/781/320/117 782/782/320/117
f 787/789/322/119 788/787/322/119 789/788/322/119 790/790/322/119
f 867/868/360/129 868/867/360/129 869/869/360/129 870/870/360/129
f 871/871/361/130 872/873/361/130 873/872/361/130 874/874/361/130
f 879/879/363/132 880/881/363/132 881/880/363/132 882/882/363/132
f 883/884/364/133 884/883/364/133 885/885/364/133 886/886/364/133
f 975/976/403/144 976/975/403/144 977/977/403/144 978/978/403/144
f 979/979/404/145 980/981/404/145 981/980/404/145 982/982/404/145
f 987/987/406/147 988/989/406/147 989/988/406/147 990/990/406/147
f 991/991/407/148 992/993/407/148 993/992/407/148 994/994/407/148
f 1079/1080/457/157 1080/1079/457/157 1081/1081/457/157 1082/1082/457/157
f 1083/1083/458/158 1084/1085/458/158 1085/1084/458/158 1086/1086/458/158
f 1141/1142/472/169 1142/1141/472/169 1143/1143/472/169 1144/1144/472/169
f 1145/1145/473/170 1146/1147/473/170 1147/1146/473/170 1148/1148/473/170
f 1207/1209/505/177 1208/1207/505/177 1209/1208/505/177 1210/1210/505/177
f 1215/1216/507/179 1216/1215/507/179 1217/1217/507/179 1218/1218/507/179
f 1219/1219/508/180 1220/1221/508/180 1221/1220/508/180 1222/1222/508/180
f 1327/1329/525/189 1328/1327/525/189 1329/1328/525/189 1330/1330/525/189
f 1343/1344/529/193 1344/1343/529/193 1345/1345/529/193 1346/1346/529/193
f 1347/1347/530/194 1348/1349/530/194 1349/1348/530/194 1350/1350/530/194
f 1359/1361/533/197 1360/1359/533/197 1361/1360/533/197 1362/1362/533/197
f 1367/1368/535/199 1368/1367/535/199 1369/1369/535/199 1370/1370/535/199
f 1371/1371/536/200 1372/1373/536/200 1373/1372/536/200 1374/1374/536/200
f 1379/1381/538/202 1380/1379/538/202 1381/1380/538/202 1382/1382/538/202
f 1415/1416/545/209 1416/1415/545/209 1417/1417/545/209 1418/1418/545/209
f 1419/1419/546/210 1420/1421/546/210 1421/1420/546/210 1422/1422/546/210
f 1505/1506/584/223 1506/1505/584/223 1507/1507/584/223 1508/1508/584/223
f 1509/1509/585/224 1510/1511/585/224 1511/1510/585/224 1512/1512/585/224
f 1517/1517/587/226 1518/1519/587/226 1519/1518/587/226 1520/1520/587/226
f 1521/1521/588/227 1522/1523/588/227 1523/1522/588/227 1524/1524/588/227
f 1567/1568/601/237 1568/1567/601/237 1569/1569/601/237 1570/1570/601/237
f 1571/1571/602/238 1572/1573/602/238 1573/1572/602/238 1574/1574/602/238
f 1579/1579/604/240 1580/1581/604/240 1581/1580/604/240 1582/1582/604/240
f 1583/1584/605/241 1584/1583/605/241 1585/1585/605/241 1586/1586/605/241
f 1587/1589/606/242 1588/1587/606/242 1589/1588/606/242 1590/1590/606/242
f 1595/1596/608/244 1596/1595/608/244 1597/1597/608/244 1598/1598/608/244
f 1599/1599/609/245 1600/1601/609/245 1601/1600/609/245 1602/1602/609/245
f 1607/1607/611/247 1608/1609/611/247 1609/1608/611/247 1610/1610/611/247
f 1611/1612/612/248 1612/1611/612/248 1613/1613/612/248 1614/1614/612/248
f 1631/1633/617/253 1632/1631/617/253 1633/1632/617/253 1634/1634/617/253
f 1635/1636/618/254 1636/1635/618/254 1637/1637/618/254 1638/1638/618/254
f 1639/1639/619/255 1640/1641/619/255 1641/1640/619/255 1642/1642/619/255
f 1647/1647/621/257 1648/1649/621/257 1649/1648/621/257 1650/1650/621/257
f 1651/1652/622/258 1652/1651/622/258 1653/1653/622/258 1654/1654/622/258
f 1667/1668/626/262 1668/1667/626/262 1669/1669/626/262 1670/1670/626/262
f 1671/1671/627/263 1672/1673/627/263 1673/1672/627/263 1674/1674/627/263
f 1679/1679/629/265 1680/1681/629/265 1681/1680/629/265 1682/1682/629/265
f 1683/1684/630/266 1684/1683/630/266 1685/1685/630/266 1686/1686/630/266
f 1703/1704/635/271 1704/1703/635/271 1705/1705/635/271 1706/1706/635/271
f 1707/1707/636/272 1708/1709/636/272 1709/1708/636/272 1710/1710/636/272
f 1715/1715/638/274 1716/1717/638/274 1717/1716/638/274 1718/1718/638/274
f 1719/1720/639/275 1720/1719/639/275 1721/1721/639/275 1722/1722/639/275
f 1743/1745/645/281 1744/1743/645/281 1745/1744/645/281 1746/1746/645/281
f 1747/1747/646/282 1748/1749/646/282 1749/1748/646/282 1750/1750/646/282
f 1751/1751/647/283 1752/1753/647/283 1753/1752/647/283 1754/1754/647/283
f 1759/1759/649/285 1760/1761/649/285 1761/1760/649/285 1762/1762/649/285
f 1763/1764/650/286 1764/1763/650/286 1765/1765/650/286 1766/1766/650/286
f 1779/1781/654/289 1780/1779/654/289 1781/1780/654/289 1782/1782/654/289
f 1807/1807/661/296 1808/1809/661/296 1809/1808/661/296 1810/1810/661/296
f 1811/1812/662/297 1812/1811/662/297 1813/1813/662/297 1814/1814/662/297
f 1885/1885/697/307 1886/1887/697/307 1887/1886/697/307 1888/1888/697/307
f 1889/1891/698/308 1890/1889/698/308 1891/1890/698/308 1892/1892/698/308
f 1893/1893/699/309 1894/1895/699/309 1895/1894/699/309 1896/1896/699/309
f 1985/1985/735/326 1986/1987/735/326 1987/1986/735/326 1988/1988/735/326
f 1989/1991/736/327 1990/1989/736/327 1991/1990/736/327 1992/1992/736/327
f 1993/1995/737/328 1994/1993/737/328 1995/1994/737/328 1996/1996/737/328
f 1997/1998/738/329 1998/1997/738/329 1999/1999/738/329 2000/2000/738/329
f 2009/2011/741/332 2010/2009/741/332 2011/2010/741/332 2012/2012/741/332
usemtl fieldkk01_r
s off
f 177/178/79/23 178/177/79/23 179/179/79/23 180/180/79/23
f 181/183/80/24 182/181/80/24 183/182/80/24 184/184/80/24
f 221/223/93/31 222/221/93/31 223/222/93/31 224/224/93/31
f 253/254/101/39 254/253/101/39 255/255/101/39 256/256/101/39
f 257/259/102/40 258/257/102/40 259/258/102/40 260/260/102/40
usemtl rock01
s off
f 219/217/92/30 220/218/92/30 217/219/92/30 218/220/92/30
f 753/751/313/110 754/752/313/110 751/753/313/110 752/754/313/110
f 861/859/358/127 862/860/358/127 859/861/358/127 860/862/358/127
f 1545/1543/595/231 1546/1544/595/231 1543/1545/595/231 1544/1546/595/231
usemtl beach01
s off
f 2085/2087/760/351 2086/2085/760/351 2087/2088/760/351 2088/2086/760/351
usemtl road01
s off
f 165/167/76/20 166/168/76/20 167/165/76/20 168/166/76/20
f 169/169/77/21 170/170/77/21 171/171/77/21 172/172/77/21
f 229/229/95/33 230/230/95/33 231/231/95/33 232/232/95/33
f 233/233/96/34 234/234/96/34 235/235/96/34 236/236/96/34
f 249/249/100/38 250/250/100/38 251/251/100/38 252/252/100/38
f 417/417/171/62 418/418/171/62 419/419/171/62 420/420/171/62
f 499/501/208/74 500/502/208/74 501/499/208/74 502/500/208/74
f 557/557/224/87 558/558/224/87 559/559/224/87 560/560/224/87
f 627/629/251/98 628/630/251/98 629/627/251/98 630/628/251/98
f 771/771/318/115 772/772/318/115 773/773/318/115 774/774/318/115
f 875/877/362/131 876/878/362/131 877/875/362/131 878/876/362/131
f 967/969/401/142 968/967/401/142 969/968/401/142 970/970/401/142
f 983/983/405/146 984/984/405/146 985/985/405/146 986/986/405/146
f 995/997/408/149 996/995/408/149 997/996/408/149 998/998/408/149
f 1087/1087/459/159 1088/1088/459/159 1089/1089/459/159 1090/1090/459/159
f 1149/1149/474/171 1150/1150/474/171 1151/1151/474/171 1152/1152/474/171
f 1375/1377/537/201 1376/1378/537/201 1377/1375/537/201 1378/1376/537/201
f 1423/1423/547/211 1424/1425/547/211 1425/1424/547/211 1426/1426/547/211
f 1493/1493/581/220 1494/1494/581/220 1495/1495/581/220 1496/1496/581/220
f 1513/1513/586/225 1514/1515/586/225 1515/1514/586/225 1516/1516/586/225
f 1525/1525/589/228 1526/1526/589/228 1527/1527/589/228 1528/1528/589/228
f 1575/1575/603/239 1576/1577/603/239 1577/1576/603/239 1578/1578/603/239
f 1603/1603/610/246 1604/1605/610/246 1605/1604/610/246 1606/1606/610/246
f 1643/1643/620/256 1644/1645/620/256 1645/1644/620/256 1646/1646/620/256
f 1675/1675/628/264 1676/1677/628/264 1677/1676/628/264 1678/1678/628/264
f 1711/1711/637/273 1712/1713/637/273 1713/1712/637/273 1714/1714/637/273
f 1755/1755/648/284 1756/1757/648/284 1757/1758/648/284 1758/1756/648/284
f 1803/1803/660/295 1804/1804/660/295 1805/1805/660/295 1806/1806/660/295
f 1881/1881/696/306 1882/1883/696/306 1883/1884/696/306 1884/1882/696/306
f 1897/1897/700/310 1898/1899/700/310 1899/1900/700/310 1900/1898/700/310
f 1923/1925/708/315 1924/1926/708/315 1925/1923/708/315 1926/1924/708/315
f 1927/1927/709/316 1928/1928/709/316 1929/1929/709/316 1930/1930/709/316
usemtl fieldkk01
s off
f 225/227/94/32 226/228/94/32 227/225/94/32 228/226/94/32
usemtl grass02
s off
f 206/203/87/28 203/204/87/28 204/205/87/28 205/206/87/28
f 440/437/176/67 437/438/176/67 438/439/176/67 439/440/176/67
f 1402/1399/541/205 1399/1400/541/205 1400/1401/541/205 1401/1402/541/205
f 1438/1435/550/214 1435/1436/550/214 1436/1437/550/214 1437/1438/550/214
f 2092/2089/761/352 2089/2090/761/352 2090/2091/761/352 2091/2092/761/352
f 2096/2093/762/353 2093/2094/762/353 2094/2095/762/353 2095/2096/762/353
f 2100/2097/763/354 2097/2098/763/354 2098/2099/763/354 2099/2100/763/354
f 2108/2105/765/356 2105/2106/765/356 2106/2107/765/356 2107/2108/765/356
f 2112/2109/766/357 2109/2110/766/357 2110/2111/766/357 2111/2112/766/357
f 2120/2117/768/359 2117/2118/768/359 2118/2119/768/359 2119/2120/768/359
f 2124/2121/769/360 2121/2122/769/360 2122/2123/769/360 2123/2124/769/360
f 2128/2125/770/361 2125/2126/770/361 2126/2127/770/361 2127/2128/770/361
f 2132/2129/771/362 2129/2130/771/362 2130/2131/771/362 2131/2132/771/362
f 2136/2133/772/363 2133/2134/772/363 2134/2135/772/363 2135/2136/772/363
f 2140/2137/773/364 2137/2138/773/364 2138/2139/773/364 2139/2140/773/364
f 2144/2141/774/365 2141/2142/774/365 2142/2143/774/365 2143/2144/774/365
f 2148/2145/775/366 2145/2146/775/366 2146/2147/775/366 2147/2148/775/366
usemtl tree01_un
s off
f 1777/1771/652/288 1778/1772/652/288 1775/1773/652/288 1776/1774/652/288
usemtl tree01_re
s off
f 1773/1775/653/288 1774/1776/653/288 1771/1777/653/288 1772/1778/653/288
usemtl wall01_d
s off
f 6/5/2/2 8/6/3/2 7/7/3/2 5/8/2/2
f 8/6/3/2 10/9/4/2 9/10/4/2 7/7/3/2
f 84/82/22/14 85/83/26/14 82/84/27/14 83/85/27/14
f 88/89/29/14 89/90/22/14 86/91/27/14 87/92/27/14
f 190/189/82/26 192/190/83/26 191/191/83/26 189/192/82/26
f 192/190/83/26 194/193/84/26 193/194/84/26 191/191/83/26
f 276/274/106/42 277/275/110/42 274/276/111/42 275/277/111/42
f 280/281/113/42 281/282/106/42 278/283/111/42 279/284/111/42
f 286/285/114/43 288/286/115/43 287/287/115/43 285/288/114/43
f 288/286/115/43 290/289/116/43 289/290/116/43 287/287/115/43
f 354/353/144/54 356/354/145/54 355/355/145/54 353/356/144/54
f 356/354/145/54 358/357/146/54 357/358/146/54 355/355/145/54
f 658/656/258/103 659/657/262/103 656/658/263/103 657/659/263/103
f 662/663/265/103 663/664/258/103 660/665/263/103 661/666/263/103
f 804/803/326/123 806/804/327/123 805/805/327/123 803/806/326/123
f 806/804/327/123 808/807/328/123 807/808/328/123 805/805/327/123
f 902/900/368/135 903/901/372/135 900/902/373/135 901/903/373/135
f 906/907/375/135 907/908/368/135 904/909/373/135 905/910/373/135
f 73/73/20/14 74/74/21/14 75/75/22/14
f 74/74/21/14 76/76/23/14 75/75/22/14
f 75/75/22/14 76/76/23/14 77/77/24/14
f 78/78/25/14 79/79/23/14 80/80/22/14
f 79/79/23/14 81/81/21/14 80/80/22/14
f 90/86/28/14 91/87/22/14 92/88/24/14
f 98/98/31/15 99/99/32/15 100/100/33/15
f 99/99/32/15 101/101/34/15 100/100/33/15
f 100/100/33/15 101/101/34/15 102/102/35/15
f 101/101/34/15 103/103/36/15 102/102/35/15
f 104/104/35/15 105/105/37/15 106/106/38/15
f 265/265/104/42 266/266/105/42 267/267/106/42
f 266/266/105/42 268/268/107/42 267/267/106/42
f 267/267/106/42 268/268/107/42 269/269/108/42
f 270/270/109/42 271/271/107/42 272/272/106/42
f 271/271/107/42 273/273/105/42 272/272/106/42
f 282/278/112/42 283/279/106/42 284/280/108/42
f 300/300/119/44 301/301/120/44 302/302/121/44
f 301/301/120/44 303/303/122/44 302/302/121/44
f 302/302/121/44 303/303/122/44 304/304/123/44
f 303/303/122/44 305/305/124/44 304/304/123/44
f 306/306/123/44 307/307/125/44 308/308/126/44
f 368/368/149/55 369/369/150/55 370/370/151/55
f 369/369/150/55 371/371/152/55 370/370/151/55
f 370/370/151/55 371/371/152/55 372/372/153/55
f 371/371/152/55 373/373/154/55 372/372/153/55
f 374/374/153/55 375/375/155/55 376/376/156/55
f 578/578/229/91 579/579/230/91 580/580/231/91
f 579/579/230/91 581/581/232/91 580/580/231/91
f 580/580/231/91 581/581/232/91 582/582/233/91
f 581/581/232/91 583/583/234/91 582/582/233/91
f 584/584/233/91 585/585/235/91 586/586/236/91
f 647/647/256/103 648/648/257/103 649/649/258/103
f 648/648/257/103 650/650/259/103 649/649/258/103
f 649/649/258/103 650/650/259/103 651/651/260/103
f 652/652/261/103 653/653/259/103 654/654/258/103
f 653/653/259/103 655/655/257/103 654/654/258/103
f 664/660/264/103 665/661/258/103 666/662/260/103
f 672/672/267/104 673/673/268/104 674/674/269/104
f 673/673/268/104 675/675/270/104 674/674/269/104
f 674/674/269/104 675/675/270/104 676/676/271/104
f 675/675/270/104 677/677/272/104 676/676/271/104
f 678/678/271/104 679/679/273/104 680/680/274/104
f 891/891/366/135 892/892/367/135 893/893/368/135
f 892/892/367/135 894/894/369/135 893/893/368/135
f 893/893/368/135 894/894/369/135 895/895/370/135
f 896/896/371/135 897/897/369/135 898/898/368/135
f 897/897/369/135 899/899/367/135 898/898/368/135
f 908/904/374/135 909/905/368/135 910/906/370/135
f 916/916/377/136 917/917/378/136 918/918/379/136
f 917/917/378/136 919/919/380/136 918/918/379/136
f 918/918/379/136 919/919/380/136 920/920/381/136
f 919/919/380/136 921/921/382/136 920/920/381/136
f 922/922/381/136 923/923/383/136 924/924/384/136
f 1004/1004/410/150 1005/1005/411/150 1006/1006/412/150
f 1005/1005/411/150 1007/1007/413/150 1006/1006/412/150
f 1006/1006/412/150 1007/1007/413/150 1008/1008/414/150
f 1007/1007/413/150 1009/1009/415/150 1008/1008/414/150
f 1010/1010/414/150 1011/1011/416/150 1012/1012/417/150
usemtl wall01_g
s off
f 13/11/2/2 14/12/2/2 11/13/5/2 12/14/5/2
f 107/107/39/15 108/108/40/15 109/109/41/15 110/110/42/15
f 111/111/43/15 112/112/44/15 113/113/45/15 114/114/46/15
f 112/112/44/15 107/107/39/15 110/110/42/15 113/113/45/15
f 197/195/82/26 198/196/82/26 195/197/85/26 196/198/85/26
f 293/291/114/43 294/292/114/43 291/293/117/43 292/294/117/43
f 309/309/127/44 310/310/128/44 311/311/129/44 312/312/130/44
f 313/313/131/44 314/314/132/44 315/315/133/44 316/316/134/44
f 314/314/132/44 309/309/127/44 312/312/130/44 315/315/133/44
f 361/359/144/54 362/360/144/54 359/361/147/54 360/362/147/54
f 377/377/157/55 378/378/158/55 379/379/159/55 380/380/160/55
f 381/381/161/55 382/382/162/55 383/383/163/55 384/384/164/55
f 382/382/162/55 377/377/157/55 380/380/160/55 383/383/163/55
f 587/587/237/91 588/588/238/91 589/589/239/91 590/590/240/91
f 591/591/241/91 592/592/242/91 593/593/243/91 594/594/244/91
f 592/592/242/91 587/587/237/91 590/590/240/91 593/593/243/91
f 681/681/275/104 682/682/276/104 683/683/277/104 684/684/278/104
f 685/685/279/104 686/686/280/104 687/687/281/104 688/688/282/104
f 686/686/280/104 681/681/275/104 684/684/278/104 687/687/281/104
f 811/809/326/123 812/810/326/123 809/811/329/123 810/812/329/123
f 925/925/385/136 926/926/386/136 927/927/387/136 928/928/388/136
f 929/929/389/136 930/930/390/136 931/931/391/136 932/932/392/136
f 930/930/390/136 925/925/385/136 928/928/388/136 931/931/391/136
f 1013/1013/418/150 1014/1014/419/150 1015/1015/420/150 1016/1016/421/150
f 1017/1017/422/150 1018/1018/423/150 1019/1019/424/150 1020/1020/425/150
f 1018/1018/423/150 1013/1013/418/150 1016/1016/421/150 1019/1019/424/150
usemtl wallkn_g
s off
f 31/31/8/5 32/32/9/5 33/33/9/5 34/34/8/5
f 32/32/9/5 35/35/10/5 36/36/10/5 33/33/9/5
f 37/37/8/5 38/38/8/5 39/39/11/5 40/40/11/5
f 130/128/50/17 131/129/54/17 128/130/55/17 129/131/55/17
f 134/135/57/17 135/136/50/17 132/137/55/17 133/138/55/17
f 153/153/67/18 154/154/68/18 155/155/69/18 156/156/70/18
f 157/157/71/18 158/158/72/18 159/159/73/18 160/160/74/18
f 158/158/72/18 153/153/67/18 156/156/70/18 159/159/73/18
f 207/207/88/29 208/208/89/29 209/209/89/29 210/210/88/29
f 208/208/89/29 211/211/90/29 212/212/90/29 209/209/89/29
f 213/213/88/29 214/214/88/29 215/215/91/29 216/216/91/29
f 452/450/179/68 453/451/183/68 450/452/184/68 451/453/184/68
f 456/457/186/68 457/458/179/68 454/459/184/68 455/460/184/68
f 475/475/196/69 476/476/197/69 477/477/198/69 478/478/199/69
f 479/479/200/69 480/480/201/69 481/481/202/69 482/482/203/69
f 480/480/201/69 475/475/196/69 478/478/199/69 481/481/202/69
f 523/523/214/80 524/524/215/80 525/525/215/80 526/526/214/80
f 524/524/215/80 527/527/216/80 528/528/216/80 525/525/215/80
f 529/529/214/80 530/530/214/80 531/531/217/80 532/532/217/80
f 720/718/288/108 721/719/292/108 718/720/293/108 719/721/293/108
f 724/725/295/108 725/726/288/108 722/727/293/108 723/728/293/108
f 743/743/305/109 744/744/306/109 745/745/307/109 746/746/308/109
f 747/747/309/109 748/748/310/109 749/749/311/109 750/750/312/109
f 748/748/310/109 743/743/305/109 746/746/308/109 749/749/311/109
f 828/826/333/125 829/827/337/125 826/828/338/125 827/829/338/125
f 832/833/340/125 833/834/333/125 830/835/338/125 831/836/338/125
f 851/851/350/126 852/852/351/126 853/853/352/126 854/854/353/126
f 855/855/354/126 856/856/355/126 857/857/356/126 858/858/357/126
f 856/856/355/126 851/851/350/126 854/854/353/126 857/857/356/126
f 949/949/395/139 950/950/396/139 951/951/396/139 952/952/395/139
f 950/950/396/139 953/953/397/139 954/954/397/139 951/951/396/139
f 955/955/395/139 956/956/395/139 957/957/398/139 958/958/398/139
f 1040/1038/430/153 1041/1039/434/153 1038/1040/435/153 1039/1041/435/153
f 1044/1045/437/153 1045/1046/430/153 1042/1047/435/153 1043/1048/435/153
f 1063/1063/447/154 1064/1064/448/154 1065/1065/449/154 1066/1066/450/154
f 1067/1067/451/154 1068/1068/452/154 1069/1069/453/154 1070/1070/454/154
f 1068/1068/452/154 1063/1063/447/154 1066/1066/450/154 1069/1069/453/154
f 1115/1115/464/164 1116/1116/465/164 1117/1117/465/164 1118/1118/464/164
f 1116/1116/465/164 1119/1119/466/164 1120/1120/466/164 1117/1117/465/164
f 1121/1121/464/164 1122/1122/464/164 1123/1123/467/164 1124/1124/467/164
f 1168/1166/478/173 1169/1167/482/173 1166/1168/483/173 1167/1169/483/173
f 1172/1173/485/173 1173/1174/478/173 1170/1175/483/173 1171/1176/483/173
f 1191/1191/495/174 1192/1192/496/174 1193/1193/497/174 1194/1194/498/174
f 1195/1195/499/174 1196/1196/500/174 1197/1197/501/174 1198/1198/502/174
f 1196/1196/500/174 1191/1191/495/174 1194/1194/498/174 1197/1197/501/174
f 1293/1293/515/182 1294/1294/516/182 1295/1295/516/182 1296/1296/515/182
f 1294/1294/516/182 1297/1297/517/182 1298/1298/517/182 1295/1295/516/182
f 1299/1299/515/182 1300/1300/515/182 1301/1301/518/182 1302/1302/518/182
f 1450/1448/553/215 1451/1449/557/215 1448/1450/558/215 1449/1451/558/215
f 1454/1455/560/215 1455/1456/553/215 1452/1457/558/215 1453/1458/558/215
f 1473/1473/570/216 1474/1474/571/216 1475/1475/572/216 1476/1476/573/216
f 1477/1477/574/216 1478/1478/575/216 1479/1479/576/216 1480/1480/577/216
f 1478/1478/575/216 1473/1473/570/216 1476/1476/573/216 1479/1479/576/216
f 1533/1533/591/230 1534/1534/592/230 1535/1535/592/230 1536/1536/591/230
f 1534/1534/592/230 1537/1537/593/230 1538/1538/593/230 1535/1535/592/230
f 1539/1539/591/230 1540/1540/591/230 1541/1541/594/230 1542/1542/594/230
f 1838/1836/668/301 1839/1837/672/301 1836/1838/673/301 1837/1839/673/301
f 1842/1843/675/301 1843/1844/668/301 1840/1845/673/301 1841/1846/673/301
f 1861/1861/685/302 1862/1862/686/302 1863/1863/687/302 1864/1864/688/302
f 1865/1865/689/302 1866/1866/690/302 1867/1867/691/302 1868/1868/692/302
f 1866/1866/690/302 1861/1861/685/302 1864/1864/688/302 1867/1867/691/302
f 1905/1905/702/312 1906/1906/703/312 1907/1907/703/312 1908/1908/702/312
f 1906/1906/703/312 1909/1909/704/312 1910/1910/704/312 1907/1907/703/312
f 1911/1911/702/312 1912/1912/702/312 1913/1913/705/312 1914/1914/705/312
f 1945/1945/719/317 1946/1946/720/317 1947/1947/721/317 1948/1948/722/317
f 1949/1949/723/317 1950/1950/724/317 1951/1951/725/317 1952/1952/726/317
f 1950/1950/724/317 1945/1945/719/317 1948/1948/722/317 1951/1951/725/317
f 119/119/48/17 120/120/49/17 121/121/50/17
f 120/120/49/17 122/122/51/17 121/121/50/17
f 121/121/50/17 122/122/51/17 123/123/52/17
f 124/124/53/17 125/125/51/17 126/126/50/17
f 125/125/51/17 127/127/49/17 126/126/50/17
f 136/132/56/17 137/133/50/17 138/134/52/17
f 144/144/59/18 145/145/60/18 146/146/61/18
f 145/145/60/18 147/147/62/18 146/146/61/18
f 146/146/61/18 147/147/62/18 148/148/63/18
f 147/147/62/18 149/149/64/18 148/148/63/18
f 150/150/63/18 151/151/65/18 152/152/66/18
f 441/441/177/68 442/442/178/68 443/443/179/68
f 442/442/178/68 444/444/180/68 443/443/179/68
f 443/443/179/68 444/444/180/68 445/445/181/68
f 446/446/182/68 447/447/180/68 448/448/179/68
f 447/447/180/68 449/449/178/68 448/448/179/68
f 458/454/185/68 459/455/179/68 460/456/181/68
f 466/466/188/69 467/467/189/69 468/468/190/69
f 467/467/189/69 469/469/191/69 468/468/190/69
f 468/468/190/69 469/469/191/69 470/470/192/69
f 469/469/191/69 471/471/193/69 470/470/192/69
f 472/472/192/69 473/473/194/69 474/474/195/69
f 709/709/286/108 710/710/287/108 711/711/288/108
f 710/710/287/108 712/712/289/108 711/711/288/108
f 711/711/288/108 712/712/289/108 713/713/290/108
f 714/714/291/108 715/715/289/108 716/716/288/108
f 715/715/289/108 717/717/287/108 716/716/288/108
f 726/722/294/108 727/723/288/108 728/724/290/108
f 734/734/297/109 735/735/298/109 736/736/299/109
f 735/735/298/109 737/737/300/109 736/736/299/109
f 736/736/299/109 737/737/300/109 738/738/301/109
f 737/737/300/109 739/739/302/109 738/738/301/109
f 740/740/301/109 741/741/303/109 742/742/304/109
f 817/817/331/125 818/818/332/125 819/819/333/125
f 818/818/332/125 820/820/334/125 819/819/333/125
f 819/819/333/125 820/820/334/125 821/821/335/125
f 822/822/336/125 823/823/334/125 824/824/333/125
f 823/823/334/125 825/825/332/125 824/824/333/125
f 834/830/339/125 835/831/333/125 836/832/335/125
f 842/842/342/126 843/843/343/126 844/844/344/126
f 843/843/343/126 845/845/345/126 844/844/344/126
f 844/844/344/126 845/845/345/126 846/846/346/126
f 845/845/345/126 847/847/347/126 846/846/346/126
f 848/848/346/126 849/849/348/126 850/850/349/126
f 1029/1029/428/153 1030/1030/429/153 1031/1031/430/153
f 1030/1030/429/153 1032/1032/431/153 1031/1031/430/153
f 1031/1031/430/153 1032/1032/431/153 1033/1033/432/153
f 1034/1034/433/153 1035/1035/431/153 1036/1036/430/153
f 1035/1035/431/153 1037/1037/429/153 1036/1036/430/153
f 1046/1042/436/153 1047/1043/430/153 1048/1044/432/153
f 1054/1054/439/154 1055/1055/440/154 1056/1056/441/154
f 1055/1055/440/154 1057/1057/442/154 1056/1056/441/154
f 1056/1056/441/154 1057/1057/442/154 1058/1058/443/154
f 1057/1057/442/154 1059/1059/444/154 1058/1058/443/154
f 1060/1060/443/154 1061/1061/445/154 1062/1062/446/154
f 1157/1157/476/173 1158/1158/477/173 1159/1159/478/173
f 1158/1158/477/173 1160/1160/479/173 1159/1159/478/173
f 1159/1159/478/173 1160/1160/479/173 1161/1161/480/173
f 1162/1162/481/173 1163/1163/479/173 1164/1164/478/173
f 1163/1163/479/173 1165/1165/477/173 1164/1164/478/173
f 1174/1170/484/173 1175/1171/478/173 1176/1172/480/173
f 1182/1182/487/174 1183/1183/488/174 1184/1184/489/174
f 1183/1183/488/174 1185/1185/490/174 1184/1184/489/174
f 1184/1184/489/174 1185/1185/490/174 1186/1186/491/174
f 1185/1185/490/174 1187/1187/492/174 1186/1186/491/174
f 1188/1188/491/174 1189/1189/493/174 1190/1190/494/174
f 1439/1439/551/215 1440/1440/552/215 1441/1441/553/215
f 1440/1440/552/215 1442/1442/554/215 1441/1441/553/215
f 1441/1441/553/215 1442/1442/554/215 1443/1443/555/215
f 1444/1444/556/215 1445/1445/554/215 1446/1446/553/215
f 1445/1445/554/215 1447/1447/552/215 1446/1446/553/215
f 1456/1452/559/215 1457/1453/553/215 1458/1454/555/215
f 1464/1464/562/216 1465/1465/563/216 1466/1466/564/216
f 1465/1465/563/216 1467/1467/565/216 1466/1466/564/216
f 1466/1466/564/216 1467/1467/565/216 1468/1468/566/216
f 1467/1467/565/216 1469/1469/567/216 1468/1468/566/216
f 1470/1470/566/216 1471/1471/568/216 1472/1472/569/216
f 1827/1827/666/301 1828/1828/667/301 1829/1829/668/301
f 1828/1828/667/301 1830/1830/669/301 1829/1829/668/301
f 1829/1829/668/301 1830/1830/669/301 1831/1831/670/301
f 1832/1832/671/301 1833/1833/669/301 1834/1834/668/301
f 1833/1833/669/301 1835/1835/667/301 1834/1834/668/301
f 1844/1840/674/301 1845/1841/668/301 1846/1842/670/301
f 1852/1852/677/302 1853/1853/678/302 1854/1854/679/302
f 1853/1853/678/302 1855/1855/680/302 1854/1854/679/302
f 1854/1854/679/302 1855/1855/680/302 1856/1856/681/302
f 1855/1855/680/302 1857/1857/682/302 1856/1856/681/302
f 1858/1858/681/302 1859/1859/683/302 1860/1860/684/302
f 1936/1936/711/317 1937/1937/712/317 1938/1938/713/317
f 1937/1937/712/317 1939/1939/714/317 1938/1938/713/317
f 1938/1938/713/317 1939/1939/714/317 1940/1940/715/317
f 1939/1939/714/317 1941/1941/716/317 1940/1940/715/317
f 1942/1942/715/317 1943/1943/717/317 1944/1944/718/317
usemtl cliff01
s off
f 1/1/1/1 2/2/1/1 3/3/1/1 4/4/1/1
f 69/69/19/13 70/70/19/13 71/71/19/13 72/72/19/13
f 261/261/103/41 262/262/103/41 263/263/103/41 264/264/103/41
f 799/799/325/122 800/800/325/122 801/801/325/122 802/802/325/122
usemtl egrass
s off
f 15/15/6/3 16/16/6/3 17/17/6/3 18/18/6/3
f 199/199/86/27 200/200/86/27 201/201/86/27 202/202/86/27
f 385/385/165/56 386/386/165/56 387/387/165/56 388/388/165/56
f 389/389/166/57 390/390/166/57 391/391/166/57 392/392/166/57
f 433/433/175/66 434/434/175/66 435/435/175/66 436/436/175/66
f 595/595/245/92 596/596/245/92 597/597/245/92 598/598/245/92
f 689/689/283/105 690/690/283/105 691/691/283/105 692/692/283/105
f 1021/1021/426/151 1022/1022/426/151 1023/1023/426/151 1024/1024/426/151
f 1095/1095/461/161 1096/1096/461/161 1097/1097/461/161 1098/1098/461/161
f 2199/2209/787/375 2200/2210/787/375 2201/2211/787/375 2202/2212/787/375
f 2219/2229/789/377 2220/2230/789/377 2221/2231/789/377 2222/2232/789/377
f 2239/2249/791/379 2240/2250/791/379 2241/2251/791/379 2242/2252/791/379
f 2259/2269/793/381 2260/2270/793/381 2261/2271/793/381 2262/2272/793/381
f 2279/2289/795/383 2280/2290/795/383 2281/2291/795/383 2282/2292/795/383
f 2299/2309/797/385 2300/2310/797/385 2301/2311/797/385 2302/2312/797/385
usemtl egrass_u
s off
f 27/27/7/4 28/28/7/4 29/29/7/4 30/30/7/4
f 401/401/167/58 402/402/167/58 403/403/167/58 404/404/167/58
f 607/607/246/93 608/608/246/93 609/609/246/93 610/610/246/93
f 701/701/284/106 702/702/284/106 703/703/284/106 704/704/284/106
f 813/813/330/124 814/814/330/124 815/815/330/124 816/816/330/124
f 941/941/393/137 942/942/393/137 943/943/393/137 944/944/393/137
f 1025/1025/427/152 1026/1026/427/152 1027/1027/427/152 1028/1028/427/152
f 1107/1107/462/162 1108/1108/462/162 1109/1109/462/162 1110/1110/462/162
f 1153/1153/475/172 1154/1154/475/172 1155/1155/475/172 1156/1156/475/172
f 1395/1395/540/204 1396/1396/540/204 1397/1397/540/204 1398/1398/540/204
f 2101/2101/764/355 2102/2102/764/355 2103/2103/764/355 2104/2104/764/355
f 2113/2113/767/358 2114/2114/767/358 2115/2115/767/358 2116/2116/767/358
f 2195/2205/786/374 2196/2206/786/374 2197/2207/786/374 2198/2208/786/374
f 2203/2217/788/376 2204/2218/788/376 2205/2219/788/376 2206/2220/788/376
f 2211/2225/788/376 2212/2226/788/376 2213/2227/788/376 2214/2228/788/376
f 2223/2237/790/378 2224/2238/790/378 2225/2239/790/378 2226/2240/790/378
f 2231/2245/790/378 2232/2246/790/378 2233/2247/790/378 2234/2248/790/378
f 2243/2257/792/380 2244/2258/792/380 2245/2259/792/380 2246/2260/792/380
f 2251/2265/792/380 2252/2266/792/380 2253/2267/792/380 2254/2268/792/380
f 2263/2277/794/382 2264/2278/794/382 2265/2279/794/382 2266/2280/794/382
f 2271/2285/794/382 2272/2286/794/382 2273/2287/794/382 2274/2288/794/382
f 2283/2297/796/384 2284/2298/796/384 2285/2299/796/384 2286/2300/796/384
f 2291/2305/796/384 2292/2306/796/384 2293/2307/796/384 2294/2308/796/384
f 2303/2313/798/386 2304/2314/798/386 2305/2315/798/386 2306/2316/798/386
f 2307/2317/799/387 2308/2318/799/387 2309/2319/799/387 2310/2320/799/387
usemtl egrass_v
s off
f 19/23/7/4 20/24/7/4 21/25/7/4 22/26/7/4
f 115/115/47/16 116/116/47/16 117/117/47/16 118/118/47/16
f 393/397/167/58 394/398/167/58 395/399/167/58 396/400/167/58
f 599/603/246/93 600/604/246/93 601/605/246/93 602/606/246/93
f 693/697/284/106 694/698/284/106 695/699/284/106 696/700/284/106
f 933/937/393/137 934/938/393/137 935/939/393/137 936/940/393/137
f 1099/1103/462/162 1100/1104/462/162 1101/1105/462/162 1102/1106/462/162
f 1387/1391/540/204 1388/1392/540/204 1389/1393/540/204 1390/1394/540/204
f 2171/2181/780/368 2172/2182/780/368 2173/2183/780/368 2174/2184/780/368
f 2175/2185/781/369 2176/2186/781/369 2177/2187/781/369 2178/2188/781/369
f 2179/2189/782/370 2180/2190/782/370 2181/2191/782/370 2182/2192/782/370
f 2183/2193/783/371 2184/2194/783/371 2185/2195/783/371 2186/2196/783/371
f 2187/2197/784/372 2188/2198/784/372 2189/2199/784/372 2190/2200/784/372
f 2191/2201/785/373 2192/2202/785/373 2193/2203/785/373 2194/2204/785/373
usemtl egrass_ro
s off
f 705/705/285/107 706/706/285/107 707/707/285/107 708/708/285/107
f 945/945/394/138 946/946/394/138 947/947/394/138 948/948/394/138
f 1111/1111/463/163 1112/1112/463/163 1113/1113/463/163 1114/1114/463/163
usemtl egrass_ri
s off
f 23/19/7/4 24/20/7/4 25/21/7/4 26/22/7/4
f 397/393/167/58 398/394/167/58 399/395/167/58 400/396/167/58
f 603/599/246/93 604/600/246/93 605/601/246/93 606/602/246/93
f 697/693/284/106 698/694/284/106 699/695/284/106 700/696/284/106
f 937/933/393/137 938/934/393/137 939/935/393/137 940/936/393/137
f 1103/1099/462/162 1104/1100/462/162 1105/1101/462/162 1106/1102/462/162
f 1391/1387/540/204 1392/1388/540/204 1393/1389/540/204 1394/1390/540/204
f 2207/2213/788/376 2208/2214/788/376 2209/2215/788/376 2210/2216/788/376
f 2215/2221/788/376 2216/2222/788/376 2217/2223/788/376 2218/2224/788/376
f 2227/2233/790/378 2228/2234/790/378 2229/2235/790/378 2230/2236/790/378
f 2235/2241/790/378 2236/2242/790/378 2237/2243/790/378 2238/2244/790/378
f 2247/2253/792/380 2248/2254/792/380 2249/2255/792/380 2250/2256/792/380
f 2255/2261/792/380 2256/2262/792/380 2257/2263/792/380 2258/2264/792/380
f 2267/2273/794/382 2268/2274/794/382 2269/2275/794/382 2270/2276/794/382
f 2275/2281/794/382 2276/2282/794/382 2277/2283/794/382 2278/2284/794/382
f 2287/2293/796/384 2288/2294/796/384 2289/2295/796/384 2290/2296/796/384
f 2295/2301/796/384 2296/2302/796/384 2297/2303/796/384 2298/2304/796/384
usemtl flower03
s off
f 44/41/12/6 41/42/12/6 42/43/12/6 43/44/12/6
f 340/337/140/50 337/338/140/50 338/339/140/50 339/340/140/50
f 408/405/168/59 405/406/168/59 406/407/168/59 407/408/168/59
f 522/519/213/79 519/520/213/79 520/521/213/79 521/522/213/79
f 572/569/227/90 569/570/227/90 570/571/227/90 571/572/227/90
f 890/887/365/134 887/888/365/134 888/889/365/134 889/890/365/134
f 1202/1199/503/175 1199/1200/503/175 1200/1201/503/175 1201/1202/503/175
f 1358/1355/532/196 1355/1356/532/196 1356/1357/532/196 1357/1358/532/196
f 1430/1427/548/212 1427/1428/548/212 1428/1429/548/212 1429/1430/548/212
f 1484/1481/578/217 1481/1482/578/217 1482/1483/578/217 1483/1484/578/217
f 1562/1559/599/235 1559/1560/599/235 1560/1561/599/235 1561/1562/599/235
f 1694/1691/632/268 1691/1692/632/268 1692/1693/632/268 1693/1694/632/268
f 1698/1695/633/269 1695/1696/633/269 1696/1697/633/269 1697/1698/633/269
f 1802/1799/659/294 1799/1800/659/294 1800/1801/659/294 1801/1802/659/294
f 1818/1815/663/298 1815/1816/663/298 1816/1817/663/298 1817/1818/663/298
f 1876/1873/694/304 1873/1874/694/304 1874/1875/694/304 1875/1876/694/304
f 1960/1957/728/319 1957/1958/728/319 1958/1959/728/319 1959/1960/728/319
usemtl grass01_a
s off
f 485/483/204/70 486/484/204/70 483/485/204/70 484/486/204/70
f 513/511/211/77 514/512/211/77 511/513/211/77 512/514/211/77
f 539/537/219/82 540/538/219/82 537/539/219/82 538/540/219/82
f 1131/1129/469/166 1132/1130/469/166 1129/1131/469/166 1130/1132/469/166
f 1313/1311/521/185 1314/1312/521/185 1311/1313/521/185 1312/1314/521/185
f 1321/1319/523/187 1322/1320/523/187 1319/1321/523/187 1320/1322/523/187
f 1333/1331/526/190 1334/1332/526/190 1331/1333/526/190 1332/1334/526/190
f 1353/1351/531/195 1354/1352/531/195 1351/1353/531/195 1352/1354/531/195
f 1487/1485/579/218 1488/1486/579/218 1485/1487/579/218 1486/1488/579/218
f 1499/1497/582/221 1500/1498/582/221 1497/1499/582/221 1498/1500/582/221
f 1617/1615/613/249 1618/1616/613/249 1615/1617/613/249 1616/1618/613/249
f 1661/1659/624/260 1662/1660/624/260 1659/1661/624/260 1660/1662/624/260
f 1733/1731/642/278 1734/1732/642/278 1731/1733/642/278 1732/1734/642/278
f 1741/1739/644/280 1742/1740/644/280 1739/1741/644/280 1740/1742/644/280
f 1871/1869/693/303 1872/1870/693/303 1869/1871/693/303 1870/1872/693/303
f 1879/1877/695/305 1880/1878/695/305 1877/1879/695/305 1878/1880/695/305
f 1955/1953/727/318 1956/1954/727/318 1953/1955/727/318 1954/1956/727/318
f 1963/1961/729/320 1964/1962/729/320 1961/1963/729/320 1962/1964/729/320
f 1975/1973/732/323 1976/1974/732/323 1973/1975/732/323 1974/1976/732/323
f 1979/1977/733/324 1980/1978/733/324 1977/1979/733/324 1978/1980/733/324
usemtl flower01
s off
f 645/643/255/102 646/644/255/102 643/645/255/102 644/646/255/102
f 1737/1735/643/279 1738/1736/643/279 1735/1737/643/279 1736/1738/643/279
f 2411/2449/827/394 2412/2450/827/394 2409/2451/827/394 2410/2452/827/394
f 2419/2457/830/396 2420/2458/830/396 2417/2459/830/396 2418/2460/830/396
f 2431/2469/835/399 2432/2470/835/399 2429/2471/835/399 2430/2472/835/399
usemtl flower02
s off
f 63/61/17/11 64/62/17/11 61/63/17/11 62/64/17/11
f 347/345/142/52 348/346/142/52 345/347/142/52 346/348/142/52
f 793/791/323/120 794/792/323/120 791/793/323/120 792/794/323/120
f 1531/1529/590/229 1532/1530/590/229 1529/1531/590/229 1530/1532/590/229
f 1729/1727/641/277 1730/1728/641/277 1727/1729/641/277 1728/1730/641/277
f 1821/1819/664/299 1822/1820/664/299 1819/1821/664/299 1820/1822/664/299
usemtl slope_slope
s off
f 1237/1223/509/181 1238/1224/509/181 1235/1225/509/181 1236/1226/509/181
f 1232/1227/510/181 1234/1228/510/181 1233/1229/510/181 1231/1230/510/181
f 1273/1231/511/181 1274/1232/511/181 1271/1233/511/181 1272/1234/511/181
f 1257/1235/512/181 1258/1236/512/181 1255/1237/512/181 1256/1238/512/181
f 1277/1239/509/181 1278/1240/509/181 1275/1241/509/181 1276/1242/509/181
f 1253/1251/512/181 1254/1252/512/181 1251/1253/512/181 1252/1254/512/181
f 1226/1255/514/181 1228/1256/514/181 1227/1257/514/181 1225/1258/514/181
f 1285/1259/509/181 1286/1260/509/181 1283/1261/509/181 1284/1262/509/181
f 1261/1267/509/181 1262/1268/509/181 1259/1269/509/181 1260/1270/509/181
f 1224/1271/514/181 1226/1255/514/181 1225/1258/514/181 1223/1272/514/181
f 1269/1273/511/181 1270/1274/511/181 1267/1275/511/181 1268/1276/511/181
f 1230/1281/510/181 1232/1227/510/181 1231/1230/510/181 1229/1282/510/181
f 1241/1289/509/181 1242/1290/509/181 1239/1291/509/181 1240/1292/509/181
f 1243/1243/513/181 1244/1244/513/181 1245/1245/513/181
f 1245/1245/513/181 1246/1246/513/181 1243/1243/513/181
f 1247/1247/513/181 1248/1248/513/181 1249/1249/513/181
f 1249/1249/513/181 1250/1250/513/181 1247/1247/513/181
f 1263/1263/510/181 1264/1264/510/181 1265/1265/510/181
f 1265/1265/510/181 1266/1266/510/181 1263/1263/510/181
f 1279/1277/514/181 1280/1278/514/181 1281/1279/514/181
f 1281/1279/514/181 1282/1280/514/181 1279/1277/514/181
f 1287/1283/514/181 1288/1284/514/181 1289/1285/514/181
f 1290/1286/510/181 1291/1287/510/181 1292/1288/510/181
usemtl fence_b
s off
f 2313/2321/800/388 2311/2322/800/388 2312/2323/800/388 2314/2324/801/388
f 2315/2325/802/388 2316/2326/802/388 2317/2327/802/388 2318/2328/802/388
f 2343/2361/807/390 2341/2362/807/390 2342/2363/807/390 2344/2364/808/390
f 2345/2365/809/390 2346/2366/809/390 2347/2367/809/390 2348/2368/809/390
f 2436/2473/836/400 2434/2474/836/400 2433/2475/836/400 2435/2476/836/400
f 2440/2477/837/401 2438/2478/837/401 2437/2479/837/401 2439/2480/837/401
usemtl bridge_b
s off
f 2149/2149/776/367 2152/2150/776/367 2151/2151/776/367 2150/2152/776/367
f 2153/2153/776/367 2151/2154/776/367 2152/2155/776/367 2154/2156/776/367
f 2155/2157/777/367 2150/2158/777/367 2151/2159/777/367 2156/2160/777/367
f 2150/2161/776/367 2158/2162/776/367 2157/2163/776/367 2149/2164/776/367
f 2164/2165/778/367 2157/2166/778/367 2158/2167/778/367 2163/2168/778/367
f 2159/2169/777/367 2160/2170/777/367 2166/2171/777/367 2165/2172/777/367
f 2161/2173/777/367 2162/2174/777/367 2168/2175/777/367 2167/2176/777/367
f 2154/2177/779/367 2170/2178/779/367 2169/2179/779/367 2153/2180/779/367
f 2319/2329/803/389 2322/2330/803/389 2321/2331/803/389 2320/2332/803/389
f 2323/2333/803/389 2321/2334/803/389 2322/2335/803/389 2324/2336/803/389
f 2325/2337/804/389 2320/2338/804/389 2321/2339/804/389 2326/2340/804/389
f 2320/2341/803/389 2328/2342/803/389 2327/2343/803/389 2319/2344/803/389
f 2334/2345/805/389 2327/2346/805/389 2328/2347/805/389 2333/2348/805/389
f 2329/2349/804/389 2330/2350/804/389 2336/2351/804/389 2335/2352/804/389
f 2331/2353/804/389 2332/2354/804/389 2338/2355/804/389 2337/2356/804/389
f 2324/2357/806/389 2340/2358/806/389 2339/2359/806/389 2323/2360/806/389
f 2365/2385/819/392 2368/2386/819/392 2367/2387/819/392 2366/2388/819/392
f 2369/2389/819/392 2367/2390/819/392 2368/2391/819/392 2370/2392/819/392
f 2371/2393/820/392 2366/2394/820/392 2367/2395/820/392 2372/2396/820/392
f 2366/2397/819/392 2374/2398/819/392 2373/2399/819/392 2365/2400/819/392
f 2380/2401/821/392 2373/2402/821/392 2374/2403/821/392 2379/2404/821/392
f 2375/2405/820/392 2376/2406/820/392 2382/2407/820/392 2381/2408/820/392
f 2377/2409/820/392 2378/2410/820/392 2384/2411/820/392 2383/2412/820/392
f 2370/2413/822/392 2386/2414/822/392 2385/2415/822/392 2369/2416/822/392
f 2387/2417/823/393 2390/2418/823/393 2389/2419/823/393 2388/2420/823/393
f 2391/2421/823/393 2389/2422/823/393 2390/2423/823/393 2392/2424/823/393
f 2393/2425/824/393 2388/2426/824/393 2389/2427/824/393 2394/2428/824/393
f 2388/2429/823/393 2396/2430/823/393 2395/2431/823/393 2387/2432/823/393
f 2402/2433/825/393 2395/2434/825/393 2396/2435/825/393 2401/2436/825/393
f 2397/2437/824/393 2398/2438/824/393 2404/2439/824/393 2403/2440/824/393
f 2399/2441/824/393 2400/2442/824/393 2406/2443/824/393 2405/2444/824/393
f 2392/2445/826/393 2408/2446/826/393 2407/2447/826/393 2391/2448/826/393
usemtl bridge_c
s off
f 2350/2369/810/391 2351/2370/811/391 2359/2371/812/391 2358/2372/810/391
f 2349/2373/813/391 2350/2369/810/391 2358/2372/810/391 2357/2374/813/391
f 2353/2375/813/391 2364/2376/814/391 2363/2377/815/391 2352/2378/815/391
f 2415/2453/828/395 2416/2454/829/395 2413/2455/828/395 2414/2456/829/395
f 2423/2461/831/397 2424/2462/832/397 2421/2463/831/397 2422/2464/832/397
f 2427/2465/833/398 2428/2466/834/398 2425/2467/833/398 2426/2468/834/398
