mtllib pDormConcept_00_01.mtl
o map
v -16.0 -16.0 0.0
v -14.0 -16.0 0.0
v -14.0 -14.0 0.0
v -16.0 -14.0 0.0
v -17.0 -15.625 0.0
v -13.0 -15.625 0.0
v -13.0 -13.077148 3.083984
v -17.0 -13.077148 3.083984
v -16.0 -14.0 0.0
v -14.0 -14.0 0.0
v -14.0 -12.0 0.0
v -16.0 -12.0 0.0
v -17.0 -13.625 0.0
v -13.0 -13.625 0.0
v -13.0 -11.077148 3.083984
v -17.0 -11.077148 3.083984
v -16.0 -12.0 0.0
v -14.0 -12.0 0.0
v -14.0 -10.0 0.0
v -16.0 -10.0 0.0
v -17.0 -11.625 0.0
v -13.0 -11.625 0.0
v -13.0 -9.077148 3.083984
v -17.0 -9.077148 3.083984
v -16.0 -10.0 0.0
v -14.0 -10.0 0.0
v -14.0 -8.0 0.0
v -16.0 -8.0 0.0
v -17.0 -9.625 0.0
v -13.0 -9.625 0.0
v -13.0 -7.077149 3.083984
v -17.0 -7.077149 3.083984
v -16.0 -8.0 0.0
v -14.0 -8.0 0.0
v -14.0 -6.0 0.0
v -16.0 -6.0 0.0
v -17.0 -7.625 0.0
v -13.0 -7.625 0.0
v -13.0 -5.077149 3.083984
v -17.0 -5.077149 3.083984
v -16.0 -6.0 0.0
v -14.0 -6.0 0.0
v -14.0 -4.0 0.0
v -16.0 -4.0 0.0
v -17.0 -5.625 0.0
v -13.0 -5.625 0.0
v -13.0 -3.077149 3.083984
v -17.0 -3.077149 3.083984
v -16.0 -4.0 0.0
v -14.0 -4.0 0.0
v -14.0 -2.0 0.0
v -16.0 -2.0 0.0
v -17.0 -3.625 0.0
v -13.0 -3.625 0.0
v -13.0 -1.0771489 3.083984
v -17.0 -1.0771489 3.083984
v -16.0 -2.0 0.0
v -14.0 -2.0 0.0
v -14.0 0.0 0.0
v -16.0 0.0 0.0
v -17.0 -1.625 0.0
v -13.0 -1.625 0.0
v -13.0 0.9228511 3.083984
v -17.0 0.9228511 3.083984
v -16.0 0.0 0.0
v -14.0 0.0 0.0
v -14.0 2.0 0.0
v -16.0 2.0 0.0
v -17.0 0.375 0.0
v -13.0 0.375 0.0
v -13.0 2.922851 3.083984
v -17.0 2.922851 3.083984
v -16.0 2.0 0.0
v -14.0 2.0 0.0
v -14.0 4.0 0.0
v -16.0 4.0 0.0
v -17.0 2.375 0.0
v -13.0 2.375 0.0
v -13.0 4.922851 3.083984
v -17.0 4.922851 3.083984
v -16.0 4.0 0.0
v -14.0 4.0 0.0
v -14.0 6.0 0.0
v -16.0 6.0 0.0
v -17.0 4.375 0.0
v -13.0 4.375 0.0
v -13.0 6.922851 3.083984
v -17.0 6.922851 3.083984
v -16.0 6.0 0.0
v -14.0 6.0 0.0
v -14.0 8.0 0.0
v -16.0 8.0 0.0
v -17.0 6.375 0.0
v -13.0 6.375 0.0
v -13.0 8.922852 3.083984
v -17.0 8.922852 3.083984
v -16.0 8.0 0.0
v -14.0 8.0 0.0
v -14.0 10.0 0.0
v -16.0 10.0 0.0
v -17.0 8.375 0.0
v -13.0 8.375 0.0
v -13.0 10.922852 3.083984
v -17.0 10.922852 3.083984
v -16.0 10.0 0.0
v -14.0 10.0 0.0
v -14.0 12.0 0.0
v -16.0 12.0 0.0
v -17.0 10.375 0.0
v -13.0 10.375 0.0
v -13.0 12.922852 3.083984
v -17.0 12.922852 3.083984
v -16.0 12.0 0.0
v -14.0 12.0 0.0
v -14.0 14.0 0.0
v -16.0 14.0 0.0
v -17.0 12.375 0.0
v -13.0 12.375 0.0
v -13.0 14.922852 3.083984
v -17.0 14.922852 3.083984
v -16.0 14.0 0.0
v -14.0 14.0 0.0
v -14.0 16.0 0.0
v -16.0 16.0 0.0
v -17.0 14.375 0.0
v -13.0 14.375 0.0
v -13.0 16.922852 3.083984
v -17.0 16.922852 3.083984
v -14.0 -16.0 0.0
v -12.0 -16.0 0.0
v -12.0 -14.0 0.0
v -14.0 -14.0 0.0
v -15.0 -15.625 0.0
v -11.0 -15.625 0.0
v -11.0 -13.077148 3.083984
v -15.0 -13.077148 3.083984
v -14.0 -14.0 0.0
v -12.0 -14.0 0.0
v -12.0 -12.0 0.0
v -14.0 -12.0 0.0
v -15.0 -13.625 0.0
v -11.0 -13.625 0.0
v -11.0 -11.077148 3.083984
v -15.0 -11.077148 3.083984
v -14.0 -12.0 0.0
v -12.0 -12.0 0.0
v -12.0 -10.0 0.0
v -14.0 -10.0 0.0
v -15.0 -11.625 0.0
v -11.0 -11.625 0.0
v -11.0 -9.077148 3.083984
v -15.0 -9.077148 3.083984
v -14.0 -10.0 0.0
v -12.0 -10.0 0.0
v -12.0 -8.0 0.0
v -14.0 -8.0 0.0
v -15.0 -9.625 0.0
v -11.0 -9.625 0.0
v -11.0 -7.077149 3.083984
v -15.0 -7.077149 3.083984
v -14.0 -8.0 0.0
v -12.0 -8.0 0.0
v -12.0 -6.0 0.0
v -14.0 -6.0 0.0
v -15.0 -7.625 0.0
v -11.0 -7.625 0.0
v -11.0 -5.077149 3.083984
v -15.0 -5.077149 3.083984
v -14.0 -6.0 0.0
v -12.0 -6.0 0.0
v -12.0 -4.0 0.0
v -14.0 -4.0 0.0
v -15.0 -5.625 0.0
v -11.0 -5.625 0.0
v -11.0 -3.077149 3.083984
v -15.0 -3.077149 3.083984
v -14.0 -4.0 0.0
v -12.0 -4.0 0.0
v -12.0 -2.0 0.0
v -14.0 -2.0 0.0
v -15.0 -3.625 0.0
v -11.0 -3.625 0.0
v -11.0 -1.0771489 3.083984
v -15.0 -1.0771489 3.083984
v -14.0 -2.0 0.0
v -12.0 -2.0 0.0
v -12.0 0.0 0.0
v -14.0 0.0 0.0
v -15.0 -1.625 0.0
v -11.0 -1.625 0.0
v -11.0 0.9228511 3.083984
v -15.0 0.9228511 3.083984
v -14.0 0.0 0.0
v -12.0 0.0 0.0
v -12.0 2.0 0.0
v -14.0 2.0 0.0
v -15.0 0.375 0.0
v -11.0 0.375 0.0
v -11.0 2.922851 3.083984
v -15.0 2.922851 3.083984
v -14.0 2.0 0.0
v -12.0 2.0 0.0
v -12.0 4.0 0.0
v -14.0 4.0 0.0
v -15.0 2.375 0.0
v -11.0 2.375 0.0
v -11.0 4.922851 3.083984
v -15.0 4.922851 3.083984
v -14.0 4.0 0.0
v -12.0 4.0 0.0
v -12.0 6.0 0.0
v -14.0 6.0 0.0
v -15.0 4.375 0.0
v -11.0 4.375 0.0
v -11.0 6.922851 3.083984
v -15.0 6.922851 3.083984
v -14.0 6.0 0.0
v -12.0 6.0 0.0
v -12.0 8.0 0.0
v -14.0 8.0 0.0
v -15.0 6.375 0.0
v -11.0 6.375 0.0
v -11.0 8.922852 3.083984
v -15.0 8.922852 3.083984
v -14.0 8.0 0.0
v -12.0 8.0 0.0
v -12.0 10.0 0.0
v -14.0 10.0 0.0
v -15.0 8.375 0.0
v -11.0 8.375 0.0
v -11.0 10.922852 3.083984
v -15.0 10.922852 3.083984
v -14.0 10.0 0.0
v -12.0 10.0 0.0
v -12.0 12.0 0.0
v -14.0 12.0 0.0
v -15.0 10.375 0.0
v -11.0 10.375 0.0
v -11.0 12.922852 3.083984
v -15.0 12.922852 3.083984
v -14.0 12.0 0.0
v -12.0 12.0 0.0
v -12.0 14.0 0.0
v -14.0 14.0 0.0
v -15.0 12.375 0.0
v -11.0 12.375 0.0
v -11.0 14.922852 3.083984
v -15.0 14.922852 3.083984
v -14.0 14.0 0.0
v -12.0 14.0 0.0
v -12.0 16.0 0.0
v -14.0 16.0 0.0
v -15.0 14.375 0.0
v -11.0 14.375 0.0
v -11.0 16.922852 3.083984
v -15.0 16.922852 3.083984
v -12.0 -16.0 0.0
v -10.0 -16.0 0.0
v -10.0 -14.0 0.0
v -12.0 -14.0 0.0
v -13.0 -15.625 0.0
v -9.0 -15.625 0.0
v -9.0 -13.077148 3.083984
v -13.0 -13.077148 3.083984
v -12.0 -14.0 0.0
v -10.0 -14.0 0.0
v -10.0 -12.0 0.0
v -12.0 -12.0 0.0
v -13.0 -13.625 0.0
v -9.0 -13.625 0.0
v -9.0 -11.077148 3.083984
v -13.0 -11.077148 3.083984
v -12.0 -12.0 0.0
v -10.0 -12.0 0.0
v -10.0 -10.0 0.0
v -12.0 -10.0 0.0
v -13.0 -11.625 0.0
v -9.0 -11.625 0.0
v -9.0 -9.077148 3.083984
v -13.0 -9.077148 3.083984
v -12.0 -10.0 0.0
v -10.0 -10.0 0.0
v -10.0 -8.0 0.0
v -12.0 -8.0 0.0
v -13.0 -9.625 0.0
v -9.0 -9.625 0.0
v -9.0 -7.077149 3.083984
v -13.0 -7.077149 3.083984
v -12.0 -8.0 0.0
v -10.0 -8.0 0.0
v -10.0 -6.0 0.0
v -12.0 -6.0 0.0
v -13.0 -7.625 0.0
v -9.0 -7.625 0.0
v -9.0 -5.077149 3.083984
v -13.0 -5.077149 3.083984
v -12.0 -6.0 0.0
v -10.0 -6.0 0.0
v -10.0 -4.0 0.0
v -12.0 -4.0 0.0
v -13.0 -5.625 0.0
v -9.0 -5.625 0.0
v -9.0 -3.077149 3.083984
v -13.0 -3.077149 3.083984
v -12.0 -4.0 0.0
v -10.0 -4.0 0.0
v -10.0 -2.0 0.0
v -12.0 -2.0 0.0
v -13.0 -3.625 0.0
v -9.0 -3.625 0.0
v -9.0 -1.0771489 3.083984
v -13.0 -1.0771489 3.083984
v -12.0 -2.0 0.0
v -10.0 -2.0 0.0
v -10.0 0.0 0.0
v -12.0 0.0 0.0
v -13.0 -1.625 0.0
v -9.0 -1.625 0.0
v -9.0 0.9228511 3.083984
v -13.0 0.9228511 3.083984
v -12.0 0.0 0.0
v -10.0 0.0 0.0
v -10.0 2.0 0.0
v -12.0 2.0 0.0
v -13.0 0.375 0.0
v -9.0 0.375 0.0
v -9.0 2.922851 3.083984
v -13.0 2.922851 3.083984
v -12.0 2.0 0.0
v -10.0 2.0 0.0
v -10.0 4.0 0.0
v -12.0 4.0 0.0
v -13.0 2.375 0.0
v -9.0 2.375 0.0
v -9.0 4.922851 3.083984
v -13.0 4.922851 3.083984
v -12.0 4.0 0.0
v -10.0 4.0 0.0
v -10.0 6.0 0.0
v -12.0 6.0 0.0
v -13.0 4.375 0.0
v -9.0 4.375 0.0
v -9.0 6.922851 3.083984
v -13.0 6.922851 3.083984
v -12.0 6.0 0.0
v -10.0 6.0 0.0
v -10.0 8.0 0.0
v -12.0 8.0 0.0
v -13.0 6.375 0.0
v -9.0 6.375 0.0
v -9.0 8.922852 3.083984
v -13.0 8.922852 3.083984
v -12.0 8.0 0.0
v -10.0 8.0 0.0
v -10.0 10.0 0.0
v -12.0 10.0 0.0
v -13.0 8.375 0.0
v -9.0 8.375 0.0
v -9.0 10.922852 3.083984
v -13.0 10.922852 3.083984
v -12.0 10.0 0.0
v -10.0 10.0 0.0
v -10.0 12.0 0.0
v -12.0 12.0 0.0
v -13.0 10.375 0.0
v -9.0 10.375 0.0
v -9.0 12.922852 3.083984
v -13.0 12.922852 3.083984
v -12.0 12.0 0.0
v -10.0 12.0 0.0
v -10.0 14.0 0.0
v -12.0 14.0 0.0
v -13.0 12.375 0.0
v -9.0 12.375 0.0
v -9.0 14.922852 3.083984
v -13.0 14.922852 3.083984
v -12.0 14.0 0.0
v -10.0 14.0 0.0
v -10.0 16.0 0.0
v -12.0 16.0 0.0
v -13.0 14.375 0.0
v -9.0 14.375 0.0
v -9.0 16.922852 3.083984
v -13.0 16.922852 3.083984
v -10.0 -16.0 0.0
v -8.0 -16.0 0.0
v -8.0 -14.0 0.0
v -10.0 -14.0 0.0
v -11.0 -15.625 0.0
v -7.0 -15.625 0.0
v -7.0 -13.077148 3.083984
v -11.0 -13.077148 3.083984
v -10.0 -14.0 0.0
v -8.0 -14.0 0.0
v -8.0 -12.0 0.0
v -10.0 -12.0 0.0
v -11.0 -13.625 0.0
v -7.0 -13.625 0.0
v -7.0 -11.077148 3.083984
v -11.0 -11.077148 3.083984
v -10.0 -12.0 0.0
v -8.0 -12.0 0.0
v -8.0 -10.0 0.0
v -10.0 -10.0 0.0
v -11.0 -11.625 0.0
v -7.0 -11.625 0.0
v -7.0 -9.077148 3.083984
v -11.0 -9.077148 3.083984
v -10.0 -10.0 0.0
v -8.0 -10.0 0.0
v -8.0 -8.0 0.0
v -10.0 -8.0 0.0
v -11.0 -9.625 0.0
v -7.0 -9.625 0.0
v -7.0 -7.077149 3.083984
v -11.0 -7.077149 3.083984
v -10.0 -8.0 0.0
v -8.0 -8.0 0.0
v -8.0 -6.0 0.0
v -10.0 -6.0 0.0
v -11.0 -7.625 0.0
v -7.0 -7.625 0.0
v -7.0 -5.077149 3.083984
v -11.0 -5.077149 3.083984
v -10.0 -6.0 0.0
v -8.0 -6.0 0.0
v -8.0 -4.0 0.0
v -10.0 -4.0 0.0
v -11.0 -5.625 0.0
v -7.0 -5.625 0.0
v -7.0 -3.077149 3.083984
v -11.0 -3.077149 3.083984
v -10.0 -4.0 0.0
v -8.0 -4.0 0.0
v -8.0 -2.0 0.0
v -10.0 -2.0 0.0
v -11.0 -3.625 0.0
v -7.0 -3.625 0.0
v -7.0 -1.0771489 3.083984
v -11.0 -1.0771489 3.083984
v -10.0 -2.0 0.0
v -8.0 -2.0 0.0
v -8.0 0.0 0.0
v -10.0 0.0 0.0
v -11.0 -1.625 0.0
v -7.0 -1.625 0.0
v -7.0 0.9228511 3.083984
v -11.0 0.9228511 3.083984
v -10.0 0.0 0.0
v -8.0 0.0 0.0
v -8.0 2.0 0.0
v -10.0 2.0 0.0
v -11.0 0.375 0.0
v -7.0 0.375 0.0
v -7.0 2.922851 3.083984
v -11.0 2.922851 3.083984
v -10.0 2.0 0.0
v -8.0 2.0 0.0
v -8.0 4.0 0.0
v -10.0 4.0 0.0
v -11.0 2.375 0.0
v -7.0 2.375 0.0
v -7.0 4.922851 3.083984
v -11.0 4.922851 3.083984
v -10.0 4.0 0.0
v -8.0 4.0 0.0
v -8.0 6.0 0.0
v -10.0 6.0 0.0
v -11.0 4.375 0.0
v -7.0 4.375 0.0
v -7.0 6.922851 3.083984
v -11.0 6.922851 3.083984
v -10.0 6.0 0.0
v -8.0 6.0 0.0
v -8.0 8.0 0.0
v -10.0 8.0 0.0
v -11.0 6.375 0.0
v -7.0 6.375 0.0
v -7.0 8.922852 3.083984
v -11.0 8.922852 3.083984
v -10.0 8.0 0.0
v -8.0 8.0 0.0
v -8.0 10.0 0.0
v -10.0 10.0 0.0
v -11.0 8.375 0.0
v -7.0 8.375 0.0
v -7.0 10.922852 3.083984
v -11.0 10.922852 3.083984
v -10.0 10.0 0.0
v -8.0 10.0 0.0
v -8.0 12.0 0.0
v -10.0 12.0 0.0
v -11.0 10.375 0.0
v -7.0 10.375 0.0
v -7.0 12.922852 3.083984
v -11.0 12.922852 3.083984
v -10.0 12.0 0.0
v -8.0 12.0 0.0
v -8.0 14.0 0.0
v -10.0 14.0 0.0
v -11.0 12.375 0.0
v -7.0 12.375 0.0
v -7.0 14.922852 3.083984
v -11.0 14.922852 3.083984
v -10.0 14.0 0.0
v -8.0 14.0 0.0
v -8.0 16.0 0.0
v -10.0 16.0 0.0
v -11.0 14.375 0.0
v -7.0 14.375 0.0
v -7.0 16.922852 3.083984
v -11.0 16.922852 3.083984
v -8.0 -16.0 0.0
v -6.0 -16.0 0.0
v -6.0 -14.0 0.0
v -8.0 -14.0 0.0
v -9.0 -15.625 0.0
v -5.0 -15.625 0.0
v -5.0 -13.077148 3.083984
v -9.0 -13.077148 3.083984
v -8.0 -14.0 0.0
v -6.0 -14.0 0.0
v -6.0 -12.0 0.0
v -8.0 -12.0 0.0
v -9.0 -13.625 0.0
v -5.0 -13.625 0.0
v -5.0 -11.077148 3.083984
v -9.0 -11.077148 3.083984
v -8.0 -12.0 0.0
v -6.0 -12.0 0.0
v -6.0 -10.0 0.0
v -8.0 -10.0 0.0
v -9.0 -11.625 0.0
v -5.0 -11.625 0.0
v -5.0 -9.077148 3.083984
v -9.0 -9.077148 3.083984
v -8.0 -10.0 0.0
v -6.0 -10.0 0.0
v -6.0 -8.0 0.0
v -8.0 -8.0 0.0
v -9.0 -9.625 0.0
v -5.0 -9.625 0.0
v -5.0 -7.077149 3.083984
v -9.0 -7.077149 3.083984
v -8.0 -8.0 0.0
v -6.0 -8.0 0.0
v -6.0 -6.0 0.0
v -8.0 -6.0 0.0
v -9.0 -7.625 0.0
v -5.0 -7.625 0.0
v -5.0 -5.077149 3.083984
v -9.0 -5.077149 3.083984
v -8.0 -6.0 0.0
v -6.0 -6.0 0.0
v -6.0 -4.0 0.0
v -8.0 -4.0 0.0
v -9.0 -5.625 0.0
v -5.0 -5.625 0.0
v -5.0 -3.077149 3.083984
v -9.0 -3.077149 3.083984
v -8.0 -4.0 0.0
v -6.0 -4.0 0.0
v -6.0 -2.0 0.0
v -8.0 -2.0 0.0
v -9.0 -3.625 0.0
v -5.0 -3.625 0.0
v -5.0 -1.0771489 3.083984
v -9.0 -1.0771489 3.083984
v -8.0 -2.0 0.0
v -6.0 -2.0 0.0
v -6.0 0.0 0.0
v -8.0 0.0 0.0
v -9.0 -1.625 0.0
v -5.0 -1.625 0.0
v -5.0 0.9228511 3.083984
v -9.0 0.9228511 3.083984
v -8.0 0.0 0.0
v -6.0 0.0 0.0
v -6.0 2.0 0.0
v -8.0 2.0 0.0
v -9.0 0.375 0.0
v -5.0 0.375 0.0
v -5.0 2.922851 3.083984
v -9.0 2.922851 3.083984
v -8.0 2.0 0.0
v -6.0 2.0 0.0
v -6.0 4.0 0.0
v -8.0 4.0 0.0
v -9.0 2.375 0.0
v -5.0 2.375 0.0
v -5.0 4.922851 3.083984
v -9.0 4.922851 3.083984
v -8.0 4.0 0.0
v -6.0 4.0 0.0
v -6.0 6.0 0.0
v -8.0 6.0 0.0
v -9.0 4.375 0.0
v -5.0 4.375 0.0
v -5.0 6.922851 3.083984
v -9.0 6.922851 3.083984
v -8.0 6.0 0.0
v -6.0 6.0 0.0
v -6.0 8.0 0.0
v -8.0 8.0 0.0
v -9.0 6.375 0.0
v -5.0 6.375 0.0
v -5.0 8.922852 3.083984
v -9.0 8.922852 3.083984
v -8.0 8.0 0.0
v -6.0 8.0 0.0
v -6.0 10.0 0.0
v -8.0 10.0 0.0
v -9.0 8.375 0.0
v -5.0 8.375 0.0
v -5.0 10.922852 3.083984
v -9.0 10.922852 3.083984
v -8.0 10.0 0.0
v -6.0 10.0 0.0
v -6.0 12.0 0.0
v -8.0 12.0 0.0
v -9.0 10.375 0.0
v -5.0 10.375 0.0
v -5.0 12.922852 3.083984
v -9.0 12.922852 3.083984
v -8.0 12.0 0.0
v -6.0 12.0 0.0
v -6.0 14.0 0.0
v -8.0 14.0 0.0
v -9.0 12.375 0.0
v -5.0 12.375 0.0
v -5.0 14.922852 3.083984
v -9.0 14.922852 3.083984
v -8.0 14.0 0.0
v -6.0 14.0 0.0
v -6.0 16.0 0.0
v -8.0 16.0 0.0
v -9.0 14.375 0.0
v -5.0 14.375 0.0
v -5.0 16.922852 3.083984
v -9.0 16.922852 3.083984
v -6.0 -16.0 0.0
v -4.0 -16.0 0.0
v -4.0 -14.0 0.0
v -6.0 -14.0 0.0
v -7.0 -15.625 0.0
v -3.0 -15.625 0.0
v -3.0 -13.077148 3.083984
v -7.0 -13.077148 3.083984
v -6.0 -14.0 0.0
v -4.0 -14.0 0.0
v -4.0 -12.0 0.0
v -6.0 -12.0 0.0
v -7.0 -13.625 0.0
v -3.0 -13.625 0.0
v -3.0 -11.077148 3.083984
v -7.0 -11.077148 3.083984
v -6.0 -12.0 0.0
v -4.0 -12.0 0.0
v -4.0 -10.0 0.0
v -6.0 -10.0 0.0
v -7.0 -11.625 0.0
v -3.0 -11.625 0.0
v -3.0 -9.077148 3.083984
v -7.0 -9.077148 3.083984
v -6.0 -10.0 0.0
v -4.0 -10.0 0.0
v -4.0 -8.0 0.0
v -6.0 -8.0 0.0
v -7.0 -9.625 0.0
v -3.0 -9.625 0.0
v -3.0 -7.077149 3.083984
v -7.0 -7.077149 3.083984
v -6.0 -8.0 0.0
v -4.0 -8.0 0.0
v -4.0 -6.0 0.0
v -6.0 -6.0 0.0
v -7.0 -7.625 0.0
v -3.0 -7.625 0.0
v -3.0 -5.077149 3.083984
v -7.0 -5.077149 3.083984
v -6.0 -6.0 0.0
v -4.0 -6.0 0.0
v -4.0 -4.0 0.0
v -6.0 -4.0 0.0
v -7.0 -5.625 0.0
v -3.0 -5.625 0.0
v -3.0 -3.077149 3.083984
v -7.0 -3.077149 3.083984
v -6.0 -4.0 0.0
v -4.0 -4.0 0.0
v -4.0 -2.0 0.0
v -6.0 -2.0 0.0
v -7.0 -3.625 0.0
v -3.0 -3.625 0.0
v -3.0 -1.0771489 3.083984
v -7.0 -1.0771489 3.083984
v -6.0 -2.0 0.0
v -4.0 -2.0 0.0
v -4.0 0.0 0.0
v -6.0 0.0 0.0
v -7.0 -1.625 0.0
v -3.0 -1.625 0.0
v -3.0 0.9228511 3.083984
v -7.0 0.9228511 3.083984
v -6.0 0.0 0.0
v -4.0 0.0 0.0
v -4.0 2.0 0.0
v -6.0 2.0 0.0
v -7.0 0.375 0.0
v -3.0 0.375 0.0
v -3.0 2.922851 3.083984
v -7.0 2.922851 3.083984
v -6.0 2.0 0.0
v -4.0 2.0 0.0
v -4.0 4.0 0.0
v -6.0 4.0 0.0
v -7.0 2.375 0.0
v -3.0 2.375 0.0
v -3.0 4.922851 3.083984
v -7.0 4.922851 3.083984
v -6.0 4.0 0.0
v -4.0 4.0 0.0
v -4.0 6.0 0.0
v -6.0 6.0 0.0
v -7.0 4.375 0.0
v -3.0 4.375 0.0
v -3.0 6.922851 3.083984
v -7.0 6.922851 3.083984
v -6.0 6.0 0.0
v -4.0 6.0 0.0
v -4.0 8.0 0.0
v -6.0 8.0 0.0
v -7.0 6.375 0.0
v -3.0 6.375 0.0
v -3.0 8.922852 3.083984
v -7.0 8.922852 3.083984
v -6.0 8.0 0.0
v -4.0 8.0 0.0
v -4.0 10.0 0.0
v -6.0 10.0 0.0
v -7.0 8.375 0.0
v -3.0 8.375 0.0
v -3.0 10.922852 3.083984
v -7.0 10.922852 3.083984
v -6.0 10.0 0.0
v -4.0 10.0 0.0
v -4.0 12.0 0.0
v -6.0 12.0 0.0
v -7.0 10.375 0.0
v -3.0 10.375 0.0
v -3.0 12.922852 3.083984
v -7.0 12.922852 3.083984
v -6.0 12.0 0.0
v -4.0 12.0 0.0
v -4.0 14.0 0.0
v -6.0 14.0 0.0
v -7.0 12.375 0.0
v -3.0 12.375 0.0
v -3.0 14.922852 3.083984
v -7.0 14.922852 3.083984
v -6.0 14.0 0.0
v -4.0 14.0 0.0
v -4.0 16.0 0.0
v -6.0 16.0 0.0
v -7.0 14.375 0.0
v -3.0 14.375 0.0
v -3.0 16.922852 3.083984
v -7.0 16.922852 3.083984
v -4.0 -16.0 0.0
v -2.0 -16.0 0.0
v -2.0 -14.0 0.0
v -4.0 -14.0 0.0
v -5.0 -15.625 0.0
v -1.0 -15.625 0.0
v -1.0 -13.077148 3.083984
v -5.0 -13.077148 3.083984
v -4.0 -14.0 0.0
v -2.0 -14.0 0.0
v -2.0 -12.0 0.0
v -4.0 -12.0 0.0
v -5.0 -13.625 0.0
v -1.0 -13.625 0.0
v -1.0 -11.077148 3.083984
v -5.0 -11.077148 3.083984
v -4.0 -12.0 0.0
v -2.0 -12.0 0.0
v -2.0 -10.0 0.0
v -4.0 -10.0 0.0
v -5.0 -11.625 0.0
v -1.0 -11.625 0.0
v -1.0 -9.077148 3.083984
v -5.0 -9.077148 3.083984
v -4.0 -10.0 0.0
v -2.0 -10.0 0.0
v -2.0 -8.0 0.0
v -4.0 -8.0 0.0
v -5.0 -9.625 0.0
v -1.0 -9.625 0.0
v -1.0 -7.077149 3.083984
v -5.0 -7.077149 3.083984
v -4.0 -8.0 0.0
v -2.0 -8.0 0.0
v -2.0 -6.0 0.0
v -4.0 -6.0 0.0
v -5.0 -7.625 0.0
v -1.0 -7.625 0.0
v -1.0 -5.077149 3.083984
v -5.0 -5.077149 3.083984
v -4.0 -6.0 0.0
v -2.0 -6.0 0.0
v -2.0 -4.0 0.0
v -4.0 -4.0 0.0
v -5.0 -5.625 0.0
v -1.0 -5.625 0.0
v -1.0 -3.077149 3.083984
v -5.0 -3.077149 3.083984
v -4.0 -4.0 0.0
v -2.0 -4.0 0.0
v -2.0 -2.0 0.0
v -4.0 -2.0 0.0
v -5.0 -3.625 0.0
v -1.0 -3.625 0.0
v -1.0 -1.0771489 3.083984
v -5.0 -1.0771489 3.083984
v -4.0 -2.0 0.0
v -2.0 -2.0 0.0
v -2.0 0.0 0.0
v -4.0 0.0 0.0
v -5.0 -1.625 0.0
v -1.0 -1.625 0.0
v -1.0 0.9228511 3.083984
v -5.0 0.9228511 3.083984
v -4.0 0.0 0.0
v -2.0 0.0 0.0
v -2.0 2.0 0.0
v -4.0 2.0 0.0
v -5.0 0.375 0.0
v -1.0 0.375 0.0
v -1.0 2.922851 3.083984
v -5.0 2.922851 3.083984
v -4.0 2.0 0.0
v -2.0 2.0 0.0
v -2.0 4.0 0.0
v -4.0 4.0 0.0
v -5.0 2.375 0.0
v -1.0 2.375 0.0
v -1.0 4.922851 3.083984
v -5.0 4.922851 3.083984
v -4.0 4.0 0.0
v -2.0 4.0 0.0
v -2.0 6.0 0.0
v -4.0 6.0 0.0
v -5.0 4.375 0.0
v -1.0 4.375 0.0
v -1.0 6.922851 3.083984
v -5.0 6.922851 3.083984
v -4.0 6.0 0.0
v -2.0 6.0 0.0
v -2.0 8.0 0.0
v -4.0 8.0 0.0
v -5.0 6.375 0.0
v -1.0 6.375 0.0
v -1.0 8.922852 3.083984
v -5.0 8.922852 3.083984
v -4.0 8.0 0.0
v -2.0 8.0 0.0
v -2.0 10.0 0.0
v -4.0 10.0 0.0
v -5.0 8.375 0.0
v -1.0 8.375 0.0
v -1.0 10.922852 3.083984
v -5.0 10.922852 3.083984
v -4.0 10.0 0.0
v -2.0 10.0 0.0
v -2.0 12.0 0.0
v -4.0 12.0 0.0
v -5.0 10.375 0.0
v -1.0 10.375 0.0
v -1.0 12.922852 3.083984
v -5.0 12.922852 3.083984
v -4.0 12.0 0.0
v -2.0 12.0 0.0
v -2.0 14.0 0.0
v -4.0 14.0 0.0
v -5.0 12.375 0.0
v -1.0 12.375 0.0
v -1.0 14.922852 3.083984
v -5.0 14.922852 3.083984
v -4.0 14.0 0.0
v -2.0 14.0 0.0
v -2.0 16.0 0.0
v -4.0 16.0 0.0
v -5.0 14.375 0.0
v -1.0 14.375 0.0
v -1.0 16.922852 3.083984
v -5.0 16.922852 3.083984
v -2.0 -16.0 0.0
v 0.0 -16.0 0.0
v 0.0 -14.0 0.0
v -2.0 -14.0 0.0
v -3.0 -15.625 0.0
v 1.0 -15.625 0.0
v 1.0 -13.077148 3.083984
v -3.0 -13.077148 3.083984
v -2.0 -14.0 0.0
v 0.0 -14.0 0.0
v 0.0 -12.0 0.0
v -2.0 -12.0 0.0
v -3.0 -13.625 0.0
v 1.0 -13.625 0.0
v 1.0 -11.077148 3.083984
v -3.0 -11.077148 3.083984
v -2.0 -12.0 0.0
v 0.0 -12.0 0.0
v 0.0 -10.0 0.0
v -2.0 -10.0 0.0
v -3.0 -11.625 0.0
v 1.0 -11.625 0.0
v 1.0 -9.077148 3.083984
v -3.0 -9.077148 3.083984
v -2.0 -10.0 0.0
v 0.0 -10.0 0.0
v 0.0 -8.0 0.0
v -2.0 -8.0 0.0
v -3.0 -9.625 0.0
v 1.0 -9.625 0.0
v 1.0 -7.077149 3.083984
v -3.0 -7.077149 3.083984
v -2.0 -8.0 0.0
v 0.0 -8.0 0.0
v 0.0 -6.0 0.0
v -2.0 -6.0 0.0
v -3.0 -7.625 0.0
v 1.0 -7.625 0.0
v 1.0 -5.077149 3.083984
v -3.0 -5.077149 3.083984
v -2.0 -6.0 0.0
v 0.0 -6.0 0.0
v 0.0 -4.0 0.0
v -2.0 -4.0 0.0
v -3.0 -5.625 0.0
v 1.0 -5.625 0.0
v 1.0 -3.077149 3.083984
v -3.0 -3.077149 3.083984
v -2.0 -4.0 0.0
v 0.0 -4.0 0.0
v 0.0 -2.0 0.0
v -2.0 -2.0 0.0
v -3.0 -3.625 0.0
v 1.0 -3.625 0.0
v 1.0 -1.0771489 3.083984
v -3.0 -1.0771489 3.083984
v -2.0 -2.0 0.0
v 0.0 -2.0 0.0
v 0.0 0.0 0.0
v -2.0 0.0 0.0
v -3.0 -1.625 0.0
v 1.0 -1.625 0.0
v 1.0 0.9228511 3.083984
v -3.0 0.9228511 3.083984
v -2.0 0.0 0.0
v 0.0 0.0 0.0
v 0.0 2.0 0.0
v -2.0 2.0 0.0
v -3.0 0.375 0.0
v 1.0 0.375 0.0
v 1.0 2.922851 3.083984
v -3.0 2.922851 3.083984
v -2.0 2.0 0.0
v 0.0 2.0 0.0
v 0.0 4.0 0.0
v -2.0 4.0 0.0
v -3.0 2.375 0.0
v 1.0 2.375 0.0
v 1.0 4.922851 3.083984
v -3.0 4.922851 3.083984
v -2.0 4.0 0.0
v 0.0 4.0 0.0
v 0.0 6.0 0.0
v -2.0 6.0 0.0
v -3.0 4.375 0.0
v 1.0 4.375 0.0
v 1.0 6.922851 3.083984
v -3.0 6.922851 3.083984
v -2.0 6.0 0.0
v 0.0 6.0 0.0
v 0.0 8.0 0.0
v -2.0 8.0 0.0
v -3.0 6.375 0.0
v 1.0 6.375 0.0
v 1.0 8.922852 3.083984
v -3.0 8.922852 3.083984
v -2.0 8.0 0.0
v 0.0 8.0 0.0
v 0.0 10.0 0.0
v -2.0 10.0 0.0
v -3.0 8.375 0.0
v 1.0 8.375 0.0
v 1.0 10.922852 3.083984
v -3.0 10.922852 3.083984
v -2.0 10.0 0.0
v 0.0 10.0 0.0
v 0.0 12.0 0.0
v -2.0 12.0 0.0
v -3.0 10.375 0.0
v 1.0 10.375 0.0
v 1.0 12.922852 3.083984
v -3.0 12.922852 3.083984
v -2.0 12.0 0.0
v 0.0 12.0 0.0
v 0.0 14.0 0.0
v -2.0 14.0 0.0
v -3.0 12.375 0.0
v 1.0 12.375 0.0
v 1.0 14.922852 3.083984
v -3.0 14.922852 3.083984
v -2.0 14.0 0.0
v 0.0 14.0 0.0
v 0.0 16.0 0.0
v -2.0 16.0 0.0
v -3.0 14.375 0.0
v 1.0 14.375 0.0
v 1.0 16.922852 3.083984
v -3.0 16.922852 3.083984
v 0.0 -16.0 0.0
v 2.0 -16.0 0.0
v 2.0 -14.0 0.0
v 0.0 -14.0 0.0
v -1.0 -15.625 0.0
v 3.0 -15.625 0.0
v 3.0 -13.077148 3.083984
v -1.0 -13.077148 3.083984
v 0.0 -14.0 0.0
v 2.0 -14.0 0.0
v 2.0 -12.0 0.0
v 0.0 -12.0 0.0
v -1.0 -13.625 0.0
v 3.0 -13.625 0.0
v 3.0 -11.077148 3.083984
v -1.0 -11.077148 3.083984
v 0.0 -12.0 0.0
v 2.0 -12.0 0.0
v 2.0 -10.0 0.0
v 0.0 -10.0 0.0
v -1.0 -11.625 0.0
v 3.0 -11.625 0.0
v 3.0 -9.077148 3.083984
v -1.0 -9.077148 3.083984
v 0.0 -10.0 0.0
v 2.0 -10.0 0.0
v 2.0 -8.0 0.0
v 0.0 -8.0 0.0
v -1.0 -9.625 0.0
v 3.0 -9.625 0.0
v 3.0 -7.077149 3.083984
v -1.0 -7.077149 3.083984
v 0.0 -8.0 0.0
v 2.0 -8.0 0.0
v 2.0 -6.0 0.0
v 0.0 -6.0 0.0
v -1.0 -7.625 0.0
v 3.0 -7.625 0.0
v 3.0 -5.077149 3.083984
v -1.0 -5.077149 3.083984
v 0.0 -6.0 0.0
v 2.0 -6.0 0.0
v 2.0 -4.0 0.0
v 0.0 -4.0 0.0
v -1.0 -5.625 0.0
v 3.0 -5.625 0.0
v 3.0 -3.077149 3.083984
v -1.0 -3.077149 3.083984
v 0.0 -4.0 0.0
v 2.0 -4.0 0.0
v 2.0 -2.0 0.0
v 0.0 -2.0 0.0
v -1.0 -3.625 0.0
v 3.0 -3.625 0.0
v 3.0 -1.0771489 3.083984
v -1.0 -1.0771489 3.083984
v 0.0 -2.0 0.0
v 2.0 -2.0 0.0
v 2.0 0.0 0.0
v 0.0 0.0 0.0
v -1.0 -1.625 0.0
v 3.0 -1.625 0.0
v 3.0 0.9228511 3.083984
v -1.0 0.9228511 3.083984
v 0.0 0.0 0.0
v 2.0 0.0 0.0
v 2.0 2.0 0.0
v 0.0 2.0 0.0
v -1.0 0.375 0.0
v 3.0 0.375 0.0
v 3.0 2.922851 3.083984
v -1.0 2.922851 3.083984
v 0.0 2.0 0.0
v 2.0 2.0 0.0
v 2.0 4.0 0.0
v 0.0 4.0 0.0
v -1.0 2.375 0.0
v 3.0 2.375 0.0
v 3.0 4.922851 3.083984
v -1.0 4.922851 3.083984
v 0.0 4.0 0.0
v 2.0 4.0 0.0
v 2.0 6.0 0.0
v 0.0 6.0 0.0
v -1.0 4.375 0.0
v 3.0 4.375 0.0
v 3.0 6.922851 3.083984
v -1.0 6.922851 3.083984
v 0.0 6.0 0.0
v 2.0 6.0 0.0
v 2.0 8.0 0.0
v 0.0 8.0 0.0
v -1.0 6.375 0.0
v 3.0 6.375 0.0
v 3.0 8.922852 3.083984
v -1.0 8.922852 3.083984
v 0.0 8.0 0.0
v 2.0 8.0 0.0
v 2.0 10.0 0.0
v 0.0 10.0 0.0
v -1.0 8.375 0.0
v 3.0 8.375 0.0
v 3.0 10.922852 3.083984
v -1.0 10.922852 3.083984
v 0.0 10.0 0.0
v 2.0 10.0 0.0
v 2.0 12.0 0.0
v 0.0 12.0 0.0
v -1.0 10.375 0.0
v 3.0 10.375 0.0
v 3.0 12.922852 3.083984
v -1.0 12.922852 3.083984
v 0.0 12.0 0.0
v 2.0 12.0 0.0
v 2.0 14.0 0.0
v 0.0 14.0 0.0
v -1.0 12.375 0.0
v 3.0 12.375 0.0
v 3.0 14.922852 3.083984
v -1.0 14.922852 3.083984
v 0.0 14.0 0.0
v 2.0 14.0 0.0
v 2.0 16.0 0.0
v 0.0 16.0 0.0
v -1.0 14.375 0.0
v 3.0 14.375 0.0
v 3.0 16.922852 3.083984
v -1.0 16.922852 3.083984
v 2.0 -16.0 0.0
v 4.0 -16.0 0.0
v 4.0 -14.0 0.0
v 2.0 -14.0 0.0
v 1.0 -15.625 0.0
v 5.0 -15.625 0.0
v 5.0 -13.077148 3.083984
v 1.0 -13.077148 3.083984
v 2.0 -14.0 0.0
v 4.0 -14.0 0.0
v 4.0 -12.0 0.0
v 2.0 -12.0 0.0
v 1.0 -13.625 0.0
v 5.0 -13.625 0.0
v 5.0 -11.077148 3.083984
v 1.0 -11.077148 3.083984
v 2.0 -12.0 0.0
v 4.0 -12.0 0.0
v 4.0 -10.0 0.0
v 2.0 -10.0 0.0
v 1.0 -11.625 0.0
v 5.0 -11.625 0.0
v 5.0 -9.077148 3.083984
v 1.0 -9.077148 3.083984
v 2.0 -10.0 0.0
v 4.0 -10.0 0.0
v 4.0 -8.0 0.0
v 2.0 -8.0 0.0
v 1.0 -9.625 0.0
v 5.0 -9.625 0.0
v 5.0 -7.077149 3.083984
v 1.0 -7.077149 3.083984
v 2.0 -8.0 0.0
v 4.0 -8.0 0.0
v 4.0 -6.0 0.0
v 2.0 -6.0 0.0
v 1.0 -7.625 0.0
v 5.0 -7.625 0.0
v 5.0 -5.077149 3.083984
v 1.0 -5.077149 3.083984
v 2.0 -6.0 0.0
v 4.0 -6.0 0.0
v 4.0 -4.0 0.0
v 2.0 -4.0 0.0
v 1.0 -5.625 0.0
v 5.0 -5.625 0.0
v 5.0 -3.077149 3.083984
v 1.0 -3.077149 3.083984
v 2.0 -4.0 0.0
v 4.0 -4.0 0.0
v 4.0 -2.0 0.0
v 2.0 -2.0 0.0
v 1.0 -3.625 0.0
v 5.0 -3.625 0.0
v 5.0 -1.0771489 3.083984
v 1.0 -1.0771489 3.083984
v 2.0 -2.0 0.0
v 4.0 -2.0 0.0
v 4.0 0.0 0.0
v 2.0 0.0 0.0
v 1.0 -1.625 0.0
v 5.0 -1.625 0.0
v 5.0 0.9228511 3.083984
v 1.0 0.9228511 3.083984
v 2.0 0.0 0.0
v 4.0 0.0 0.0
v 4.0 2.0 0.0
v 2.0 2.0 0.0
v 1.0 0.375 0.0
v 5.0 0.375 0.0
v 5.0 2.922851 3.083984
v 1.0 2.922851 3.083984
v 2.0 2.0 0.0
v 4.0 2.0 0.0
v 4.0 4.0 0.0
v 2.0 4.0 0.0
v 1.0 2.375 0.0
v 5.0 2.375 0.0
v 5.0 4.922851 3.083984
v 1.0 4.922851 3.083984
v 2.0 4.0 0.0
v 4.0 4.0 0.0
v 4.0 6.0 0.0
v 2.0 6.0 0.0
v 1.0 4.375 0.0
v 5.0 4.375 0.0
v 5.0 6.922851 3.083984
v 1.0 6.922851 3.083984
v 2.0 6.0 0.0
v 4.0 6.0 0.0
v 4.0 8.0 0.0
v 2.0 8.0 0.0
v 1.0 6.375 0.0
v 5.0 6.375 0.0
v 5.0 8.922852 3.083984
v 1.0 8.922852 3.083984
v 2.0 8.0 0.0
v 4.0 8.0 0.0
v 4.0 10.0 0.0
v 2.0 10.0 0.0
v 1.0 8.375 0.0
v 5.0 8.375 0.0
v 5.0 10.922852 3.083984
v 1.0 10.922852 3.083984
v 2.0 10.0 0.0
v 4.0 10.0 0.0
v 4.0 12.0 0.0
v 2.0 12.0 0.0
v 1.0 10.375 0.0
v 5.0 10.375 0.0
v 5.0 12.922852 3.083984
v 1.0 12.922852 3.083984
v 2.0 12.0 0.0
v 4.0 12.0 0.0
v 4.0 14.0 0.0
v 2.0 14.0 0.0
v 1.0 12.375 0.0
v 5.0 12.375 0.0
v 5.0 14.922852 3.083984
v 1.0 14.922852 3.083984
v 2.0 14.0 0.0
v 4.0 14.0 0.0
v 4.0 16.0 0.0
v 2.0 16.0 0.0
v 1.0 14.375 0.0
v 5.0 14.375 0.0
v 5.0 16.922852 3.083984
v 1.0 16.922852 3.083984
v 4.0 -16.0 0.0
v 6.0 -16.0 0.0
v 6.0 -14.0 0.0
v 4.0 -14.0 0.0
v 3.0 -15.625 0.0
v 7.0 -15.625 0.0
v 7.0 -13.077148 3.083984
v 3.0 -13.077148 3.083984
v 4.0 -14.0 0.0
v 6.0 -14.0 0.0
v 6.0 -12.0 0.0
v 4.0 -12.0 0.0
v 3.0 -13.625 0.0
v 7.0 -13.625 0.0
v 7.0 -11.077148 3.083984
v 3.0 -11.077148 3.083984
v 4.0 -12.0 0.0
v 6.0 -12.0 0.0
v 6.0 -10.0 0.0
v 4.0 -10.0 0.0
v 3.0 -11.625 0.0
v 7.0 -11.625 0.0
v 7.0 -9.077148 3.083984
v 3.0 -9.077148 3.083984
v 4.0 -10.0 0.0
v 6.0 -10.0 0.0
v 6.0 -8.0 0.0
v 4.0 -8.0 0.0
v 3.0 -9.625 0.0
v 7.0 -9.625 0.0
v 7.0 -7.077149 3.083984
v 3.0 -7.077149 3.083984
v 4.0 -8.0 0.0
v 6.0 -8.0 0.0
v 6.0 -6.0 0.0
v 4.0 -6.0 0.0
v 3.0 -7.625 0.0
v 7.0 -7.625 0.0
v 7.0 -5.077149 3.083984
v 3.0 -5.077149 3.083984
v 4.0 -6.0 0.0
v 6.0 -6.0 0.0
v 6.0 -4.0 0.0
v 4.0 -4.0 0.0
v 3.0 -5.625 0.0
v 7.0 -5.625 0.0
v 7.0 -3.077149 3.083984
v 3.0 -3.077149 3.083984
v 4.0 -4.0 0.0
v 6.0 -4.0 0.0
v 6.0 -2.0 0.0
v 4.0 -2.0 0.0
v 3.0 -3.625 0.0
v 7.0 -3.625 0.0
v 7.0 -1.0771489 3.083984
v 3.0 -1.0771489 3.083984
v 4.0 -2.0 0.0
v 6.0 -2.0 0.0
v 6.0 0.0 0.0
v 4.0 0.0 0.0
v 3.0 -1.625 0.0
v 7.0 -1.625 0.0
v 7.0 0.9228511 3.083984
v 3.0 0.9228511 3.083984
v 4.0 0.0 0.0
v 6.0 0.0 0.0
v 6.0 2.0 0.0
v 4.0 2.0 0.0
v 3.0 0.375 0.0
v 7.0 0.375 0.0
v 7.0 2.922851 3.083984
v 3.0 2.922851 3.083984
v 4.0 2.0 0.0
v 6.0 2.0 0.0
v 6.0 4.0 0.0
v 4.0 4.0 0.0
v 3.0 2.375 0.0
v 7.0 2.375 0.0
v 7.0 4.922851 3.083984
v 3.0 4.922851 3.083984
v 4.0 4.0 0.0
v 6.0 4.0 0.0
v 6.0 6.0 0.0
v 4.0 6.0 0.0
v 3.0 4.375 0.0
v 7.0 4.375 0.0
v 7.0 6.922851 3.083984
v 3.0 6.922851 3.083984
v 4.0 6.0 0.0
v 6.0 6.0 0.0
v 6.0 8.0 0.0
v 4.0 8.0 0.0
v 3.0 6.375 0.0
v 7.0 6.375 0.0
v 7.0 8.922852 3.083984
v 3.0 8.922852 3.083984
v 4.0 8.0 0.0
v 6.0 8.0 0.0
v 6.0 10.0 0.0
v 4.0 10.0 0.0
v 3.0 8.375 0.0
v 7.0 8.375 0.0
v 7.0 10.922852 3.083984
v 3.0 10.922852 3.083984
v 4.0 10.0 0.0
v 6.0 10.0 0.0
v 6.0 12.0 0.0
v 4.0 12.0 0.0
v 3.0 10.375 0.0
v 7.0 10.375 0.0
v 7.0 12.922852 3.083984
v 3.0 12.922852 3.083984
v 4.0 12.0 0.0
v 6.0 12.0 0.0
v 6.0 14.0 0.0
v 4.0 14.0 0.0
v 3.0 12.375 0.0
v 7.0 12.375 0.0
v 7.0 14.922852 3.083984
v 3.0 14.922852 3.083984
v 4.0 14.0 0.0
v 6.0 14.0 0.0
v 6.0 16.0 0.0
v 4.0 16.0 0.0
v 3.0 14.375 0.0
v 7.0 14.375 0.0
v 7.0 16.922852 3.083984
v 3.0 16.922852 3.083984
v 6.0 -16.0 0.0
v 8.0 -16.0 0.0
v 8.0 -14.0 0.0
v 6.0 -14.0 0.0
v 5.0 -15.625 0.0
v 9.0 -15.625 0.0
v 9.0 -13.077148 3.083984
v 5.0 -13.077148 3.083984
v 6.0 -14.0 0.0
v 8.0 -14.0 0.0
v 8.0 -12.0 0.0
v 6.0 -12.0 0.0
v 5.0 -13.625 0.0
v 9.0 -13.625 0.0
v 9.0 -11.077148 3.083984
v 5.0 -11.077148 3.083984
v 6.0 -12.0 0.0
v 8.0 -12.0 0.0
v 8.0 -10.0 0.0
v 6.0 -10.0 0.0
v 5.0 -11.625 0.0
v 9.0 -11.625 0.0
v 9.0 -9.077148 3.083984
v 5.0 -9.077148 3.083984
v 6.0 -10.0 0.0
v 8.0 -10.0 0.0
v 8.0 -8.0 0.0
v 6.0 -8.0 0.0
v 5.0 -9.625 0.0
v 9.0 -9.625 0.0
v 9.0 -7.077149 3.083984
v 5.0 -7.077149 3.083984
v 6.0 -8.0 0.0
v 8.0 -8.0 0.0
v 8.0 -6.0 0.0
v 6.0 -6.0 0.0
v 5.0 -7.625 0.0
v 9.0 -7.625 0.0
v 9.0 -5.077149 3.083984
v 5.0 -5.077149 3.083984
v 6.0 -6.0 0.0
v 8.0 -6.0 0.0
v 8.0 -4.0 0.0
v 6.0 -4.0 0.0
v 5.0 -5.625 0.0
v 9.0 -5.625 0.0
v 9.0 -3.077149 3.083984
v 5.0 -3.077149 3.083984
v 6.0 -4.0 0.0
v 8.0 -4.0 0.0
v 8.0 -2.0 0.0
v 6.0 -2.0 0.0
v 5.0 -3.625 0.0
v 9.0 -3.625 0.0
v 9.0 -1.0771489 3.083984
v 5.0 -1.0771489 3.083984
v 6.0 -2.0 0.0
v 8.0 -2.0 0.0
v 8.0 0.0 0.0
v 6.0 0.0 0.0
v 5.0 -1.625 0.0
v 9.0 -1.625 0.0
v 9.0 0.9228511 3.083984
v 5.0 0.9228511 3.083984
v 6.0 0.0 0.0
v 8.0 0.0 0.0
v 8.0 2.0 0.0
v 6.0 2.0 0.0
v 5.0 0.375 0.0
v 9.0 0.375 0.0
v 9.0 2.922851 3.083984
v 5.0 2.922851 3.083984
v 6.0 2.0 0.0
v 8.0 2.0 0.0
v 8.0 4.0 0.0
v 6.0 4.0 0.0
v 5.0 2.375 0.0
v 9.0 2.375 0.0
v 9.0 4.922851 3.083984
v 5.0 4.922851 3.083984
v 6.0 4.0 0.0
v 8.0 4.0 0.0
v 8.0 6.0 0.0
v 6.0 6.0 0.0
v 5.0 4.375 0.0
v 9.0 4.375 0.0
v 9.0 6.922851 3.083984
v 5.0 6.922851 3.083984
v 6.0 6.0 0.0
v 8.0 6.0 0.0
v 8.0 8.0 0.0
v 6.0 8.0 0.0
v 5.0 6.375 0.0
v 9.0 6.375 0.0
v 9.0 8.922852 3.083984
v 5.0 8.922852 3.083984
v 6.0 8.0 0.0
v 8.0 8.0 0.0
v 8.0 10.0 0.0
v 6.0 10.0 0.0
v 5.0 8.375 0.0
v 9.0 8.375 0.0
v 9.0 10.922852 3.083984
v 5.0 10.922852 3.083984
v 6.0 10.0 0.0
v 8.0 10.0 0.0
v 8.0 12.0 0.0
v 6.0 12.0 0.0
v 5.0 10.375 0.0
v 9.0 10.375 0.0
v 9.0 12.922852 3.083984
v 5.0 12.922852 3.083984
v 6.0 12.0 0.0
v 8.0 12.0 0.0
v 8.0 14.0 0.0
v 6.0 14.0 0.0
v 5.0 12.375 0.0
v 9.0 12.375 0.0
v 9.0 14.922852 3.083984
v 5.0 14.922852 3.083984
v 6.0 14.0 0.0
v 8.0 14.0 0.0
v 8.0 16.0 0.0
v 6.0 16.0 0.0
v 5.0 14.375 0.0
v 9.0 14.375 0.0
v 9.0 16.922852 3.083984
v 5.0 16.922852 3.083984
v 8.0 -16.0 0.0
v 10.0 -16.0 0.0
v 10.0 -14.0 0.0
v 8.0 -14.0 0.0
v 7.0 -15.625 0.0
v 11.0 -15.625 0.0
v 11.0 -13.077148 3.083984
v 7.0 -13.077148 3.083984
v 8.0 -14.0 0.0
v 10.0 -14.0 0.0
v 10.0 -12.0 0.0
v 8.0 -12.0 0.0
v 7.0 -13.625 0.0
v 11.0 -13.625 0.0
v 11.0 -11.077148 3.083984
v 7.0 -11.077148 3.083984
v 8.0 -12.0 0.0
v 10.0 -12.0 0.0
v 10.0 -10.0 0.0
v 8.0 -10.0 0.0
v 7.0 -11.625 0.0
v 11.0 -11.625 0.0
v 11.0 -9.077148 3.083984
v 7.0 -9.077148 3.083984
v 8.0 -10.0 0.0
v 10.0 -10.0 0.0
v 10.0 -8.0 0.0
v 8.0 -8.0 0.0
v 7.0 -9.625 0.0
v 11.0 -9.625 0.0
v 11.0 -7.077149 3.083984
v 7.0 -7.077149 3.083984
v 8.0 -8.0 0.0
v 10.0 -8.0 0.0
v 10.0 -6.0 0.0
v 8.0 -6.0 0.0
v 7.0 -7.625 0.0
v 11.0 -7.625 0.0
v 11.0 -5.077149 3.083984
v 7.0 -5.077149 3.083984
v 8.0 -6.0 0.0
v 10.0 -6.0 0.0
v 10.0 -4.0 0.0
v 8.0 -4.0 0.0
v 7.0 -5.625 0.0
v 11.0 -5.625 0.0
v 11.0 -3.077149 3.083984
v 7.0 -3.077149 3.083984
v 8.0 -4.0 0.0
v 10.0 -4.0 0.0
v 10.0 -2.0 0.0
v 8.0 -2.0 0.0
v 7.0 -3.625 0.0
v 11.0 -3.625 0.0
v 11.0 -1.0771489 3.083984
v 7.0 -1.0771489 3.083984
v 8.0 -2.0 0.0
v 10.0 -2.0 0.0
v 10.0 0.0 0.0
v 8.0 0.0 0.0
v 7.0 -1.625 0.0
v 11.0 -1.625 0.0
v 11.0 0.9228511 3.083984
v 7.0 0.9228511 3.083984
v 8.0 0.0 0.0
v 10.0 0.0 0.0
v 10.0 2.0 0.0
v 8.0 2.0 0.0
v 7.0 0.375 0.0
v 11.0 0.375 0.0
v 11.0 2.922851 3.083984
v 7.0 2.922851 3.083984
v 8.0 2.0 0.0
v 10.0 2.0 0.0
v 10.0 4.0 0.0
v 8.0 4.0 0.0
v 7.0 2.375 0.0
v 11.0 2.375 0.0
v 11.0 4.922851 3.083984
v 7.0 4.922851 3.083984
v 8.0 4.0 0.0
v 10.0 4.0 0.0
v 10.0 6.0 0.0
v 8.0 6.0 0.0
v 7.0 4.375 0.0
v 11.0 4.375 0.0
v 11.0 6.922851 3.083984
v 7.0 6.922851 3.083984
v 8.0 6.0 0.0
v 10.0 6.0 0.0
v 10.0 8.0 0.0
v 8.0 8.0 0.0
v 7.0 6.375 0.0
v 11.0 6.375 0.0
v 11.0 8.922852 3.083984
v 7.0 8.922852 3.083984
v 8.0 8.0 0.0
v 10.0 8.0 0.0
v 10.0 10.0 0.0
v 8.0 10.0 0.0
v 7.0 8.375 0.0
v 11.0 8.375 0.0
v 11.0 10.922852 3.083984
v 7.0 10.922852 3.083984
v 8.0 10.0 0.0
v 10.0 10.0 0.0
v 10.0 12.0 0.0
v 8.0 12.0 0.0
v 7.0 10.375 0.0
v 11.0 10.375 0.0
v 11.0 12.922852 3.083984
v 7.0 12.922852 3.083984
v 8.0 12.0 0.0
v 10.0 12.0 0.0
v 10.0 14.0 0.0
v 8.0 14.0 0.0
v 7.0 12.375 0.0
v 11.0 12.375 0.0
v 11.0 14.922852 3.083984
v 7.0 14.922852 3.083984
v 8.0 14.0 0.0
v 10.0 14.0 0.0
v 10.0 16.0 0.0
v 8.0 16.0 0.0
v 7.0 14.375 0.0
v 11.0 14.375 0.0
v 11.0 16.922852 3.083984
v 7.0 16.922852 3.083984
v 10.0 -16.0 0.0
v 12.0 -16.0 0.0
v 12.0 -14.0 0.0
v 10.0 -14.0 0.0
v 9.0 -15.625 0.0
v 13.0 -15.625 0.0
v 13.0 -13.077148 3.083984
v 9.0 -13.077148 3.083984
v 10.0 -14.0 0.0
v 12.0 -14.0 0.0
v 12.0 -12.0 0.0
v 10.0 -12.0 0.0
v 9.0 -13.625 0.0
v 13.0 -13.625 0.0
v 13.0 -11.077148 3.083984
v 9.0 -11.077148 3.083984
v 10.0 -12.0 0.0
v 12.0 -12.0 0.0
v 12.0 -10.0 0.0
v 10.0 -10.0 0.0
v 9.0 -11.625 0.0
v 13.0 -11.625 0.0
v 13.0 -9.077148 3.083984
v 9.0 -9.077148 3.083984
v 10.0 -10.0 0.0
v 12.0 -10.0 0.0
v 12.0 -8.0 0.0
v 10.0 -8.0 0.0
v 9.0 -9.625 0.0
v 13.0 -9.625 0.0
v 13.0 -7.077149 3.083984
v 9.0 -7.077149 3.083984
v 10.0 -8.0 0.0
v 12.0 -8.0 0.0
v 12.0 -6.0 0.0
v 10.0 -6.0 0.0
v 9.0 -7.625 0.0
v 13.0 -7.625 0.0
v 13.0 -5.077149 3.083984
v 9.0 -5.077149 3.083984
v 10.0 -6.0 0.0
v 12.0 -6.0 0.0
v 12.0 -4.0 0.0
v 10.0 -4.0 0.0
v 9.0 -5.625 0.0
v 13.0 -5.625 0.0
v 13.0 -3.077149 3.083984
v 9.0 -3.077149 3.083984
v 10.0 -4.0 0.0
v 12.0 -4.0 0.0
v 12.0 -2.0 0.0
v 10.0 -2.0 0.0
v 9.0 -3.625 0.0
v 13.0 -3.625 0.0
v 13.0 -1.0771489 3.083984
v 9.0 -1.0771489 3.083984
v 10.0 -2.0 0.0
v 12.0 -2.0 0.0
v 12.0 0.0 0.0
v 10.0 0.0 0.0
v 9.0 -1.625 0.0
v 13.0 -1.625 0.0
v 13.0 0.9228511 3.083984
v 9.0 0.9228511 3.083984
v 10.0 0.0 0.0
v 12.0 0.0 0.0
v 12.0 2.0 0.0
v 10.0 2.0 0.0
v 9.0 0.375 0.0
v 13.0 0.375 0.0
v 13.0 2.922851 3.083984
v 9.0 2.922851 3.083984
v 10.0 2.0 0.0
v 12.0 2.0 0.0
v 12.0 4.0 0.0
v 10.0 4.0 0.0
v 9.0 2.375 0.0
v 13.0 2.375 0.0
v 13.0 4.922851 3.083984
v 9.0 4.922851 3.083984
v 10.0 4.0 0.0
v 12.0 4.0 0.0
v 12.0 6.0 0.0
v 10.0 6.0 0.0
v 9.0 4.375 0.0
v 13.0 4.375 0.0
v 13.0 6.922851 3.083984
v 9.0 6.922851 3.083984
v 10.0 6.0 0.0
v 12.0 6.0 0.0
v 12.0 8.0 0.0
v 10.0 8.0 0.0
v 9.0 6.375 0.0
v 13.0 6.375 0.0
v 13.0 8.922852 3.083984
v 9.0 8.922852 3.083984
v 10.0 8.0 0.0
v 12.0 8.0 0.0
v 12.0 10.0 0.0
v 10.0 10.0 0.0
v 9.0 8.375 0.0
v 13.0 8.375 0.0
v 13.0 10.922852 3.083984
v 9.0 10.922852 3.083984
v 10.0 10.0 0.0
v 12.0 10.0 0.0
v 12.0 12.0 0.0
v 10.0 12.0 0.0
v 9.0 10.375 0.0
v 13.0 10.375 0.0
v 13.0 12.922852 3.083984
v 9.0 12.922852 3.083984
v 10.0 12.0 0.0
v 12.0 12.0 0.0
v 12.0 14.0 0.0
v 10.0 14.0 0.0
v 9.0 12.375 0.0
v 13.0 12.375 0.0
v 13.0 14.922852 3.083984
v 9.0 14.922852 3.083984
v 10.0 14.0 0.0
v 12.0 14.0 0.0
v 12.0 16.0 0.0
v 10.0 16.0 0.0
v 9.0 14.375 0.0
v 13.0 14.375 0.0
v 13.0 16.922852 3.083984
v 9.0 16.922852 3.083984
v 12.0 -16.0 0.0
v 14.0 -16.0 0.0
v 14.0 -14.0 0.0
v 12.0 -14.0 0.0
v 11.0 -15.625 0.0
v 15.0 -15.625 0.0
v 15.0 -13.077148 3.083984
v 11.0 -13.077148 3.083984
v 12.0 -14.0 0.0
v 14.0 -14.0 0.0
v 14.0 -12.0 0.0
v 12.0 -12.0 0.0
v 11.0 -13.625 0.0
v 15.0 -13.625 0.0
v 15.0 -11.077148 3.083984
v 11.0 -11.077148 3.083984
v 12.0 -12.0 0.0
v 14.0 -12.0 0.0
v 14.0 -10.0 0.0
v 12.0 -10.0 0.0
v 11.0 -11.625 0.0
v 15.0 -11.625 0.0
v 15.0 -9.077148 3.083984
v 11.0 -9.077148 3.083984
v 12.0 -10.0 0.0
v 14.0 -10.0 0.0
v 14.0 -8.0 0.0
v 12.0 -8.0 0.0
v 11.0 -9.625 0.0
v 15.0 -9.625 0.0
v 15.0 -7.077149 3.083984
v 11.0 -7.077149 3.083984
v 12.0 -8.0 0.0
v 14.0 -8.0 0.0
v 14.0 -6.0 0.0
v 12.0 -6.0 0.0
v 11.0 -7.625 0.0
v 15.0 -7.625 0.0
v 15.0 -5.077149 3.083984
v 11.0 -5.077149 3.083984
v 12.0 -6.0 0.0
v 14.0 -6.0 0.0
v 14.0 -4.0 0.0
v 12.0 -4.0 0.0
v 11.0 -5.625 0.0
v 15.0 -5.625 0.0
v 15.0 -3.077149 3.083984
v 11.0 -3.077149 3.083984
v 12.0 -4.0 0.0
v 14.0 -4.0 0.0
v 14.0 -2.0 0.0
v 12.0 -2.0 0.0
v 11.0 -3.625 0.0
v 15.0 -3.625 0.0
v 15.0 -1.0771489 3.083984
v 11.0 -1.0771489 3.083984
v 12.0 -2.0 0.0
v 14.0 -2.0 0.0
v 14.0 0.0 0.0
v 12.0 0.0 0.0
v 11.0 -1.625 0.0
v 15.0 -1.625 0.0
v 15.0 0.9228511 3.083984
v 11.0 0.9228511 3.083984
v 12.0 0.0 0.0
v 14.0 0.0 0.0
v 14.0 2.0 0.0
v 12.0 2.0 0.0
v 11.0 0.375 0.0
v 15.0 0.375 0.0
v 15.0 2.922851 3.083984
v 11.0 2.922851 3.083984
v 12.0 2.0 0.0
v 14.0 2.0 0.0
v 14.0 4.0 0.0
v 12.0 4.0 0.0
v 11.0 2.375 0.0
v 15.0 2.375 0.0
v 15.0 4.922851 3.083984
v 11.0 4.922851 3.083984
v 12.0 4.0 0.0
v 14.0 4.0 0.0
v 14.0 6.0 0.0
v 12.0 6.0 0.0
v 11.0 4.375 0.0
v 15.0 4.375 0.0
v 15.0 6.922851 3.083984
v 11.0 6.922851 3.083984
v 12.0 6.0 0.0
v 14.0 6.0 0.0
v 14.0 8.0 0.0
v 12.0 8.0 0.0
v 11.0 6.375 0.0
v 15.0 6.375 0.0
v 15.0 8.922852 3.083984
v 11.0 8.922852 3.083984
v 12.0 8.0 0.0
v 14.0 8.0 0.0
v 14.0 10.0 0.0
v 12.0 10.0 0.0
v 11.0 8.375 0.0
v 15.0 8.375 0.0
v 15.0 10.922852 3.083984
v 11.0 10.922852 3.083984
v 12.0 10.0 0.0
v 14.0 10.0 0.0
v 14.0 12.0 0.0
v 12.0 12.0 0.0
v 11.0 10.375 0.0
v 15.0 10.375 0.0
v 15.0 12.922852 3.083984
v 11.0 12.922852 3.083984
v 12.0 12.0 0.0
v 14.0 12.0 0.0
v 14.0 14.0 0.0
v 12.0 14.0 0.0
v 11.0 12.375 0.0
v 15.0 12.375 0.0
v 15.0 14.922852 3.083984
v 11.0 14.922852 3.083984
v 12.0 14.0 0.0
v 14.0 14.0 0.0
v 14.0 16.0 0.0
v 12.0 16.0 0.0
v 11.0 14.375 0.0
v 15.0 14.375 0.0
v 15.0 16.922852 3.083984
v 11.0 16.922852 3.083984
v 14.0 -15.0 0.0
v 16.0 -15.0 0.0
v 16.0 -13.0 0.0
v 14.0 -13.0 0.0
v 13.0 -14.625 0.0
v 17.0 -14.625 0.0
v 17.0 -12.077148 3.083984
v 13.0 -12.077148 3.083984
v 14.0 -13.0 0.0
v 16.0 -13.0 0.0
v 16.0 -11.0 0.0
v 14.0 -11.0 0.0
v 13.0 -12.625 0.0
v 17.0 -12.625 0.0
v 17.0 -10.077148 3.083984
v 13.0 -10.077148 3.083984
v 14.0 -11.0 0.0
v 16.0 -11.0 0.0
v 16.0 -9.0 0.0
v 14.0 -9.0 0.0
v 13.0 -10.625 0.0
v 17.0 -10.625 0.0
v 17.0 -8.077148 3.083984
v 13.0 -8.077148 3.083984
v 14.0 -9.0 0.0
v 16.0 -9.0 0.0
v 16.0 -7.0 0.0
v 14.0 -7.0 0.0
v 13.0 -8.625 0.0
v 17.0 -8.625 0.0
v 17.0 -6.077149 3.083984
v 13.0 -6.077149 3.083984
v 14.0 -7.0 0.0
v 16.0 -7.0 0.0
v 16.0 -5.0 0.0
v 14.0 -5.0 0.0
v 13.0 -6.625 0.0
v 17.0 -6.625 0.0
v 17.0 -4.077149 3.083984
v 13.0 -4.077149 3.083984
v 14.0 -5.0 0.0
v 16.0 -5.0 0.0
v 16.0 -3.0 0.0
v 14.0 -3.0 0.0
v 13.0 -4.625 0.0
v 17.0 -4.625 0.0
v 17.0 -2.077149 3.083984
v 13.0 -2.077149 3.083984
v 14.0 -3.0 0.0
v 16.0 -3.0 0.0
v 16.0 -1.0 0.0
v 14.0 -1.0 0.0
v 13.0 -2.625 0.0
v 17.0 -2.625 0.0
v 17.0 -0.077148914 3.083984
v 13.0 -0.077148914 3.083984
v 14.0 -1.0 0.0
v 16.0 -1.0 0.0
v 16.0 1.0 0.0
v 14.0 1.0 0.0
v 13.0 -0.625 0.0
v 17.0 -0.625 0.0
v 17.0 1.9228511 3.083984
v 13.0 1.9228511 3.083984
v 14.0 1.0 0.0
v 16.0 1.0 0.0
v 16.0 3.0 0.0
v 14.0 3.0 0.0
v 13.0 1.375 0.0
v 17.0 1.375 0.0
v 17.0 3.922851 3.083984
v 13.0 3.922851 3.083984
v 14.0 3.0 0.0
v 16.0 3.0 0.0
v 16.0 5.0 0.0
v 14.0 5.0 0.0
v 13.0 3.375 0.0
v 17.0 3.375 0.0
v 17.0 5.922851 3.083984
v 13.0 5.922851 3.083984
v 14.0 5.0 0.0
v 16.0 5.0 0.0
v 16.0 7.0 0.0
v 14.0 7.0 0.0
v 13.0 5.375 0.0
v 17.0 5.375 0.0
v 17.0 7.922851 3.083984
v 13.0 7.922851 3.083984
v 14.0 7.0 0.0
v 16.0 7.0 0.0
v 16.0 9.0 0.0
v 14.0 9.0 0.0
v 13.0 7.375 0.0
v 17.0 7.375 0.0
v 17.0 9.922852 3.083984
v 13.0 9.922852 3.083984
v 14.0 9.0 0.0
v 16.0 9.0 0.0
v 16.0 11.0 0.0
v 14.0 11.0 0.0
v 13.0 9.375 0.0
v 17.0 9.375 0.0
v 17.0 11.922852 3.083984
v 13.0 11.922852 3.083984
v 14.0 11.0 0.0
v 16.0 11.0 0.0
v 16.0 13.0 0.0
v 14.0 13.0 0.0
v 13.0 11.375 0.0
v 17.0 11.375 0.0
v 17.0 13.922852 3.083984
v 13.0 13.922852 3.083984
v 14.0 13.0 0.0
v 16.0 13.0 0.0
v 16.0 15.0 0.0
v 14.0 15.0 0.0
v 13.0 13.375 0.0
v 17.0 13.375 0.0
v 17.0 15.922852 3.083984
v 13.0 15.922852 3.083984
v 14.0 15.0 0.0
v 16.0 15.0 0.0
v 16.0 17.0 0.0
v 14.0 17.0 0.0
v 13.0 15.375 0.0
v 17.0 15.375 0.0
v 17.0 17.922852 3.083984
v 13.0 17.922852 3.083984
vt 1.0 0.0
vt 0.0 0.0
vt 0.0 -1.0
vt 1.0 -1.0
vt 1.0 0.0
vt 0.0 0.0
vt 0.0 -1.0
vt 1.0 -1.0
vt 1.0 0.0
vt 0.0 0.0
vt 0.0 -1.0
vt 1.0 -1.0
vt 1.0 0.0
vt 0.0 0.0
vt 0.0 -1.0
vt 1.0 -1.0
vt 1.0 0.0
vt 0.0 0.0
vt 0.0 -1.0
vt 1.0 -1.0
vt 1.0 0.0
vt 0.0 0.0
vt 0.0 -1.0
vt 1.0 -1.0
vt 1.0 0.0
vt 0.0 0.0
vt 0.0 -1.0
vt 1.0 -1.0
vt 1.0 0.0
vt 0.0 0.0
vt 0.0 -1.0
vt 1.0 -1.0
vt 1.0 0.0
vt 0.0 0.0
vt 0.0 -1.0
vt 1.0 -1.0
vt 1.0 0.0
vt 0.0 0.0
vt 0.0 -1.0
vt 1.0 -1.0
vt 1.0 0.0
vt 0.0 0.0
vt 0.0 -1.0
vt 1.0 -1.0
vt 1.0 0.0
vt 0.0 0.0
vt 0.0 -1.0
vt 1.0 -1.0
vt 1.0 0.0
vt 0.0 0.0
vt 0.0 -1.0
vt 1.0 -1.0
vt 1.0 0.0
vt 0.0 0.0
vt 0.0 -1.0
vt 1.0 -1.0
vt 1.0 0.0
vt 0.0 0.0
vt 0.0 -1.0
vt 1.0 -1.0
vt 1.0 0.0
vt 0.0 0.0
vt 0.0 -1.0
vt 1.0 -1.0
vt 1.0 0.0
vt 0.0 0.0
vt 0.0 -1.0
vt 1.0 -1.0
vt 1.0 0.0
vt 0.0 0.0
vt 0.0 -1.0
vt 1.0 -1.0
vt 1.0 0.0
vt 0.0 0.0
vt 0.0 -1.0
vt 1.0 -1.0
vt 1.0 0.0
vt 0.0 0.0
vt 0.0 -1.0
vt 1.0 -1.0
vt 1.0 0.0
vt 0.0 0.0
vt 0.0 -1.0
vt 1.0 -1.0
vt 1.0 0.0
vt 0.0 0.0
vt 0.0 -1.0
vt 1.0 -1.0
vt 1.0 0.0
vt 0.0 0.0
vt 0.0 -1.0
vt 1.0 -1.0
vt 1.0 0.0
vt 0.0 0.0
vt 0.0 -1.0
vt 1.0 -1.0
vt 1.0 0.0
vt 0.0 0.0
vt 0.0 -1.0
vt 1.0 -1.0
vt 1.0 0.0
vt 0.0 0.0
vt 0.0 -1.0
vt 1.0 -1.0
vt 1.0 0.0
vt 0.0 0.0
vt 0.0 -1.0
vt 1.0 -1.0
vt 1.0 0.0
vt 0.0 0.0
vt 0.0 -1.0
vt 1.0 -1.0
vt 1.0 0.0
vt 0.0 0.0
vt 0.0 -1.0
vt 1.0 -1.0
vt 1.0 0.0
vt 0.0 0.0
vt 0.0 -1.0
vt 1.0 -1.0
vt 1.0 0.0
vt 0.0 0.0
vt 0.0 -1.0
vt 1.0 -1.0
vt 1.0 0.0
vt 0.0 0.0
vt 0.0 -1.0
vt 1.0 -1.0
vt 1.0 0.0
vt 0.0 0.0
vt 0.0 -1.0
vt 1.0 -1.0
vt 1.0 0.0
vt 0.0 0.0
vt 0.0 -1.0
vt 1.0 -1.0
vt 1.0 0.0
vt 0.0 0.0
vt 0.0 -1.0
vt 1.0 -1.0
vt 1.0 0.0
vt 0.0 0.0
vt 0.0 -1.0
vt 1.0 -1.0
vt 1.0 0.0
vt 0.0 0.0
vt 0.0 -1.0
vt 1.0 -1.0
vt 1.0 0.0
vt 0.0 0.0
vt 0.0 -1.0
vt 1.0 -1.0
vt 1.0 0.0
vt 0.0 0.0
vt 0.0 -1.0
vt 1.0 -1.0
vt 1.0 0.0
vt 0.0 0.0
vt 0.0 -1.0
vt 1.0 -1.0
vt 1.0 0.0
vt 0.0 0.0
vt 0.0 -1.0
vt 1.0 -1.0
vt 1.0 0.0
vt 0.0 0.0
vt 0.0 -1.0
vt 1.0 -1.0
vt 1.0 0.0
vt 0.0 0.0
vt 0.0 -1.0
vt 1.0 -1.0
vt 1.0 0.0
vt 0.0 0.0
vt 0.0 -1.0
vt 1.0 -1.0
vt 1.0 0.0
vt 0.0 0.0
vt 0.0 -1.0
vt 1.0 -1.0
vt 1.0 0.0
vt 0.0 0.0
vt 0.0 -1.0
vt 1.0 -1.0
vt 1.0 0.0
vt 0.0 0.0
vt 0.0 -1.0
vt 1.0 -1.0
vt 1.0 0.0
vt 0.0 0.0
vt 0.0 -1.0
vt 1.0 -1.0
vt 1.0 0.0
vt 0.0 0.0
vt 0.0 -1.0
vt 1.0 -1.0
vt 1.0 0.0
vt 0.0 0.0
vt 0.0 -1.0
vt 1.0 -1.0
vt 1.0 0.0
vt 0.0 0.0
vt 0.0 -1.0
vt 1.0 -1.0
vt 1.0 0.0
vt 0.0 0.0
vt 0.0 -1.0
vt 1.0 -1.0
vt 1.0 0.0
vt 0.0 0.0
vt 0.0 -1.0
vt 1.0 -1.0
vt 1.0 0.0
vt 0.0 0.0
vt 0.0 -1.0
vt 1.0 -1.0
vt 1.0 0.0
vt 0.0 0.0
vt 0.0 -1.0
vt 1.0 -1.0
vt 1.0 0.0
vt 0.0 0.0
vt 0.0 -1.0
vt 1.0 -1.0
vt 1.0 0.0
vt 0.0 0.0
vt 0.0 -1.0
vt 1.0 -1.0
vt 1.0 0.0
vt 0.0 0.0
vt 0.0 -1.0
vt 1.0 -1.0
vt 1.0 0.0
vt 0.0 0.0
vt 0.0 -1.0
vt 1.0 -1.0
vt 1.0 0.0
vt 0.0 0.0
vt 0.0 -1.0
vt 1.0 -1.0
vt 1.0 0.0
vt 0.0 0.0
vt 0.0 -1.0
vt 1.0 -1.0
vt 1.0 0.0
vt 0.0 0.0
vt 0.0 -1.0
vt 1.0 -1.0
vt 1.0 0.0
vt 0.0 0.0
vt 0.0 -1.0
vt 1.0 -1.0
vt 1.0 0.0
vt 0.0 0.0
vt 0.0 -1.0
vt 1.0 -1.0
vt 1.0 0.0
vt 0.0 0.0
vt 0.0 -1.0
vt 1.0 -1.0
vt 1.0 0.0
vt 0.0 0.0
vt 0.0 -1.0
vt 1.0 -1.0
vt 1.0 0.0
vt 0.0 0.0
vt 0.0 -1.0
vt 1.0 -1.0
vt 1.0 0.0
vt 0.0 0.0
vt 0.0 -1.0
vt 1.0 -1.0
vt 1.0 0.0
vt 0.0 0.0
vt 0.0 -1.0
vt 1.0 -1.0
vt 1.0 0.0
vt 0.0 0.0
vt 0.0 -1.0
vt 1.0 -1.0
vt 1.0 0.0
vt 0.0 0.0
vt 0.0 -1.0
vt 1.0 -1.0
vt 1.0 0.0
vt 0.0 0.0
vt 0.0 -1.0
vt 1.0 -1.0
vt 1.0 0.0
vt 0.0 0.0
vt 0.0 -1.0
vt 1.0 -1.0
vt 1.0 0.0
vt 0.0 0.0
vt 0.0 -1.0
vt 1.0 -1.0
vt 1.0 0.0
vt 0.0 0.0
vt 0.0 -1.0
vt 1.0 -1.0
vt 1.0 0.0
vt 0.0 0.0
vt 0.0 -1.0
vt 1.0 -1.0
vt 1.0 0.0
vt 0.0 0.0
vt 0.0 -1.0
vt 1.0 -1.0
vt 1.0 0.0
vt 0.0 0.0
vt 0.0 -1.0
vt 1.0 -1.0
vt 1.0 0.0
vt 0.0 0.0
vt 0.0 -1.0
vt 1.0 -1.0
vt 1.0 0.0
vt 0.0 0.0
vt 0.0 -1.0
vt 1.0 -1.0
vt 1.0 0.0
vt 0.0 0.0
vt 0.0 -1.0
vt 1.0 -1.0
vt 1.0 0.0
vt 0.0 0.0
vt 0.0 -1.0
vt 1.0 -1.0
vt 1.0 0.0
vt 0.0 0.0
vt 0.0 -1.0
vt 1.0 -1.0
vt 1.0 0.0
vt 0.0 0.0
vt 0.0 -1.0
vt 1.0 -1.0
vt 1.0 0.0
vt 0.0 0.0
vt 0.0 -1.0
vt 1.0 -1.0
vt 1.0 0.0
vt 0.0 0.0
vt 0.0 -1.0
vt 1.0 -1.0
vt 1.0 0.0
vt 0.0 0.0
vt 0.0 -1.0
vt 1.0 -1.0
vt 1.0 0.0
vt 0.0 0.0
vt 0.0 -1.0
vt 1.0 -1.0
vt 1.0 0.0
vt 0.0 0.0
vt 0.0 -1.0
vt 1.0 -1.0
vt 1.0 0.0
vt 0.0 0.0
vt 0.0 -1.0
vt 1.0 -1.0
vt 1.0 0.0
vt 0.0 0.0
vt 0.0 -1.0
vt 1.0 -1.0
vt 1.0 0.0
vt 0.0 0.0
vt 0.0 -1.0
vt 1.0 -1.0
vt 1.0 0.0
vt 0.0 0.0
vt 0.0 -1.0
vt 1.0 -1.0
vt 1.0 0.0
vt 0.0 0.0
vt 0.0 -1.0
vt 1.0 -1.0
vt 1.0 0.0
vt 0.0 0.0
vt 0.0 -1.0
vt 1.0 -1.0
vt 1.0 0.0
vt 0.0 0.0
vt 0.0 -1.0
vt 1.0 -1.0
vt 1.0 0.0
vt 0.0 0.0
vt 0.0 -1.0
vt 1.0 -1.0
vt 1.0 0.0
vt 0.0 0.0
vt 0.0 -1.0
vt 1.0 -1.0
vt 1.0 0.0
vt 0.0 0.0
vt 0.0 -1.0
vt 1.0 -1.0
vt 1.0 0.0
vt 0.0 0.0
vt 0.0 -1.0
vt 1.0 -1.0
vt 1.0 0.0
vt 0.0 0.0
vt 0.0 -1.0
vt 1.0 -1.0
vt 1.0 0.0
vt 0.0 0.0
vt 0.0 -1.0
vt 1.0 -1.0
vt 1.0 0.0
vt 0.0 0.0
vt 0.0 -1.0
vt 1.0 -1.0
vt 1.0 0.0
vt 0.0 0.0
vt 0.0 -1.0
vt 1.0 -1.0
vt 1.0 0.0
vt 0.0 0.0
vt 0.0 -1.0
vt 1.0 -1.0
vt 1.0 0.0
vt 0.0 0.0
vt 0.0 -1.0
vt 1.0 -1.0
vt 1.0 0.0
vt 0.0 0.0
vt 0.0 -1.0
vt 1.0 -1.0
vt 1.0 0.0
vt 0.0 0.0
vt 0.0 -1.0
vt 1.0 -1.0
vt 1.0 0.0
vt 0.0 0.0
vt 0.0 -1.0
vt 1.0 -1.0
vt 1.0 0.0
vt 0.0 0.0
vt 0.0 -1.0
vt 1.0 -1.0
vt 1.0 0.0
vt 0.0 0.0
vt 0.0 -1.0
vt 1.0 -1.0
vt 1.0 0.0
vt 0.0 0.0
vt 0.0 -1.0
vt 1.0 -1.0
vt 1.0 0.0
vt 0.0 0.0
vt 0.0 -1.0
vt 1.0 -1.0
vt 1.0 0.0
vt 0.0 0.0
vt 0.0 -1.0
vt 1.0 -1.0
vt 1.0 0.0
vt 0.0 0.0
vt 0.0 -1.0
vt 1.0 -1.0
vt 1.0 0.0
vt 0.0 0.0
vt 0.0 -1.0
vt 1.0 -1.0
vt 1.0 0.0
vt 0.0 0.0
vt 0.0 -1.0
vt 1.0 -1.0
vt 1.0 0.0
vt 0.0 0.0
vt 0.0 -1.0
vt 1.0 -1.0
vt 1.0 0.0
vt 0.0 0.0
vt 0.0 -1.0
vt 1.0 -1.0
vt 1.0 0.0
vt 0.0 0.0
vt 0.0 -1.0
vt 1.0 -1.0
vt 1.0 0.0
vt 0.0 0.0
vt 0.0 -1.0
vt 1.0 -1.0
vt 1.0 0.0
vt 0.0 0.0
vt 0.0 -1.0
vt 1.0 -1.0
vt 1.0 0.0
vt 0.0 0.0
vt 0.0 -1.0
vt 1.0 -1.0
vt 1.0 0.0
vt 0.0 0.0
vt 0.0 -1.0
vt 1.0 -1.0
vt 1.0 0.0
vt 0.0 0.0
vt 0.0 -1.0
vt 1.0 -1.0
vt 1.0 0.0
vt 0.0 0.0
vt 0.0 -1.0
vt 1.0 -1.0
vt 1.0 0.0
vt 0.0 0.0
vt 0.0 -1.0
vt 1.0 -1.0
vt 1.0 0.0
vt 0.0 0.0
vt 0.0 -1.0
vt 1.0 -1.0
vt 1.0 0.0
vt 0.0 0.0
vt 0.0 -1.0
vt 1.0 -1.0
vt 1.0 0.0
vt 0.0 0.0
vt 0.0 -1.0
vt 1.0 -1.0
vt 1.0 0.0
vt 0.0 0.0
vt 0.0 -1.0
vt 1.0 -1.0
vt 1.0 0.0
vt 0.0 0.0
vt 0.0 -1.0
vt 1.0 -1.0
vt 1.0 0.0
vt 0.0 0.0
vt 0.0 -1.0
vt 1.0 -1.0
vt 1.0 0.0
vt 0.0 0.0
vt 0.0 -1.0
vt 1.0 -1.0
vt 1.0 0.0
vt 0.0 0.0
vt 0.0 -1.0
vt 1.0 -1.0
vt 1.0 0.0
vt 0.0 0.0
vt 0.0 -1.0
vt 1.0 -1.0
vt 1.0 0.0
vt 0.0 0.0
vt 0.0 -1.0
vt 1.0 -1.0
vt 1.0 0.0
vt 0.0 0.0
vt 0.0 -1.0
vt 1.0 -1.0
vt 1.0 0.0
vt 0.0 0.0
vt 0.0 -1.0
vt 1.0 -1.0
vt 1.0 0.0
vt 0.0 0.0
vt 0.0 -1.0
vt 1.0 -1.0
vt 1.0 0.0
vt 0.0 0.0
vt 0.0 -1.0
vt 1.0 -1.0
vt 1.0 0.0
vt 0.0 0.0
vt 0.0 -1.0
vt 1.0 -1.0
vt 1.0 0.0
vt 0.0 0.0
vt 0.0 -1.0
vt 1.0 -1.0
vt 1.0 0.0
vt 0.0 0.0
vt 0.0 -1.0
vt 1.0 -1.0
vt 1.0 0.0
vt 0.0 0.0
vt 0.0 -1.0
vt 1.0 -1.0
vt 1.0 0.0
vt 0.0 0.0
vt 0.0 -1.0
vt 1.0 -1.0
vt 1.0 0.0
vt 0.0 0.0
vt 0.0 -1.0
vt 1.0 -1.0
vt 1.0 0.0
vt 0.0 0.0
vt 0.0 -1.0
vt 1.0 -1.0
vt 1.0 0.0
vt 0.0 0.0
vt 0.0 -1.0
vt 1.0 -1.0
vt 1.0 0.0
vt 0.0 0.0
vt 0.0 -1.0
vt 1.0 -1.0
vt 1.0 0.0
vt 0.0 0.0
vt 0.0 -1.0
vt 1.0 -1.0
vt 1.0 0.0
vt 0.0 0.0
vt 0.0 -1.0
vt 1.0 -1.0
vt 1.0 0.0
vt 0.0 0.0
vt 0.0 -1.0
vt 1.0 -1.0
vt 1.0 0.0
vt 0.0 0.0
vt 0.0 -1.0
vt 1.0 -1.0
vt 1.0 0.0
vt 0.0 0.0
vt 0.0 -1.0
vt 1.0 -1.0
vt 1.0 0.0
vt 0.0 0.0
vt 0.0 -1.0
vt 1.0 -1.0
vt 1.0 0.0
vt 0.0 0.0
vt 0.0 -1.0
vt 1.0 -1.0
vt 1.0 0.0
vt 0.0 0.0
vt 0.0 -1.0
vt 1.0 -1.0
vt 1.0 0.0
vt 0.0 0.0
vt 0.0 -1.0
vt 1.0 -1.0
vt 1.0 0.0
vt 0.0 0.0
vt 0.0 -1.0
vt 1.0 -1.0
vt 1.0 0.0
vt 0.0 0.0
vt 0.0 -1.0
vt 1.0 -1.0
vt 1.0 0.0
vt 0.0 0.0
vt 0.0 -1.0
vt 1.0 -1.0
vt 1.0 0.0
vt 0.0 0.0
vt 0.0 -1.0
vt 1.0 -1.0
vt 1.0 0.0
vt 0.0 0.0
vt 0.0 -1.0
vt 1.0 -1.0
vt 1.0 0.0
vt 0.0 0.0
vt 0.0 -1.0
vt 1.0 -1.0
vt 1.0 0.0
vt 0.0 0.0
vt 0.0 -1.0
vt 1.0 -1.0
vt 1.0 0.0
vt 0.0 0.0
vt 0.0 -1.0
vt 1.0 -1.0
vt 1.0 0.0
vt 0.0 0.0
vt 0.0 -1.0
vt 1.0 -1.0
vt 1.0 0.0
vt 0.0 0.0
vt 0.0 -1.0
vt 1.0 -1.0
vt 1.0 0.0
vt 0.0 0.0
vt 0.0 -1.0
vt 1.0 -1.0
vt 1.0 0.0
vt 0.0 0.0
vt 0.0 -1.0
vt 1.0 -1.0
vt 1.0 0.0
vt 0.0 0.0
vt 0.0 -1.0
vt 1.0 -1.0
vt 1.0 0.0
vt 0.0 0.0
vt 0.0 -1.0
vt 1.0 -1.0
vt 1.0 0.0
vt 0.0 0.0
vt 0.0 -1.0
vt 1.0 -1.0
vt 1.0 0.0
vt 0.0 0.0
vt 0.0 -1.0
vt 1.0 -1.0
vt 1.0 0.0
vt 0.0 0.0
vt 0.0 -1.0
vt 1.0 -1.0
vt 1.0 0.0
vt 0.0 0.0
vt 0.0 -1.0
vt 1.0 -1.0
vt 1.0 0.0
vt 0.0 0.0
vt 0.0 -1.0
vt 1.0 -1.0
vt 1.0 0.0
vt 0.0 0.0
vt 0.0 -1.0
vt 1.0 -1.0
vt 1.0 0.0
vt 0.0 0.0
vt 0.0 -1.0
vt 1.0 -1.0
vt 1.0 0.0
vt 0.0 0.0
vt 0.0 -1.0
vt 1.0 -1.0
vt 1.0 0.0
vt 0.0 0.0
vt 0.0 -1.0
vt 1.0 -1.0
vt 1.0 0.0
vt 0.0 0.0
vt 0.0 -1.0
vt 1.0 -1.0
vt 1.0 0.0
vt 0.0 0.0
vt 0.0 -1.0
vt 1.0 -1.0
vt 1.0 0.0
vt 0.0 0.0
vt 0.0 -1.0
vt 1.0 -1.0
vt 1.0 0.0
vt 0.0 0.0
vt 0.0 -1.0
vt 1.0 -1.0
vt 1.0 0.0
vt 0.0 0.0
vt 0.0 -1.0
vt 1.0 -1.0
vt 1.0 0.0
vt 0.0 0.0
vt 0.0 -1.0
vt 1.0 -1.0
vt 1.0 0.0
vt 0.0 0.0
vt 0.0 -1.0
vt 1.0 -1.0
vt 1.0 0.0
vt 0.0 0.0
vt 0.0 -1.0
vt 1.0 -1.0
vt 1.0 0.0
vt 0.0 0.0
vt 0.0 -1.0
vt 1.0 -1.0
vt 1.0 0.0
vt 0.0 0.0
vt 0.0 -1.0
vt 1.0 -1.0
vt 1.0 0.0
vt 0.0 0.0
vt 0.0 -1.0
vt 1.0 -1.0
vt 1.0 0.0
vt 0.0 0.0
vt 0.0 -1.0
vt 1.0 -1.0
vt 1.0 0.0
vt 0.0 0.0
vt 0.0 -1.0
vt 1.0 -1.0
vt 1.0 0.0
vt 0.0 0.0
vt 0.0 -1.0
vt 1.0 -1.0
vt 1.0 0.0
vt 0.0 0.0
vt 0.0 -1.0
vt 1.0 -1.0
vt 1.0 0.0
vt 0.0 0.0
vt 0.0 -1.0
vt 1.0 -1.0
vt 1.0 0.0
vt 0.0 0.0
vt 0.0 -1.0
vt 1.0 -1.0
vt 1.0 0.0
vt 0.0 0.0
vt 0.0 -1.0
vt 1.0 -1.0
vt 1.0 0.0
vt 0.0 0.0
vt 0.0 -1.0
vt 1.0 -1.0
vt 1.0 0.0
vt 0.0 0.0
vt 0.0 -1.0
vt 1.0 -1.0
vt 1.0 0.0
vt 0.0 0.0
vt 0.0 -1.0
vt 1.0 -1.0
vt 1.0 0.0
vt 0.0 0.0
vt 0.0 -1.0
vt 1.0 -1.0
vt 1.0 0.0
vt 0.0 0.0
vt 0.0 -1.0
vt 1.0 -1.0
vt 1.0 0.0
vt 0.0 0.0
vt 0.0 -1.0
vt 1.0 -1.0
vt 1.0 0.0
vt 0.0 0.0
vt 0.0 -1.0
vt 1.0 -1.0
vt 1.0 0.0
vt 0.0 0.0
vt 0.0 -1.0
vt 1.0 -1.0
vt 1.0 0.0
vt 0.0 0.0
vt 0.0 -1.0
vt 1.0 -1.0
vt 1.0 0.0
vt 0.0 0.0
vt 0.0 -1.0
vt 1.0 -1.0
vt 1.0 0.0
vt 0.0 0.0
vt 0.0 -1.0
vt 1.0 -1.0
vt 1.0 0.0
vt 0.0 0.0
vt 0.0 -1.0
vt 1.0 -1.0
vt 1.0 0.0
vt 0.0 0.0
vt 0.0 -1.0
vt 1.0 -1.0
vt 1.0 0.0
vt 0.0 0.0
vt 0.0 -1.0
vt 1.0 -1.0
vt 1.0 0.0
vt 0.0 0.0
vt 0.0 -1.0
vt 1.0 -1.0
vt 1.0 0.0
vt 0.0 0.0
vt 0.0 -1.0
vt 1.0 -1.0
vt 1.0 0.0
vt 0.0 0.0
vt 0.0 -1.0
vt 1.0 -1.0
vt 1.0 0.0
vt 0.0 0.0
vt 0.0 -1.0
vt 1.0 -1.0
vt 1.0 0.0
vt 0.0 0.0
vt 0.0 -1.0
vt 1.0 -1.0
vt 1.0 0.0
vt 0.0 0.0
vt 0.0 -1.0
vt 1.0 -1.0
vt 1.0 0.0
vt 0.0 0.0
vt 0.0 -1.0
vt 1.0 -1.0
vt 1.0 0.0
vt 0.0 0.0
vt 0.0 -1.0
vt 1.0 -1.0
vt 1.0 0.0
vt 0.0 0.0
vt 0.0 -1.0
vt 1.0 -1.0
vt 1.0 0.0
vt 0.0 0.0
vt 0.0 -1.0
vt 1.0 -1.0
vt 1.0 0.0
vt 0.0 0.0
vt 0.0 -1.0
vt 1.0 -1.0
vt 1.0 0.0
vt 0.0 0.0
vt 0.0 -1.0
vt 1.0 -1.0
vt 1.0 0.0
vt 0.0 0.0
vt 0.0 -1.0
vt 1.0 -1.0
vt 1.0 0.0
vt 0.0 0.0
vt 0.0 -1.0
vt 1.0 -1.0
vt 1.0 0.0
vt 0.0 0.0
vt 0.0 -1.0
vt 1.0 -1.0
vt 1.0 0.0
vt 0.0 0.0
vt 0.0 -1.0
vt 1.0 -1.0
vt 1.0 0.0
vt 0.0 0.0
vt 0.0 -1.0
vt 1.0 -1.0
vt 1.0 0.0
vt 0.0 0.0
vt 0.0 -1.0
vt 1.0 -1.0
vt 1.0 0.0
vt 0.0 0.0
vt 0.0 -1.0
vt 1.0 -1.0
vt 1.0 0.0
vt 0.0 0.0
vt 0.0 -1.0
vt 1.0 -1.0
vt 1.0 0.0
vt 0.0 0.0
vt 0.0 -1.0
vt 1.0 -1.0
vt 1.0 0.0
vt 0.0 0.0
vt 0.0 -1.0
vt 1.0 -1.0
vt 1.0 0.0
vt 0.0 0.0
vt 0.0 -1.0
vt 1.0 -1.0
vt 1.0 0.0
vt 0.0 0.0
vt 0.0 -1.0
vt 1.0 -1.0
vt 1.0 0.0
vt 0.0 0.0
vt 0.0 -1.0
vt 1.0 -1.0
vt 1.0 0.0
vt 0.0 0.0
vt 0.0 -1.0
vt 1.0 -1.0
vt 1.0 0.0
vt 0.0 0.0
vt 0.0 -1.0
vt 1.0 -1.0
vt 1.0 0.0
vt 0.0 0.0
vt 0.0 -1.0
vt 1.0 -1.0
vt 1.0 0.0
vt 0.0 0.0
vt 0.0 -1.0
vt 1.0 -1.0
vt 1.0 0.0
vt 0.0 0.0
vt 0.0 -1.0
vt 1.0 -1.0
vt 1.0 0.0
vt 0.0 0.0
vt 0.0 -1.0
vt 1.0 -1.0
vt 1.0 0.0
vt 0.0 0.0
vt 0.0 -1.0
vt 1.0 -1.0
vt 1.0 0.0
vt 0.0 0.0
vt 0.0 -1.0
vt 1.0 -1.0
vt 1.0 0.0
vt 0.0 0.0
vt 0.0 -1.0
vt 1.0 -1.0
vt 1.0 0.0
vt 0.0 0.0
vt 0.0 -1.0
vt 1.0 -1.0
vt 1.0 0.0
vt 0.0 0.0
vt 0.0 -1.0
vt 1.0 -1.0
vt 1.0 0.0
vt 0.0 0.0
vt 0.0 -1.0
vt 1.0 -1.0
vt 1.0 0.0
vt 0.0 0.0
vt 0.0 -1.0
vt 1.0 -1.0
vt 1.0 0.0
vt 0.0 0.0
vt 0.0 -1.0
vt 1.0 -1.0
vt 1.0 0.0
vt 0.0 0.0
vt 0.0 -1.0
vt 1.0 -1.0
vt 1.0 0.0
vt 0.0 0.0
vt 0.0 -1.0
vt 1.0 -1.0
vt 1.0 0.0
vt 0.0 0.0
vt 0.0 -1.0
vt 1.0 -1.0
vt 1.0 0.0
vt 0.0 0.0
vt 0.0 -1.0
vt 1.0 -1.0
vt 1.0 0.0
vt 0.0 0.0
vt 0.0 -1.0
vt 1.0 -1.0
vt 1.0 0.0
vt 0.0 0.0
vt 0.0 -1.0
vt 1.0 -1.0
vt 1.0 0.0
vt 0.0 0.0
vt 0.0 -1.0
vt 1.0 -1.0
vt 1.0 0.0
vt 0.0 0.0
vt 0.0 -1.0
vt 1.0 -1.0
vt 1.0 0.0
vt 0.0 0.0
vt 0.0 -1.0
vt 1.0 -1.0
vt 1.0 0.0
vt 0.0 0.0
vt 0.0 -1.0
vt 1.0 -1.0
vt 1.0 0.0
vt 0.0 0.0
vt 0.0 -1.0
vt 1.0 -1.0
vt 1.0 0.0
vt 0.0 0.0
vt 0.0 -1.0
vt 1.0 -1.0
vt 1.0 0.0
vt 0.0 0.0
vt 0.0 -1.0
vt 1.0 -1.0
vt 1.0 0.0
vt 0.0 0.0
vt 0.0 -1.0
vt 1.0 -1.0
vt 1.0 0.0
vt 0.0 0.0
vt 0.0 -1.0
vt 1.0 -1.0
vt 1.0 0.0
vt 0.0 0.0
vt 0.0 -1.0
vt 1.0 -1.0
vt 1.0 0.0
vt 0.0 0.0
vt 0.0 -1.0
vt 1.0 -1.0
vt 1.0 0.0
vt 0.0 0.0
vt 0.0 -1.0
vt 1.0 -1.0
vt 1.0 0.0
vt 0.0 0.0
vt 0.0 -1.0
vt 1.0 -1.0
vt 1.0 0.0
vt 0.0 0.0
vt 0.0 -1.0
vt 1.0 -1.0
vt 1.0 0.0
vt 0.0 0.0
vt 0.0 -1.0
vt 1.0 -1.0
vt 1.0 0.0
vt 0.0 0.0
vt 0.0 -1.0
vt 1.0 -1.0
vt 1.0 0.0
vt 0.0 0.0
vt 0.0 -1.0
vt 1.0 -1.0
vt 1.0 0.0
vt 0.0 0.0
vt 0.0 -1.0
vt 1.0 -1.0
vt 1.0 0.0
vt 0.0 0.0
vt 0.0 -1.0
vt 1.0 -1.0
vt 1.0 0.0
vt 0.0 0.0
vt 0.0 -1.0
vt 1.0 -1.0
vt 1.0 0.0
vt 0.0 0.0
vt 0.0 -1.0
vt 1.0 -1.0
vt 1.0 0.0
vt 0.0 0.0
vt 0.0 -1.0
vt 1.0 -1.0
vt 1.0 0.0
vt 0.0 0.0
vt 0.0 -1.0
vt 1.0 -1.0
vt 1.0 0.0
vt 0.0 0.0
vt 0.0 -1.0
vt 1.0 -1.0
vt 1.0 0.0
vt 0.0 0.0
vt 0.0 -1.0
vt 1.0 -1.0
vt 1.0 0.0
vt 0.0 0.0
vt 0.0 -1.0
vt 1.0 -1.0
vt 1.0 0.0
vt 0.0 0.0
vt 0.0 -1.0
vt 1.0 -1.0
vt 1.0 0.0
vt 0.0 0.0
vt 0.0 -1.0
vt 1.0 -1.0
vt 1.0 0.0
vt 0.0 0.0
vt 0.0 -1.0
vt 1.0 -1.0
vt 1.0 0.0
vt 0.0 0.0
vt 0.0 -1.0
vt 1.0 -1.0
vt 1.0 0.0
vt 0.0 0.0
vt 0.0 -1.0
vt 1.0 -1.0
vt 1.0 0.0
vt 0.0 0.0
vt 0.0 -1.0
vt 1.0 -1.0
vt 1.0 0.0
vt 0.0 0.0
vt 0.0 -1.0
vt 1.0 -1.0
vt 1.0 0.0
vt 0.0 0.0
vt 0.0 -1.0
vt 1.0 -1.0
vt 1.0 0.0
vt 0.0 0.0
vt 0.0 -1.0
vt 1.0 -1.0
vt 1.0 0.0
vt 0.0 0.0
vt 0.0 -1.0
vt 1.0 -1.0
vt 1.0 0.0
vt 0.0 0.0
vt 0.0 -1.0
vt 1.0 -1.0
vt 1.0 0.0
vt 0.0 0.0
vt 0.0 -1.0
vt 1.0 -1.0
vt 1.0 0.0
vt 0.0 0.0
vt 0.0 -1.0
vt 1.0 -1.0
vt 1.0 0.0
vt 0.0 0.0
vt 0.0 -1.0
vt 1.0 -1.0
vt 1.0 0.0
vt 0.0 0.0
vt 0.0 -1.0
vt 1.0 -1.0
vt 1.0 0.0
vt 0.0 0.0
vt 0.0 -1.0
vt 1.0 -1.0
vt 1.0 0.0
vt 0.0 0.0
vt 0.0 -1.0
vt 1.0 -1.0
vt 1.0 0.0
vt 0.0 0.0
vt 0.0 -1.0
vt 1.0 -1.0
vt 1.0 0.0
vt 0.0 0.0
vt 0.0 -1.0
vt 1.0 -1.0
vt 1.0 0.0
vt 0.0 0.0
vt 0.0 -1.0
vt 1.0 -1.0
vt 1.0 0.0
vt 0.0 0.0
vt 0.0 -1.0
vt 1.0 -1.0
vt 1.0 0.0
vt 0.0 0.0
vt 0.0 -1.0
vt 1.0 -1.0
vt 1.0 0.0
vt 0.0 0.0
vt 0.0 -1.0
vt 1.0 -1.0
vt 1.0 0.0
vt 0.0 0.0
vt 0.0 -1.0
vt 1.0 -1.0
vt 1.0 0.0
vt 0.0 0.0
vt 0.0 -1.0
vt 1.0 -1.0
vt 1.0 0.0
vt 0.0 0.0
vt 0.0 -1.0
vt 1.0 -1.0
vt 1.0 0.0
vt 0.0 0.0
vt 0.0 -1.0
vt 1.0 -1.0
vt 1.0 0.0
vt 0.0 0.0
vt 0.0 -1.0
vt 1.0 -1.0
vt 1.0 0.0
vt 0.0 0.0
vt 0.0 -1.0
vt 1.0 -1.0
vt 1.0 0.0
vt 0.0 0.0
vt 0.0 -1.0
vt 1.0 -1.0
vt 1.0 0.0
vt 0.0 0.0
vt 0.0 -1.0
vt 1.0 -1.0
vt 1.0 0.0
vt 0.0 0.0
vt 0.0 -1.0
vt 1.0 -1.0
vt 1.0 0.0
vt 0.0 0.0
vt 0.0 -1.0
vt 1.0 -1.0
vt 1.0 0.0
vt 0.0 0.0
vt 0.0 -1.0
vt 1.0 -1.0
vt 1.0 0.0
vt 0.0 0.0
vt 0.0 -1.0
vt 1.0 -1.0
vt 1.0 0.0
vt 0.0 0.0
vt 0.0 -1.0
vt 1.0 -1.0
vt 1.0 0.0
vt 0.0 0.0
vt 0.0 -1.0
vt 1.0 -1.0
vt 1.0 0.0
vt 0.0 0.0
vt 0.0 -1.0
vt 1.0 -1.0
vt 1.0 0.0
vt 0.0 0.0
vt 0.0 -1.0
vt 1.0 -1.0
vt 1.0 0.0
vt 0.0 0.0
vt 0.0 -1.0
vt 1.0 -1.0
vt 1.0 0.0
vt 0.0 0.0
vt 0.0 -1.0
vt 1.0 -1.0
vt 1.0 0.0
vt 0.0 0.0
vt 0.0 -1.0
vt 1.0 -1.0
vt 1.0 0.0
vt 0.0 0.0
vt 0.0 -1.0
vt 1.0 -1.0
vt 1.0 0.0
vt 0.0 0.0
vt 0.0 -1.0
vt 1.0 -1.0
vt 1.0 0.0
vt 0.0 0.0
vt 0.0 -1.0
vt 1.0 -1.0
vt 1.0 0.0
vt 0.0 0.0
vt 0.0 -1.0
vt 1.0 -1.0
vt 1.0 0.0
vt 0.0 0.0
vt 0.0 -1.0
vt 1.0 -1.0
vt 1.0 0.0
vt 0.0 0.0
vt 0.0 -1.0
vt 1.0 -1.0
vt 1.0 0.0
vt 0.0 0.0
vt 0.0 -1.0
vt 1.0 -1.0
vt 1.0 0.0
vt 0.0 0.0
vt 0.0 -1.0
vt 1.0 -1.0
vt 1.0 0.0
vt 0.0 0.0
vt 0.0 -1.0
vt 1.0 -1.0
vt 1.0 0.0
vt 0.0 0.0
vt 0.0 -1.0
vt 1.0 -1.0
vt 1.0 0.0
vt 0.0 0.0
vt 0.0 -1.0
vt 1.0 -1.0
vt 1.0 0.0
vt 0.0 0.0
vt 0.0 -1.0
vt 1.0 -1.0
vt 1.0 0.0
vt 0.0 0.0
vt 0.0 -1.0
vt 1.0 -1.0
vt 1.0 0.0
vt 0.0 0.0
vt 0.0 -1.0
vt 1.0 -1.0
vt 1.0 0.0
vt 0.0 0.0
vt 0.0 -1.0
vt 1.0 -1.0
vt 1.0 0.0
vt 0.0 0.0
vt 0.0 -1.0
vt 1.0 -1.0
vt 1.0 0.0
vt 0.0 0.0
vt 0.0 -1.0
vt 1.0 -1.0
vt 1.0 0.0
vt 0.0 0.0
vt 0.0 -1.0
vt 1.0 -1.0
vt 1.0 0.0
vt 0.0 0.0
vt 0.0 -1.0
vt 1.0 -1.0
vt 1.0 0.0
vt 0.0 0.0
vt 0.0 -1.0
vt 1.0 -1.0
vt 1.0 0.0
vt 0.0 0.0
vt 0.0 -1.0
vt 1.0 -1.0
vt 1.0 0.0
vt 0.0 0.0
vt 0.0 -1.0
vt 1.0 -1.0
vt 1.0 0.0
vt 0.0 0.0
vt 0.0 -1.0
vt 1.0 -1.0
vt 1.0 0.0
vt 0.0 0.0
vt 0.0 -1.0
vt 1.0 -1.0
vt 1.0 0.0
vt 0.0 0.0
vt 0.0 -1.0
vt 1.0 -1.0
vt 1.0 0.0
vt 0.0 0.0
vt 0.0 -1.0
vt 1.0 -1.0
vt 1.0 0.0
vt 0.0 0.0
vt 0.0 -1.0
vt 1.0 -1.0
vt 1.0 0.0
vt 0.0 0.0
vt 0.0 -1.0
vt 1.0 -1.0
vt 1.0 0.0
vt 0.0 0.0
vt 0.0 -1.0
vt 1.0 -1.0
vt 1.0 0.0
vt 0.0 0.0
vt 0.0 -1.0
vt 1.0 -1.0
vt 1.0 0.0
vt 0.0 0.0
vt 0.0 -1.0
vt 1.0 -1.0
vt 1.0 0.0
vt 0.0 0.0
vt 0.0 -1.0
vt 1.0 -1.0
vt 1.0 0.0
vt 0.0 0.0
vt 0.0 -1.0
vt 1.0 -1.0
vt 1.0 0.0
vt 0.0 0.0
vt 0.0 -1.0
vt 1.0 -1.0
vt 1.0 0.0
vt 0.0 0.0
vt 0.0 -1.0
vt 1.0 -1.0
vt 1.0 0.0
vt 0.0 0.0
vt 0.0 -1.0
vt 1.0 -1.0
vt 1.0 0.0
vt 0.0 0.0
vt 0.0 -1.0
vt 1.0 -1.0
vt 1.0 0.0
vt 0.0 0.0
vt 0.0 -1.0
vt 1.0 -1.0
vt 1.0 0.0
vt 0.0 0.0
vt 0.0 -1.0
vt 1.0 -1.0
vt 1.0 0.0
vt 0.0 0.0
vt 0.0 -1.0
vt 1.0 -1.0
vt 1.0 0.0
vt 0.0 0.0
vt 0.0 -1.0
vt 1.0 -1.0
vt 1.0 0.0
vt 0.0 0.0
vt 0.0 -1.0
vt 1.0 -1.0
vt 1.0 0.0
vt 0.0 0.0
vt 0.0 -1.0
vt 1.0 -1.0
vt 1.0 0.0
vt 0.0 0.0
vt 0.0 -1.0
vt 1.0 -1.0
vt 1.0 0.0
vt 0.0 0.0
vt 0.0 -1.0
vt 1.0 -1.0
vt 1.0 0.0
vt 0.0 0.0
vt 0.0 -1.0
vt 1.0 -1.0
vt 1.0 0.0
vt 0.0 0.0
vt 0.0 -1.0
vt 1.0 -1.0
vt 1.0 0.0
vt 0.0 0.0
vt 0.0 -1.0
vt 1.0 -1.0
vt 1.0 0.0
vt 0.0 0.0
vt 0.0 -1.0
vt 1.0 -1.0
vt 1.0 0.0
vt 0.0 0.0
vt 0.0 -1.0
vt 1.0 -1.0
vt 1.0 0.0
vt 0.0 0.0
vt 0.0 -1.0
vt 1.0 -1.0
vt 1.0 0.0
vt 0.0 0.0
vt 0.0 -1.0
vt 1.0 -1.0
vt 1.0 0.0
vt 0.0 0.0
vt 0.0 -1.0
vt 1.0 -1.0
vt 1.0 0.0
vt 0.0 0.0
vt 0.0 -1.0
vt 1.0 -1.0
vt 1.0 0.0
vt 0.0 0.0
vt 0.0 -1.0
vt 1.0 -1.0
vt 1.0 0.0
vt 0.0 0.0
vt 0.0 -1.0
vt 1.0 -1.0
vt 1.0 0.0
vt 0.0 0.0
vt 0.0 -1.0
vt 1.0 -1.0
vt 1.0 0.0
vt 0.0 0.0
vt 0.0 -1.0
vt 1.0 -1.0
vt 1.0 0.0
vt 0.0 0.0
vt 0.0 -1.0
vt 1.0 -1.0
vt 1.0 0.0
vt 0.0 0.0
vt 0.0 -1.0
vt 1.0 -1.0
vt 1.0 0.0
vt 0.0 0.0
vt 0.0 -1.0
vt 1.0 -1.0
vt 1.0 0.0
vt 0.0 0.0
vt 0.0 -1.0
vt 1.0 -1.0
vt 1.0 0.0
vt 0.0 0.0
vt 0.0 -1.0
vt 1.0 -1.0
vt 1.0 0.0
vt 0.0 0.0
vt 0.0 -1.0
vt 1.0 -1.0
vt 1.0 0.0
vt 0.0 0.0
vt 0.0 -1.0
vt 1.0 -1.0
vt 1.0 0.0
vt 0.0 0.0
vt 0.0 -1.0
vt 1.0 -1.0
vt 1.0 0.0
vt 0.0 0.0
vt 0.0 -1.0
vt 1.0 -1.0
vt 1.0 0.0
vt 0.0 0.0
vt 0.0 -1.0
vt 1.0 -1.0
vt 1.0 0.0
vt 0.0 0.0
vt 0.0 -1.0
vt 1.0 -1.0
vt 1.0 0.0
vt 0.0 0.0
vt 0.0 -1.0
vt 1.0 -1.0
vt 1.0 0.0
vt 0.0 0.0
vt 0.0 -1.0
vt 1.0 -1.0
vt 1.0 0.0
vt 0.0 0.0
vt 0.0 -1.0
vt 1.0 -1.0
vt 1.0 0.0
vt 0.0 0.0
vt 0.0 -1.0
vt 1.0 -1.0
vt 1.0 0.0
vt 0.0 0.0
vt 0.0 -1.0
vt 1.0 -1.0
vt 1.0 0.0
vt 0.0 0.0
vt 0.0 -1.0
vt 1.0 -1.0
vt 1.0 0.0
vt 0.0 0.0
vt 0.0 -1.0
vt 1.0 -1.0
vt 1.0 0.0
vt 0.0 0.0
vt 0.0 -1.0
vt 1.0 -1.0
vt 1.0 0.0
vt 0.0 0.0
vt 0.0 -1.0
vt 1.0 -1.0
vt 1.0 0.0
vt 0.0 0.0
vt 0.0 -1.0
vt 1.0 -1.0
vt 1.0 0.0
vt 0.0 0.0
vt 0.0 -1.0
vt 1.0 -1.0
vt 1.0 0.0
vt 0.0 0.0
vt 0.0 -1.0
vt 1.0 -1.0
vt 1.0 0.0
vt 0.0 0.0
vt 0.0 -1.0
vt 1.0 -1.0
vt 1.0 0.0
vt 0.0 0.0
vt 0.0 -1.0
vt 1.0 -1.0
vt 1.0 0.0
vt 0.0 0.0
vt 0.0 -1.0
vt 1.0 -1.0
vt 1.0 0.0
vt 0.0 0.0
vt 0.0 -1.0
vt 1.0 -1.0
vt 1.0 0.0
vt 0.0 0.0
vt 0.0 -1.0
vt 1.0 -1.0
vt 1.0 0.0
vt 0.0 0.0
vt 0.0 -1.0
vt 1.0 -1.0
vt 1.0 0.0
vt 0.0 0.0
vt 0.0 -1.0
vt 1.0 -1.0
vt 1.0 0.0
vt 0.0 0.0
vt 0.0 -1.0
vt 1.0 -1.0
vt 1.0 0.0
vt 0.0 0.0
vt 0.0 -1.0
vt 1.0 -1.0
vt 1.0 0.0
vt 0.0 0.0
vt 0.0 -1.0
vt 1.0 -1.0
vt 1.0 0.0
vt 0.0 0.0
vt 0.0 -1.0
vt 1.0 -1.0
vt 1.0 0.0
vt 0.0 0.0
vt 0.0 -1.0
vt 1.0 -1.0
vt 1.0 0.0
vt 0.0 0.0
vt 0.0 -1.0
vt 1.0 -1.0
vt 1.0 0.0
vt 0.0 0.0
vt 0.0 -1.0
vt 1.0 -1.0
vt 1.0 0.0
vt 0.0 0.0
vt 0.0 -1.0
vt 1.0 -1.0
vt 1.0 0.0
vt 0.0 0.0
vt 0.0 -1.0
vt 1.0 -1.0
vt 1.0 0.0
vt 0.0 0.0
vt 0.0 -1.0
vt 1.0 -1.0
vt 1.0 0.0
vt 0.0 0.0
vt 0.0 -1.0
vt 1.0 -1.0
vt 1.0 0.0
vt 0.0 0.0
vt 0.0 -1.0
vt 1.0 -1.0
vt 1.0 0.0
vt 0.0 0.0
vt 0.0 -1.0
vt 1.0 -1.0
vt 1.0 0.0
vt 0.0 0.0
vt 0.0 -1.0
vt 1.0 -1.0
vt 1.0 0.0
vt 0.0 0.0
vt 0.0 -1.0
vt 1.0 -1.0
vt 1.0 0.0
vt 0.0 0.0
vt 0.0 -1.0
vt 1.0 -1.0
vt 1.0 0.0
vt 0.0 0.0
vt 0.0 -1.0
vt 1.0 -1.0
vt 1.0 0.0
vt 0.0 0.0
vt 0.0 -1.0
vt 1.0 -1.0
vt 1.0 0.0
vt 0.0 0.0
vt 0.0 -1.0
vt 1.0 -1.0
vt 1.0 0.0
vt 0.0 0.0
vt 0.0 -1.0
vt 1.0 -1.0
vt 1.0 0.0
vt 0.0 0.0
vt 0.0 -1.0
vt 1.0 -1.0
vt 1.0 0.0
vt 0.0 0.0
vt 0.0 -1.0
vt 1.0 -1.0
vt 1.0 0.0
vt 0.0 0.0
vt 0.0 -1.0
vt 1.0 -1.0
vt 1.0 0.0
vt 0.0 0.0
vt 0.0 -1.0
vt 1.0 -1.0
vt 1.0 0.0
vt 0.0 0.0
vt 0.0 -1.0
vt 1.0 -1.0
vt 1.0 0.0
vt 0.0 0.0
vt 0.0 -1.0
vt 1.0 -1.0
vt 1.0 0.0
vt 0.0 0.0
vt 0.0 -1.0
vt 1.0 -1.0
vt 1.0 0.0
vt 0.0 0.0
vt 0.0 -1.0
vt 1.0 -1.0
vt 1.0 0.0
vt 0.0 0.0
vt 0.0 -1.0
vt 1.0 -1.0
vt 1.0 0.0
vt 0.0 0.0
vt 0.0 -1.0
vt 1.0 -1.0
vt 1.0 0.0
vt 0.0 0.0
vt 0.0 -1.0
vt 1.0 -1.0
vt 1.0 0.0
vt 0.0 0.0
vt 0.0 -1.0
vt 1.0 -1.0
vt 1.0 0.0
vt 0.0 0.0
vt 0.0 -1.0
vt 1.0 -1.0
vt 1.0 0.0
vt 0.0 0.0
vt 0.0 -1.0
vt 1.0 -1.0
vt 1.0 0.0
vt 0.0 0.0
vt 0.0 -1.0
vt 1.0 -1.0
vt 1.0 0.0
vt 0.0 0.0
vt 0.0 -1.0
vt 1.0 -1.0
vt 1.0 0.0
vt 0.0 0.0
vt 0.0 -1.0
vt 1.0 -1.0
vt 1.0 0.0
vt 0.0 0.0
vt 0.0 -1.0
vt 1.0 -1.0
vt 1.0 0.0
vt 0.0 0.0
vt 0.0 -1.0
vt 1.0 -1.0
vt 1.0 0.0
vt 0.0 0.0
vt 0.0 -1.0
vt 1.0 -1.0
vt 1.0 0.0
vt 0.0 0.0
vt 0.0 -1.0
vt 1.0 -1.0
vt 1.0 0.0
vt 0.0 0.0
vt 0.0 -1.0
vt 1.0 -1.0
vt 1.0 0.0
vt 0.0 0.0
vt 0.0 -1.0
vt 1.0 -1.0
vt 1.0 0.0
vt 0.0 0.0
vt 0.0 -1.0
vt 1.0 -1.0
vt 1.0 0.0
vt 0.0 0.0
vt 0.0 -1.0
vt 1.0 -1.0
vt 1.0 0.0
vt 0.0 0.0
vt 0.0 -1.0
vt 1.0 -1.0
vt 1.0 0.0
vt 0.0 0.0
vt 0.0 -1.0
vt 1.0 -1.0
vt 1.0 0.0
vt 0.0 0.0
vt 0.0 -1.0
vt 1.0 -1.0
vt 1.0 0.0
vt 0.0 0.0
vt 0.0 -1.0
vt 1.0 -1.0
vt 1.0 0.0
vt 0.0 0.0
vt 0.0 -1.0
vt 1.0 -1.0
vt 1.0 0.0
vt 0.0 0.0
vt 0.0 -1.0
vt 1.0 -1.0
vt 1.0 0.0
vt 0.0 0.0
vt 0.0 -1.0
vt 1.0 -1.0
vt 1.0 0.0
vt 0.0 0.0
vt 0.0 -1.0
vt 1.0 -1.0
vt 1.0 0.0
vt 0.0 0.0
vt 0.0 -1.0
vt 1.0 -1.0
vt 1.0 0.0
vt 0.0 0.0
vt 0.0 -1.0
vt 1.0 -1.0
vt 1.0 0.0
vt 0.0 0.0
vt 0.0 -1.0
vt 1.0 -1.0
vt 1.0 0.0
vt 0.0 0.0
vt 0.0 -1.0
vt 1.0 -1.0
vt 1.0 0.0
vt 0.0 0.0
vt 0.0 -1.0
vt 1.0 -1.0
vt 1.0 0.0
vt 0.0 0.0
vt 0.0 -1.0
vt 1.0 -1.0
vt 1.0 0.0
vt 0.0 0.0
vt 0.0 -1.0
vt 1.0 -1.0
vt 1.0 0.0
vt 0.0 0.0
vt 0.0 -1.0
vt 1.0 -1.0
vt 1.0 0.0
vt 0.0 0.0
vt 0.0 -1.0
vt 1.0 -1.0
vt 1.0 0.0
vt 0.0 0.0
vt 0.0 -1.0
vt 1.0 -1.0
vt 1.0 0.0
vt 0.0 0.0
vt 0.0 -1.0
vt 1.0 -1.0
vt 1.0 0.0
vt 0.0 0.0
vt 0.0 -1.0
vt 1.0 -1.0
vt 1.0 0.0
vt 0.0 0.0
vt 0.0 -1.0
vt 1.0 -1.0
vt 1.0 0.0
vt 0.0 0.0
vt 0.0 -1.0
vt 1.0 -1.0
vt 1.0 0.0
vt 0.0 0.0
vt 0.0 -1.0
vt 1.0 -1.0
vt 1.0 0.0
vt 0.0 0.0
vt 0.0 -1.0
vt 1.0 -1.0
vt 1.0 0.0
vt 0.0 0.0
vt 0.0 -1.0
vt 1.0 -1.0
vt 1.0 0.0
vt 0.0 0.0
vt 0.0 -1.0
vt 1.0 -1.0
vt 1.0 0.0
vt 0.0 0.0
vt 0.0 -1.0
vt 1.0 -1.0
vt 1.0 0.0
vt 0.0 0.0
vt 0.0 -1.0
vt 1.0 -1.0
vt 1.0 0.0
vt 0.0 0.0
vt 0.0 -1.0
vt 1.0 -1.0
vt 1.0 0.0
vt 0.0 0.0
vt 0.0 -1.0
vt 1.0 -1.0
vt 1.0 0.0
vt 0.0 0.0
vt 0.0 -1.0
vt 1.0 -1.0
vt 1.0 0.0
vt 0.0 0.0
vt 0.0 -1.0
vt 1.0 -1.0
vt 1.0 0.0
vt 0.0 0.0
vt 0.0 -1.0
vt 1.0 -1.0
vt 1.0 0.0
vt 0.0 0.0
vt 0.0 -1.0
vt 1.0 -1.0
vt 1.0 0.0
vt 0.0 0.0
vt 0.0 -1.0
vt 1.0 -1.0
vt 1.0 0.0
vt 0.0 0.0
vt 0.0 -1.0
vt 1.0 -1.0
vt 1.0 0.0
vt 0.0 0.0
vt 0.0 -1.0
vt 1.0 -1.0
vt 1.0 0.0
vt 0.0 0.0
vt 0.0 -1.0
vt 1.0 -1.0
vt 1.0 0.0
vt 0.0 0.0
vt 0.0 -1.0
vt 1.0 -1.0
vt 1.0 0.0
vt 0.0 0.0
vt 0.0 -1.0
vt 1.0 -1.0
vt 1.0 0.0
vt 0.0 0.0
vt 0.0 -1.0
vt 1.0 -1.0
vt 1.0 0.0
vt 0.0 0.0
vt 0.0 -1.0
vt 1.0 -1.0
vt 1.0 0.0
vt 0.0 0.0
vt 0.0 -1.0
vt 1.0 -1.0
vt 1.0 0.0
vt 0.0 0.0
vt 0.0 -1.0
vt 1.0 -1.0
vt 1.0 0.0
vt 0.0 0.0
vt 0.0 -1.0
vt 1.0 -1.0
vt 1.0 0.0
vt 0.0 0.0
vt 0.0 -1.0
vt 1.0 -1.0
vt 1.0 0.0
vt 0.0 0.0
vt 0.0 -1.0
vt 1.0 -1.0
vt 1.0 0.0
vt 0.0 0.0
vt 0.0 -1.0
vt 1.0 -1.0
vt 1.0 0.0
vt 0.0 0.0
vt 0.0 -1.0
vt 1.0 -1.0
vt 1.0 0.0
vt 0.0 0.0
vt 0.0 -1.0
vt 1.0 -1.0
vt 1.0 0.0
vt 0.0 0.0
vt 0.0 -1.0
vt 1.0 -1.0
vt 1.0 0.0
vt 0.0 0.0
vt 0.0 -1.0
vt 1.0 -1.0
vn 0.0 -0.0 1.0
vn 0.0 -0.7714 0.6364
vn 0.0 -0.7712 0.6365
vn 0.0 -0.0 1.0
vn 0.0 -0.7714 0.6364
vn 0.0 -0.7712 0.6365
vn 0.0 -0.0 1.0
vn 0.0 -0.7714 0.6364
vn 0.0 -0.7712 0.6365
vn 0.0 -0.0 1.0
vn 0.0 -0.7714 0.6364
vn 0.0 -0.7712 0.6365
vn 0.0 -0.0 1.0
vn 0.0 -0.7714 0.6364
vn 0.0 -0.7712 0.6365
vn 0.0 -0.0 1.0
vn 0.0 -0.7714 0.6364
vn 0.0 -0.7712 0.6365
vn 0.0 -0.0 1.0
vn 0.0 -0.7714 0.6364
vn 0.0 -0.7712 0.6365
vn 0.0 -0.0 1.0
vn 0.0 -0.7714 0.6364
vn 0.0 -0.7712 0.6365
vn 0.0 -0.0 1.0
vn 0.0 -0.7714 0.6364
vn 0.0 -0.7712 0.6365
vn 0.0 -0.0 1.0
vn 0.0 -0.7714 0.6364
vn 0.0 -0.7712 0.6365
vn 0.0 -0.0 1.0
vn 0.0 -0.7714 0.6364
vn 0.0 -0.7712 0.6365
vn 0.0 -0.0 1.0
vn 0.0 -0.7714 0.6364
vn 0.0 -0.7712 0.6365
vn 0.0 -0.0 1.0
vn 0.0 -0.7714 0.6364
vn 0.0 -0.7712 0.6365
vn 0.0 -0.0 1.0
vn 0.0 -0.7714 0.6364
vn 0.0 -0.7712 0.6365
vn 0.0 -0.0 1.0
vn 0.0 -0.7714 0.6364
vn 0.0 -0.7712 0.6365
vn 0.0 -0.0 1.0
vn 0.0 -0.7714 0.6364
vn 0.0 -0.7712 0.6365
vn 0.0 -0.0 1.0
vn 0.0 -0.7714 0.6364
vn 0.0 -0.7712 0.6365
vn 0.0 -0.0 1.0
vn 0.0 -0.7714 0.6364
vn 0.0 -0.7712 0.6365
vn 0.0 -0.0 1.0
vn 0.0 -0.7714 0.6364
vn 0.0 -0.7712 0.6365
vn 0.0 -0.0 1.0
vn 0.0 -0.7714 0.6364
vn 0.0 -0.7712 0.6365
vn 0.0 -0.0 1.0
vn 0.0 -0.7714 0.6364
vn 0.0 -0.7712 0.6365
vn 0.0 -0.0 1.0
vn 0.0 -0.7714 0.6364
vn 0.0 -0.7712 0.6365
vn 0.0 -0.0 1.0
vn 0.0 -0.7714 0.6364
vn 0.0 -0.7712 0.6365
vn 0.0 -0.0 1.0
vn 0.0 -0.7714 0.6364
vn 0.0 -0.7712 0.6365
vn 0.0 -0.0 1.0
vn 0.0 -0.7714 0.6364
vn 0.0 -0.7712 0.6365
vn 0.0 -0.0 1.0
vn 0.0 -0.7714 0.6364
vn 0.0 -0.7712 0.6365
vn 0.0 -0.0 1.0
vn 0.0 -0.7714 0.6364
vn 0.0 -0.7712 0.6365
vn 0.0 -0.0 1.0
vn 0.0 -0.7714 0.6364
vn 0.0 -0.7712 0.6365
vn 0.0 -0.0 1.0
vn 0.0 -0.7714 0.6364
vn 0.0 -0.7712 0.6365
vn 0.0 -0.0 1.0
vn 0.0 -0.7714 0.6364
vn 0.0 -0.7712 0.6365
vn 0.0 -0.0 1.0
vn 0.0 -0.7714 0.6364
vn 0.0 -0.7712 0.6365
vn 0.0 -0.0 1.0
vn 0.0 -0.7714 0.6364
vn 0.0 -0.7712 0.6365
vn 0.0 -0.0 1.0
vn 0.0 -0.7714 0.6364
vn 0.0 -0.7712 0.6365
vn 0.0 -0.0 1.0
vn 0.0 -0.7714 0.6364
vn 0.0 -0.7712 0.6365
vn 0.0 -0.0 1.0
vn 0.0 -0.7714 0.6364
vn 0.0 -0.7712 0.6365
vn 0.0 -0.0 1.0
vn 0.0 -0.7714 0.6364
vn 0.0 -0.7712 0.6365
vn 0.0 -0.0 1.0
vn 0.0 -0.7714 0.6364
vn 0.0 -0.7712 0.6365
vn 0.0 -0.0 1.0
vn 0.0 -0.7714 0.6364
vn 0.0 -0.7712 0.6365
vn 0.0 -0.0 1.0
vn 0.0 -0.7714 0.6364
vn 0.0 -0.7712 0.6365
vn 0.0 -0.0 1.0
vn 0.0 -0.7714 0.6364
vn 0.0 -0.7712 0.6365
vn 0.0 -0.0 1.0
vn 0.0 -0.7714 0.6364
vn 0.0 -0.7712 0.6365
vn 0.0 -0.0 1.0
vn 0.0 -0.7714 0.6364
vn 0.0 -0.7712 0.6365
vn 0.0 -0.0 1.0
vn 0.0 -0.7714 0.6364
vn 0.0 -0.7712 0.6365
vn 0.0 -0.0 1.0
vn 0.0 -0.7714 0.6364
vn 0.0 -0.7712 0.6365
vn 0.0 -0.0 1.0
vn 0.0 -0.7714 0.6364
vn 0.0 -0.7712 0.6365
vn 0.0 -0.0 1.0
vn 0.0 -0.7714 0.6364
vn 0.0 -0.7712 0.6365
vn 0.0 -0.0 1.0
vn 0.0 -0.7714 0.6364
vn 0.0 -0.7712 0.6365
vn 0.0 -0.0 1.0
vn 0.0 -0.7714 0.6364
vn 0.0 -0.7712 0.6365
vn 0.0 -0.0 1.0
vn 0.0 -0.7714 0.6364
vn 0.0 -0.7712 0.6365
vn 0.0 -0.0 1.0
vn 0.0 -0.7714 0.6364
vn 0.0 -0.7712 0.6365
vn 0.0 -0.0 1.0
vn 0.0 -0.7714 0.6364
vn 0.0 -0.7712 0.6365
vn 0.0 -0.0 1.0
vn 0.0 -0.7714 0.6364
vn 0.0 -0.7712 0.6365
vn 0.0 -0.0 1.0
vn 0.0 -0.7714 0.6364
vn 0.0 -0.7712 0.6365
vn 0.0 -0.0 1.0
vn 0.0 -0.7714 0.6364
vn 0.0 -0.7712 0.6365
vn 0.0 -0.0 1.0
vn 0.0 -0.7714 0.6364
vn 0.0 -0.7712 0.6365
vn 0.0 -0.0 1.0
vn 0.0 -0.7714 0.6364
vn 0.0 -0.7712 0.6365
vn 0.0 -0.0 1.0
vn 0.0 -0.7714 0.6364
vn 0.0 -0.7712 0.6365
vn 0.0 -0.0 1.0
vn 0.0 -0.7714 0.6364
vn 0.0 -0.7712 0.6365
vn 0.0 -0.0 1.0
vn 0.0 -0.7714 0.6364
vn 0.0 -0.7712 0.6365
vn 0.0 -0.0 1.0
vn 0.0 -0.7714 0.6364
vn 0.0 -0.7712 0.6365
vn 0.0 -0.0 1.0
vn 0.0 -0.7714 0.6364
vn 0.0 -0.7712 0.6365
vn 0.0 -0.0 1.0
vn 0.0 -0.7714 0.6364
vn 0.0 -0.7712 0.6365
vn 0.0 -0.0 1.0
vn 0.0 -0.7714 0.6364
vn 0.0 -0.7712 0.6365
vn 0.0 -0.0 1.0
vn 0.0 -0.7714 0.6364
vn 0.0 -0.7712 0.6365
vn 0.0 -0.0 1.0
vn 0.0 -0.7714 0.6364
vn 0.0 -0.7712 0.6365
vn 0.0 -0.0 1.0
vn 0.0 -0.7714 0.6364
vn 0.0 -0.7712 0.6365
vn 0.0 -0.0 1.0
vn 0.0 -0.7714 0.6364
vn 0.0 -0.7712 0.6365
vn 0.0 -0.0 1.0
vn 0.0 -0.7714 0.6364
vn 0.0 -0.7712 0.6365
vn 0.0 -0.0 1.0
vn 0.0 -0.7714 0.6364
vn 0.0 -0.7712 0.6365
vn 0.0 -0.0 1.0
vn 0.0 -0.7714 0.6364
vn 0.0 -0.7712 0.6365
vn 0.0 -0.0 1.0
vn 0.0 -0.7714 0.6364
vn 0.0 -0.7712 0.6365
vn 0.0 -0.0 1.0
vn 0.0 -0.7714 0.6364
vn 0.0 -0.7712 0.6365
vn 0.0 -0.0 1.0
vn 0.0 -0.7714 0.6364
vn 0.0 -0.7712 0.6365
vn 0.0 -0.0 1.0
vn 0.0 -0.7714 0.6364
vn 0.0 -0.7712 0.6365
vn 0.0 -0.0 1.0
vn 0.0 -0.7714 0.6364
vn 0.0 -0.7712 0.6365
vn 0.0 -0.0 1.0
vn 0.0 -0.7714 0.6364
vn 0.0 -0.7712 0.6365
vn 0.0 -0.0 1.0
vn 0.0 -0.7714 0.6364
vn 0.0 -0.7712 0.6365
vn 0.0 -0.0 1.0
vn 0.0 -0.7714 0.6364
vn 0.0 -0.7712 0.6365
vn 0.0 -0.0 1.0
vn 0.0 -0.7714 0.6364
vn 0.0 -0.7712 0.6365
vn 0.0 -0.0 1.0
vn 0.0 -0.7714 0.6364
vn 0.0 -0.7712 0.6365
vn 0.0 -0.0 1.0
vn 0.0 -0.7714 0.6364
vn 0.0 -0.7712 0.6365
vn 0.0 -0.0 1.0
vn 0.0 -0.7714 0.6364
vn 0.0 -0.7712 0.6365
vn 0.0 -0.0 1.0
vn 0.0 -0.7714 0.6364
vn 0.0 -0.7712 0.6365
vn 0.0 -0.0 1.0
vn 0.0 -0.7714 0.6364
vn 0.0 -0.7712 0.6365
vn 0.0 -0.0 1.0
vn 0.0 -0.7714 0.6364
vn 0.0 -0.7712 0.6365
vn 0.0 -0.0 1.0
vn 0.0 -0.7714 0.6364
vn 0.0 -0.7712 0.6365
vn 0.0 -0.0 1.0
vn 0.0 -0.7714 0.6364
vn 0.0 -0.7712 0.6365
vn 0.0 -0.0 1.0
vn 0.0 -0.7714 0.6364
vn 0.0 -0.7712 0.6365
vn 0.0 -0.0 1.0
vn 0.0 -0.7714 0.6364
vn 0.0 -0.7712 0.6365
vn 0.0 -0.0 1.0
vn 0.0 -0.7714 0.6364
vn 0.0 -0.7712 0.6365
vn 0.0 -0.0 1.0
vn 0.0 -0.7714 0.6364
vn 0.0 -0.7712 0.6365
vn 0.0 -0.0 1.0
vn 0.0 -0.7714 0.6364
vn 0.0 -0.7712 0.6365
vn 0.0 -0.0 1.0
vn 0.0 -0.7714 0.6364
vn 0.0 -0.7712 0.6365
vn 0.0 -0.0 1.0
vn 0.0 -0.7714 0.6364
vn 0.0 -0.7712 0.6365
vn 0.0 -0.0 1.0
vn 0.0 -0.7714 0.6364
vn 0.0 -0.7712 0.6365
vn 0.0 -0.0 1.0
vn 0.0 -0.7714 0.6364
vn 0.0 -0.7712 0.6365
vn 0.0 -0.0 1.0
vn 0.0 -0.7714 0.6364
vn 0.0 -0.7712 0.6365
vn 0.0 -0.0 1.0
vn 0.0 -0.7714 0.6364
vn 0.0 -0.7712 0.6365
vn 0.0 -0.0 1.0
vn 0.0 -0.7714 0.6364
vn 0.0 -0.7712 0.6365
vn 0.0 -0.0 1.0
vn 0.0 -0.7714 0.6364
vn 0.0 -0.7712 0.6365
vn 0.0 -0.0 1.0
vn 0.0 -0.7714 0.6364
vn 0.0 -0.7712 0.6365
vn 0.0 -0.0 1.0
vn 0.0 -0.7714 0.6364
vn 0.0 -0.7712 0.6365
vn 0.0 -0.0 1.0
vn 0.0 -0.7714 0.6364
vn 0.0 -0.7712 0.6365
vn 0.0 -0.0 1.0
vn 0.0 -0.7714 0.6364
vn 0.0 -0.7712 0.6365
vn 0.0 -0.0 1.0
vn 0.0 -0.7714 0.6364
vn 0.0 -0.7712 0.6365
vn 0.0 -0.0 1.0
vn 0.0 -0.7714 0.6364
vn 0.0 -0.7712 0.6365
vn 0.0 -0.0 1.0
vn 0.0 -0.7714 0.6364
vn 0.0 -0.7712 0.6365
vn 0.0 -0.0 1.0
vn 0.0 -0.7714 0.6364
vn 0.0 -0.7712 0.6365
vn 0.0 -0.0 1.0
vn 0.0 -0.7714 0.6364
vn 0.0 -0.7712 0.6365
vn 0.0 -0.0 1.0
vn 0.0 -0.7714 0.6364
vn 0.0 -0.7712 0.6365
vn 0.0 -0.0 1.0
vn 0.0 -0.7714 0.6364
vn 0.0 -0.7712 0.6365
vn 0.0 -0.0 1.0
vn 0.0 -0.7714 0.6364
vn 0.0 -0.7712 0.6365
vn 0.0 -0.0 1.0
vn 0.0 -0.7714 0.6364
vn 0.0 -0.7712 0.6365
vn 0.0 -0.0 1.0
vn 0.0 -0.7714 0.6364
vn 0.0 -0.7712 0.6365
vn 0.0 -0.0 1.0
vn 0.0 -0.7714 0.6364
vn 0.0 -0.7712 0.6365
vn 0.0 -0.0 1.0
vn 0.0 -0.7714 0.6364
vn 0.0 -0.7712 0.6365
vn 0.0 -0.0 1.0
vn 0.0 -0.7714 0.6364
vn 0.0 -0.7712 0.6365
vn 0.0 -0.0 1.0
vn 0.0 -0.7714 0.6364
vn 0.0 -0.7712 0.6365
vn 0.0 -0.0 1.0
vn 0.0 -0.7714 0.6364
vn 0.0 -0.7712 0.6365
vn 0.0 -0.0 1.0
vn 0.0 -0.7714 0.6364
vn 0.0 -0.7712 0.6365
vn 0.0 -0.0 1.0
vn 0.0 -0.7714 0.6364
vn 0.0 -0.7712 0.6365
vn 0.0 -0.0 1.0
vn 0.0 -0.7714 0.6364
vn 0.0 -0.7712 0.6365
vn 0.0 -0.0 1.0
vn 0.0 -0.7714 0.6364
vn 0.0 -0.7712 0.6365
vn 0.0 -0.0 1.0
vn 0.0 -0.7714 0.6364
vn 0.0 -0.7712 0.6365
vn 0.0 -0.0 1.0
vn 0.0 -0.7714 0.6364
vn 0.0 -0.7712 0.6365
vn 0.0 -0.0 1.0
vn 0.0 -0.7714 0.6364
vn 0.0 -0.7712 0.6365
vn 0.0 -0.0 1.0
vn 0.0 -0.7714 0.6364
vn 0.0 -0.7712 0.6365
vn 0.0 -0.0 1.0
vn 0.0 -0.7714 0.6364
vn 0.0 -0.7712 0.6365
vn 0.0 -0.0 1.0
vn 0.0 -0.7714 0.6364
vn 0.0 -0.7712 0.6365
vn 0.0 -0.0 1.0
vn 0.0 -0.7714 0.6364
vn 0.0 -0.7712 0.6365
vn 0.0 -0.0 1.0
vn 0.0 -0.7714 0.6364
vn 0.0 -0.7712 0.6365
vn 0.0 -0.0 1.0
vn 0.0 -0.7714 0.6364
vn 0.0 -0.7712 0.6365
vn 0.0 -0.0 1.0
vn 0.0 -0.7714 0.6364
vn 0.0 -0.7712 0.6365
vn 0.0 -0.0 1.0
vn 0.0 -0.7714 0.6364
vn 0.0 -0.7712 0.6365
vn 0.0 -0.0 1.0
vn 0.0 -0.7714 0.6364
vn 0.0 -0.7712 0.6365
vn 0.0 -0.0 1.0
vn 0.0 -0.7714 0.6364
vn 0.0 -0.7712 0.6365
vn 0.0 -0.0 1.0
vn 0.0 -0.7714 0.6364
vn 0.0 -0.7712 0.6365
vn 0.0 -0.0 1.0
vn 0.0 -0.7714 0.6364
vn 0.0 -0.7712 0.6365
vn 0.0 -0.0 1.0
vn 0.0 -0.7714 0.6364
vn 0.0 -0.7712 0.6365
vn 0.0 -0.0 1.0
vn 0.0 -0.7714 0.6364
vn 0.0 -0.7712 0.6365
vn 0.0 -0.0 1.0
vn 0.0 -0.7714 0.6364
vn 0.0 -0.7712 0.6365
vn 0.0 -0.0 1.0
vn 0.0 -0.7714 0.6364
vn 0.0 -0.7712 0.6365
vn 0.0 -0.0 1.0
vn 0.0 -0.7714 0.6364
vn 0.0 -0.7712 0.6365
vn 0.0 -0.0 1.0
vn 0.0 -0.7714 0.6364
vn 0.0 -0.7712 0.6365
vn 0.0 -0.0 1.0
vn 0.0 -0.7714 0.6364
vn 0.0 -0.7712 0.6365
vn 0.0 -0.0 1.0
vn 0.0 -0.7714 0.6364
vn 0.0 -0.7712 0.6365
vn 0.0 -0.0 1.0
vn 0.0 -0.7714 0.6364
vn 0.0 -0.7712 0.6365
vn 0.0 -0.0 1.0
vn 0.0 -0.7714 0.6364
vn 0.0 -0.7712 0.6365
vn 0.0 -0.0 1.0
vn 0.0 -0.7714 0.6364
vn 0.0 -0.7712 0.6365
vn 0.0 -0.0 1.0
vn 0.0 -0.7714 0.6364
vn 0.0 -0.7712 0.6365
vn 0.0 -0.0 1.0
vn 0.0 -0.7714 0.6364
vn 0.0 -0.7712 0.6365
vn 0.0 -0.0 1.0
vn 0.0 -0.7714 0.6364
vn 0.0 -0.7712 0.6365
vn 0.0 -0.0 1.0
vn 0.0 -0.7714 0.6364
vn 0.0 -0.7712 0.6365
vn 0.0 -0.0 1.0
vn 0.0 -0.7714 0.6364
vn 0.0 -0.7712 0.6365
vn 0.0 -0.0 1.0
vn 0.0 -0.7714 0.6364
vn 0.0 -0.7712 0.6365
vn 0.0 -0.0 1.0
vn 0.0 -0.7714 0.6364
vn 0.0 -0.7712 0.6365
vn 0.0 -0.0 1.0
vn 0.0 -0.7714 0.6364
vn 0.0 -0.7712 0.6365
vn 0.0 -0.0 1.0
vn 0.0 -0.7714 0.6364
vn 0.0 -0.7712 0.6365
vn 0.0 -0.0 1.0
vn 0.0 -0.7714 0.6364
vn 0.0 -0.7712 0.6365
vn 0.0 -0.0 1.0
vn 0.0 -0.7714 0.6364
vn 0.0 -0.7712 0.6365
vn 0.0 -0.0 1.0
vn 0.0 -0.7714 0.6364
vn 0.0 -0.7712 0.6365
vn 0.0 -0.0 1.0
vn 0.0 -0.7714 0.6364
vn 0.0 -0.7712 0.6365
vn 0.0 -0.0 1.0
vn 0.0 -0.7714 0.6364
vn 0.0 -0.7712 0.6365
vn 0.0 -0.0 1.0
vn 0.0 -0.7714 0.6364
vn 0.0 -0.7712 0.6365
vn 0.0 -0.0 1.0
vn 0.0 -0.7714 0.6364
vn 0.0 -0.7712 0.6365
vn 0.0 -0.0 1.0
vn 0.0 -0.7714 0.6364
vn 0.0 -0.7712 0.6365
vn 0.0 -0.0 1.0
vn 0.0 -0.7714 0.6364
vn 0.0 -0.7712 0.6365
vn 0.0 -0.0 1.0
vn 0.0 -0.7714 0.6364
vn 0.0 -0.7712 0.6365
vn 0.0 -0.0 1.0
vn 0.0 -0.7714 0.6364
vn 0.0 -0.7712 0.6365
vn 0.0 -0.0 1.0
vn 0.0 -0.7714 0.6364
vn 0.0 -0.7712 0.6365
vn 0.0 -0.0 1.0
vn 0.0 -0.7714 0.6364
vn 0.0 -0.7712 0.6365
vn 0.0 -0.0 1.0
vn 0.0 -0.7714 0.6364
vn 0.0 -0.7712 0.6365
vn 0.0 -0.0 1.0
vn 0.0 -0.7714 0.6364
vn 0.0 -0.7712 0.6365
vn 0.0 -0.0 1.0
vn 0.0 -0.7714 0.6364
vn 0.0 -0.7712 0.6365
vn 0.0 -0.0 1.0
vn 0.0 -0.7714 0.6364
vn 0.0 -0.7712 0.6365
vn 0.0 -0.0 1.0
vn 0.0 -0.7714 0.6364
vn 0.0 -0.7712 0.6365
vn 0.0 -0.0 1.0
vn 0.0 -0.7714 0.6364
vn 0.0 -0.7712 0.6365
vn 0.0 -0.0 1.0
vn 0.0 -0.7714 0.6364
vn 0.0 -0.7712 0.6365
vn 0.0 -0.0 1.0
vn 0.0 -0.7714 0.6364
vn 0.0 -0.7712 0.6365
vn 0.0 -0.0 1.0
vn 0.0 -0.7714 0.6364
vn 0.0 -0.7712 0.6365
vn 0.0 -0.0 1.0
vn 0.0 -0.7714 0.6364
vn 0.0 -0.7712 0.6365
vn 0.0 -0.0 1.0
vn 0.0 -0.7714 0.6364
vn 0.0 -0.7712 0.6365
vn 0.0 -0.0 1.0
vn 0.0 -0.7714 0.6364
vn 0.0 -0.7712 0.6365
vn 0.0 -0.0 1.0
vn 0.0 -0.7714 0.6364
vn 0.0 -0.7712 0.6365
vn 0.0 -0.0 1.0
vn 0.0 -0.7714 0.6364
vn 0.0 -0.7712 0.6365
vn 0.0 -0.0 1.0
vn 0.0 -0.7714 0.6364
vn 0.0 -0.7712 0.6365
vn 0.0 -0.0 1.0
vn 0.0 -0.7714 0.6364
vn 0.0 -0.7712 0.6365
vn 0.0 -0.0 1.0
vn 0.0 -0.7714 0.6364
vn 0.0 -0.7712 0.6365
vn 0.0 -0.0 1.0
vn 0.0 -0.7714 0.6364
vn 0.0 -0.7712 0.6365
vn 0.0 -0.0 1.0
vn 0.0 -0.7714 0.6364
vn 0.0 -0.7712 0.6365
vn 0.0 -0.0 1.0
vn 0.0 -0.7714 0.6364
vn 0.0 -0.7712 0.6365
vn 0.0 -0.0 1.0
vn 0.0 -0.7714 0.6364
vn 0.0 -0.7712 0.6365
vn 0.0 -0.0 1.0
vn 0.0 -0.7714 0.6364
vn 0.0 -0.7712 0.6365
vn 0.0 -0.0 1.0
vn 0.0 -0.7714 0.6364
vn 0.0 -0.7712 0.6365
vn 0.0 -0.0 1.0
vn 0.0 -0.7714 0.6364
vn 0.0 -0.7712 0.6365
vn 0.0 -0.0 1.0
vn 0.0 -0.7714 0.6364
vn 0.0 -0.7712 0.6365
vn 0.0 -0.0 1.0
vn 0.0 -0.7714 0.6364
vn 0.0 -0.7712 0.6365
vn 0.0 -0.0 1.0
vn 0.0 -0.7714 0.6364
vn 0.0 -0.7712 0.6365
vn 0.0 -0.0 1.0
vn 0.0 -0.7714 0.6364
vn 0.0 -0.7712 0.6365
vn 0.0 -0.0 1.0
vn 0.0 -0.7714 0.6364
vn 0.0 -0.7712 0.6365
vn 0.0 -0.0 1.0
vn 0.0 -0.7714 0.6364
vn 0.0 -0.7712 0.6365
vn 0.0 -0.0 1.0
vn 0.0 -0.7714 0.6364
vn 0.0 -0.7712 0.6365
vn 0.0 -0.0 1.0
vn 0.0 -0.7714 0.6364
vn 0.0 -0.7712 0.6365
vn 0.0 -0.0 1.0
vn 0.0 -0.7714 0.6364
vn 0.0 -0.7712 0.6365
vn 0.0 -0.0 1.0
vn 0.0 -0.7714 0.6364
vn 0.0 -0.7712 0.6365
vn 0.0 -0.0 1.0
vn 0.0 -0.7714 0.6364
vn 0.0 -0.7712 0.6365
vn 0.0 -0.0 1.0
vn 0.0 -0.7714 0.6364
vn 0.0 -0.7712 0.6365
vn 0.0 -0.0 1.0
vn 0.0 -0.7714 0.6364
vn 0.0 -0.7712 0.6365
vn 0.0 -0.0 1.0
vn 0.0 -0.7714 0.6364
vn 0.0 -0.7712 0.6365
vn 0.0 -0.0 1.0
vn 0.0 -0.7714 0.6364
vn 0.0 -0.7712 0.6365
vn 0.0 -0.0 1.0
vn 0.0 -0.7714 0.6364
vn 0.0 -0.7712 0.6365
vn 0.0 -0.0 1.0
vn 0.0 -0.7714 0.6364
vn 0.0 -0.7712 0.6365
vn 0.0 -0.0 1.0
vn 0.0 -0.7714 0.6364
vn 0.0 -0.7712 0.6365
vn 0.0 -0.0 1.0
vn 0.0 -0.7714 0.6364
vn 0.0 -0.7712 0.6365
vn 0.0 -0.0 1.0
vn 0.0 -0.7714 0.6364
vn 0.0 -0.7712 0.6365
vn 0.0 -0.0 1.0
vn 0.0 -0.7714 0.6364
vn 0.0 -0.7712 0.6365
vn 0.0 -0.0 1.0
vn 0.0 -0.7714 0.6364
vn 0.0 -0.7712 0.6365
vn 0.0 -0.0 1.0
vn 0.0 -0.7714 0.6364
vn 0.0 -0.7712 0.6365
vn 0.0 -0.0 1.0
vn 0.0 -0.7714 0.6364
vn 0.0 -0.7712 0.6365
vn 0.0 -0.0 1.0
vn 0.0 -0.7714 0.6364
vn 0.0 -0.7712 0.6365
vn 0.0 -0.0 1.0
vn 0.0 -0.7714 0.6364
vn 0.0 -0.7712 0.6365
vn 0.0 -0.0 1.0
vn 0.0 -0.7714 0.6364
vn 0.0 -0.7712 0.6365
vn 0.0 -0.0 1.0
vn 0.0 -0.7714 0.6364
vn 0.0 -0.7712 0.6365
vn 0.0 -0.0 1.0
vn 0.0 -0.7714 0.6364
vn 0.0 -0.7712 0.6365
vn 0.0 -0.0 1.0
vn 0.0 -0.7714 0.6364
vn 0.0 -0.7712 0.6365
vn 0.0 -0.0 1.0
vn 0.0 -0.7714 0.6364
vn 0.0 -0.7712 0.6365
vn 0.0 -0.0 1.0
vn 0.0 -0.7714 0.6364
vn 0.0 -0.7712 0.6365
vn 0.0 -0.0 1.0
vn 0.0 -0.7714 0.6364
vn 0.0 -0.7712 0.6365
vn 0.0 -0.0 1.0
vn 0.0 -0.7714 0.6364
vn 0.0 -0.7712 0.6365
vn 0.0 -0.0 1.0
vn 0.0 -0.7714 0.6364
vn 0.0 -0.7712 0.6365
vn 0.0 -0.0 1.0
vn 0.0 -0.7714 0.6364
vn 0.0 -0.7712 0.6365
vn 0.0 -0.0 1.0
vn 0.0 -0.7714 0.6364
vn 0.0 -0.7712 0.6365
vn 0.0 -0.0 1.0
vn 0.0 -0.7714 0.6364
vn 0.0 -0.7712 0.6365
vn 0.0 -0.0 1.0
vn 0.0 -0.7714 0.6364
vn 0.0 -0.7712 0.6365
vn 0.0 -0.0 1.0
vn 0.0 -0.7714 0.6364
vn 0.0 -0.7712 0.6365
vn 0.0 -0.0 1.0
vn 0.0 -0.7714 0.6364
vn 0.0 -0.7712 0.6365
vn 0.0 -0.0 1.0
vn 0.0 -0.7714 0.6364
vn 0.0 -0.7712 0.6365
vn 0.0 -0.0 1.0
vn 0.0 -0.7714 0.6364
vn 0.0 -0.7712 0.6365
vn 0.0 -0.0 1.0
vn 0.0 -0.7714 0.6364
vn 0.0 -0.7712 0.6365
vn 0.0 -0.0 1.0
vn 0.0 -0.7714 0.6364
vn 0.0 -0.7712 0.6365
vn 0.0 -0.0 1.0
vn 0.0 -0.7714 0.6364
vn 0.0 -0.7712 0.6365
vn 0.0 -0.0 1.0
vn 0.0 -0.7714 0.6364
vn 0.0 -0.7712 0.6365
vn 0.0 -0.0 1.0
vn 0.0 -0.7714 0.6364
vn 0.0 -0.7712 0.6365
vn 0.0 -0.0 1.0
vn 0.0 -0.7714 0.6364
vn 0.0 -0.7712 0.6365
vn 0.0 -0.0 1.0
vn 0.0 -0.7714 0.6364
vn 0.0 -0.7712 0.6365
vn 0.0 -0.0 1.0
vn 0.0 -0.7714 0.6364
vn 0.0 -0.7712 0.6365
vn 0.0 -0.0 1.0
vn 0.0 -0.7714 0.6364
vn 0.0 -0.7712 0.6365
vn 0.0 -0.0 1.0
vn 0.0 -0.7714 0.6364
vn 0.0 -0.7712 0.6365
vn 0.0 -0.0 1.0
vn 0.0 -0.7714 0.6364
vn 0.0 -0.7712 0.6365
vn 0.0 -0.0 1.0
vn 0.0 -0.7714 0.6364
vn 0.0 -0.7712 0.6365
vn 0.0 -0.0 1.0
vn 0.0 -0.7714 0.6364
vn 0.0 -0.7712 0.6365
vn 0.0 -0.0 1.0
vn 0.0 -0.7714 0.6364
vn 0.0 -0.7712 0.6365
vn 0.0 -0.0 1.0
vn 0.0 -0.7714 0.6364
vn 0.0 -0.7712 0.6365
vn 0.0 -0.0 1.0
vn 0.0 -0.7714 0.6364
vn 0.0 -0.7712 0.6365
vn 0.0 -0.0 1.0
vn 0.0 -0.7714 0.6364
vn 0.0 -0.7712 0.6365
vn 0.0 -0.0 1.0
vn 0.0 -0.7714 0.6364
vn 0.0 -0.7712 0.6365
c 1.0 1.0 1.0
c 1.0 1.0 1.0
c 1.0 1.0 1.0
c 1.0 1.0 1.0
c 1.0 1.0 1.0
c 1.0 1.0 1.0
c 1.0 1.0 1.0
c 1.0 1.0 1.0
c 1.0 1.0 1.0
c 1.0 1.0 1.0
c 1.0 1.0 1.0
c 1.0 1.0 1.0
c 1.0 1.0 1.0
c 1.0 1.0 1.0
c 1.0 1.0 1.0
c 1.0 1.0 1.0
c 1.0 1.0 1.0
c 1.0 1.0 1.0
c 1.0 1.0 1.0
c 1.0 1.0 1.0
c 1.0 1.0 1.0
c 1.0 1.0 1.0
c 1.0 1.0 1.0
c 1.0 1.0 1.0
c 1.0 1.0 1.0
c 1.0 1.0 1.0
c 1.0 1.0 1.0
c 1.0 1.0 1.0
c 1.0 1.0 1.0
c 1.0 1.0 1.0
c 1.0 1.0 1.0
c 1.0 1.0 1.0
c 1.0 1.0 1.0
c 1.0 1.0 1.0
c 1.0 1.0 1.0
c 1.0 1.0 1.0
c 1.0 1.0 1.0
c 1.0 1.0 1.0
c 1.0 1.0 1.0
c 1.0 1.0 1.0
c 1.0 1.0 1.0
c 1.0 1.0 1.0
c 1.0 1.0 1.0
c 1.0 1.0 1.0
c 1.0 1.0 1.0
c 1.0 1.0 1.0
c 1.0 1.0 1.0
c 1.0 1.0 1.0
c 1.0 1.0 1.0
c 1.0 1.0 1.0
c 1.0 1.0 1.0
c 1.0 1.0 1.0
c 1.0 1.0 1.0
c 1.0 1.0 1.0
c 1.0 1.0 1.0
c 1.0 1.0 1.0
c 1.0 1.0 1.0
c 1.0 1.0 1.0
c 1.0 1.0 1.0
c 1.0 1.0 1.0
c 1.0 1.0 1.0
c 1.0 1.0 1.0
c 1.0 1.0 1.0
c 1.0 1.0 1.0
c 1.0 1.0 1.0
c 1.0 1.0 1.0
c 1.0 1.0 1.0
c 1.0 1.0 1.0
c 1.0 1.0 1.0
c 1.0 1.0 1.0
c 1.0 1.0 1.0
c 1.0 1.0 1.0
c 1.0 1.0 1.0
c 1.0 1.0 1.0
c 1.0 1.0 1.0
c 1.0 1.0 1.0
c 1.0 1.0 1.0
c 1.0 1.0 1.0
c 1.0 1.0 1.0
c 1.0 1.0 1.0
c 1.0 1.0 1.0
c 1.0 1.0 1.0
c 1.0 1.0 1.0
c 1.0 1.0 1.0
c 1.0 1.0 1.0
c 1.0 1.0 1.0
c 1.0 1.0 1.0
c 1.0 1.0 1.0
c 1.0 1.0 1.0
c 1.0 1.0 1.0
c 1.0 1.0 1.0
c 1.0 1.0 1.0
c 1.0 1.0 1.0
c 1.0 1.0 1.0
c 1.0 1.0 1.0
c 1.0 1.0 1.0
c 1.0 1.0 1.0
c 1.0 1.0 1.0
c 1.0 1.0 1.0
c 1.0 1.0 1.0
c 1.0 1.0 1.0
c 1.0 1.0 1.0
c 1.0 1.0 1.0
c 1.0 1.0 1.0
c 1.0 1.0 1.0
c 1.0 1.0 1.0
c 1.0 1.0 1.0
c 1.0 1.0 1.0
c 1.0 1.0 1.0
c 1.0 1.0 1.0
c 1.0 1.0 1.0
c 1.0 1.0 1.0
c 1.0 1.0 1.0
c 1.0 1.0 1.0
c 1.0 1.0 1.0
c 1.0 1.0 1.0
c 1.0 1.0 1.0
c 1.0 1.0 1.0
c 1.0 1.0 1.0
c 1.0 1.0 1.0
c 1.0 1.0 1.0
c 1.0 1.0 1.0
c 1.0 1.0 1.0
c 1.0 1.0 1.0
c 1.0 1.0 1.0
c 1.0 1.0 1.0
c 1.0 1.0 1.0
c 1.0 1.0 1.0
c 1.0 1.0 1.0
c 1.0 1.0 1.0
c 1.0 1.0 1.0
c 1.0 1.0 1.0
c 1.0 1.0 1.0
c 1.0 1.0 1.0
c 1.0 1.0 1.0
c 1.0 1.0 1.0
c 1.0 1.0 1.0
c 1.0 1.0 1.0
c 1.0 1.0 1.0
c 1.0 1.0 1.0
c 1.0 1.0 1.0
c 1.0 1.0 1.0
c 1.0 1.0 1.0
c 1.0 1.0 1.0
c 1.0 1.0 1.0
c 1.0 1.0 1.0
c 1.0 1.0 1.0
c 1.0 1.0 1.0
c 1.0 1.0 1.0
c 1.0 1.0 1.0
c 1.0 1.0 1.0
c 1.0 1.0 1.0
c 1.0 1.0 1.0
c 1.0 1.0 1.0
c 1.0 1.0 1.0
c 1.0 1.0 1.0
c 1.0 1.0 1.0
c 1.0 1.0 1.0
c 1.0 1.0 1.0
c 1.0 1.0 1.0
c 1.0 1.0 1.0
c 1.0 1.0 1.0
c 1.0 1.0 1.0
c 1.0 1.0 1.0
c 1.0 1.0 1.0
c 1.0 1.0 1.0
c 1.0 1.0 1.0
c 1.0 1.0 1.0
c 1.0 1.0 1.0
c 1.0 1.0 1.0
c 1.0 1.0 1.0
c 1.0 1.0 1.0
c 1.0 1.0 1.0
c 1.0 1.0 1.0
c 1.0 1.0 1.0
c 1.0 1.0 1.0
c 1.0 1.0 1.0
c 1.0 1.0 1.0
c 1.0 1.0 1.0
c 1.0 1.0 1.0
c 1.0 1.0 1.0
c 1.0 1.0 1.0
c 1.0 1.0 1.0
c 1.0 1.0 1.0
c 1.0 1.0 1.0
c 1.0 1.0 1.0
c 1.0 1.0 1.0
c 1.0 1.0 1.0
c 1.0 1.0 1.0
c 1.0 1.0 1.0
c 1.0 1.0 1.0
c 1.0 1.0 1.0
c 1.0 1.0 1.0
c 1.0 1.0 1.0
c 1.0 1.0 1.0
c 1.0 1.0 1.0
c 1.0 1.0 1.0
c 1.0 1.0 1.0
c 1.0 1.0 1.0
c 1.0 1.0 1.0
c 1.0 1.0 1.0
c 1.0 1.0 1.0
c 1.0 1.0 1.0
c 1.0 1.0 1.0
c 1.0 1.0 1.0
c 1.0 1.0 1.0
c 1.0 1.0 1.0
c 1.0 1.0 1.0
c 1.0 1.0 1.0
c 1.0 1.0 1.0
c 1.0 1.0 1.0
c 1.0 1.0 1.0
c 1.0 1.0 1.0
c 1.0 1.0 1.0
c 1.0 1.0 1.0
c 1.0 1.0 1.0
c 1.0 1.0 1.0
c 1.0 1.0 1.0
c 1.0 1.0 1.0
c 1.0 1.0 1.0
c 1.0 1.0 1.0
c 1.0 1.0 1.0
c 1.0 1.0 1.0
c 1.0 1.0 1.0
c 1.0 1.0 1.0
c 1.0 1.0 1.0
c 1.0 1.0 1.0
c 1.0 1.0 1.0
c 1.0 1.0 1.0
c 1.0 1.0 1.0
c 1.0 1.0 1.0
c 1.0 1.0 1.0
c 1.0 1.0 1.0
c 1.0 1.0 1.0
c 1.0 1.0 1.0
c 1.0 1.0 1.0
c 1.0 1.0 1.0
c 1.0 1.0 1.0
c 1.0 1.0 1.0
c 1.0 1.0 1.0
c 1.0 1.0 1.0
c 1.0 1.0 1.0
c 1.0 1.0 1.0
c 1.0 1.0 1.0
c 1.0 1.0 1.0
c 1.0 1.0 1.0
c 1.0 1.0 1.0
c 1.0 1.0 1.0
c 1.0 1.0 1.0
c 1.0 1.0 1.0
c 1.0 1.0 1.0
c 1.0 1.0 1.0
c 1.0 1.0 1.0
c 1.0 1.0 1.0
c 1.0 1.0 1.0
c 1.0 1.0 1.0
usemtl tree01_un
s off
f 3/1/1/1 4/2/1/1 1/3/1/1 2/4/1/1
f 11/9/4/2 12/10/4/2 9/11/4/2 10/12/4/2
f 19/17/7/3 20/18/7/3 17/19/7/3 18/20/7/3
f 27/25/10/4 28/26/10/4 25/27/10/4 26/28/10/4
f 35/33/13/5 36/34/13/5 33/35/13/5 34/36/13/5
f 43/41/16/6 44/42/16/6 41/43/16/6 42/44/16/6
f 51/49/19/7 52/50/19/7 49/51/19/7 50/52/19/7
f 59/57/22/8 60/58/22/8 57/59/22/8 58/60/22/8
f 67/65/25/9 68/66/25/9 65/67/25/9 66/68/25/9
f 75/73/28/10 76/74/28/10 73/75/28/10 74/76/28/10
f 83/81/31/11 84/82/31/11 81/83/31/11 82/84/31/11
f 91/89/34/12 92/90/34/12 89/91/34/12 90/92/34/12
f 99/97/37/13 100/98/37/13 97/99/37/13 98/100/37/13
f 107/105/40/14 108/106/40/14 105/107/40/14 106/108/40/14
f 115/113/43/15 116/114/43/15 113/115/43/15 114/116/43/15
f 123/121/46/16 124/122/46/16 121/123/46/16 122/124/46/16
f 131/129/49/17 132/130/49/17 129/131/49/17 130/132/49/17
f 139/137/52/18 140/138/52/18 137/139/52/18 138/140/52/18
f 147/145/55/19 148/146/55/19 145/147/55/19 146/148/55/19
f 155/153/58/20 156/154/58/20 153/155/58/20 154/156/58/20
f 163/161/61/21 164/162/61/21 161/163/61/21 162/164/61/21
f 171/169/64/22 172/170/64/22 169/171/64/22 170/172/64/22
f 179/177/67/23 180/178/67/23 177/179/67/23 178/180/67/23
f 187/185/70/24 188/186/70/24 185/187/70/24 186/188/70/24
f 195/193/73/25 196/194/73/25 193/195/73/25 194/196/73/25
f 203/201/76/26 204/202/76/26 201/203/76/26 202/204/76/26
f 211/209/79/27 212/210/79/27 209/211/79/27 210/212/79/27
f 219/217/82/28 220/218/82/28 217/219/82/28 218/220/82/28
f 227/225/85/29 228/226/85/29 225/227/85/29 226/228/85/29
f 235/233/88/30 236/234/88/30 233/235/88/30 234/236/88/30
f 243/241/91/31 244/242/91/31 241/243/91/31 242/244/91/31
f 251/249/94/32 252/250/94/32 249/251/94/32 250/252/94/32
f 259/257/97/33 260/258/97/33 257/259/97/33 258/260/97/33
f 267/265/100/34 268/266/100/34 265/267/100/34 266/268/100/34
f 275/273/103/35 276/274/103/35 273/275/103/35 274/276/103/35
f 283/281/106/36 284/282/106/36 281/283/106/36 282/284/106/36
f 291/289/109/37 292/290/109/37 289/291/109/37 290/292/109/37
f 299/297/112/38 300/298/112/38 297/299/112/38 298/300/112/38
f 307/305/115/39 308/306/115/39 305/307/115/39 306/308/115/39
f 315/313/118/40 316/314/118/40 313/315/118/40 314/316/118/40
f 323/321/121/41 324/322/121/41 321/323/121/41 322/324/121/41
f 331/329/124/42 332/330/124/42 329/331/124/42 330/332/124/42
f 339/337/127/43 340/338/127/43 337/339/127/43 338/340/127/43
f 347/345/130/44 348/346/130/44 345/347/130/44 346/348/130/44
f 355/353/133/45 356/354/133/45 353/355/133/45 354/356/133/45
f 363/361/136/46 364/362/136/46 361/363/136/46 362/364/136/46
f 371/369/139/47 372/370/139/47 369/371/139/47 370/372/139/47
f 379/377/142/48 380/378/142/48 377/379/142/48 378/380/142/48
f 387/385/145/49 388/386/145/49 385/387/145/49 386/388/145/49
f 395/393/148/50 396/394/148/50 393/395/148/50 394/396/148/50
f 403/401/151/51 404/402/151/51 401/403/151/51 402/404/151/51
f 411/409/154/52 412/410/154/52 409/411/154/52 410/412/154/52
f 419/417/157/53 420/418/157/53 417/419/157/53 418/420/157/53
f 427/425/160/54 428/426/160/54 425/427/160/54 426/428/160/54
f 435/433/163/55 436/434/163/55 433/435/163/55 434/436/163/55
f 443/441/166/56 444/442/166/56 441/443/166/56 442/444/166/56
f 451/449/169/57 452/450/169/57 449/451/169/57 450/452/169/57
f 459/457/172/58 460/458/172/58 457/459/172/58 458/460/172/58
f 467/465/175/59 468/466/175/59 465/467/175/59 466/468/175/59
f 475/473/178/60 476/474/178/60 473/475/178/60 474/476/178/60
f 483/481/181/61 484/482/181/61 481/483/181/61 482/484/181/61
f 491/489/184/62 492/490/184/62 489/491/184/62 490/492/184/62
f 499/497/187/63 500/498/187/63 497/499/187/63 498/500/187/63
f 507/505/190/64 508/506/190/64 505/507/190/64 506/508/190/64
f 515/513/193/65 516/514/193/65 513/515/193/65 514/516/193/65
f 523/521/196/66 524/522/196/66 521/523/196/66 522/524/196/66
f 531/529/199/67 532/530/199/67 529/531/199/67 530/532/199/67
f 539/537/202/68 540/538/202/68 537/539/202/68 538/540/202/68
f 547/545/205/69 548/546/205/69 545/547/205/69 546/548/205/69
f 555/553/208/70 556/554/208/70 553/555/208/70 554/556/208/70
f 563/561/211/71 564/562/211/71 561/563/211/71 562/564/211/71
f 571/569/214/72 572/570/214/72 569/571/214/72 570/572/214/72
f 579/577/217/73 580/578/217/73 577/579/217/73 578/580/217/73
f 587/585/220/74 588/586/220/74 585/587/220/74 586/588/220/74
f 595/593/223/75 596/594/223/75 593/595/223/75 594/596/223/75
f 603/601/226/76 604/602/226/76 601/603/226/76 602/604/226/76
f 611/609/229/77 612/610/229/77 609/611/229/77 610/612/229/77
f 619/617/232/78 620/618/232/78 617/619/232/78 618/620/232/78
f 627/625/235/79 628/626/235/79 625/627/235/79 626/628/235/79
f 635/633/238/80 636/634/238/80 633/635/238/80 634/636/238/80
f 643/641/241/81 644/642/241/81 641/643/241/81 642/644/241/81
f 651/649/244/82 652/650/244/82 649/651/244/82 650/652/244/82
f 659/657/247/83 660/658/247/83 657/659/247/83 658/660/247/83
f 667/665/250/84 668/666/250/84 665/667/250/84 666/668/250/84
f 675/673/253/85 676/674/253/85 673/675/253/85 674/676/253/85
f 683/681/256/86 684/682/256/86 681/683/256/86 682/684/256/86
f 691/689/259/87 692/690/259/87 689/691/259/87 690/692/259/87
f 699/697/262/88 700/698/262/88 697/699/262/88 698/700/262/88
f 707/705/265/89 708/706/265/89 705/707/265/89 706/708/265/89
f 715/713/268/90 716/714/268/90 713/715/268/90 714/716/268/90
f 723/721/271/91 724/722/271/91 721/723/271/91 722/724/271/91
f 731/729/274/92 732/730/274/92 729/731/274/92 730/732/274/92
f 739/737/277/93 740/738/277/93 737/739/277/93 738/740/277/93
f 747/745/280/94 748/746/280/94 745/747/280/94 746/748/280/94
f 755/753/283/95 756/754/283/95 753/755/283/95 754/756/283/95
f 763/761/286/96 764/762/286/96 761/763/286/96 762/764/286/96
f 771/769/289/97 772/770/289/97 769/771/289/97 770/772/289/97
f 779/777/292/98 780/778/292/98 777/779/292/98 778/780/292/98
f 787/785/295/99 788/786/295/99 785/787/295/99 786/788/295/99
f 795/793/298/100 796/794/298/100 793/795/298/100 794/796/298/100
f 803/801/301/101 804/802/301/101 801/803/301/101 802/804/301/101
f 811/809/304/102 812/810/304/102 809/811/304/102 810/812/304/102
f 819/817/307/103 820/818/307/103 817/819/307/103 818/820/307/103
f 827/825/310/104 828/826/310/104 825/827/310/104 826/828/310/104
f 835/833/313/105 836/834/313/105 833/835/313/105 834/836/313/105
f 843/841/316/106 844/842/316/106 841/843/316/106 842/844/316/106
f 851/849/319/107 852/850/319/107 849/851/319/107 850/852/319/107
f 859/857/322/108 860/858/322/108 857/859/322/108 858/860/322/108
f 867/865/325/109 868/866/325/109 865/867/325/109 866/868/325/109
f 875/873/328/110 876/874/328/110 873/875/328/110 874/876/328/110
f 883/881/331/111 884/882/331/111 881/883/331/111 882/884/331/111
f 891/889/334/112 892/890/334/112 889/891/334/112 890/892/334/112
f 899/897/337/113 900/898/337/113 897/899/337/113 898/900/337/113
f 907/905/340/114 908/906/340/114 905/907/340/114 906/908/340/114
f 915/913/343/115 916/914/343/115 913/915/343/115 914/916/343/115
f 923/921/346/116 924/922/346/116 921/923/346/116 922/924/346/116
f 931/929/349/117 932/930/349/117 929/931/349/117 930/932/349/117
f 939/937/352/118 940/938/352/118 937/939/352/118 938/940/352/118
f 947/945/355/119 948/946/355/119 945/947/355/119 946/948/355/119
f 955/953/358/120 956/954/358/120 953/955/358/120 954/956/358/120
f 963/961/361/121 964/962/361/121 961/963/361/121 962/964/361/121
f 971/969/364/122 972/970/364/122 969/971/364/122 970/972/364/122
f 979/977/367/123 980/978/367/123 977/979/367/123 978/980/367/123
f 987/985/370/124 988/986/370/124 985/987/370/124 986/988/370/124
f 995/993/373/125 996/994/373/125 993/995/373/125 994/996/373/125
f 1003/1001/376/126 1004/1002/376/126 1001/1003/376/126 1002/1004/376/126
f 1011/1009/379/127 1012/1010/379/127 1009/1011/379/127 1010/1012/379/127
f 1019/1017/382/128 1020/1018/382/128 1017/1019/382/128 1018/1020/382/128
f 1027/1025/385/129 1028/1026/385/129 1025/1027/385/129 1026/1028/385/129
f 1035/1033/388/130 1036/1034/388/130 1033/1035/388/130 1034/1036/388/130
f 1043/1041/391/131 1044/1042/391/131 1041/1043/391/131 1042/1044/391/131
f 1051/1049/394/132 1052/1050/394/132 1049/1051/394/132 1050/1052/394/132
f 1059/1057/397/133 1060/1058/397/133 1057/1059/397/133 1058/1060/397/133
f 1067/1065/400/134 1068/1066/400/134 1065/1067/400/134 1066/1068/400/134
f 1075/1073/403/135 1076/1074/403/135 1073/1075/403/135 1074/1076/403/135
f 1083/1081/406/136 1084/1082/406/136 1081/1083/406/136 1082/1084/406/136
f 1091/1089/409/137 1092/1090/409/137 1089/1091/409/137 1090/1092/409/137
f 1099/1097/412/138 1100/1098/412/138 1097/1099/412/138 1098/1100/412/138
f 1107/1105/415/139 1108/1106/415/139 1105/1107/415/139 1106/1108/415/139
f 1115/1113/418/140 1116/1114/418/140 1113/1115/418/140 1114/1116/418/140
f 1123/1121/421/141 1124/1122/421/141 1121/1123/421/141 1122/1124/421/141
f 1131/1129/424/142 1132/1130/424/142 1129/1131/424/142 1130/1132/424/142
f 1139/1137/427/143 1140/1138/427/143 1137/1139/427/143 1138/1140/427/143
f 1147/1145/430/144 1148/1146/430/144 1145/1147/430/144 1146/1148/430/144
f 1155/1153/433/145 1156/1154/433/145 1153/1155/433/145 1154/1156/433/145
f 1163/1161/436/146 1164/1162/436/146 1161/1163/436/146 1162/1164/436/146
f 1171/1169/439/147 1172/1170/439/147 1169/1171/439/147 1170/1172/439/147
f 1179/1177/442/148 1180/1178/442/148 1177/1179/442/148 1178/1180/442/148
f 1187/1185/445/149 1188/1186/445/149 1185/1187/445/149 1186/1188/445/149
f 1195/1193/448/150 1196/1194/448/150 1193/1195/448/150 1194/1196/448/150
f 1203/1201/451/151 1204/1202/451/151 1201/1203/451/151 1202/1204/451/151
f 1211/1209/454/152 1212/1210/454/152 1209/1211/454/152 1210/1212/454/152
f 1219/1217/457/153 1220/1218/457/153 1217/1219/457/153 1218/1220/457/153
f 1227/1225/460/154 1228/1226/460/154 1225/1227/460/154 1226/1228/460/154
f 1235/1233/463/155 1236/1234/463/155 1233/1235/463/155 1234/1236/463/155
f 1243/1241/466/156 1244/1242/466/156 1241/1243/466/156 1242/1244/466/156
f 1251/1249/469/157 1252/1250/469/157 1249/1251/469/157 1250/1252/469/157
f 1259/1257/472/158 1260/1258/472/158 1257/1259/472/158 1258/1260/472/158
f 1267/1265/475/159 1268/1266/475/159 1265/1267/475/159 1266/1268/475/159
f 1275/1273/478/160 1276/1274/478/160 1273/1275/478/160 1274/1276/478/160
f 1283/1281/481/161 1284/1282/481/161 1281/1283/481/161 1282/1284/481/161
f 1291/1289/484/162 1292/1290/484/162 1289/1291/484/162 1290/1292/484/162
f 1299/1297/487/163 1300/1298/487/163 1297/1299/487/163 1298/1300/487/163
f 1307/1305/490/164 1308/1306/490/164 1305/1307/490/164 1306/1308/490/164
f 1315/1313/493/165 1316/1314/493/165 1313/1315/493/165 1314/1316/493/165
f 1323/1321/496/166 1324/1322/496/166 1321/1323/496/166 1322/1324/496/166
f 1331/1329/499/167 1332/1330/499/167 1329/1331/499/167 1330/1332/499/167
f 1339/1337/502/168 1340/1338/502/168 1337/1339/502/168 1338/1340/502/168
f 1347/1345/505/169 1348/1346/505/169 1345/1347/505/169 1346/1348/505/169
f 1355/1353/508/170 1356/1354/508/170 1353/1355/508/170 1354/1356/508/170
f 1363/1361/511/171 1364/1362/511/171 1361/1363/511/171 1362/1364/511/171
f 1371/1369/514/172 1372/1370/514/172 1369/1371/514/172 1370/1372/514/172
f 1379/1377/517/173 1380/1378/517/173 1377/1379/517/173 1378/1380/517/173
f 1387/1385/520/174 1388/1386/520/174 1385/1387/520/174 1386/1388/520/174
f 1395/1393/523/175 1396/1394/523/175 1393/1395/523/175 1394/1396/523/175
f 1403/1401/526/176 1404/1402/526/176 1401/1403/526/176 1402/1404/526/176
f 1411/1409/529/177 1412/1410/529/177 1409/1411/529/177 1410/1412/529/177
f 1419/1417/532/178 1420/1418/532/178 1417/1419/532/178 1418/1420/532/178
f 1427/1425/535/179 1428/1426/535/179 1425/1427/535/179 1426/1428/535/179
f 1435/1433/538/180 1436/1434/538/180 1433/1435/538/180 1434/1436/538/180
f 1443/1441/541/181 1444/1442/541/181 1441/1443/541/181 1442/1444/541/181
f 1451/1449/544/182 1452/1450/544/182 1449/1451/544/182 1450/1452/544/182
f 1459/1457/547/183 1460/1458/547/183 1457/1459/547/183 1458/1460/547/183
f 1467/1465/550/184 1468/1466/550/184 1465/1467/550/184 1466/1468/550/184
f 1475/1473/553/185 1476/1474/553/185 1473/1475/553/185 1474/1476/553/185
f 1483/1481/556/186 1484/1482/556/186 1481/1483/556/186 1482/1484/556/186
f 1491/1489/559/187 1492/1490/559/187 1489/1491/559/187 1490/1492/559/187
f 1499/1497/562/188 1500/1498/562/188 1497/1499/562/188 1498/1500/562/188
f 1507/1505/565/189 1508/1506/565/189 1505/1507/565/189 1506/1508/565/189
f 1515/1513/568/190 1516/1514/568/190 1513/1515/568/190 1514/1516/568/190
f 1523/1521/571/191 1524/1522/571/191 1521/1523/571/191 1522/1524/571/191
f 1531/1529/574/192 1532/1530/574/192 1529/1531/574/192 1530/1532/574/192
f 1539/1537/577/193 1540/1538/577/193 1537/1539/577/193 1538/1540/577/193
f 1547/1545/580/194 1548/1546/580/194 1545/1547/580/194 1546/1548/580/194
f 1555/1553/583/195 1556/1554/583/195 1553/1555/583/195 1554/1556/583/195
f 1563/1561/586/196 1564/1562/586/196 1561/1563/586/196 1562/1564/586/196
f 1571/1569/589/197 1572/1570/589/197 1569/1571/589/197 1570/1572/589/197
f 1579/1577/592/198 1580/1578/592/198 1577/1579/592/198 1578/1580/592/198
f 1587/1585/595/199 1588/1586/595/199 1585/1587/595/199 1586/1588/595/199
f 1595/1593/598/200 1596/1594/598/200 1593/1595/598/200 1594/1596/598/200
f 1603/1601/601/201 1604/1602/601/201 1601/1603/601/201 1602/1604/601/201
f 1611/1609/604/202 1612/1610/604/202 1609/1611/604/202 1610/1612/604/202
f 1619/1617/607/203 1620/1618/607/203 1617/1619/607/203 1618/1620/607/203
f 1627/1625/610/204 1628/1626/610/204 1625/1627/610/204 1626/1628/610/204
f 1635/1633/613/205 1636/1634/613/205 1633/1635/613/205 1634/1636/613/205
f 1643/1641/616/206 1644/1642/616/206 1641/1643/616/206 1642/1644/616/206
f 1651/1649/619/207 1652/1650/619/207 1649/1651/619/207 1650/1652/619/207
f 1659/1657/622/208 1660/1658/622/208 1657/1659/622/208 1658/1660/622/208
f 1667/1665/625/209 1668/1666/625/209 1665/1667/625/209 1666/1668/625/209
f 1675/1673/628/210 1676/1674/628/210 1673/1675/628/210 1674/1676/628/210
f 1683/1681/631/211 1684/1682/631/211 1681/1683/631/211 1682/1684/631/211
f 1691/1689/634/212 1692/1690/634/212 1689/1691/634/212 1690/1692/634/212
f 1699/1697/637/213 1700/1698/637/213 1697/1699/637/213 1698/1700/637/213
f 1707/1705/640/214 1708/1706/640/214 1705/1707/640/214 1706/1708/640/214
f 1715/1713/643/215 1716/1714/643/215 1713/1715/643/215 1714/1716/643/215
f 1723/1721/646/216 1724/1722/646/216 1721/1723/646/216 1722/1724/646/216
f 1731/1729/649/217 1732/1730/649/217 1729/1731/649/217 1730/1732/649/217
f 1739/1737/652/218 1740/1738/652/218 1737/1739/652/218 1738/1740/652/218
f 1747/1745/655/219 1748/1746/655/219 1745/1747/655/219 1746/1748/655/219
f 1755/1753/658/220 1756/1754/658/220 1753/1755/658/220 1754/1756/658/220
f 1763/1761/661/221 1764/1762/661/221 1761/1763/661/221 1762/1764/661/221
f 1771/1769/664/222 1772/1770/664/222 1769/1771/664/222 1770/1772/664/222
f 1779/1777/667/223 1780/1778/667/223 1777/1779/667/223 1778/1780/667/223
f 1787/1785/670/224 1788/1786/670/224 1785/1787/670/224 1786/1788/670/224
f 1795/1793/673/225 1796/1794/673/225 1793/1795/673/225 1794/1796/673/225
f 1803/1801/676/226 1804/1802/676/226 1801/1803/676/226 1802/1804/676/226
f 1811/1809/679/227 1812/1810/679/227 1809/1811/679/227 1810/1812/679/227
f 1819/1817/682/228 1820/1818/682/228 1817/1819/682/228 1818/1820/682/228
f 1827/1825/685/229 1828/1826/685/229 1825/1827/685/229 1826/1828/685/229
f 1835/1833/688/230 1836/1834/688/230 1833/1835/688/230 1834/1836/688/230
f 1843/1841/691/231 1844/1842/691/231 1841/1843/691/231 1842/1844/691/231
f 1851/1849/694/232 1852/1850/694/232 1849/1851/694/232 1850/1852/694/232
f 1859/1857/697/233 1860/1858/697/233 1857/1859/697/233 1858/1860/697/233
f 1867/1865/700/234 1868/1866/700/234 1865/1867/700/234 1866/1868/700/234
f 1875/1873/703/235 1876/1874/703/235 1873/1875/703/235 1874/1876/703/235
f 1883/1881/706/236 1884/1882/706/236 1881/1883/706/236 1882/1884/706/236
f 1891/1889/709/237 1892/1890/709/237 1889/1891/709/237 1890/1892/709/237
f 1899/1897/712/238 1900/1898/712/238 1897/1899/712/238 1898/1900/712/238
f 1907/1905/715/239 1908/1906/715/239 1905/1907/715/239 1906/1908/715/239
f 1915/1913/718/240 1916/1914/718/240 1913/1915/718/240 1914/1916/718/240
f 1923/1921/721/241 1924/1922/721/241 1921/1923/721/241 1922/1924/721/241
f 1931/1929/724/242 1932/1930/724/242 1929/1931/724/242 1930/1932/724/242
f 1939/1937/727/243 1940/1938/727/243 1937/1939/727/243 1938/1940/727/243
f 1947/1945/730/244 1948/1946/730/244 1945/1947/730/244 1946/1948/730/244
f 1955/1953/733/245 1956/1954/733/245 1953/1955/733/245 1954/1956/733/245
f 1963/1961/736/246 1964/1962/736/246 1961/1963/736/246 1962/1964/736/246
f 1971/1969/739/247 1972/1970/739/247 1969/1971/739/247 1970/1972/739/247
f 1979/1977/742/248 1980/1978/742/248 1977/1979/742/248 1978/1980/742/248
f 1987/1985/745/249 1988/1986/745/249 1985/1987/745/249 1986/1988/745/249
f 1995/1993/748/250 1996/1994/748/250 1993/1995/748/250 1994/1996/748/250
f 2003/2001/751/251 2004/2002/751/251 2001/2003/751/251 2002/2004/751/251
f 2011/2009/754/252 2012/2010/754/252 2009/2011/754/252 2010/2012/754/252
f 2019/2017/757/253 2020/2018/757/253 2017/2019/757/253 2018/2020/757/253
f 2027/2025/760/254 2028/2026/760/254 2025/2027/760/254 2026/2028/760/254
f 2035/2033/763/255 2036/2034/763/255 2033/2035/763/255 2034/2036/763/255
f 2043/2041/766/256 2044/2042/766/256 2041/2043/766/256 2042/2044/766/256
usemtl tree01
s off
f 7/5/2/1 8/6/3/1 5/7/2/1 6/8/3/1
f 15/13/5/2 16/14/6/2 13/15/5/2 14/16/6/2
f 23/21/8/3 24/22/9/3 21/23/8/3 22/24/9/3
f 31/29/11/4 32/30/12/4 29/31/11/4 30/32/12/4
f 39/37/14/5 40/38/15/5 37/39/14/5 38/40/15/5
f 47/45/17/6 48/46/18/6 45/47/17/6 46/48/18/6
f 55/53/20/7 56/54/21/7 53/55/20/7 54/56/21/7
f 63/61/23/8 64/62/24/8 61/63/23/8 62/64/24/8
f 71/69/26/9 72/70/27/9 69/71/26/9 70/72/27/9
f 79/77/29/10 80/78/30/10 77/79/29/10 78/80/30/10
f 87/85/32/11 88/86/33/11 85/87/32/11 86/88/33/11
f 95/93/35/12 96/94/36/12 93/95/35/12 94/96/36/12
f 103/101/38/13 104/102/39/13 101/103/38/13 102/104/39/13
f 111/109/41/14 112/110/42/14 109/111/41/14 110/112/42/14
f 119/117/44/15 120/118/45/15 117/119/44/15 118/120/45/15
f 127/125/47/16 128/126/48/16 125/127/47/16 126/128/48/16
f 135/133/50/17 136/134/51/17 133/135/50/17 134/136/51/17
f 143/141/53/18 144/142/54/18 141/143/53/18 142/144/54/18
f 151/149/56/19 152/150/57/19 149/151/56/19 150/152/57/19
f 159/157/59/20 160/158/60/20 157/159/59/20 158/160/60/20
f 167/165/62/21 168/166/63/21 165/167/62/21 166/168/63/21
f 175/173/65/22 176/174/66/22 173/175/65/22 174/176/66/22
f 183/181/68/23 184/182/69/23 181/183/68/23 182/184/69/23
f 191/189/71/24 192/190/72/24 189/191/71/24 190/192/72/24
f 199/197/74/25 200/198/75/25 197/199/74/25 198/200/75/25
f 207/205/77/26 208/206/78/26 205/207/77/26 206/208/78/26
f 215/213/80/27 216/214/81/27 213/215/80/27 214/216/81/27
f 223/221/83/28 224/222/84/28 221/223/83/28 222/224/84/28
f 231/229/86/29 232/230/87/29 229/231/86/29 230/232/87/29
f 239/237/89/30 240/238/90/30 237/239/89/30 238/240/90/30
f 247/245/92/31 248/246/93/31 245/247/92/31 246/248/93/31
f 255/253/95/32 256/254/96/32 253/255/95/32 254/256/96/32
f 263/261/98/33 264/262/99/33 261/263/98/33 262/264/99/33
f 271/269/101/34 272/270/102/34 269/271/101/34 270/272/102/34
f 279/277/104/35 280/278/105/35 277/279/104/35 278/280/105/35
f 287/285/107/36 288/286/108/36 285/287/107/36 286/288/108/36
f 295/293/110/37 296/294/111/37 293/295/110/37 294/296/111/37
f 303/301/113/38 304/302/114/38 301/303/113/38 302/304/114/38
f 311/309/116/39 312/310/117/39 309/311/116/39 310/312/117/39
f 319/317/119/40 320/318/120/40 317/319/119/40 318/320/120/40
f 327/325/122/41 328/326/123/41 325/327/122/41 326/328/123/41
f 335/333/125/42 336/334/126/42 333/335/125/42 334/336/126/42
f 343/341/128/43 344/342/129/43 341/343/128/43 342/344/129/43
f 351/349/131/44 352/350/132/44 349/351/131/44 350/352/132/44
f 359/357/134/45 360/358/135/45 357/359/134/45 358/360/135/45
f 367/365/137/46 368/366/138/46 365/367/137/46 366/368/138/46
f 375/373/140/47 376/374/141/47 373/375/140/47 374/376/141/47
f 383/381/143/48 384/382/144/48 381/383/143/48 382/384/144/48
f 391/389/146/49 392/390/147/49 389/391/146/49 390/392/147/49
f 399/397/149/50 400/398/150/50 397/399/149/50 398/400/150/50
f 407/405/152/51 408/406/153/51 405/407/152/51 406/408/153/51
f 415/413/155/52 416/414/156/52 413/415/155/52 414/416/156/52
f 423/421/158/53 424/422/159/53 421/423/158/53 422/424/159/53
f 431/429/161/54 432/430/162/54 429/431/161/54 430/432/162/54
f 439/437/164/55 440/438/165/55 437/439/164/55 438/440/165/55
f 447/445/167/56 448/446/168/56 445/447/167/56 446/448/168/56
f 455/453/170/57 456/454/171/57 453/455/170/57 454/456/171/57
f 463/461/173/58 464/462/174/58 461/463/173/58 462/464/174/58
f 471/469/176/59 472/470/177/59 469/471/176/59 470/472/177/59
f 479/477/179/60 480/478/180/60 477/479/179/60 478/480/180/60
f 487/485/182/61 488/486/183/61 485/487/182/61 486/488/183/61
f 495/493/185/62 496/494/186/62 493/495/185/62 494/496/186/62
f 503/501/188/63 504/502/189/63 501/503/188/63 502/504/189/63
f 511/509/191/64 512/510/192/64 509/511/191/64 510/512/192/64
f 519/517/194/65 520/518/195/65 517/519/194/65 518/520/195/65
f 527/525/197/66 528/526/198/66 525/527/197/66 526/528/198/66
f 535/533/200/67 536/534/201/67 533/535/200/67 534/536/201/67
f 543/541/203/68 544/542/204/68 541/543/203/68 542/544/204/68
f 551/549/206/69 552/550/207/69 549/551/206/69 550/552/207/69
f 559/557/209/70 560/558/210/70 557/559/209/70 558/560/210/70
f 567/565/212/71 568/566/213/71 565/567/212/71 566/568/213/71
f 575/573/215/72 576/574/216/72 573/575/215/72 574/576/216/72
f 583/581/218/73 584/582/219/73 581/583/218/73 582/584/219/73
f 591/589/221/74 592/590/222/74 589/591/221/74 590/592/222/74
f 599/597/224/75 600/598/225/75 597/599/224/75 598/600/225/75
f 607/605/227/76 608/606/228/76 605/607/227/76 606/608/228/76
f 615/613/230/77 616/614/231/77 613/615/230/77 614/616/231/77
f 623/621/233/78 624/622/234/78 621/623/233/78 622/624/234/78
f 631/629/236/79 632/630/237/79 629/631/236/79 630/632/237/79
f 639/637/239/80 640/638/240/80 637/639/239/80 638/640/240/80
f 647/645/242/81 648/646/243/81 645/647/242/81 646/648/243/81
f 655/653/245/82 656/654/246/82 653/655/245/82 654/656/246/82
f 663/661/248/83 664/662/249/83 661/663/248/83 662/664/249/83
f 671/669/251/84 672/670/252/84 669/671/251/84 670/672/252/84
f 679/677/254/85 680/678/255/85 677/679/254/85 678/680/255/85
f 687/685/257/86 688/686/258/86 685/687/257/86 686/688/258/86
f 695/693/260/87 696/694/261/87 693/695/260/87 694/696/261/87
f 703/701/263/88 704/702/264/88 701/703/263/88 702/704/264/88
f 711/709/266/89 712/710/267/89 709/711/266/89 710/712/267/89
f 719/717/269/90 720/718/270/90 717/719/269/90 718/720/270/90
f 727/725/272/91 728/726/273/91 725/727/272/91 726/728/273/91
f 735/733/275/92 736/734/276/92 733/735/275/92 734/736/276/92
f 743/741/278/93 744/742/279/93 741/743/278/93 742/744/279/93
f 751/749/281/94 752/750/282/94 749/751/281/94 750/752/282/94
f 759/757/284/95 760/758/285/95 757/759/284/95 758/760/285/95
f 767/765/287/96 768/766/288/96 765/767/287/96 766/768/288/96
f 775/773/290/97 776/774/291/97 773/775/290/97 774/776/291/97
f 783/781/293/98 784/782/294/98 781/783/293/98 782/784/294/98
f 791/789/296/99 792/790/297/99 789/791/296/99 790/792/297/99
f 799/797/299/100 800/798/300/100 797/799/299/100 798/800/300/100
f 807/805/302/101 808/806/303/101 805/807/302/101 806/808/303/101
f 815/813/305/102 816/814/306/102 813/815/305/102 814/816/306/102
f 823/821/308/103 824/822/309/103 821/823/308/103 822/824/309/103
f 831/829/311/104 832/830/312/104 829/831/311/104 830/832/312/104
f 839/837/314/105 840/838/315/105 837/839/314/105 838/840/315/105
f 847/845/317/106 848/846/318/106 845/847/317/106 846/848/318/106
f 855/853/320/107 856/854/321/107 853/855/320/107 854/856/321/107
f 863/861/323/108 864/862/324/108 861/863/323/108 862/864/324/108
f 871/869/326/109 872/870/327/109 869/871/326/109 870/872/327/109
f 879/877/329/110 880/878/330/110 877/879/329/110 878/880/330/110
f 887/885/332/111 888/886/333/111 885/887/332/111 886/888/333/111
f 895/893/335/112 896/894/336/112 893/895/335/112 894/896/336/112
f 903/901/338/113 904/902/339/113 901/903/338/113 902/904/339/113
f 911/909/341/114 912/910/342/114 909/911/341/114 910/912/342/114
f 919/917/344/115 920/918/345/115 917/919/344/115 918/920/345/115
f 927/925/347/116 928/926/348/116 925/927/347/116 926/928/348/116
f 935/933/350/117 936/934/351/117 933/935/350/117 934/936/351/117
f 943/941/353/118 944/942/354/118 941/943/353/118 942/944/354/118
f 951/949/356/119 952/950/357/119 949/951/356/119 950/952/357/119
f 959/957/359/120 960/958/360/120 957/959/359/120 958/960/360/120
f 967/965/362/121 968/966/363/121 965/967/362/121 966/968/363/121
f 975/973/365/122 976/974/366/122 973/975/365/122 974/976/366/122
f 983/981/368/123 984/982/369/123 981/983/368/123 982/984/369/123
f 991/989/371/124 992/990/372/124 989/991/371/124 990/992/372/124
f 999/997/374/125 1000/998/375/125 997/999/374/125 998/1000/375/125
f 1007/1005/377/126 1008/1006/378/126 1005/1007/377/126 1006/1008/378/126
f 1015/1013/380/127 1016/1014/381/127 1013/1015/380/127 1014/1016/381/127
f 1023/1021/383/128 1024/1022/384/128 1021/1023/383/128 1022/1024/384/128
f 1031/1029/386/129 1032/1030/387/129 1029/1031/386/129 1030/1032/387/129
f 1039/1037/389/130 1040/1038/390/130 1037/1039/389/130 1038/1040/390/130
f 1047/1045/392/131 1048/1046/393/131 1045/1047/392/131 1046/1048/393/131
f 1055/1053/395/132 1056/1054/396/132 1053/1055/395/132 1054/1056/396/132
f 1063/1061/398/133 1064/1062/399/133 1061/1063/398/133 1062/1064/399/133
f 1071/1069/401/134 1072/1070/402/134 1069/1071/401/134 1070/1072/402/134
f 1079/1077/404/135 1080/1078/405/135 1077/1079/404/135 1078/1080/405/135
f 1087/1085/407/136 1088/1086/408/136 1085/1087/407/136 1086/1088/408/136
f 1095/1093/410/137 1096/1094/411/137 1093/1095/410/137 1094/1096/411/137
f 1103/1101/413/138 1104/1102/414/138 1101/1103/413/138 1102/1104/414/138
f 1111/1109/416/139 1112/1110/417/139 1109/1111/416/139 1110/1112/417/139
f 1119/1117/419/140 1120/1118/420/140 1117/1119/419/140 1118/1120/420/140
f 1127/1125/422/141 1128/1126/423/141 1125/1127/422/141 1126/1128/423/141
f 1135/1133/425/142 1136/1134/426/142 1133/1135/425/142 1134/1136/426/142
f 1143/1141/428/143 1144/1142/429/143 1141/1143/428/143 1142/1144/429/143
f 1151/1149/431/144 1152/1150/432/144 1149/1151/431/144 1150/1152/432/144
f 1159/1157/434/145 1160/1158/435/145 1157/1159/434/145 1158/1160/435/145
f 1167/1165/437/146 1168/1166/438/146 1165/1167/437/146 1166/1168/438/146
f 1175/1173/440/147 1176/1174/441/147 1173/1175/440/147 1174/1176/441/147
f 1183/1181/443/148 1184/1182/444/148 1181/1183/443/148 1182/1184/444/148
f 1191/1189/446/149 1192/1190/447/149 1189/1191/446/149 1190/1192/447/149
f 1199/1197/449/150 1200/1198/450/150 1197/1199/449/150 1198/1200/450/150
f 1207/1205/452/151 1208/1206/453/151 1205/1207/452/151 1206/1208/453/151
f 1215/1213/455/152 1216/1214/456/152 1213/1215/455/152 1214/1216/456/152
f 1223/1221/458/153 1224/1222/459/153 1221/1223/458/153 1222/1224/459/153
f 1231/1229/461/154 1232/1230/462/154 1229/1231/461/154 1230/1232/462/154
f 1239/1237/464/155 1240/1238/465/155 1237/1239/464/155 1238/1240/465/155
f 1247/1245/467/156 1248/1246/468/156 1245/1247/467/156 1246/1248/468/156
f 1255/1253/470/157 1256/1254/471/157 1253/1255/470/157 1254/1256/471/157
f 1263/1261/473/158 1264/1262/474/158 1261/1263/473/158 1262/1264/474/158
f 1271/1269/476/159 1272/1270/477/159 1269/1271/476/159 1270/1272/477/159
f 1279/1277/479/160 1280/1278/480/160 1277/1279/479/160 1278/1280/480/160
f 1287/1285/482/161 1288/1286/483/161 1285/1287/482/161 1286/1288/483/161
f 1295/1293/485/162 1296/1294/486/162 1293/1295/485/162 1294/1296/486/162
f 1303/1301/488/163 1304/1302/489/163 1301/1303/488/163 1302/1304/489/163
f 1311/1309/491/164 1312/1310/492/164 1309/1311/491/164 1310/1312/492/164
f 1319/1317/494/165 1320/1318/495/165 1317/1319/494/165 1318/1320/495/165
f 1327/1325/497/166 1328/1326/498/166 1325/1327/497/166 1326/1328/498/166
f 1335/1333/500/167 1336/1334/501/167 1333/1335/500/167 1334/1336/501/167
f 1343/1341/503/168 1344/1342/504/168 1341/1343/503/168 1342/1344/504/168
f 1351/1349/506/169 1352/1350/507/169 1349/1351/506/169 1350/1352/507/169
f 1359/1357/509/170 1360/1358/510/170 1357/1359/509/170 1358/1360/510/170
f 1367/1365/512/171 1368/1366/513/171 1365/1367/512/171 1366/1368/513/171
f 1375/1373/515/172 1376/1374/516/172 1373/1375/515/172 1374/1376/516/172
f 1383/1381/518/173 1384/1382/519/173 1381/1383/518/173 1382/1384/519/173
f 1391/1389/521/174 1392/1390/522/174 1389/1391/521/174 1390/1392/522/174
f 1399/1397/524/175 1400/1398/525/175 1397/1399/524/175 1398/1400/525/175
f 1407/1405/527/176 1408/1406/528/176 1405/1407/527/176 1406/1408/528/176
f 1415/1413/530/177 1416/1414/531/177 1413/1415/530/177 1414/1416/531/177
f 1423/1421/533/178 1424/1422/534/178 1421/1423/533/178 1422/1424/534/178
f 1431/1429/536/179 1432/1430/537/179 1429/1431/536/179 1430/1432/537/179
f 1439/1437/539/180 1440/1438/540/180 1437/1439/539/180 1438/1440/540/180
f 1447/1445/542/181 1448/1446/543/181 1445/1447/542/181 1446/1448/543/181
f 1455/1453/545/182 1456/1454/546/182 1453/1455/545/182 1454/1456/546/182
f 1463/1461/548/183 1464/1462/549/183 1461/1463/548/183 1462/1464/549/183
f 1471/1469/551/184 1472/1470/552/184 1469/1471/551/184 1470/1472/552/184
f 1479/1477/554/185 1480/1478/555/185 1477/1479/554/185 1478/1480/555/185
f 1487/1485/557/186 1488/1486/558/186 1485/1487/557/186 1486/1488/558/186
f 1495/1493/560/187 1496/1494/561/187 1493/1495/560/187 1494/1496/561/187
f 1503/1501/563/188 1504/1502/564/188 1501/1503/563/188 1502/1504/564/188
f 1511/1509/566/189 1512/1510/567/189 1509/1511/566/189 1510/1512/567/189
f 1519/1517/569/190 1520/1518/570/190 1517/1519/569/190 1518/1520/570/190
f 1527/1525/572/191 1528/1526/573/191 1525/1527/572/191 1526/1528/573/191
f 1535/1533/575/192 1536/1534/576/192 1533/1535/575/192 1534/1536/576/192
f 1543/1541/578/193 1544/1542/579/193 1541/1543/578/193 1542/1544/579/193
f 1551/1549/581/194 1552/1550/582/194 1549/1551/581/194 1550/1552/582/194
f 1559/1557/584/195 1560/1558/585/195 1557/1559/584/195 1558/1560/585/195
f 1567/1565/587/196 1568/1566/588/196 1565/1567/587/196 1566/1568/588/196
f 1575/1573/590/197 1576/1574/591/197 1573/1575/590/197 1574/1576/591/197
f 1583/1581/593/198 1584/1582/594/198 1581/1583/593/198 1582/1584/594/198
f 1591/1589/596/199 1592/1590/597/199 1589/1591/596/199 1590/1592/597/199
f 1599/1597/599/200 1600/1598/600/200 1597/1599/599/200 1598/1600/600/200
f 1607/1605/602/201 1608/1606/603/201 1605/1607/602/201 1606/1608/603/201
f 1615/1613/605/202 1616/1614/606/202 1613/1615/605/202 1614/1616/606/202
f 1623/1621/608/203 1624/1622/609/203 1621/1623/608/203 1622/1624/609/203
f 1631/1629/611/204 1632/1630/612/204 1629/1631/611/204 1630/1632/612/204
f 1639/1637/614/205 1640/1638/615/205 1637/1639/614/205 1638/1640/615/205
f 1647/1645/617/206 1648/1646/618/206 1645/1647/617/206 1646/1648/618/206
f 1655/1653/620/207 1656/1654/621/207 1653/1655/620/207 1654/1656/621/207
f 1663/1661/623/208 1664/1662/624/208 1661/1663/623/208 1662/1664/624/208
f 1671/1669/626/209 1672/1670/627/209 1669/1671/626/209 1670/1672/627/209
f 1679/1677/629/210 1680/1678/630/210 1677/1679/629/210 1678/1680/630/210
f 1687/1685/632/211 1688/1686/633/211 1685/1687/632/211 1686/1688/633/211
f 1695/1693/635/212 1696/1694/636/212 1693/1695/635/212 1694/1696/636/212
f 1703/1701/638/213 1704/1702/639/213 1701/1703/638/213 1702/1704/639/213
f 1711/1709/641/214 1712/1710/642/214 1709/1711/641/214 1710/1712/642/214
f 1719/1717/644/215 1720/1718/645/215 1717/1719/644/215 1718/1720/645/215
f 1727/1725/647/216 1728/1726/648/216 1725/1727/647/216 1726/1728/648/216
f 1735/1733/650/217 1736/1734/651/217 1733/1735/650/217 1734/1736/651/217
f 1743/1741/653/218 1744/1742/654/218 1741/1743/653/218 1742/1744/654/218
f 1751/1749/656/219 1752/1750/657/219 1749/1751/656/219 1750/1752/657/219
f 1759/1757/659/220 1760/1758/660/220 1757/1759/659/220 1758/1760/660/220
f 1767/1765/662/221 1768/1766/663/221 1765/1767/662/221 1766/1768/663/221
f 1775/1773/665/222 1776/1774/666/222 1773/1775/665/222 1774/1776/666/222
f 1783/1781/668/223 1784/1782/669/223 1781/1783/668/223 1782/1784/669/223
f 1791/1789/671/224 1792/1790/672/224 1789/1791/671/224 1790/1792/672/224
f 1799/1797/674/225 1800/1798/675/225 1797/1799/674/225 1798/1800/675/225
f 1807/1805/677/226 1808/1806/678/226 1805/1807/677/226 1806/1808/678/226
f 1815/1813/680/227 1816/1814/681/227 1813/1815/680/227 1814/1816/681/227
f 1823/1821/683/228 1824/1822/684/228 1821/1823/683/228 1822/1824/684/228
f 1831/1829/686/229 1832/1830/687/229 1829/1831/686/229 1830/1832/687/229
f 1839/1837/689/230 1840/1838/690/230 1837/1839/689/230 1838/1840/690/230
f 1847/1845/692/231 1848/1846/693/231 1845/1847/692/231 1846/1848/693/231
f 1855/1853/695/232 1856/1854/696/232 1853/1855/695/232 1854/1856/696/232
f 1863/1861/698/233 1864/1862/699/233 1861/1863/698/233 1862/1864/699/233
f 1871/1869/701/234 1872/1870/702/234 1869/1871/701/234 1870/1872/702/234
f 1879/1877/704/235 1880/1878/705/235 1877/1879/704/235 1878/1880/705/235
f 1887/1885/707/236 1888/1886/708/236 1885/1887/707/236 1886/1888/708/236
f 1895/1893/710/237 1896/1894/711/237 1893/1895/710/237 1894/1896/711/237
f 1903/1901/713/238 1904/1902/714/238 1901/1903/713/238 1902/1904/714/238
f 1911/1909/716/239 1912/1910/717/239 1909/1911/716/239 1910/1912/717/239
f 1919/1917/719/240 1920/1918/720/240 1917/1919/719/240 1918/1920/720/240
f 1927/1925/722/241 1928/1926/723/241 1925/1927/722/241 1926/1928/723/241
f 1935/1933/725/242 1936/1934/726/242 1933/1935/725/242 1934/1936/726/242
f 1943/1941/728/243 1944/1942/729/243 1941/1943/728/243 1942/1944/729/243
f 1951/1949/731/244 1952/1950/732/244 1949/1951/731/244 1950/1952/732/244
f 1959/1957/734/245 1960/1958/735/245 1957/1959/734/245 1958/1960/735/245
f 1967/1965/737/246 1968/1966/738/246 1965/1967/737/246 1966/1968/738/246
f 1975/1973/740/247 1976/1974/741/247 1973/1975/740/247 1974/1976/741/247
f 1983/1981/743/248 1984/1982/744/248 1981/1983/743/248 1982/1984/744/248
f 1991/1989/746/249 1992/1990/747/249 1989/1991/746/249 1990/1992/747/249
f 1999/1997/749/250 2000/1998/750/250 1997/1999/749/250 1998/2000/750/250
f 2007/2005/752/251 2008/2006/753/251 2005/2007/752/251 2006/2008/753/251
f 2015/2013/755/252 2016/2014/756/252 2013/2015/755/252 2014/2016/756/252
f 2023/2021/758/253 2024/2022/759/253 2021/2023/758/253 2022/2024/759/253
f 2031/2029/761/254 2032/2030/762/254 2029/2031/761/254 2030/2032/762/254
f 2039/2037/764/255 2040/2038/765/255 2037/2039/764/255 2038/2040/765/255
f 2047/2045/767/256 2048/2046/768/256 2045/2047/767/256 2046/2048/768/256
